S2B_MSIL2A_20250814T171859_N0511_R012_T14TNQ_20250814T205709.SAFE	geography'SRID=4326;POLYGON ((-98.91682329052018 44.1648652615685, -97.62710599954542 44.157116557384406, -97.60358882685108 45.145299673094094, -98.58589481893189 45.15130434146446, -98.62513071742455 45.03571143470738, -98.67472606875354 44.889019726993055, -98.72407370616664 44.74229342603267, -98.77327783386032 44.59556002585267, -98.82209556188045 44.4487480115542, -98.87109883260298 44.301930399833466, -98.91682329052018 44.1648652615685))'
S2B_MSIL2A_20250814T171859_N0511_R012_T14SMF_20250814T205709.SAFE	geography'SRID=4326;POLYGON ((-100.12493526264659 37.04124978452211, -100.11068371215597 36.05157871290146, -98.8916315425469 36.05667498554276, -98.8902406792213 37.04653228101576, -100.12493526264659 37.04124978452211))'
S2B_MSIL2A_20250814T171859_N0511_R012_T14TNM_20250814T205709.SAFE	geography'SRID=4326;POLYGON ((-99.00024322601921 42.45269119915018, -99.00023949430312 41.463751887157464, -97.68558188065235 41.45624189757688, -97.66510843311782 42.44491772432881, -99.00024322601921 42.45269119915018))'
S2B_MSIL2A_20250814T171859_N0511_R012_T14TNL_20250814T205709.SAFE	geography'SRID=4326;POLYGON ((-99.00023981916341 41.551844670066835, -99.0002362534332 40.56274991351036, -97.70336265383867 40.5554731412015, -97.68379957458711 41.54431153543986, -99.00023981916341 41.551844670066835))'
S2B_MSIL2A_20250814T171859_N0511_R012_T14SLJ_20250814T205709.SAFE	geography'SRID=4326;POLYGON ((-100.60304207277494 38.74818292351398, -100.03810488537859 38.75625435897602, -100.05279562809639 39.74549354563108, -100.30895418350508 39.74175615675703, -100.35212259299628 39.59676015460194, -100.39579114752705 39.44954064327322, -100.4394585599284 39.3023466562652, -100.48297440226541 39.155082260200935, -100.5265092619453 39.00782495696506, -100.5699945337324 38.86046237325382, -100.60304207277494 38.74818292351398))'
S2B_MSIL2A_20250814T171859_N0511_R012_T14TNK_20250814T205709.SAFE	geography'SRID=4326;POLYGON ((-99.00023656389149 40.650856515774606, -99.00023315577859 39.66160695799293, -97.72035792136309 39.6545573069827, -97.70165933840751 40.64355721409192, -99.00023656389149 40.650856515774606))'
S2B_MSIL2A_20250814T171859_N0511_R012_T14TMM_20250814T205709.SAFE	geography'SRID=4326;POLYGON ((-99.7846618751664 41.4594565159516, -98.88312689683454 41.46369251697452, -98.88130582637643 42.452629745736225, -99.47340606422436 42.449794231532685, -99.49172621841 42.39212383599229, -99.53838184450723 42.24504755008184, -99.584994126028 42.0980253896058, -99.63125545637314 41.950952145725054, -99.67736232203363 41.80386609931181, -99.72338259281166 41.656831498709415, -99.76908479199363 41.509781798202525, -99.7846618751664 41.4594565159516))'
S2B_MSIL2A_20250814T171859_N0511_R012_T14SMG_20250814T205709.SAFE	geography'SRID=4326;POLYGON ((-100.13852907879905 37.9420809165272, -100.12362950841454 36.95256487264268, -98.89036811332885 36.957830487987216, -98.88891399416781 37.94753713280259, -100.13852907879905 37.9420809165272))'
S2B_MSIL2A_20250814T171859_N0511_R012_T14SLF_20250814T205709.SAFE	geography'SRID=4326;POLYGON ((-101.23474294810967 36.551377753906735, -101.21991719169928 36.03616769808406, -100.0014519629642 36.05254100905861, -100.01430253846532 37.042247242200354, -101.09983382555038 37.0273186424187, -101.12355309426272 36.94410288668731, -101.16546003649744 36.79656211980056, -101.20730562650323 36.64903548344693, -101.23474294810967 36.551377753906735))'
S2B_MSIL2A_20250814T171859_N0511_R012_T14TNR_20250814T205709.SAFE	geography'SRID=4326;POLYGON ((-98.61589728138182 45.062914066800396, -97.60574612901156 45.05674859305782, -97.58109585564665 46.044766226835556, -98.27667499324247 46.049083392627594, -98.32315633072253 45.915544463275, -98.37406391274078 45.768933184955685, -98.42475577368131 45.622299276149214, -98.47522216199552 45.475652225876566, -98.52541424118812 45.329002321504376, -98.5753569812521 45.182349872091685, -98.61589728138182 45.062914066800396))'
S2B_MSIL2A_20250814T171859_N0511_R012_T14SLH_20250814T205709.SAFE	geography'SRID=4326;POLYGON ((-100.86645802574684 37.84319555642571, -100.02533655911799 37.85497766278228, -100.03938428014581 38.84437393595428, -100.57699496227725 38.836678324948494, -100.61337492525216 38.71307692094924, -100.65644519851568 38.56563544243254, -100.69956014883296 38.41823146909624, -100.74261484753568 38.270817497163726, -100.78540723820392 38.12340386954333, -100.82815018007548 37.97605538741991, -100.86645802574684 37.84319555642571))'
S2B_MSIL2A_20250814T171859_N0511_R012_T14TNP_20250814T205709.SAFE	geography'SRID=4326;POLYGON ((-99.000249119848 43.913669904016416, -99.00024643448813 43.26479037737325, -97.64750596751658 43.256794294201605, -97.62505994125075 44.24514241182411, -98.88750886027674 44.25273916139149, -98.92008515387089 44.15508739275321, -98.96901264757992 44.0082480480526, -99.000249119848 43.913669904016416))'
S2B_MSIL2A_20250814T171859_N0511_R012_T14SMH_20250814T205709.SAFE	geography'SRID=4326;POLYGON ((-100.15275135075291 38.843310058483205, -100.13717219597591 37.85395064837389, -98.88904641935848 37.85938968525829, -98.88752596186193 38.84894433319432, -100.15275135075291 38.843310058483205))'
S2B_MSIL2A_20250814T171859_N0511_R012_T14TPS_20250814T205709.SAFE	geography'SRID=4326;POLYGON ((-97.68596471962562 46.94616825397537, -97.70951593127273 45.95826451839171, -96.29374566695486 45.93349650488509, -96.24441508393578 46.920536388192055, -97.68596471962562 46.94616825397537))'
S2B_MSIL2A_20250814T171859_N0511_R012_T14TMP_20250814T205709.SAFE	geography'SRID=4326;POLYGON ((-99.21278386389012 43.26310792704022, -98.87974009973617 43.26472716389879, -98.87774350913473 44.25335216097235, -98.88732017806136 44.25330476140333, -98.92008515387089 44.15508739275321, -98.96901264757992 44.0082480480526, -99.01752117456704 43.86137338138096, -99.06583338174416 43.714490347071774, -99.11397648701517 43.56759963468768, -99.16220093217784 43.42081030199902, -99.20932599253152 43.273794540260056, -99.21278386389012 43.26310792704022))'
S2B_MSIL2A_20250814T171859_N0511_R012_T14TMK_20250814T205709.SAFE	geography'SRID=4326;POLYGON ((-100.17527527512279 40.186439360201696, -100.16613169555372 39.655752572676114, -98.88622008547372 39.66155122739065, -98.88455693238029 40.65079881136531, -100.03532394930927 40.64547836627614, -100.04090673597356 40.62719586645792, -100.08599014169592 40.48000190464237, -100.13086044246701 40.33278503527611, -100.17527527512279 40.186439360201696))'
S2B_MSIL2A_20250814T171859_N0511_R012_T14SMJ_20250814T205709.SAFE	geography'SRID=4326;POLYGON ((-100.16762472753088 39.74439520181332, -100.15133248212537 38.755193805393134, -98.88766443792474 38.760810475743604, -98.88607436984347 39.750212021802014, -100.16762472753088 39.74439520181332))'
S2B_MSIL2A_20250814T171859_N0511_R012_T14TML_20250814T205709.SAFE	geography'SRID=4326;POLYGON ((-100.06232786756763 40.55725746727571, -98.88470843547175 40.5626923872254, -98.88296836561119 41.55178511688993, -99.757309416339 41.547669810034854, -99.76908479199363 41.509781798202525, -99.81460617965962 41.36271468317627, -99.86012942740402 41.21567649624426, -99.90543767244044 41.06857280833797, -99.95079740650372 40.921530848107565, -99.99595441908035 40.77440563370276, -100.04090673597356 40.62719586645792, -100.06232786756763 40.55725746727571))'
S2B_MSIL2A_20250814T171859_N0511_R012_T14TMN_20250814T205709.SAFE	geography'SRID=4326;POLYGON ((-99.50158475576468 42.361045975079755, -98.88147277912853 42.364010656318975, -98.8795663539466 43.352791985217806, -99.18447977911767 43.35130711985044, -99.20932599253152 43.273794540260056, -99.25684830781442 43.12692597573798, -99.30424882160396 42.98002438566219, -99.35139450585777 42.83309962138518, -99.39828930746164 42.686170034182645, -99.44500735117587 42.539191132767805, -99.49172621841 42.39212383599229, -99.50158475576468 42.361045975079755))'
S2B_MSIL2A_20250814T171859_N0511_R012_T14TLK_20250814T205709.SAFE	geography'SRID=4326;POLYGON ((-100.33546473531086 39.65271131882876, -100.05144935754969 39.656847486720984, -100.06528753659167 40.54759436835206, -100.08599014169592 40.48000190464237, -100.13086044246701 40.33278503527611, -100.17554480576243 40.185551264017306, -100.21999086275964 40.03832812469192, -100.26418528642013 39.891106109074215, -100.30829800879648 39.74396014598392, -100.33546473531086 39.65271131882876))'
S2B_MSIL2A_20250814T171859_N0511_R012_T14TNS_20250814T205709.SAFE	geography'SRID=4326;POLYGON ((-98.30724528838957 45.961256219287584, -97.58334389839344 45.956769859075806, -97.55749190205454 46.94462144140276, -97.95962520633954 46.94715440206333, -97.96180440267112 46.941089511648, -98.01411469340243 46.794636692719806, -98.06611468858003 46.64815629001927, -98.11790090358072 46.501665883384376, -98.16947840872311 46.35519282577885, -98.22095253923533 46.20873911603423, -98.27212088294476 46.062167160141165, -98.30724528838957 45.961256219287584))'
S2C_MSIL2A_20250814T162921_N0511_R083_T16TDK_20250814T212815.SAFE	geography'SRID=4326;POLYGON ((-87.75474316641808 39.65761637328171, -86.88622008547372 39.66155122739065, -86.88455693238029 40.65079881136531, -87.4554350861326 40.6481594188341, -87.46269868949635 40.62441697488844, -87.50766994276611 40.477230395374846, -87.55245861346401 40.33003903350777, -87.59706823377473 40.182813889724045, -87.64149732460726 40.03558236406555, -87.68575147925763 39.8883432200448, -87.72987658815312 39.7411154715948, -87.75474316641808 39.65761637328171))'
S2B_MSIL2A_20250813T174909_N0511_R141_T13TEF_20250813T214502.SAFE	geography'SRID=4326;POLYGON ((-103.6846660038233 41.50051687082745, -103.68379957458713 41.54431153543986, -105.00023981916343 41.551844670066835, -105.00023625343321 40.56274991351036, -104.02922887526078 40.557301580223765, -104.02447682878173 40.57055836719884, -104.01624515950944 40.59352685196696, -104.01606010686947 40.594038501475886, -104.01598661402684 40.59424352450401, -103.96316365742547 40.740415115506494, -103.91036110617296 40.886634110865245, -103.85715040755596 41.032774511837424, -103.80351689820228 41.178891408649584, -103.74964190828352 41.32504888155861, -103.6956521429288 41.47124293617971, -103.6846660038233 41.50051687082745))'
S2B_MSIL2A_20250813T174909_N0511_R141_T13TFM_20250813T214502.SAFE	geography'SRID=4326;POLYGON ((-103.68596471962562 46.94616825397537, -103.70951593127273 45.95826451839171, -102.29374566695488 45.93349650488509, -102.24441508393578 46.920536388192055, -103.68596471962562 46.94616825397537))'
S2B_MSIL2A_20250813T174909_N0511_R141_T13TFH_20250813T214502.SAFE	geography'SRID=4326;POLYGON ((-102.9864072926574 43.33316833008493, -103.76618786223798 43.346200009839855, -103.78571286582209 42.35764145317536, -103.36543332114042 42.350746098563576, -103.3111148720772 42.493500953168, -103.25532268352973 42.63935955035681, -103.1989331277899 42.78509851275408, -103.14287351180856 42.93098569633677, -103.08638992066528 43.076857970582815, -103.02945701308596 43.22270695126062, -102.9864072926574 43.33316833008493))'
S2B_MSIL2A_20250813T174909_N0511_R141_T13TEM_20250813T214502.SAFE	geography'SRID=4326;POLYGON ((-105.00026284243779 46.953709179213256, -105.00025812995321 45.965551148516354, -103.58334389839345 45.956769859075806, -103.55749190205454 46.94462144140276, -105.00026284243779 46.953709179213256))'
S2B_MSIL2A_20250813T174909_N0511_R141_T13TGK_20250813T214502.SAFE	geography'SRID=4326;POLYGON ((-102.269822008048 45.12019943574055, -102.45736864275568 45.12552488296481, -102.47981691243193 44.607368698945756, -102.45054595018831 44.67962278973136, -102.391164188672 44.825149190102486, -102.33154779003792 44.970678938915206, -102.27149301530696 45.11615885992629, -102.269822008048 45.12019943574055))'
S2B_MSIL2A_20250813T174909_N0511_R141_T13TGL_20250813T214502.SAFE	geography'SRID=4326;POLYGON ((-101.89873315698846 46.009438106424454, -102.41645116040287 46.024365075689296, -102.46129313653579 45.03703440306415, -102.30597377942115 45.03263079971447, -102.27149301530696 45.11615885992629, -102.21132180132666 45.261655745484525, -102.15101324334977 45.40715690084292, -102.09040690667656 45.55255412956623, -102.03578224788289 45.68293584369232, -102.02990112196368 45.69699421187589, -102.02132168842176 45.71751872449779, -101.9688496969952 45.84319334786928, -101.90762924262916 45.988482042410105, -101.89873315698846 46.009438106424454))'
S2B_MSIL2A_20250813T174909_N0511_R141_T13TFG_20250813T214502.SAFE	geography'SRID=4326;POLYGON ((-103.33192436149291 42.43881132768781, -103.78400297732625 42.44624086265282, -103.80265404258907 41.457520191909595, -103.70132337410116 41.45588631674757, -103.6956521429288 41.47124293617971, -103.64084123865732 41.617293410711056, -103.58605548307091 41.76338576330556, -103.53141176922524 41.90953617845119, -103.47695221145152 42.05571059356548, -103.42185840090445 42.201662069864334, -103.36663866835242 42.34757831360347, -103.33192436149291 42.43881132768781))'
S2B_MSIL2A_20250813T174909_N0511_R141_T13TFK_20250813T214502.SAFE	geography'SRID=4326;POLYGON ((-102.34025311873404 44.949428337947914, -102.33237892318715 45.122671880514964, -103.72795903223157 45.14675285555784, -103.74938307519848 44.158520786393645, -102.66749681931178 44.14017291535418, -102.62626803440529 44.24285606525048, -102.56777572167043 44.38844938657641, -102.50950678508444 44.53408054612751, -102.45054595018831 44.67962278973136, -102.391164188672 44.825149190102486, -102.34025311873404 44.949428337947914))'
S2B_MSIL2A_20250813T174909_N0511_R141_T13TFL_20250813T214502.SAFE	geography'SRID=4326;POLYGON ((-103.7074679641667 46.046265456303395, -103.72992432822252 45.05819732058294, -102.33649579223146 45.034190140253024, -102.28945585240228 46.02142174250963, -103.7074679641667 46.046265456303395))'
S2B_MSIL2A_20250813T174909_N0511_R141_T13TEN_20250813T214502.SAFE	geography'SRID=4326;POLYGON ((-105.0002673576574 47.85370184248753, -105.00026241255061 46.86569987335423, -103.55985017558999 46.85663988190739, -103.53272262323178 47.844325046514086, -105.0002673576574 47.85370184248753))'
S2B_MSIL2A_20250813T174909_N0511_R141_T13TFF_20250813T214502.SAFE	geography'SRID=4326;POLYGON ((-103.66855224675756 41.54345398155776, -103.80103038521031 41.545593768972765, -103.80785196055359 41.16708114551567, -103.80351689820228 41.178891408649584, -103.74964190828352 41.32504888155861, -103.6956521429288 41.47124293617971, -103.66855224675756 41.54345398155776))'
S2B_MSIL2A_20250813T174909_N0511_R141_T13TEH_20250813T214502.SAFE	geography'SRID=4326;POLYGON ((-105.00024679052603 43.35285539234588, -105.00024288390158 42.36407192041621, -103.66698539119554 42.35632239007374, -103.64555267001923 43.34483481646455, -105.00024679052603 43.35285539234588))'
S2B_MSIL2A_20250813T174909_N0511_R141_T13TEG_20250813T214502.SAFE	geography'SRID=4326;POLYGON ((-103.68466498033708 41.50051959803381, -103.66510843311784 42.44491772432881, -105.00024322601921 42.45269119915018, -105.00023949430313 41.463751887157464, -103.70115919483987 41.45633088307853, -103.6956521429288 41.47124293617971, -103.68466498033708 41.50051959803381))'
S2C_MSIL2A_20250813T165911_N0511_R069_T15TWF_20250813T220414.SAFE	geography'SRID=4326;POLYGON ((-93.00023981916341 41.551844670066835, -93.00023625343321 40.56274991351036, -91.70336265383867 40.5554731412015, -91.68379957458711 41.54431153543986, -93.00023981916341 41.551844670066835))'
S2C_MSIL2A_20250813T165911_N0511_R069_T15TVF_20250813T220414.SAFE	geography'SRID=4326;POLYGON ((-94.19944910163338 41.54558876800179, -94.18162029219913 40.556706911840905, -92.88470843547175 40.5626923872254, -92.88296836561119 41.55178511688993, -94.19944910163338 41.54558876800179))'
S2C_MSIL2A_20250813T165911_N0511_R069_T15TXF_20250813T220414.SAFE	geography'SRID=4326;POLYGON ((-91.08829734493827 41.53408170209406, -91.8010303852103 41.545593768972765, -91.81885207154319 40.55671174263467, -91.44786792204152 40.550836275649054, -91.43339056302544 40.59106723277637, -91.38065376839869 40.73725762071077, -91.32764443883597 40.88346789105192, -91.27432256308872 41.029711816101695, -91.22051431793751 41.175912316215445, -91.166641393508 41.32215339500739, -91.1126776673722 41.468369050837936, -91.08829734493827 41.53408170209406))'
S2C_MSIL2A_20250813T165911_N0511_R069_T15STC_20250813T220414.SAFE	geography'SRID=4326;POLYGON ((-95.84431082562426 37.82344430382659, -95.16175219508035 37.83959549435291, -95.19134725642267 38.82843976082239, -95.55427432385413 38.81966360737023, -95.575948362819 38.74581333231565, -95.61920520525776 38.59844864995806, -95.66226854970385 38.45110840399434, -95.70520169330425 38.30372810568808, -95.74808618478224 38.15635741652833, -95.79079354125936 38.008957570167695, -95.83333228265673 37.8615649400371, -95.84431082562426 37.82344430382659))'
S2C_MSIL2A_20250813T165911_N0511_R069_T14SQH_20250813T220414.SAFE	geography'SRID=4326;POLYGON ((-95.84650262147008 37.815833762761805, -95.48163775999416 37.80685703267152, -95.43354720329413 38.79452724007538, -95.56071314887359 38.79772450319651, -95.575948362819 38.74581333231565, -95.61920520525776 38.59844864995806, -95.66226854970385 38.45110840399434, -95.70520169330425 38.30372810568808, -95.74808618478224 38.15635741652833, -95.79079354125936 38.008957570167695, -95.83333228265673 37.8615649400371, -95.84650262147008 37.815833762761805))'
S2C_MSIL2A_20250813T165911_N0511_R069_T15TVG_20250813T220414.SAFE	geography'SRID=4326;POLYGON ((-94.2164833149824 42.44623570214159, -94.19782479530706 41.4575152063026, -92.88312689683454 41.46369251697452, -92.88130582637643 42.452629745736225, -94.2164833149824 42.44623570214159))'
S2C_MSIL2A_20250812T172921_N0511_R055_T14SKJ_20250812T225615.SAFE	geography'SRID=4326;POLYGON ((-102.49897689950004 39.6975094680204, -102.45026011044494 38.7099201955759, -101.18865192655385 38.74036995699254, -101.21960079191267 39.7290432642928, -102.49897689950004 39.6975094680204))'
S2C_MSIL2A_20250812T172921_N0511_R055_T14SMH_20250812T225615.SAFE	geography'SRID=4326;POLYGON ((-99.60223548594873 38.84576160398835, -100.15275135075291 38.843310058483205, -100.13717219597591 37.85395064837389, -99.941196660549 37.85480466339833, -99.90292672025502 37.96809426003929, -99.8531337992964 38.114656064982654, -99.80309252363816 38.26127605027455, -99.7528757896849 38.40790493248178, -99.70259628047295 38.554508763496194, -99.65228344755634 38.70105858230152, -99.60223548594873 38.84576160398835))'
S2C_MSIL2A_20250812T172921_N0511_R055_T14TMK_20250812T225615.SAFE	geography'SRID=4326;POLYGON ((-98.96390899123325 40.650431935824365, -100.18317260660315 40.64479480422486, -100.16613169555372 39.655752572676114, -99.31795957419804 39.65959522652151, -99.29457566464048 39.72568911911433, -99.24289804887528 39.87212012164128, -99.19082800399104 40.01850572983119, -99.1386069532502 40.1649116774999, -99.08620902333216 40.31130198354799, -99.03356107211224 40.45763628404752, -98.98075251524729 40.603875349058285, -98.96390899123325 40.650431935824365))'
S2C_MSIL2A_20250812T172921_N0511_R055_T14TPQ_20250812T225615.SAFE	geography'SRID=4326;POLYGON ((-97.23361798882581 45.13822291574874, -97.72795903223157 45.14675285555784, -97.74938307519847 44.158520786393645, -97.63124713967544 44.15651730137079, -97.59292847409094 44.25247107363873, -97.53454277864016 44.39806966339434, -97.47597740776531 44.543606554720654, -97.41713051025584 44.68908365116575, -97.35799177680713 44.83458333502702, -97.29852460370272 44.98008944098336, -97.23881588767763 45.12565403283444, -97.23361798882581 45.13822291574874))'
S2C_MSIL2A_20250812T172921_N0511_R055_T14SLH_20250812T225615.SAFE	geography'SRID=4326;POLYGON ((-101.30393084279649 38.82627262441358, -101.27281842761563 37.837503416034735, -100.02533655911799 37.85497766278228, -100.03938428014581 38.84437393595428, -101.30393084279649 38.82627262441358))'
S2C_MSIL2A_20250812T172921_N0511_R055_T14TKM_20250812T225615.SAFE	geography'SRID=4326;POLYGON ((-102.31998169136392 41.41459757853867, -101.27696656733475 41.441212166985935, -101.3124072413961 42.42936087235922, -102.00700396140466 42.4112956885593, -102.04575782688607 42.289338288745135, -102.09215515529311 42.14235498305632, -102.13834011061837 41.995375504047246, -102.18441147016573 41.84840424349426, -102.23040059804454 41.7014680237199, -102.2763229209212 41.554475335735376, -102.31998169136392 41.41459757853867))'
S2C_MSIL2A_20250812T172921_N0511_R055_T14TKK_20250812T225615.SAFE	geography'SRID=4326;POLYGON ((-102.54546370146345 40.59640146890937, -102.49451264760637 39.609013147606916, -101.21676465654707 39.64044856303257, -101.24913477999112 40.62894899386581, -102.54546370146345 40.59640146890937))'
S2C_MSIL2A_20250812T172921_N0511_R055_T13TGE_20250812T225615.SAFE	geography'SRID=4326;POLYGON ((-102.64515460530446 40.35464175823042, -102.6698144654414 39.63822758400475, -101.39224764301619 39.60554763793313, -101.33965430802601 40.59281342227294, -102.56292090653702 40.624747095731614, -102.59353682203903 40.524384456532026, -102.63832644444648 40.37721967967608, -102.64515460530446 40.35464175823042))'
S2C_MSIL2A_20250812T172921_N0511_R055_T13TGF_20250812T225615.SAFE	geography'SRID=4326;POLYGON ((-102.58958692276899 40.537332699588426, -101.34444498559898 40.50488583658978, -101.28942535132569 41.49194363396281, -102.28756062510882 41.51847100391695, -102.32221616986945 41.40743856240772, -102.36758422965964 41.26021889033338, -102.41312962872944 41.113064447902566, -102.45866765285852 40.96593958737864, -102.50358810128672 40.81869621515994, -102.54864411506493 40.671548128722, -102.58958692276899 40.537332699588426))'
S2C_MSIL2A_20250812T172921_N0511_R055_T14TKL_20250812T225615.SAFE	geography'SRID=4326;POLYGON ((-102.54948023180675 40.66880723786468, -102.54082260253305 40.50846282585221, -101.24618611840133 40.54090999482793, -101.28005188450415 41.52923550071836, -102.29227646495718 41.50336198699782, -102.32221616986945 41.40743856240772, -102.36758422965964 41.26021889033338, -102.41312962872944 41.113064447902566, -102.45866765285852 40.96593958737864, -102.50358810128672 40.81869621515994, -102.54864411506493 40.671548128722, -102.54948023180675 40.66880723786468))'
S2C_MSIL2A_20250812T172921_N0511_R055_T13SGB_20250812T225615.SAFE	geography'SRID=4326;POLYGON ((-102.72492653924301 37.925590547672954, -102.75467671035365 36.93665039764339, -101.52344565573672 36.90697181308603, -101.47744908495345 37.89483865903757, -102.72492653924301 37.925590547672954))'
S2C_MSIL2A_20250812T172921_N0511_R055_T14SKH_20250812T225615.SAFE	geography'SRID=4326;POLYGON ((-102.4545029640868 38.797894647715, -102.40791466143585 37.81010790673744, -101.16175219508035 37.83959549435291, -101.19134725642266 38.82843976082239, -102.4545029640868 38.797894647715))'
S2C_MSIL2A_20250812T172921_N0511_R055_T13SGD_20250812T225615.SAFE	geography'SRID=4326;POLYGON ((-102.66683353200474 39.72681533153163, -102.69936254729447 38.73821864423846, -101.43792685625729 38.70656329494251, -101.38763948191425 39.69403311805837, -102.66683353200474 39.72681533153163))'
S2C_MSIL2A_20250812T172921_N0511_R055_T14SMJ_20250812T225615.SAFE	geography'SRID=4326;POLYGON ((-99.28656269667117 39.74839424812597, -100.16762472753088 39.74439520181332, -100.15133248212537 38.755193805393134, -99.63276268452634 38.75749871103682, -99.60164169976119 38.847478410284005, -99.55103646102336 38.99386171011948, -99.50014104159229 39.14020935736971, -99.44909106585688 39.28655178923395, -99.39780463430088 39.432918210265, -99.34635598366796 39.57933365892925, -99.29457566464048 39.72568911911433, -99.28656269667117 39.74839424812597))'
S2C_MSIL2A_20250812T172921_N0511_R055_T14TPP_20250812T225615.SAFE	geography'SRID=4326;POLYGON ((-97.59631827286636 44.24398267836795, -97.74751912777681 44.24655093494868, -97.75586063983798 43.843350400555465, -97.7091507501627 43.96107879577221, -97.65110533000436 44.106790406046805, -97.59631827286636 44.24398267836795))'
S2C_MSIL2A_20250812T172921_N0511_R055_T14TLL_20250812T225615.SAFE	geography'SRID=4326;POLYGON ((-101.3971826192205 41.52685230149302, -101.36158097735908 40.538607851727775, -100.06541547567339 40.55783709926159, -100.08149180738359 41.546758769895376, -101.3971826192205 41.52685230149302))'
S2C_MSIL2A_20250812T172921_N0511_R055_T14SLJ_20250812T225615.SAFE	geography'SRID=4326;POLYGON ((-101.33363283056225 39.72680595308774, -101.301097327331 38.73820958831532, -100.03810488537859 38.75625435897602, -100.05279562809639 39.74549354563108, -101.33363283056225 39.72680595308774))'
S2C_MSIL2A_20250812T172921_N0511_R055_T14TLK_20250812T225615.SAFE	geography'SRID=4326;POLYGON ((-101.3646807870274 40.62663972727231, -101.33065130260063 39.638218234831534, -100.05144935754969 39.656847486720984, -100.066815204235 40.645928490590144, -101.3646807870274 40.62663972727231))'
S2C_MSIL2A_20250812T172921_N0511_R055_T13TGG_20250812T225615.SAFE	geography'SRID=4326;POLYGON ((-102.31482880405035 41.431106846051264, -101.2944377014587 41.40403474612011, -101.23686356729512 42.39088066238852, -102.00687446130003 42.411703221997335, -102.04575782688607 42.289338288745135, -102.09215515529311 42.14235498305632, -102.13834011061837 41.995375504047246, -102.18441147016573 41.84840424349426, -102.23040059804454 41.7014680237199, -102.2763229209212 41.554475335735376, -102.31482880405035 41.431106846051264))'
S2C_MSIL2A_20250812T172921_N0511_R055_T13SGC_20250812T225615.SAFE	geography'SRID=4326;POLYGON ((-102.6965295968872 38.82628170870513, -102.72763580740045 37.83751218570364, -101.48163775999417 37.80685703267152, -101.43354720329414 38.79452724007538, -102.6965295968872 38.82628170870513))'
S2A_MSIL2A_20250811T172721_N0511_R012_T14TQS_20250812T020217.SAFE	geography'SRID=4326;POLYGON ((-96.37351464472056 46.92357305830357, -96.42054054444473 45.93643087306754, -95.00699783345478 45.895735251937936, -94.93434286730421 46.881459661637656, -96.37351464472056 46.92357305830357))'
S2A_MSIL2A_20250811T172721_N0511_R012_T14TMP_20250812T020217.SAFE	geography'SRID=4326;POLYGON ((-99.19946784347695 43.26317266865493, -98.87974009973617 43.26472716389879, -98.87776641452005 44.2420104084473, -98.90016995209736 44.17456974328172, -98.94911020540596 44.027771472380735, -98.99785900614546 43.880866068307135, -99.04623506592544 43.7338877469008, -99.09445073108672 43.586953134808205, -99.14230649862765 43.4400463750379, -99.18979472306768 43.29317213423536, -99.19946784347695 43.26317266865493))'
S2A_MSIL2A_20250811T172721_N0511_R012_T14TPR_20250812T020217.SAFE	geography'SRID=4326;POLYGON ((-97.7074679641667 46.046265456303395, -97.72992432822251 45.05819732058294, -96.33649579223145 45.034190140253024, -96.28945585240228 46.02142174250963, -97.7074679641667 46.046265456303395))'
S2A_MSIL2A_20250811T172721_N0511_R012_T14TNR_20250812T020217.SAFE	geography'SRID=4326;POLYGON ((-98.60300012076979 45.06283534877397, -97.60574612901156 45.05674859305782, -97.58109585564665 46.044766226835556, -98.26335589554748 46.04900072661615, -98.30307419046797 45.93508247748725, -98.35410663977571 45.78837619273176, -98.40502012406024 45.64161480124182, -98.45566746210956 45.4948548141995, -98.50599047708972 45.34811604148888, -98.55599630270838 45.20141274360617, -98.60300012076979 45.06283534877397))'
S2A_MSIL2A_20250811T172721_N0511_R012_T15TUM_20250812T020217.SAFE	geography'SRID=4326;POLYGON ((-94.17326027644363 46.38818079948708, -94.18528956021278 46.947573655919015, -95.62701019239009 46.92356100851489, -95.5799749213695 45.93641922924405, -94.35729512610627 45.95645567263196, -94.3491909593155 45.97568553485652, -94.28764523092617 46.121004773159065, -94.22565160777843 46.26635221667717, -94.17326027644363 46.38818079948708))'
S2A_MSIL2A_20250811T172721_N0511_R012_T15TUL_20250812T020217.SAFE	geography'SRID=4326;POLYGON ((-94.31979167648048 46.04510191029043, -95.58406512039718 46.02435339629007, -95.53921420699882 45.037023116804335, -94.73505986859269 45.050001075685344, -94.71293938930323 45.10376613194877, -94.6527198517324 45.24925141323276, -94.59248955896825 45.39467171878222, -94.53203101465952 45.53997529309946, -94.47142128860196 45.68519140714256, -94.41042373320704 45.830390178040574, -94.3491909593155 45.97568553485652, -94.31979167648048 46.04510191029043))'
S2A_MSIL2A_20250811T172721_N0511_R012_T14TNQ_20250812T020217.SAFE	geography'SRID=4326;POLYGON ((-98.90343209739109 44.1647848064215, -97.62710599954542 44.157116557384406, -97.60358882685108 45.145299673094094, -98.57301917812482 45.15122563487637, -98.60573729632118 45.05476556481272, -98.65530379183345 44.90812948178296, -98.70465528459786 44.761519514406615, -98.75375656695005 44.61488591771228, -98.80269338805336 44.4681813428458, -98.85140031261724 44.321379456483264, -98.90016995209736 44.17456974328172, -98.90343209739109 44.1647848064215))'
S2A_MSIL2A_20250811T172721_N0511_R012_T14TPQ_20250812T020217.SAFE	geography'SRID=4326;POLYGON ((-97.72795903223157 45.14675285555784, -97.74938307519847 44.158520786393645, -96.37725879085306 44.135250725162805, -96.33237892318714 45.122671880514964, -97.72795903223157 45.14675285555784))'
S2A_MSIL2A_20250811T172721_N0511_R012_T14TNP_20250812T020217.SAFE	geography'SRID=4326;POLYGON ((-99.00024895404037 43.87360482108195, -99.00024643448813 43.26479037737325, -97.64750596751658 43.256794294201605, -97.62505994125075 44.24514241182411, -98.87422890915938 44.25265924967278, -98.90016995209736 44.17456974328172, -98.94911020540596 44.027771472380735, -98.99785900614546 43.880866068307135, -99.00024895404037 43.87360482108195))'
S2A_MSIL2A_20250811T172721_N0511_R012_T15TVM_20250812T020217.SAFE	geography'SRID=4326;POLYGON ((-93.9301871856405 46.948153613331485, -94.31456075291095 46.946162221065514, -94.29449571803195 46.104829685232325, -94.28764523092617 46.121004773159065, -94.22565160777843 46.26635221667717, -94.16315733763479 46.411673745475255, -94.10035113650976 46.55702155495972, -94.03742523218558 46.702361618843526, -93.97422319914494 46.84762639545763, -93.9301871856405 46.948153613331485))'
S2A_MSIL2A_20250811T172721_N0511_R012_T14TQR_20250812T020217.SAFE	geography'SRID=4326;POLYGON ((-96.41645116040286 46.024365075689296, -96.46129313653579 45.03703440306415, -95.06996660895842 44.99758761245698, -95.00067944006244 45.98354520692643, -96.41645116040286 46.024365075689296))'
S2A_MSIL2A_20250811T172721_N0511_R012_T14TPS_20250812T020217.SAFE	geography'SRID=4326;POLYGON ((-97.68596471962562 46.94616825397537, -97.70951593127273 45.95826451839171, -96.29374566695486 45.93349650488509, -96.24441508393578 46.920536388192055, -97.68596471962562 46.94616825397537))'
S2A_MSIL2A_20250811T172721_N0511_R012_T14TQT_20250812T020217.SAFE	geography'SRID=4326;POLYGON ((-96.32846057360034 47.82260755999096, -96.37780434448764 46.835655727197015, -94.94097013495497 46.79367068819608, -94.86474152472253 47.779157072334634, -96.32846057360034 47.82260755999096))'
S2B_MSIL2A_20250811T170849_N0511_R112_T14TQS_20250811T210940.SAFE	geography'SRID=4326;POLYGON ((-95.80205331551957 45.91862474542375, -95.00699783345478 45.895735251937936, -94.93434286730421 46.881459661637656, -95.45724130803656 46.89676084374538, -95.50688169257853 46.75802676888101, -95.55900910713008 46.61152250455336, -95.61083603634344 46.46499499055945, -95.66238414445505 46.31842028747143, -95.71380469497488 46.171863806134766, -95.76492242704744 46.02530498822179, -95.80205331551957 45.91862474542375))'
S2B_MSIL2A_20250811T170849_N0511_R112_T15TUM_20250811T210940.SAFE	geography'SRID=4326;POLYGON ((-95.60583426752757 46.47913622488081, -95.5799749213695 45.93641922924405, -94.16404448302407 45.95962253249568, -94.18528956021278 46.947573655919015, -95.44657446374885 46.926566264480755, -95.45446617973037 46.904516723594845, -95.50688169257853 46.75802676888101, -95.55900910713008 46.61152250455336, -95.60583426752757 46.47913622488081))'
S2B_MSIL2A_20250811T170849_N0511_R112_T14TQR_20250811T210940.SAFE	geography'SRID=4326;POLYGON ((-96.10851294331339 45.02703240415406, -95.06996660895842 44.99758761245698, -95.00067944006244 45.98354520692643, -95.7717196356035 46.005776022205964, -95.8159278183531 45.878762102974605, -95.86679013434777 45.732223442121885, -95.91727407238375 45.58561573743746, -95.96773886427748 45.4390103368816, -96.01792919358178 45.29236409609507, -96.0681400623273 45.145691734950574, -96.10851294331339 45.02703240415406))'
S2B_MSIL2A_20250811T170849_N0511_R112_T14TQT_20250811T210940.SAFE	geography'SRID=4326;POLYGON ((-95.48840432245045 46.809666998389666, -94.94097013495497 46.79367068819608, -94.86474152472253 47.779157072334634, -95.1355610820983 47.78719634861779, -95.13711002657504 47.78296851962413, -95.19050993172036 47.63660921441518, -95.24367760183688 47.490227808766754, -95.29659149899952 47.34380656173499, -95.34928870596707 47.19738389967112, -95.40203824265095 47.05100095400847, -95.45446617973037 46.904516723594845, -95.48840432245045 46.809666998389666))'
S2C_MSIL2A_20250811T161851_N0511_R040_T17SMD_20250811T204015.SAFE	geography'SRID=4326;POLYGON ((-81.66323121148062 39.746684590028714, -82.16762472753088 39.74439520181332, -82.15133248212537 38.755193805393134, -82.00867157625689 38.75582789540106, -81.96166300374605 38.89190909515209, -81.91088067260496 39.03834927080252, -81.86008718613435 39.18474858780485, -81.80908754538153 39.33107862887492, -81.75792579442916 39.477431810929446, -81.7065256432803 39.62376758815672, -81.66323121148062 39.746684590028714))'
S2C_MSIL2A_20250811T161851_N0511_R040_T17SMC_20250811T204015.SAFE	geography'SRID=4326;POLYGON ((-81.9781827550217 38.84408744362969, -82.15275135075291 38.843310058483205, -82.14511854060825 38.358585909433906, -82.12882843096982 38.406030367542954, -82.11304486899971 38.45221505421255, -82.06265386155069 38.598774259346925, -82.0122832844209 38.74537266236892, -81.9781827550217 38.84408744362969))'
S2B_MSIL2A_20250810T173909_N0511_R098_T14TLP_20250810T214021.SAFE	geography'SRID=4326;POLYGON ((-100.12860406674459 44.18574307459711, -100.12976271323852 44.24783068396879, -101.50407140709622 44.22596415476343, -101.46322767686333 43.23826255332707, -100.49682746169728 43.25336666892376, -100.45771643819815 43.35360389838445, -100.4005000638419 43.49929821768223, -100.34334830347085 43.64501233456241, -100.28584663664918 43.790668808927386, -100.22811511142787 43.936336282057766, -100.17018974269794 44.082046803990174, -100.12860406674459 44.18574307459711))'
S2B_MSIL2A_20250810T173909_N0511_R098_T14TLL_20250810T214021.SAFE	geography'SRID=4326;POLYGON ((-101.15176273981473 41.53056551665782, -101.3971826192205 41.52685230149302, -101.37540764689452 40.922414011014375, -101.34036110268566 41.01811997977489, -101.28658036291968 41.16430184962058, -101.23299984246631 41.310489150278336, -101.17914087773283 41.456534407073214, -101.15176273981473 41.53056551665782))'
S2B_MSIL2A_20250810T173909_N0511_R098_T13TGK_20250810T214021.SAFE	geography'SRID=4326;POLYGON ((-102.45736864275568 45.12552488296481, -102.50015121099592 44.13800768802703, -101.13001323357867 44.099770918209835, -101.06390244391362 45.08595696049961, -102.45736864275568 45.12552488296481))'
S2B_MSIL2A_20250810T173909_N0511_R098_T13TGJ_20250810T214021.SAFE	geography'SRID=4326;POLYGON ((-102.49642893280087 44.22597512802537, -102.53726452230806 43.238273156784096, -101.1873683405316 43.201211355403785, -101.12426105372481 44.18762158427181, -102.49642893280087 44.22597512802537))'
S2B_MSIL2A_20250810T173909_N0511_R098_T13TFK_20250810T214021.SAFE	geography'SRID=4326;POLYGON ((-103.73549826276447 44.79898892505535, -103.74938307519848 44.158520786393645, -102.37725879085306 44.135250725162805, -102.33237892318715 45.122671880514964, -103.61827168389163 45.1448601814786, -103.64982945356992 45.05195057974641, -103.69966041295 44.90524082066684, -103.73549826276447 44.79898892505535))'
S2B_MSIL2A_20250810T173909_N0511_R098_T14TMP_20250810T214021.SAFE	geography'SRID=4326;POLYGON ((-100.1038954574909 44.247283341600244, -100.25298174570909 44.246545441411556, -100.24564601142178 43.89210253119071, -100.22811511142787 43.936336282057766, -100.17018974269794 44.082046803990174, -100.11175906045176 44.22774706493446, -100.1038954574909 44.247283341600244))'
S2B_MSIL2A_20250810T173909_N0511_R098_T14TMR_20250810T214021.SAFE	geography'SRID=4326;POLYGON ((-99.36048962588524 46.0510203427447, -100.29304891527646 46.0462596089832, -100.27058357693214 45.058191670236305, -99.77380267952643 45.06068563671977, -99.75711244087904 45.10136579528618, -99.69716489074656 45.24678159101576, -99.63696586391376 45.3921937875434, -99.57643034670065 45.53752867731287, -99.51576056918488 45.68292486511091, -99.45467713915296 45.82830676080881, -99.39335424675427 45.9736912614616, -99.36048962588524 46.0510203427447))'
S2B_MSIL2A_20250810T173909_N0511_R098_T13UGP_20250810T214021.SAFE	geography'SRID=4326;POLYGON ((-102.28118473719852 48.720927698149374, -102.33299058185199 47.73416799677996, -100.8717393439406 47.69085106573984, -100.7917155642128 48.676094448248996, -102.28118473719852 48.720927698149374))'
S2B_MSIL2A_20250810T173909_N0511_R098_T13UFP_20250810T214021.SAFE	geography'SRID=4326;POLYGON ((-102.7034017207605 47.740077415739385, -102.20190528469708 47.73104447774509, -102.14756129152694 48.71769475117851, -102.33860959073355 48.7211887382796, -102.34122125885368 48.71426885805556, -102.39614297759907 48.567935301434055, -102.45104136903592 48.421634434530965, -102.50563433443943 48.27533642838839, -102.56004611853018 48.12906943823962, -102.61446885562484 47.98284093752673, -102.66810177635303 47.83643881909318, -102.7034017207605 47.740077415739385))'
S2B_MSIL2A_20250810T173909_N0511_R098_T14TMQ_20250810T214021.SAFE	geography'SRID=4326;POLYGON ((-99.73729454464532 45.14943840449447, -100.27254965833141 45.14674718783555, -100.25111705335956 44.15851530960486, -100.13930171570215 44.159067872722204, -100.11175906045176 44.22774706493446, -100.05312000065152 44.37342950864143, -99.99417527474728 44.51911443790018, -99.9351859778098 44.66479307446074, -99.87599532388744 44.8103920875426, -99.81678452156707 44.955923315063934, -99.75711244087904 45.10136579528618, -99.73729454464532 45.14943840449447))'
S2A_MSIL2A_20250810T161701_N0511_R140_T17SLD_20250811T003319.SAFE	geography'SRID=4326;POLYGON ((-82.97218745200226 38.742908827258645, -82.03810488537859 38.75625435897602, -82.05279562809639 39.74549354563108, -82.6773640407243 39.736381005810905, -82.69120408999073 39.689843218368864, -82.735161660755 39.54267808248624, -82.77883511499982 39.3953834278779, -82.82278376715446 39.2481584784135, -82.8664460742463 39.10083362534253, -82.91004062078323 38.953461343812826, -82.95358004657608 38.806029657728125, -82.97218745200226 38.742908827258645))'
S2A_MSIL2A_20250810T161701_N0511_R140_T17SLC_20250811T003319.SAFE	geography'SRID=4326;POLYGON ((-83.23511481135407 37.83803155380609, -82.02533655911799 37.85497766278228, -82.03938428014581 38.84437393595428, -82.94608918935037 38.83139493737744, -82.95358004657608 38.806029657728125, -82.99703650742924 38.65861480673248, -83.04013933722828 38.51117463316485, -83.08326645098732 38.363876324570334, -83.12591938212506 38.21655698511927, -83.16858334990418 38.06930101452992, -83.21093342190636 37.9219661436323, -83.23511481135407 37.83803155380609))'
S2A_MSIL2A_20250810T161701_N0511_R140_T17SMD_20250811T003319.SAFE	geography'SRID=4326;POLYGON ((-82.16762472753088 39.74439520181332, -82.15133248212537 38.755193805393134, -80.88766443792474 38.760810475743604, -80.88607436984347 39.750212021802014, -82.16762472753088 39.74439520181332))'
S2A_MSIL2A_20250810T161701_N0511_R140_T17SMC_20250811T003319.SAFE	geography'SRID=4326;POLYGON ((-82.15275135075291 38.843310058483205, -82.13717219597591 37.85395064837389, -80.88904641935848 37.85938968525829, -80.88752596186193 38.84894433319432, -82.15275135075291 38.843310058483205))'
S2C_MSIL2A_20250809T171911_N0511_R012_T14SLF_20250809T223614.SAFE	geography'SRID=4326;POLYGON ((-101.23483587657066 36.55460711207572, -101.21991719169928 36.03616769808406, -100.0014519629642 36.05254100905861, -100.01430253846532 37.042247242200354, -101.1010962768369 37.02730128075421, -101.12351210606056 36.94844707189344, -101.16531840743713 36.800986264416096, -101.20708284158154 36.653491477111054, -101.23483587657066 36.55460711207572))'
S2C_MSIL2A_20250809T171911_N0511_R012_T14TNT_20250809T223614.SAFE	geography'SRID=4326;POLYGON ((-97.99289387616379 46.85936366619819, -97.55985017558999 46.85663988190739, -97.53272262323176 47.844325046514086, -97.63593552730553 47.84498451966037, -97.64366303532115 47.82397791162192, -97.69723376690403 47.677583400716856, -97.75056184995152 47.53117528308877, -97.80367547591405 47.38476279650951, -97.85673761022932 47.23832246129733, -97.9094692724408 47.09180124965776, -97.96224154869503 46.94534225253357, -97.99289387616379 46.85936366619819))'
S2C_MSIL2A_20250809T171911_N0511_R012_T14TMP_20250809T223614.SAFE	geography'SRID=4326;POLYGON ((-99.21412064024645 43.263101427721566, -98.87974009973617 43.26472716389879, -98.87774350913473 44.25335216097235, -98.88879080674165 44.2532974825503, -98.92003258179832 44.15924468388873, -98.96888251337066 44.012467569474985, -99.01738863872458 43.865596423390414, -99.06558247161922 43.71866881076304, -99.11370661017699 43.57176168444639, -99.16201848193731 43.424917927761776, -99.2093486474732 43.277844975163006, -99.21412064024645 43.263101427721566))'
S2C_MSIL2A_20250809T171911_N0511_R012_T14TNS_20250809T223614.SAFE	geography'SRID=4326;POLYGON ((-98.30869291087839 45.96126519089066, -97.58334389839344 45.956769859075806, -97.55749190205454 46.94462144140276, -97.9615841468683 46.94716674105452, -97.96224154869503 46.94534225253357, -98.01446781691293 46.79884960150983, -98.06644837789389 46.65236444446238, -98.11821125291848 46.50590412213085, -98.16966758888755 46.35940027084549, -98.22103523492322 46.212855074634966, -98.27214549521456 46.06624983051843, -98.30869291087839 45.96126519089066))'
S2A_MSIL2A_20250809T164701_N0511_R126_T16TCK_20250810T011758.SAFE	geography'SRID=4326;POLYGON ((-89.36468078702738 40.62663972727231, -89.33065130260064 39.638218234831534, -88.05144935754969 39.656847486720984, -88.066815204235 40.645928490590144, -89.36468078702738 40.62663972727231))'
S2A_MSIL2A_20250809T164701_N0511_R126_T15SXA_20250810T011758.SAFE	geography'SRID=4326;POLYGON ((-91.29932224057156 36.04311289773194, -90.67138577052769 36.03410504881955, -90.64153245372125 37.023137802563134, -91.02201927633818 37.02872377761568, -91.03243873177837 36.99225248845429, -91.07403586114545 36.84473897050172, -91.11564200966998 36.697346446307975, -91.15728072688307 36.55003287761635, -91.19862904708118 36.402637441516966, -91.23996249723342 36.2551988216519, -91.28122604133192 36.10770611378874, -91.29932224057156 36.04311289773194))'
S2A_MSIL2A_20250809T164701_N0511_R126_T15SXC_20250810T011758.SAFE	geography'SRID=4326;POLYGON ((-90.78968701042224 37.83790086115713, -90.61590002865951 37.83530211029287, -90.5934216229252 38.51635207230127, -90.60805328337932 38.46634869919705, -90.65068807340408 38.31908745259239, -90.69344076439744 38.171858881741954, -90.73593220048564 38.0245095692615, -90.77838965511113 37.87709502542365, -90.78968701042224 37.83790086115713))'
S2A_MSIL2A_20250809T164701_N0511_R126_T16TDM_20250810T011758.SAFE	geography'SRID=4326;POLYGON ((-88.21648331498238 42.44623570214159, -88.19782479530704 41.4575152063026, -86.88312689683454 41.46369251697452, -86.88130582637642 42.452629745736225, -88.21648331498238 42.44623570214159))'
S2A_MSIL2A_20250809T164701_N0511_R126_T16TCL_20250810T011758.SAFE	geography'SRID=4326;POLYGON ((-89.3971826192205 41.52685230149302, -89.36158097735907 40.538607851727775, -88.06541547567338 40.55783709926159, -88.08149180738359 41.546758769895376, -89.3971826192205 41.52685230149302))'
S2B_MSIL2A_20250809T162839_N0511_R083_T16TDM_20250809T200344.SAFE	geography'SRID=4326;POLYGON ((-87.19414765587608 41.46223113800963, -86.88312689683454 41.46369251697452, -86.88130582637642 42.452629745736225, -86.88236966660799 42.452624651102084, -86.88718953799983 42.43748709261069, -86.9339346204275 42.2904697116476, -86.9805839013559 42.14342406337925, -87.02708088745726 41.99634932487567, -87.07333641955313 41.84923594536344, -87.11944239512597 41.70212078469134, -87.16530409538385 41.55500360124008, -87.19414765587608 41.46223113800963))'
S2B_MSIL2A_20250809T162839_N0511_R083_T16TDL_20250809T200344.SAFE	geography'SRID=4326;POLYGON ((-86.8832880473775 41.37007119951069, -86.88296836561118 41.55178511688993, -87.16671997375315 41.550449568322065, -87.20840199110614 41.41638347674873, -86.8939392845234 41.37078868236359, -86.89389516841088 41.37092789414109, -86.89378422183172 41.37091147347365, -86.89370178993016 41.37117161631237, -86.89352789831386 41.37114625966931, -86.89341992134662 41.371487970727, -86.89244083131581 41.37134562878619, -86.89242156884579 41.37140644747274, -86.8832880473775 41.37007119951069))'
S2A_MSIL2A_20250808T171721_N0511_R112_T15TVE_20250808T224020.SAFE	geography'SRID=4326;POLYGON ((-93.91856718423966 40.646018178373815, -94.18317260660315 40.64479480422486, -94.17108190893893 39.94305940028291, -94.12837945700048 40.062877262677134, -94.07603558463158 40.20926199724408, -94.0234366071371 40.35571287486688, -93.97063308854385 40.5021662691768, -93.91856718423966 40.646018178373815))'
S2A_MSIL2A_20250808T171721_N0511_R112_T15TUE_20250808T224020.SAFE	geography'SRID=4326;POLYGON ((-94.06069494524255 40.25197480667187, -94.06681520423501 40.645928490590144, -95.3646807870274 40.62663972727231, -95.33065130260064 39.638218234831534, -94.27339756932392 39.653615214319, -94.23230536219204 39.770431324117865, -94.18050239124553 39.916626678004434, -94.12837945700048 40.062877262677134, -94.07603558463158 40.20926199724408, -94.06069494524255 40.25197480667187))'
S2A_MSIL2A_20250808T171721_N0511_R112_T15TTF_20250808T224020.SAFE	geography'SRID=4326;POLYGON ((-96.59412455183308 41.49564643575739, -96.54082260253307 40.50846282585221, -95.24618611840133 40.54090999482793, -95.28005188450415 41.52923550071836, -96.59412455183308 41.49564643575739))'
S2A_MSIL2A_20250808T171721_N0511_R112_T14TQL_20250808T224020.SAFE	geography'SRID=4326;POLYGON ((-96.6032964141397 41.5268622914542, -96.63889095789968 40.53861750192735, -95.34444498559897 40.50488583658978, -95.28942535132568 41.49194363396281, -96.6032964141397 41.5268622914542))'
S2A_MSIL2A_20250808T171721_N0511_R112_T14SQH_20250808T224020.SAFE	geography'SRID=4326;POLYGON ((-96.6965295968872 38.82628170870513, -96.72763580740043 37.83751218570364, -95.48163775999416 37.80685703267152, -95.43354720329413 38.79452724007538, -96.6965295968872 38.82628170870513))'
S2A_MSIL2A_20250808T171721_N0511_R112_T14SQJ_20250808T224020.SAFE	geography'SRID=4326;POLYGON ((-96.66683353200474 39.72681533153163, -96.69936254729447 38.73821864423846, -95.43792685625729 38.70656329494251, -95.38763948191423 39.69403311805837, -96.66683353200474 39.72681533153163))'
S2A_MSIL2A_20250808T171721_N0511_R112_T14SPG_20250808T224020.SAFE	geography'SRID=4326;POLYGON ((-97.86192606806475 37.94208532019618, -97.8768196851591 36.952569122489834, -96.64426763054043 36.93451075320804, -96.61305784244583 37.92337349546603, -97.86192606806475 37.94208532019618))'
S2A_MSIL2A_20250808T171721_N0511_R112_T15STD_20250808T224020.SAFE	geography'SRID=4326;POLYGON ((-96.49897689950004 39.6975094680204, -96.45026011044494 38.7099201955759, -95.18865192655385 38.74036995699254, -95.21960079191267 39.7290432642928, -96.49897689950004 39.6975094680204))'
S2A_MSIL2A_20250808T171721_N0511_R112_T14SPF_20250808T224020.SAFE	geography'SRID=4326;POLYGON ((-97.87551445266065 37.041254047993014, -97.88976030868119 36.05158282608199, -96.67138577052769 36.03410504881955, -96.64153245372125 37.023137802563134, -97.87551445266065 37.041254047993014))'
S2A_MSIL2A_20250808T171721_N0511_R112_T15SUD_20250808T224020.SAFE	geography'SRID=4326;POLYGON ((-94.24204899700352 39.742732312713436, -95.33363283056225 39.72680595308774, -95.301097327331 38.73820958831532, -94.5889220727485 38.74838466039992, -94.53924872248483 38.892162974705776, -94.48829872924598 39.038688210251536, -94.43723111087904 39.185175296910735, -94.38621495527016 39.331628347548765, -94.33511406285774 39.47799033831476, -94.28373913325248 39.62421642190336, -94.24204899700352 39.742732312713436))'
S2B_MSIL2A_20250808T165849_N0511_R069_T15SXD_20250808T210221.SAFE	geography'SRID=4326;POLYGON ((-91.72537315687194 39.742726007186526, -91.83284204446889 39.744399896499196, -91.83813117904697 39.423135927078576, -91.82960967331552 39.44740141803237, -91.77807022766616 39.59391290026992, -91.7261963276944 39.74040832298283, -91.72537315687194 39.742726007186526))'
S2B_MSIL2A_20250808T165849_N0511_R069_T15TUE_20250808T210221.SAFE	geography'SRID=4326;POLYGON ((-95.30117811108373 39.63864745831019, -94.0514493575497 39.656847486720984, -94.06681520423501 40.645928490590144, -95.00107485786472 40.632043606380876, -95.03014786987251 40.53711631418268, -95.07503097322449 40.38985553503832, -95.1197022815466 40.24259525935621, -95.16423811598179 40.09536954581405, -95.20870895277584 39.94819250519383, -95.2527604100811 39.800982353861606, -95.2966731228116 39.65376942148805, -95.30117811108373 39.63864745831019))'
S2B_MSIL2A_20250808T165849_N0511_R069_T15SWB_20250808T210221.SAFE	geography'SRID=4326;POLYGON ((-92.34744725078406 37.944124320880725, -93.00022763545478 37.947589571993284, -93.00022465569249 36.95788109520145, -92.6782060528961 36.956209515711734, -92.67389711852594 36.96928683646557, -92.6303054435644 37.10178910676815, -92.58145482590888 37.248336295341865, -92.53261557273666 37.39502911073329, -92.52529349246753 37.41677668473394, -92.48306303717166 37.5423912789424, -92.43379400522234 37.68912013717858, -92.38408194154749 37.83578138428136, -92.35996802702832 37.90703940809419, -92.34744725078406 37.944124320880725))'
S2B_MSIL2A_20250808T165849_N0511_R069_T15STD_20250808T210221.SAFE	geography'SRID=4326;POLYGON ((-95.56989589185777 38.73116837766445, -95.18865192655385 38.74036995699254, -95.21960079191267 39.7290432642928, -95.27462394413996 39.72768706507795, -95.2966731228116 39.65376942148805, -95.34052330176534 39.50657685373288, -95.38427115464371 39.3593874764249, -95.42792884591609 39.212167063266975, -95.4636389551287 39.0918404649861, -95.4716460457841 39.06484231634106, -95.5151175290088 38.9174601942998, -95.51974867333551 38.901736636379674, -95.55845078708988 38.77004500437527, -95.56989589185777 38.73116837766445))'
S2B_MSIL2A_20250808T165849_N0511_R069_T14SQJ_20250808T210221.SAFE	geography'SRID=4326;POLYGON ((-95.5761185896647 38.710031174931885, -95.43792685625729 38.70656329494251, -95.40891321614994 39.27629067560289, -95.42792884591609 39.212167063266975, -95.4636389551287 39.0918404649861, -95.4716460457841 39.06484231634106, -95.5151175290088 38.9174601942998, -95.51974867333551 38.901736636379674, -95.55845078708988 38.77004500437527, -95.5761185896647 38.710031174931885))'
S2B_MSIL2A_20250808T165849_N0511_R069_T15SVA_20250808T210221.SAFE	geography'SRID=4326;POLYGON ((-92.89128186363376 36.30553640626256, -92.8902406792213 37.04653228101576, -94.12493526264659 37.04124978452211, -94.11068371215597 36.05157871290146, -92.9725100621791 36.05633687122974, -92.96637130091229 36.075272411965855, -92.91850475617443 36.222210177543445, -92.89128186363376 36.30553640626256))'
S2C_MSIL2A_20250808T160841_N0511_R140_T17SLD_20250808T215014.SAFE	geography'SRID=4326;POLYGON ((-82.98348759879022 38.74274737850373, -82.03810488537859 38.75625435897602, -82.05279562809639 39.74549354563108, -82.68891577743135 39.73621246436915, -82.70475266604447 39.68326532226328, -82.74882405491587 39.53605890452989, -82.7927303179307 39.388842485366965, -82.83662269396977 39.24166665591655, -82.87993401296421 39.09431860499707, -82.9234211523664 38.94701659467306, -82.96670778801179 38.799641438664686, -82.98348759879022 38.74274737850373))'
S2C_MSIL2A_20250808T160841_N0511_R140_T17SMD_20250808T215014.SAFE	geography'SRID=4326;POLYGON ((-82.16762472753088 39.74439520181332, -82.15133248212537 38.755193805393134, -80.88766443792474 38.760810475743604, -80.88607436984347 39.750212021802014, -82.16762472753088 39.74439520181332))'
S2A_MSIL2A_20250807T174731_N0511_R098_T14TLN_20250808T000013.SAFE	geography'SRID=4326;POLYGON ((-100.46130023788974 43.34198669053978, -101.46678204877878 43.32624633586568, -101.42778068203103 42.33836182515417, -100.84431390755137 42.347328836601044, -100.8342872309324 42.37370112511992, -100.77858999772451 42.51982872534473, -100.7225351319595 42.66585435335726, -100.66640174148041 42.811796637595805, -100.61029759735568 42.95770689564981, -100.55393085260266 43.10352432636888, -100.49732717752592 43.2492411216756, -100.46130023788974 43.34198669053978))'
S2A_MSIL2A_20250807T174731_N0511_R098_T14TNS_20250807T222514.SAFE	geography'SRID=4326;POLYGON ((-98.96904422882308 46.95351253914559, -99.00026284243779 46.953709179213256, -99.00026250040291 46.8819880938406, -98.96904422882308 46.95351253914559))'
S2A_MSIL2A_20250807T174731_N0511_R098_T13TEK_20250807T222514.SAFE	geography'SRID=4326;POLYGON ((-103.61272142005257 44.7615514002196, -103.60358882685108 45.145299673094094, -103.61480285356105 45.145368222519664, -103.64234386029133 45.06459295344494, -103.69232131487124 44.917809404624336, -103.73916721985411 44.77943469032436, -103.61272142005257 44.7615514002196))'
S2B_MSIL2A_20250807T172859_N0511_R055_T13TGJ_20250807T210213.SAFE	geography'SRID=4326;POLYGON ((-101.738194177157 43.21633444266616, -101.1873683405316 43.201211355403785, -101.12426105372481 44.18762158427181, -101.41793393596487 44.19583005198919, -101.45106728390294 44.09647108895902, -101.49946199710396 43.94955523850524, -101.54785679112892 43.80274196592666, -101.595963119045 43.65593674434432, -101.64354224427099 43.50902464303236, -101.69132638467438 43.362183606413886, -101.738194177157 43.21633444266616))'
S2B_MSIL2A_20250806T175909_N0511_R041_T13TFN_20250806T215523.SAFE	geography'SRID=4326;POLYGON ((-103.60655998789821 47.84489583424378, -103.66339978002995 47.84592105208886, -103.6667721204555 47.71113582374075, -103.664164581022 47.71693578448862, -103.60655998789821 47.84489583424378))'
S2B_MSIL2A_20250806T175909_N0511_R041_T13TEM_20250806T215523.SAFE	geography'SRID=4326;POLYGON ((-104.00616835464585 46.94744756843981, -105.00026284243779 46.953709179213256, -105.00025812995321 45.965551148516354, -104.43042632678149 45.962019630599016, -104.42472322926254 45.975466030602384, -104.36299716128556 46.12066694906699, -104.30114739957784 46.26586926718662, -104.23889951704409 46.411044368576334, -104.17652190805546 46.556263922736896, -104.11379333876836 46.701398411321776, -104.05041723594877 46.8464679623592, -104.00616835464585 46.94744756843981))'
S2B_MSIL2A_20250806T175909_N0511_R041_T13TEN_20250806T215523.SAFE	geography'SRID=4326;POLYGON ((-103.6066044311127 47.8447971102423, -105.0002673576574 47.85370184248753, -105.00026241255061 46.86569987335423, -104.0446238096456 46.859689040242415, -103.98682662702409 46.99158699024336, -103.92289847004268 47.13670775018732, -103.85861520507201 47.28180476510051, -103.79409747401716 47.42689826162224, -103.72933274440656 47.57198196910766, -103.664164581022 47.71693578448862, -103.6066044311127 47.8447971102423))'
S2C_MSIL2A_20250806T170911_N0511_R112_T14SNF_20250806T221614.SAFE	geography'SRID=4326;POLYGON ((-97.78032020119532 36.10620395122205, -97.76556196865786 37.04016090428803, -98.5806621134915 37.044400678634716, -98.61145750717401 36.936003972357454, -98.65316934962264 36.7885286048959, -98.69484661950253 36.6410501836936, -98.73637025369186 36.49353101518464, -98.7776935467696 36.345989866593264, -98.79961140133321 36.26730769650989, -98.61573185597686 36.23915130386207, -98.50760098636408 36.22305108353516, -98.50741467128601 36.22370951970783, -98.50719958715091 36.223676220821005, -98.50717524270608 36.22376237805176, -98.50697683118666 36.223731739269255, -98.50645656633088 36.225572014540376, -98.25188636830097 36.187220059419005, -98.25204224480886 36.18667940079764, -98.25196915149442 36.18666835563437, -98.25204825819635 36.18639395267344, -98.25203085771018 36.18639131523271, -98.25251809530377 36.18469907019785, -98.25229213020943 36.184664857242886, -98.25234923339245 36.18446655036766, -97.97162625226976 36.13667644865078, -97.97094484061817 36.13901334846534, -97.78032020119532 36.10620395122205))'
S2A_MSIL2A_20250806T163701_N0511_R083_T16TER_20250806T213322.SAFE	geography'SRID=4326;POLYGON ((-86.02520744058255 45.05930878189337, -85.60574612901156 45.05674859305782, -85.58109585564665 46.044766226835556, -85.68545322410456 46.04541392892566, -85.70126366191306 46.000093803593565, -85.75231568223178 45.853509959031285, -85.80315469162035 45.706855289988255, -85.85388181917531 45.560100658357854, -85.90441201843161 45.413317711965945, -85.95474358609577 45.26657166346673, -86.00459378503116 45.11981299987141, -86.02520744058255 45.05930878189337))'
S2B_MSIL2A_20250806T161829_N0511_R040_T17TLE_20250806T202139.SAFE	geography'SRID=4326;POLYGON ((-83.3646807870274 40.62663972727231, -83.33065130260063 39.638218234831534, -82.05144935754969 39.656847486720984, -82.066815204235 40.645928490590144, -83.3646807870274 40.62663972727231))'
S2B_MSIL2A_20250806T161829_N0511_R040_T17TNF_20250806T202139.SAFE	geography'SRID=4326;POLYGON ((-80.99896902591227 41.55183739814038, -81.00023981916341 41.551844670066835, -81.00023980679445 41.548413657166385, -80.99896902591227 41.55183739814038))'
S2B_MSIL2A_20250806T161829_N0511_R040_T17TLL_20250806T202139.SAFE	geography'SRID=4326;POLYGON ((-83.51317235145915 45.03744339698469, -82.14563453547973 45.05951360004942, -82.1658919102777 46.0476276229589, -83.17166735677232 46.031121426429, -83.20748018144425 45.92836521276132, -83.25829386594157 45.781795862805616, -83.30889253452652 45.635198167845935, -83.35934928430201 45.488581686071726, -83.40962686972912 45.34198670230237, -83.45959795277237 45.19531747881055, -83.50940720226235 45.04857949171432, -83.51317235145915 45.03744339698469))'
S2B_MSIL2A_20250806T161829_N0511_R040_T16TGR_20250806T202139.SAFE	geography'SRID=4326;POLYGON ((-83.52231159579732 45.01041246530379, -83.06996660895842 44.99758761245698, -83.00067944006244 45.98354520692643, -83.18638265537002 45.98889944643326, -83.20748018144425 45.92836521276132, -83.25829386594157 45.781795862805616, -83.30889253452652 45.635198167845935, -83.35934928430201 45.488581686071726, -83.40962686972912 45.34198670230237, -83.45959795277237 45.19531747881055, -83.50940720226235 45.04857949171432, -83.52231159579732 45.01041246530379))'
S2B_MSIL2A_20250806T161829_N0511_R040_T17SMC_20250806T202139.SAFE	geography'SRID=4326;POLYGON ((-81.9677888102924 38.84413372972263, -82.15275135075291 38.843310058483205, -82.14466527021071 38.32980082195281, -82.12804527736851 38.378446678331, -82.0778801770115 38.52513877092734, -82.02727559826924 38.6717697595835, -81.97673684310048 38.81838044847836, -81.9677888102924 38.84413372972263))'
S2B_MSIL2A_20250806T161829_N0511_R040_T17TMF_20250806T202139.SAFE	geography'SRID=4326;POLYGON ((-80.9991914719411 41.55123808350313, -82.19944910163338 41.54558876800179, -82.18162029219911 40.556706911840905, -81.3616041089562 40.56049143015973, -81.35640494750989 40.574902626806974, -81.30349878400914 40.72118233362139, -81.25047113120125 40.86735956017192, -81.19714990856424 41.013472352444026, -81.14363512826162 41.15956641585584, -81.08995235567475 41.30564283682968, -81.03613566884742 41.4517029374588, -80.9991914719411 41.55123808350313))'
S2C_MSIL2A_20250805T173921_N0511_R098_T13TEH_20250805T223324.SAFE	geography'SRID=4326;POLYGON ((-104.5387535355566 42.36138952355942, -103.66698539119554 42.35632239007374, -103.64555267001923 43.34483481646455, -104.22223634331905 43.34824911869795, -104.25300991096344 43.253212055251005, -104.30042255008013 43.10621504323517, -104.34776574333155 42.95923839762792, -104.39461093295144 42.812162687417405, -104.44174061357347 42.66520930839093, -104.4887246643848 42.518252018210525, -104.53557410522048 42.37135357887169, -104.5387535355566 42.36138952355942))'
S2C_MSIL2A_20250805T173921_N0511_R098_T13TFJ_20250805T223324.SAFE	geography'SRID=4326;POLYGON ((-103.74751912777683 44.24655093494868, -103.76796729995817 43.25815531909012, -102.41619172041914 43.235600960154144, -102.37335402628885 44.22320974043625, -103.74751912777683 44.24655093494868))'
S2C_MSIL2A_20250805T173921_N0511_R098_T13TFH_20250805T223324.SAFE	geography'SRID=4326;POLYGON ((-103.76618786223798 43.346200009839855, -103.78571286582209 42.35764145317536, -102.45336942769977 42.33578223926217, -102.41246381589346 43.323576596360866, -103.76618786223798 43.346200009839855))'
S2C_MSIL2A_20250805T173921_N0511_R098_T13TFG_20250805T223324.SAFE	geography'SRID=4326;POLYGON ((-103.78400297732625 42.44624086265282, -103.80265404258907 41.457520191909595, -102.48886345311317 41.43633638009555, -102.44978706678565 42.42431413705452, -103.78400297732625 42.44624086265282))'
S2C_MSIL2A_20250805T173921_N0511_R098_T13TEG_20250805T223324.SAFE	geography'SRID=4326;POLYGON ((-104.8200066779872 41.46272230610263, -103.68558188065235 41.45624189757688, -103.66510843311784 42.44491772432881, -104.51054288547203 42.44984004637707, -104.53557410522048 42.37135357887169, -104.58242655607165 42.22452211460176, -104.62835745155049 42.07745224436167, -104.67480439689503 41.93054064477453, -104.72027827254313 41.78333026801476, -104.76622798441427 41.63623981673123, -104.81187497996751 41.489046040527214, -104.8200066779872 41.46272230610263))'
S2C_MSIL2A_20250805T173921_N0511_R098_T13TFF_20250805T223324.SAFE	geography'SRID=4326;POLYGON ((-103.80103038521031 41.545593768972765, -103.81885207154319 40.55671174263467, -102.52280187838811 40.536185528423594, -102.48546160940656 41.52434469691515, -103.80103038521031 41.545593768972765))'
S2C_MSIL2A_20250805T173921_N0511_R098_T13TEF_20250805T223324.SAFE	geography'SRID=4326;POLYGON ((-105.00023739676566 40.87989788903009, -105.00023625343321 40.56274991351036, -103.70336265383867 40.5554731412015, -103.68379957458713 41.54431153543986, -104.79276836015467 41.55065744532313, -104.81187497996751 41.489046040527214, -104.85734757096238 41.34184327844108, -104.9028699881572 41.19473771032906, -104.94824076196032 41.04764131517206, -104.99383351078413 40.900631703425766, -105.00023739676566 40.87989788903009))'
S2C_MSIL2A_20250805T173921_N0511_R098_T13TGH_20250805T223324.SAFE	geography'SRID=4326;POLYGON ((-102.53371085886852 43.32625697177811, -102.57270445124811 42.33837210189082, -101.2421415546785 42.30245161555175, -101.18187629631363 43.28908179915951, -102.53371085886852 43.32625697177811))'
S2C_MSIL2A_20250805T173921_N0511_R098_T13TGG_20250805T223324.SAFE	geography'SRID=4326;POLYGON ((-102.56928954696652 42.426911995973605, -102.60653922316479 41.43884624479472, -101.2944377014587 41.40403474612011, -101.23686356729512 42.39088066238852, -102.56928954696652 42.426911995973605))'
S2C_MSIL2A_20250805T173921_N0511_R098_T14TKM_20250805T223324.SAFE	geography'SRID=4326;POLYGON ((-102.64504576622768 42.39470139413761, -102.58926866785167 41.407726190110715, -101.27696656733475 41.441212166985935, -101.3124072413961 42.42936087235922, -102.64504576622768 42.39470139413761))'
S2A_MSIL2A_20250805T170711_N0511_R069_T15SVB_20250805T231713.SAFE	geography'SRID=4326;POLYGON ((-94.13852907879905 37.9420809165272, -94.12362950841454 36.95256487264268, -92.89036811332885 36.957830487987216, -92.88891399416781 37.94753713280259, -94.13852907879905 37.9420809165272))'
S2A_MSIL2A_20250805T170711_N0511_R069_T15TUE_20250805T231713.SAFE	geography'SRID=4326;POLYGON ((-95.30253037468 39.638627765048106, -94.0514493575497 39.656847486720984, -94.06681520423501 40.645928490590144, -95.00227849861125 40.63202571797873, -95.04052373624846 40.50696415891685, -95.08549787369024 40.35972183246348, -95.13020304369581 40.212435198359806, -95.17476597280616 40.06519061370823, -95.21915400985337 39.918056226706405, -95.26316946792714 39.770916449697005, -95.30253037468 39.638627765048106))'
S2A_MSIL2A_20250805T170711_N0511_R069_T15STB_20250805T231713.SAFE	geography'SRID=4326;POLYGON ((-96.09484012426029 36.91643841404747, -95.1360250458418 36.93866731150362, -95.16432984132963 37.92768043331917, -95.80958478927468 37.91238193572852, -95.82589604442147 37.85575174335011, -95.86828895061512 37.70845964781689, -95.91055347138952 37.56109248983726, -95.95273806304418 37.4136874880632, -95.99500224312432 37.266232122063, -96.03719205373923 37.118722086671006, -96.07932067429141 36.97117447607736, -96.09484012426029 36.91643841404747))'
S2A_MSIL2A_20250805T170711_N0511_R069_T14SQG_20250805T231713.SAFE	geography'SRID=4326;POLYGON ((-96.09362730946869 36.920715930698954, -95.52344565573671 36.90697181308603, -95.47744908495345 37.89483865903757, -95.81226052693684 37.903092182291495, -95.82589604442147 37.85575174335011, -95.86828895061512 37.70845964781689, -95.91055347138952 37.56109248983726, -95.95273806304418 37.4136874880632, -95.99500224312432 37.266232122063, -96.03719205373923 37.118722086671006, -96.07932067429141 36.97117447607736, -96.09362730946869 36.920715930698954))'
S2A_MSIL2A_20250805T170711_N0511_R069_T15SUB_20250805T231713.SAFE	geography'SRID=4326;POLYGON ((-95.27552823620451 37.925581750319026, -95.24577213045468 36.936641907455304, -94.01312514326094 36.95355914294569, -94.0265600589798 37.943111174604404, -95.27552823620451 37.925581750319026))'
S2B_MSIL2A_20250805T164839_N0511_R026_T16TDM_20250805T215753.SAFE	geography'SRID=4326;POLYGON ((-88.21442216244162 42.4462455728137, -88.21648331498238 42.44623570214159, -88.21638601510097 42.44107975254483, -88.21442216244162 42.4462455728137))'
S2A_MSIL2A_20250804T173731_N0511_R055_T14SMG_20250804T235806.SAFE	geography'SRID=4326;POLYGON ((-99.90643955025027 37.94309429310899, -100.13852907879905 37.9420809165272, -100.12858405902539 37.281608408338485, -100.11830823207292 37.31269219594168, -100.06954427539118 37.45928568986204, -100.02041510836943 37.605939778857966, -99.97100291353932 37.75262479406627, -99.92128491600299 37.89930269955031, -99.90643955025027 37.94309429310899))'
S2A_MSIL2A_20250804T173731_N0511_R055_T13SGC_20250804T235806.SAFE	geography'SRID=4326;POLYGON ((-102.6965295968872 38.82628170870513, -102.72763580740045 37.83751218570364, -101.48163775999417 37.80685703267152, -101.43354720329414 38.79452724007538, -102.6965295968872 38.82628170870513))'
S2A_MSIL2A_20250804T173731_N0511_R055_T14TNK_20250804T235806.SAFE	geography'SRID=4326;POLYGON ((-98.95921741320359 40.650625947157074, -99.00023656389149 40.650856515774606, -99.00023617127029 40.5368930512301, -98.95921741320359 40.650625947157074))'
S2A_MSIL2A_20250804T173731_N0511_R055_T14SMH_20250804T235806.SAFE	geography'SRID=4326;POLYGON ((-99.59752144670269 38.84578259644736, -100.15275135075291 38.843310058483205, -100.13717219597591 37.85395064837389, -99.93636084390067 37.85482573674335, -99.92128491600299 37.89930269955031, -99.87155656145984 38.04599385736815, -99.82164175434602 38.19261723649372, -99.77153013275353 38.339199942150536, -99.72133832508496 38.485738087012265, -99.67110393651096 38.63222770450562, -99.6206243988382 38.778577979243074, -99.59752144670269 38.84578259644736))'
S2A_MSIL2A_20250804T173731_N0511_R055_T13SGD_20250804T235806.SAFE	geography'SRID=4326;POLYGON ((-102.66683353200474 39.72681533153163, -102.69936254729447 38.73821864423846, -101.43792685625729 38.70656329494251, -101.38763948191425 39.69403311805837, -102.66683353200474 39.72681533153163))'
S2A_MSIL2A_20250804T173731_N0511_R055_T14SLF_20250804T235806.SAFE	geography'SRID=4326;POLYGON ((-100.20864159489099 37.03957462462605, -101.24837990395392 37.02527578563511, -101.21991719169928 36.03616769808406, -100.53445465413179 36.04537870470478, -100.50434947387028 36.13867618422168, -100.45641388848063 36.28561888240622, -100.40853297933629 36.43258165098402, -100.36039372005165 36.57945380834137, -100.31204222752076 36.72621556925357, -100.26382087094527 36.872951093215214, -100.21527130247904 37.019541619586754, -100.20864159489099 37.03957462462605))'
S2A_MSIL2A_20250804T173731_N0511_R055_T14TLK_20250804T235806.SAFE	geography'SRID=4326;POLYGON ((-101.3646807870274 40.62663972727231, -101.33065130260063 39.638218234831534, -100.05144935754969 39.656847486720984, -100.066815204235 40.645928490590144, -101.3646807870274 40.62663972727231))'
S2A_MSIL2A_20250804T173731_N0511_R055_T14SKH_20250804T235806.SAFE	geography'SRID=4326;POLYGON ((-102.4545029640868 38.797894647715, -102.40791466143585 37.81010790673744, -101.16175219508035 37.83959549435291, -101.19134725642266 38.82843976082239, -102.4545029640868 38.797894647715))'
S2A_MSIL2A_20250804T173731_N0511_R055_T14TKL_20250804T235806.SAFE	geography'SRID=4326;POLYGON ((-102.54848997681117 40.650467129968085, -102.54082260253305 40.50846282585221, -101.24618611840133 40.54090999482793, -101.28005188450415 41.52923550071836, -102.28555812808222 41.50353371468026, -102.29206175026893 41.48264818430061, -102.33769055374177 41.33562551621037, -102.38313742585716 41.18851896643661, -102.42868593734454 41.04142325621508, -102.47389295849916 40.894236965890094, -102.5189523125781 40.74702582000692, -102.54848997681117 40.650467129968085))'
S2A_MSIL2A_20250804T173731_N0511_R055_T14SLH_20250804T235806.SAFE	geography'SRID=4326;POLYGON ((-101.30393084279649 38.82627262441358, -101.27281842761563 37.837503416034735, -100.02533655911799 37.85497766278228, -100.03938428014581 38.84437393595428, -101.30393084279649 38.82627262441358))'
S2A_MSIL2A_20250804T173731_N0511_R055_T14SLG_20250804T235806.SAFE	geography'SRID=4326;POLYGON ((-100.02192131893507 37.601443632236105, -100.0265600589798 37.943111174604404, -101.27552823620451 37.925581750319026, -101.24577213045467 36.936641907455304, -100.23814696191798 36.950470872632906, -100.21527130247904 37.019541619586754, -100.16676728628778 37.16610633422616, -100.11830823207292 37.31269219594168, -100.06954427539118 37.45928568986204, -100.02192131893507 37.601443632236105))'
S2A_MSIL2A_20250804T173731_N0511_R055_T14SKF_20250804T235806.SAFE	geography'SRID=4326;POLYGON ((-102.37131820920371 36.99866808026183, -102.32869364809063 36.01049725766069, -101.11143123293883 36.03812799310683, -101.13850562461279 37.02730768000537, -102.37131820920371 36.99866808026183))'
S2A_MSIL2A_20250804T173731_N0511_R055_T14SMJ_20250804T235806.SAFE	geography'SRID=4326;POLYGON ((-99.2817966916499 39.74841588051295, -100.16762472753088 39.74439520181332, -100.15133248212537 38.755193805393134, -99.62788764389431 38.7575203793035, -99.6206243988382 38.778577979243074, -99.57031653373608 38.92491948558919, -99.51966120501476 39.071186209949005, -99.46887061709569 39.21751249859685, -99.4174694073681 39.36380690625131, -99.36611648102452 39.51030596904478, -99.31427277399038 39.656778643417645, -99.2817966916499 39.74841588051295))'
S2A_MSIL2A_20250804T173731_N0511_R055_T13TGE_20250804T235806.SAFE	geography'SRID=4326;POLYGON ((-102.64598117284069 40.330628455007236, -102.6698144654414 39.63822758400475, -101.39224764301619 39.60554763793313, -101.33965430802601 40.59281342227294, -102.55640982690471 40.62457712240683, -102.56399737284755 40.59977341785293, -102.608917415626 40.45251052231995, -102.64598117284069 40.330628455007236))'
S2A_MSIL2A_20250804T173731_N0511_R055_T13TGF_20250804T235806.SAFE	geography'SRID=4326;POLYGON ((-102.58309545174639 40.53716353986081, -101.34444498559898 40.50488583658978, -101.28942535132569 41.49194363396281, -102.28096136533352 41.518295615860765, -102.29206175026893 41.48264818430061, -102.33769055374177 41.33562551621037, -102.38313742585716 41.18851896643661, -102.42868593734454 41.04142325621508, -102.47389295849916 40.894236965890094, -102.5189523125781 40.74702582000692, -102.56399737284755 40.59977341785293, -102.58309545174639 40.53716353986081))'
S2A_MSIL2A_20250804T173731_N0511_R055_T14SKJ_20250804T235806.SAFE	geography'SRID=4326;POLYGON ((-102.49897689950004 39.6975094680204, -102.45026011044494 38.7099201955759, -101.18865192655385 38.74036995699254, -101.21960079191267 39.7290432642928, -102.49897689950004 39.6975094680204))'
S2A_MSIL2A_20250804T173731_N0511_R055_T13SGB_20250804T235806.SAFE	geography'SRID=4326;POLYGON ((-102.72492653924301 37.925590547672954, -102.75467671035365 36.93665039764339, -101.52344565573672 36.90697181308603, -101.47744908495345 37.89483865903757, -102.72492653924301 37.925590547672954))'
S2A_MSIL2A_20250804T173731_N0511_R055_T13SGA_20250804T235806.SAFE	geography'SRID=4326;POLYGON ((-102.75206945697532 37.02528430302893, -102.78052649213598 36.03617591535172, -101.56341398032555 36.007451011934776, -101.51941449107781 36.995510653879045, -102.75206945697532 37.02528430302893))'
S2A_MSIL2A_20250804T173731_N0511_R055_T14TKK_20250804T235806.SAFE	geography'SRID=4326;POLYGON ((-102.54546370146345 40.59640146890937, -102.49451264760637 39.609013147606916, -101.21676465654707 39.64044856303257, -101.24913477999112 40.62894899386581, -102.54546370146345 40.59640146890937))'
S2A_MSIL2A_20250804T173731_N0511_R055_T14TLL_20250804T235806.SAFE	geography'SRID=4326;POLYGON ((-101.3971826192205 41.52685230149302, -101.36158097735908 40.538607851727775, -100.06541547567339 40.55783709926159, -100.08149180738359 41.546758769895376, -101.3971826192205 41.52685230149302))'
S2A_MSIL2A_20250804T173731_N0511_R055_T14SKG_20250804T235806.SAFE	geography'SRID=4326;POLYGON ((-102.41197247867947 37.8980997878049, -102.36741300313712 36.910119161555244, -101.13602504584179 36.93866731150362, -101.16432984132963 37.92768043331917, -102.41197247867947 37.8980997878049))'
S2A_MSIL2A_20250804T173731_N0511_R055_T14TMK_20250804T235806.SAFE	geography'SRID=4326;POLYGON ((-98.9592796658357 40.65045333900261, -100.18317260660315 40.64479480422486, -100.16613169555372 39.655752572676114, -99.31326704733853 39.65961648607004, -99.26235025018374 39.803287590364256, -99.21038015670051 39.949741329642606, -99.15812807722384 40.096106510116186, -99.10590259839944 40.24249256326357, -99.05347419635571 40.38880107627032, -99.00091060693174 40.53502304042264, -98.9592796658357 40.65045333900261))'
S2A_MSIL2A_20250804T173731_N0511_R055_T14SLJ_20250804T235806.SAFE	geography'SRID=4326;POLYGON ((-101.33363283056225 39.72680595308774, -101.301097327331 38.73820958831532, -100.03810488537859 38.75625435897602, -100.05279562809639 39.74549354563108, -101.33363283056225 39.72680595308774))'
S2B_MSIL2A_20250804T171859_N0511_R012_T14SMF_20250804T211246.SAFE	geography'SRID=4326;POLYGON ((-100.12493526264659 37.04124978452211, -100.11068371215597 36.05157871290146, -98.8916315425469 36.05667498554276, -98.8902406792213 37.04653228101576, -100.12493526264659 37.04124978452211))'
S2B_MSIL2A_20250804T171859_N0511_R012_T14SLH_20250804T211246.SAFE	geography'SRID=4326;POLYGON ((-100.85854483631628 37.84330640134311, -100.02533655911799 37.85497766278228, -100.03938428014581 38.84437393595428, -100.56890868663342 38.83679407568394, -100.58324233119552 38.788142441672285, -100.62634400168349 38.64084669334661, -100.66942555147176 38.49348545569197, -100.71250564025463 38.346084041564254, -100.75549672171056 38.19863388507078, -100.7983236172695 38.05119326138991, -100.84109598931242 37.903774240510174, -100.85854483631628 37.84330640134311))'
S2B_MSIL2A_20250804T171859_N0511_R012_T14SLF_20250804T211246.SAFE	geography'SRID=4326;POLYGON ((-101.23396662762042 36.524399830384354, -101.21991719169928 36.03616769808406, -100.0014519629642 36.05254100905861, -100.01430253846532 37.042247242200354, -101.09186991544195 37.02742816485082, -101.09413327651555 37.01946534953316, -101.13591504563706 36.87208042876012, -101.17762413519308 36.72463494831079, -101.21915657319504 36.57706775736671, -101.23396662762042 36.524399830384354))'
S2B_MSIL2A_20250804T171859_N0511_R012_T14SLG_20250804T211246.SAFE	geography'SRID=4326;POLYGON ((-101.11711210564626 36.93840767815892, -100.01312514326092 36.95355914294569, -100.0265600589798 37.943111174604404, -100.83296653899994 37.931793158987574, -100.84109598931242 37.903774240510174, -100.88364441017853 37.756325468154365, -100.92601764007308 37.608915092642526, -100.96818688217475 37.46155453275996, -101.01038939201648 37.31421587735035, -101.05224962950324 37.166817775921615, -101.09413327651555 37.01946534953316, -101.11711210564626 36.93840767815892))'
S2B_MSIL2A_20250804T171859_N0511_R012_T14SMJ_20250804T211246.SAFE	geography'SRID=4326;POLYGON ((-100.16762472753088 39.74439520181332, -100.15133248212537 38.755193805393134, -98.88766443792474 38.760810475743604, -98.88607436984347 39.750212021802014, -100.16762472753088 39.74439520181332))'
S2B_MSIL2A_20250804T171859_N0511_R012_T14TLK_20250804T211246.SAFE	geography'SRID=4326;POLYGON ((-100.32729159303267 39.65283034579461, -100.05144935754969 39.656847486720984, -100.06487587602139 40.52109627433614, -100.0993659024774 40.40809982564377, -100.14411570673207 40.26091772643688, -100.1886138056307 40.11361058644178, -100.23311542414072 39.96631335419142, -100.27736113049767 39.818986182062304, -100.32166429744552 39.6716948064318, -100.32729159303267 39.65283034579461))'
S2B_MSIL2A_20250804T171859_N0511_R012_T14TMK_20250804T211246.SAFE	geography'SRID=4326;POLYGON ((-100.1748079099271 40.159313820096806, -100.16613169555372 39.655752572676114, -98.88622008547372 39.66155122739065, -98.88455693238029 40.65079881136531, -100.02684891210109 40.64551754968115, -100.05446395007054 40.55520789376312, -100.0993659024774 40.40809982564377, -100.14411570673207 40.26091772643688, -100.1748079099271 40.159313820096806))'
S2B_MSIL2A_20250804T171859_N0511_R012_T14SLJ_20250804T211246.SAFE	geography'SRID=4326;POLYGON ((-100.59490124753056 38.748299234047316, -100.03810488537859 38.75625435897602, -100.05279562809639 39.74549354563108, -100.30055396768711 39.74187871707162, -100.32166429744552 39.6716948064318, -100.36561201566323 39.524368264299255, -100.40934170212732 39.37708894531247, -100.45293007504213 39.22982971674477, -100.49642983701268 39.08258153188032, -100.53986939130371 38.93536001697097, -100.58324233119552 38.788142441672285, -100.59490124753056 38.748299234047316))'
S2B_MSIL2A_20250803T174909_N0511_R141_T13TFK_20250803T214904.SAFE	geography'SRID=4326;POLYGON ((-102.8462510361344 44.54444701305516, -103.12751630503068 44.60814225957232, -103.12726213522346 44.60878927161424, -103.12744562874929 44.60883101536816, -103.12733713503584 44.609107275237136, -103.12754842194671 44.6091554102532, -103.12751619703546 44.60923739789629, -103.12760936870173 44.609258655630086, -103.12749133262808 44.60955922267328, -103.12796277649507 44.609667077172745, -103.1278168813594 44.61003904874553, -103.12811831454985 44.610108109586655, -103.12804642841871 44.610291255334175, -103.12823790420738 44.61033518837582, -103.12809370382577 44.61070225882258, -103.13079941168418 44.611310541757994, -103.25506709979224 44.639143585077925, -103.38725674855252 44.668716005232575, -103.41749949640624 44.67545038193412, -103.43890046277743 44.68020477773416, -103.4395328534488 44.67857842661803, -103.43969861143309 44.678613087428396, -103.43974108526864 44.678503785032255, -103.71560147414964 44.736234623221904, -103.71516767777024 44.73736547686101, -103.715327577008 44.73739913122006, -103.71518811406173 44.737763227232605, -103.71539285722584 44.7378063569743, -103.71536875310781 44.73786923929704, -103.71545652020816 44.737887743396975, -103.71517833943112 44.73861282484936, -103.73671241251756 44.74298354247507, -103.74938307519848 44.158520786393645, -102.65939708907736 44.1400355508161, -102.64435788234384 44.177744970133546, -102.58589438882176 44.32339819431173, -102.52745854316659 44.46805457280004, -102.60113994365666 44.48624873041837, -102.83296295845793 44.54273510870889, -102.83283130202771 44.54306660828443, -102.84530712004224 44.545912283224474, -102.84583654860684 44.54458195253648, -102.84616757075139 44.54465681597458, -102.8462510361344 44.54444701305516))'
S2B_MSIL2A_20250803T174909_N0511_R141_T13TFF_20250803T214904.SAFE	geography'SRID=4326;POLYGON ((-103.65939625127847 41.543306093882656, -103.80103038521031 41.545593768972765, -103.80833074941097 41.14051431639379, -103.76417160536046 41.26011643624688, -103.71018387304346 41.406349462687125, -103.65939625127847 41.543306093882656))'
S2B_MSIL2A_20250803T160829_N0511_R140_T17TLE_20250803T201426.SAFE	geography'SRID=4326;POLYGON ((-82.05731493022239 40.034407319654626, -82.066815204235 40.645928490590144, -82.40545708828517 40.64089562490856, -82.44128357860073 40.52351413535672, -82.4862381660414 40.376337624195365, -82.53096037020286 40.22906091635584, -82.5676299644407 40.10803756321514, -82.25939739991381 40.06296767130592, -82.25928622254065 40.06332702238362, -82.25921447601436 40.06331631706304, -82.25911562170106 40.063637946390074, -82.25911151838046 40.063637343132825, -82.25900940081625 40.0639703097499, -82.25780575446346 40.063793887535134, -82.25778860276169 40.06384951862895, -82.18665424231037 40.053364987611154, -82.05731493022239 40.034407319654626))'
S2B_MSIL2A_20250803T160829_N0511_R140_T17TMF_20250803T201426.SAFE	geography'SRID=4326;POLYGON ((-82.19547379472418 41.32509682266659, -82.18162029219911 40.556706911840905, -80.88470843547175 40.5626923872254, -80.88296836561119 41.55178511688993, -82.12701290867278 41.5459297072282, -82.17040859180065 41.40607503241008, -82.19547379472418 41.32509682266659))'
S2B_MSIL2A_20250803T160829_N0511_R140_T17TNE_20250803T201426.SAFE	geography'SRID=4326;POLYGON ((-80.05428244374417 39.65639658887772, -79.72035792136309 39.6545573069827, -79.70165933840751 40.64355721409192, -81.00023656389149 40.650856515774606, -81.0002338102632 39.85157971599053, -80.89177348905356 39.83114826613222, -80.89184950237177 39.830915412887386, -80.89170848117173 39.83088884305309, -80.89183378567311 39.83050784730772, -80.89177608264208 39.83049696819507, -80.89197107884311 39.829899922560074, -80.60660257986045 39.77326560334578, -80.60628506260083 39.77422222924682, -80.60627599639977 39.77422033055871, -80.60624201119165 39.77432309874502, -80.605511341796 39.77416999736278, -80.60550458545498 39.77419027702196, -80.35254076857937 39.72117998195206, -80.35271031226434 39.720676355189845, -80.3525772605079 39.720648512114565, -80.35267263997545 39.720363381676265, -80.35263616848836 39.7203557594473, -80.35292342859789 39.719502806839344, -80.06660882784033 39.657557092564645, -80.06610418350267 39.65904491772199, -80.06522583498274 39.65884171418946, -80.0652015795138 39.6589127774097, -80.05428244374417 39.65639658887772))'
S2B_MSIL2A_20250803T160829_N0511_R140_T17TLF_20250803T201426.SAFE	geography'SRID=4326;POLYGON ((-82.43246974668938 40.552391670088745, -82.06541547567339 40.55783709926159, -82.08149180738359 41.546758769895376, -82.12696916132683 41.546070695234405, -82.17040859180065 41.40607503241008, -82.21592739764081 41.259017319857634, -82.2612066568679 41.11193720179264, -82.30631789043873 40.96483559288722, -82.35130019891314 40.817739221580005, -82.3963701804612 40.67066786233406, -82.43246974668938 40.552391670088745))'
S2B_MSIL2A_20250803T160829_N0511_R140_T17TME_20250803T201426.SAFE	geography'SRID=4326;POLYGON ((-80.8859390651592 39.82870280728738, -80.88455693238029 40.65079881136531, -82.18317260660315 40.64479480422486, -82.17294782789338 40.0513559955329, -81.99038054109411 40.02459653665693, -81.99042805909171 40.02444310666071, -81.98994300467315 40.02437161423335, -81.99053331811942 40.022479979417845, -81.69478639242905 39.97401550083164, -81.69440854509565 39.975211443265685, -81.6932850639646 39.975023055908174, -81.69321257741213 39.97525140621634, -81.43451719958003 39.931799016501046, -81.43471133417458 39.931194701299056, -81.43470034119552 39.93119284879936, -81.43509430168602 39.9299575596648, -81.14676335829152 39.877668455386086, -81.14633412207066 39.87899384477138, -81.14631792716828 39.87899079327646, -81.14628512031486 39.87909245046136, -80.89177348905356 39.83114826613222, -80.89184950237177 39.830915412887386, -80.89170848117173 39.83088884305309, -80.89183378567311 39.83050784730772, -80.89177608264208 39.83049696819507, -80.89197107884311 39.829899922560074, -80.8859390651592 39.82870280728738))'
S2C_MSIL2A_20250802T172921_N0511_R055_T14SMG_20250802T230114.SAFE	geography'SRID=4326;POLYGON ((-99.91406089445336 37.943061015900035, -100.13852907879905 37.9420809165272, -100.12890925367971 37.30320536177639, -100.11095489561134 37.35723618367888, -100.08401016715408 37.43779405872471, -100.06085194273984 37.50709662828318, -100.04920375731668 37.54173682882381, -100.01263134300946 37.65073396209801, -99.96327333869304 37.79741590508388, -99.91406089445336 37.943061015900035))'
S2C_MSIL2A_20250802T172921_N0511_R055_T14SMH_20250802T230114.SAFE	geography'SRID=4326;POLYGON ((-99.6056076278943 38.84574658723778, -100.15275135075291 38.843310058483205, -100.13717219597591 37.85395064837389, -99.94388604654684 37.85479294369034, -99.91373487590732 37.94402587363062, -99.86404335962642 38.090526291959605, -99.81431707406756 38.23706308702525, -99.7643392132008 38.38356345460288, -99.71424924296521 38.530090079732766, -99.66403391655244 38.67663163414949, -99.61343334419804 38.823091309310485, -99.6056076278943 38.84574658723778))'
S2B_MSIL2A_20250802T163839_N0511_R126_T16TCR_20250802T204227.SAFE	geography'SRID=4326;POLYGON ((-88.53920416820154 45.05316192069344, -88.14563453547973 45.05951360004942, -88.1658919102777 46.0476276229589, -88.19643119719109 46.047126430099766, -88.2445342793912 45.909371039406224, -88.2956069673275 45.76271938498902, -88.3463422119087 45.61606402048596, -88.39687137429513 45.46942169211432, -88.44715690435919 45.322786459166174, -88.49741817496027 45.176212995066976, -88.53920416820154 45.05316192069344))'
S2B_MSIL2A_20250802T163839_N0511_R126_T16TDS_20250802T204227.SAFE	geography'SRID=4326;POLYGON ((-88.22734980393832 45.95858314851863, -86.87403273692426 45.96548172662488, -86.87173305487556 46.95363733424615, -87.87881500283524 46.9484197663041, -87.88357187444792 46.935134573243126, -87.93526096731672 46.78856060092471, -87.98676990550825 46.641949202821216, -88.03869654206937 46.49552284740288, -88.09035380297118 46.34904601226201, -88.14196557201934 46.20254094426157, -88.19333765461482 46.05598557481003, -88.22734980393832 45.95858314851863))'
S2B_MSIL2A_20250802T163839_N0511_R126_T16TDR_20250802T204227.SAFE	geography'SRID=4326;POLYGON ((-88.2871540292338 45.78699140602837, -88.27058357693213 45.058191670236305, -86.87602550148868 45.06519270654337, -86.87383276277595 46.05350473573164, -88.19656188331295 46.046752177204695, -88.2445342793912 45.909371039406224, -88.2871540292338 45.78699140602837))'
S2B_MSIL2A_20250802T163839_N0511_R126_T16TCP_20250802T204227.SAFE	geography'SRID=4326;POLYGON ((-89.13930799524225 43.243325176698285, -88.1113169858077 43.25939191053712, -88.1297627132385 44.24783068396879, -88.81319756756099 44.23695659995201, -88.84246481813865 44.14909837116661, -88.89110578293901 44.00219167181745, -88.93964630406715 43.85528630803206, -88.98796587739416 43.70839866516614, -89.03599551311552 43.56152781944225, -89.0838425062989 43.41469915875976, -89.1313895881814 43.26785696371698, -89.13930799524225 43.243325176698285))'
S2B_MSIL2A_20250802T163839_N0511_R126_T16TDP_20250802T204227.SAFE	geography'SRID=4326;POLYGON ((-88.25298174570908 44.246545441411556, -88.23252540128632 43.25815001081029, -86.87974009973615 43.26472716389879, -86.87774350913473 44.25335216097235, -88.25298174570908 44.246545441411556))'
S2B_MSIL2A_20250802T163839_N0511_R126_T16SEH_20250802T204227.SAFE	geography'SRID=4326;POLYGON ((-86.99741589635043 38.84898324551286, -87.00023047979299 38.848998483821255, -87.00023045407576 38.840830611748224, -86.99741589635043 38.84898324551286))'
S2B_MSIL2A_20250802T163839_N0511_R126_T16TCQ_20250802T204227.SAFE	geography'SRID=4326;POLYGON ((-88.8426813250663 44.14844447134664, -88.12808129589992 44.15979663371134, -88.14740738161733 45.148073182871244, -88.50895843378454 45.14222932884953, -88.54721435094685 45.02957359560452, -88.59682646445371 44.88291311954902, -88.64620984561324 44.73622699601169, -88.6954468251101 44.58953630716992, -88.7445578636579 44.44277442130965, -88.79354929365499 44.29593933697032, -88.84246481813865 44.14909837116661, -88.8426813250663 44.14844447134664))'
S2B_MSIL2A_20250802T163839_N0511_R126_T16TES_20250802T204227.SAFE	geography'SRID=4326;POLYGON ((-87.00026284243778 46.953709179213256, -87.0002581299532 45.965551148516354, -85.58334389839344 45.956769859075806, -85.55749190205452 46.94462144140276, -87.00026284243778 46.953709179213256))'
S2B_MSIL2A_20250801T170849_N0511_R112_T15TVL_20250801T211928.SAFE	geography'SRID=4326;POLYGON ((-94.29304891527647 46.0462596089832, -94.27058357693214 45.058191670236305, -92.87602550148868 45.06519270654337, -92.87383276277595 46.05350473573164, -94.29304891527647 46.0462596089832))'
S2B_MSIL2A_20250801T170849_N0511_R112_T15TWK_20250801T211928.SAFE	geography'SRID=4326;POLYGON ((-92.17586228807906 45.1487978827961, -93.0002544396381 45.15383725089235, -93.00025015292684 44.16536649550738, -92.57608555611121 44.16281808741121, -92.55773285171395 44.20876150198897, -92.54066906639994 44.25132914165854, -92.49905286899036 44.355207278033255, -92.44030403427395 44.500725059198224, -92.38150061536456 44.646297624792496, -92.32229980946211 44.791870566284416, -92.26279554825908 44.93747830767349, -92.20304099526051 45.08308647229696, -92.17586228807906 45.1487978827961))'
S2B_MSIL2A_20250801T170849_N0511_R112_T15UUQ_20250801T211928.SAFE	geography'SRID=4326;POLYGON ((-94.8059468756448 48.648577723424, -94.2248689622095 48.6585189163826, -94.24946259503466 49.64598096654525, -94.42574581099097 49.642920255729614, -94.45284624457011 49.573321225389726, -94.5093794770059 49.42716482209778, -94.56580115152998 49.281025115050326, -94.62181639707448 49.134858478894095, -94.67755334630576 48.98872171960879, -94.73288395755436 48.84255465752434, -94.78800626618624 48.69634541353282, -94.8059468756448 48.648577723424))'
S2B_MSIL2A_20250801T170849_N0511_R112_T15TWM_20250801T211928.SAFE	geography'SRID=4326;POLYGON ((-91.56671064922452 46.5923564225026, -91.55749190205454 46.94462144140276, -93.00026284243779 46.953709179213256, -93.00025812995321 45.965551148516354, -91.83776213133176 45.95834660951886, -91.77724543256416 46.100867064753686, -91.71553486108688 46.2461271695484, -91.65349820765871 46.39136077392795, -91.59091638526228 46.53656382391846, -91.56671064922452 46.5923564225026))'
S2B_MSIL2A_20250801T170849_N0511_R112_T15UUP_20250801T211928.SAFE	geography'SRID=4326;POLYGON ((-95.14221930791916 47.74301889058526, -94.20359829776481 47.75885537254857, -94.22700553578841 48.74648044472784, -94.77262881916542 48.73713334421347, -94.78800626618624 48.69634541353282, -94.84292154037314 48.55013099391356, -94.89765115351476 48.40390445976267, -94.9520710555911 48.25766002251751, -95.00637269013492 48.111334479890346, -95.06053004450467 47.96495752866044, -95.11453792317816 47.81855240350953, -95.14221930791916 47.74301889058526))'
S2B_MSIL2A_20250801T170849_N0511_R112_T15UVP_20250801T211928.SAFE	geography'SRID=4326;POLYGON ((-94.36082319775265 48.74497768846318, -94.33486493191529 47.757403531734624, -92.86975119015604 47.765092664464426, -92.86721739002927 48.75293650976542, -94.36082319775265 48.74497768846318))'
S2B_MSIL2A_20250801T170849_N0511_R112_T15TXM_20250801T211928.SAFE	geography'SRID=4326;POLYGON ((-91.41457369833478 46.941342712030576, -91.68596471962562 46.94616825397537, -91.70189198798789 46.27806641070287, -91.65349820765871 46.39136077392795, -91.59091638526228 46.53656382391846, -91.52791931699808 46.68176784234444, -91.46458293806958 46.82692959427613, -91.41457369833478 46.941342712030576))'
S2B_MSIL2A_20250801T170849_N0511_R112_T15UVQ_20250801T211928.SAFE	geography'SRID=4326;POLYGON ((-94.3857276318143 49.64443007346099, -94.3584537749198 48.6570207750582, -92.86744867287635 48.66495515183609, -92.86478640421906 49.652643868751746, -94.3857276318143 49.64443007346099))'
S2B_MSIL2A_20250801T170849_N0511_R112_T15TWL_20250801T211928.SAFE	geography'SRID=4326;POLYGON ((-91.80048864509463 46.04612790517585, -93.00025853973813 46.05357436995249, -93.00025404640142 45.06525999447365, -92.21233016663456 45.06045088844981, -92.20304099526051 45.08308647229696, -92.1428410237576 45.22863515542798, -92.0876446393002 45.3614612791193, -92.08271021431543 45.37336062458587, -92.06956861916758 45.40496472585768, -92.02191317568835 45.51966201221994, -91.96132293301407 45.66508720397403, -91.9000578146264 45.81029940462859, -91.83892543556186 45.95560695828494, -91.80048864509463 46.04612790517585))'
S2C_MSIL2A_20250801T161921_N0511_R040_T17TLH_20250801T194714.SAFE	geography'SRID=4326;POLYGON ((-82.11083995023463 43.230567165541785, -82.1129221649777 43.34744038882544, -82.68779433300605 43.33844102979275, -82.52735411333161 43.30975487280865, -82.52705295147078 43.31060139039892, -82.52704510104421 43.3105999353401, -82.52698630920845 43.310765881250255, -82.2589951431395 43.26109777254058, -82.25920761079254 43.26050525875033, -82.25916198170675 43.26049679600756, -82.25918209489174 43.26044032664967, -82.25915271646016 43.26043487600937, -82.25945763923755 43.259569949978825, -82.11083995023463 43.230567165541785))'
S2C_MSIL2A_20250801T161921_N0511_R040_T16SFJ_20250801T211919.SAFE	geography'SRID=4326;POLYGON ((-85.50817574814765 38.74999804669833, -84.58623972133756 38.73593643111066, -84.55211502393708 39.72445184157785, -85.21609062852681 39.73479364089531, -85.25755089628714 39.59626691189872, -85.30138607772403 39.44901122623052, -85.34515907693967 39.301761171646255, -85.38883423675628 39.154522101675134, -85.43243003068947 39.00724908453376, -85.4758832311599 38.85992738372632, -85.50817574814765 38.74999804669833))'
S2C_MSIL2A_20250801T161921_N0511_R040_T17TLE_20250801T211919.SAFE	geography'SRID=4326;POLYGON ((-83.3646807870274 40.62663972727231, -83.33065130260063 39.638218234831534, -82.05144935754969 39.656847486720984, -82.066815204235 40.645928490590144, -83.3646807870274 40.62663972727231))'
S2C_MSIL2A_20250801T161921_N0511_R040_T17TME_20250801T211919.SAFE	geography'SRID=4326;POLYGON ((-81.3462047922279 40.64866443311783, -82.18317260660315 40.64479480422486, -82.16613169555372 39.655752572676114, -81.69968652661785 39.65786580804067, -81.69174634604855 39.68040487215328, -81.6401077463302 39.82692755452676, -81.58804660453177 39.97328241544405, -81.53595067819185 40.119592752856285, -81.48378368356593 40.26583996167055, -81.43136942577459 40.41205743097612, -81.37887092481185 40.55830776509551, -81.3462047922279 40.64866443311783))'
S2B_MSIL2A_20250731T173859_N0511_R098_T14TNS_20250731T212452.SAFE	geography'SRID=4326;POLYGON ((-98.96129062027897 46.953463700650474, -99.00026284243779 46.953709179213256, -99.00026241755633 46.86461604340669, -98.96129062027897 46.953463700650474))'
S2B_MSIL2A_20250731T173859_N0511_R098_T14TNT_20250731T212452.SAFE	geography'SRID=4326;POLYGON ((-98.56242909190831 47.85090429908664, -99.00026735765739 47.85370184248753, -99.00026241255061 46.86569987335423, -98.99978831853123 46.865696891369176, -98.94727869311299 46.9854080036886, -98.88341965437043 47.13056706640416, -98.81920715011486 47.27570856603863, -98.75486991297404 47.42081172241343, -98.69029449677821 47.56581244022025, -98.62546798394291 47.71072208352558, -98.56242909190831 47.85090429908664))'
S2B_MSIL2A_20250731T173859_N0511_R098_T14UNU_20250731T212452.SAFE	geography'SRID=4326;POLYGON ((-98.15177013577832 48.747516057953334, -99.00027209589379 48.7530130044756, -99.00026690365507 47.765166566721895, -98.60212709337486 47.7626261961677, -98.56032621469315 47.85558055492746, -98.49493493932624 48.000437448726885, -98.4291787733336 48.145272093511934, -98.3631076744168 48.29005921744524, -98.29663953575016 48.43483807828738, -98.22981856893226 48.57964844470977, -98.16256118859324 48.72443318836248, -98.15177013577832 48.747516057953334))'
S2C_MSIL2A_20250731T164921_N0511_R026_T15TYH_20250731T213714.SAFE	geography'SRID=4326;POLYGON ((-90.53371085886852 43.32625697177811, -90.57270445124811 42.33837210189082, -89.2421415546785 42.30245161555175, -89.18187629631363 43.28908179915951, -90.53371085886852 43.32625697177811))'
S2C_MSIL2A_20250731T164921_N0511_R026_T15TWG_20250731T213714.SAFE	geography'SRID=4326;POLYGON ((-92.24388053593017 41.459431182026655, -91.68558188065235 41.45624189757688, -91.66510843311782 42.44491772432881, -91.93371651634958 42.44648162497983, -91.93818255533449 42.43247942503631, -91.98491953014792 42.28552406219325, -92.03143139838627 42.1385160952072, -92.07767392892272 41.991474981961325, -92.12383237210436 41.84445186868472, -92.16978219359373 41.69741895415903, -92.21565233541122 41.550409955643225, -92.24388053593017 41.459431182026655))'
S2C_MSIL2A_20250731T164921_N0511_R026_T15TYJ_20250731T213714.SAFE	geography'SRID=4326;POLYGON ((-90.49642893280087 44.22597512802537, -90.53726452230805 43.238273156784096, -89.1873683405316 43.201211355403785, -89.12426105372481 44.18762158427181, -90.49642893280087 44.22597512802537))'
S2C_MSIL2A_20250731T164921_N0511_R026_T15TXJ_20250731T213714.SAFE	geography'SRID=4326;POLYGON ((-91.67348182408429 43.25657883008606, -90.41619172041914 43.235600960154144, -90.37335402628884 44.22320974043625, -91.35115560973779 44.239818412079224, -91.36589329571576 44.19523166831976, -91.41496541432633 44.04849095383988, -91.46316736116364 43.9015758158256, -91.51146386006731 43.754728463959616, -91.55941519164408 43.607853931549535, -91.60736968119953 43.46107016143998, -91.65488486226856 43.31421042520008, -91.67348182408429 43.25657883008606))'
S2C_MSIL2A_20250731T164921_N0511_R026_T15TYG_20250731T213714.SAFE	geography'SRID=4326;POLYGON ((-90.5692895469665 42.426911995973605, -90.60653922316479 41.43884624479472, -89.2944377014587 41.40403474612011, -89.23686356729512 42.39088066238852, -90.5692895469665 42.426911995973605))'
S2C_MSIL2A_20250731T164921_N0511_R026_T15TWF_20250731T213714.SAFE	geography'SRID=4326;POLYGON ((-92.5204522448503 40.5600578400585, -91.70336265383867 40.5554731412015, -91.68379957458711 41.54431153543986, -92.21659852870926 41.54736039866555, -92.2612760341216 41.40336593299166, -92.30682093926224 41.25631394924415, -92.35222075752868 41.10919648486137, -92.39756546241416 40.96205154623264, -92.44266822228504 40.81483656283461, -92.48770219420402 40.66764880881284, -92.5204522448503 40.5600578400585))'
S2C_MSIL2A_20250731T164921_N0511_R026_T16TBM_20250731T213714.SAFE	geography'SRID=4326;POLYGON ((-90.64504576622768 42.39470139413761, -90.58926866785167 41.407726190110715, -89.27696656733475 41.441212166985935, -89.31240724139609 42.42936087235922, -90.64504576622768 42.39470139413761))'
S2C_MSIL2A_20250731T164921_N0511_R026_T15TWH_20250731T213714.SAFE	geography'SRID=4326;POLYGON ((-91.96185807785317 42.35803633118783, -91.66698539119554 42.35632239007374, -91.64559404702635 43.34292644069715, -91.65488486226856 43.31421042520008, -91.70227872139917 43.1673378485196, -91.74994614130563 43.020501108325874, -91.79701934046366 42.87349096775699, -91.84421116172432 42.72650055835289, -91.8912932422208 42.579489681697794, -91.93818255533449 42.43247942503631, -91.96185807785317 42.35803633118783))'
S2C_MSIL2A_20250731T164921_N0511_R026_T15TXG_20250731T213714.SAFE	geography'SRID=4326;POLYGON ((-91.78400297732625 42.44624086265282, -91.80265404258907 41.457520191909595, -90.48886345311317 41.43633638009555, -90.44978706678563 42.42431413705452, -91.78400297732625 42.44624086265282))'
S2C_MSIL2A_20250731T164921_N0511_R026_T15TXH_20250731T213714.SAFE	geography'SRID=4326;POLYGON ((-91.77411130464873 42.94503302620102, -91.78571286582209 42.35764145317536, -90.45336942769976 42.33578223926217, -90.41246381589345 43.323576596360866, -91.64518915432787 43.3441778814697, -91.65488486226856 43.31421042520008, -91.70227872139917 43.1673378485196, -91.74994614130563 43.020501108325874, -91.77411130464873 42.94503302620102))'
S2C_MSIL2A_20250730T171921_N0511_R012_T15UUQ_20250730T224316.SAFE	geography'SRID=4326;POLYGON ((-95.76906793701309 49.619596875011254, -95.71462894820279 48.63303181535822, -94.2248689622095 48.6585189163826, -94.24946259503466 49.64598096654525, -95.76906793701309 49.619596875011254))'
S2C_MSIL2A_20250730T171921_N0511_R012_T15UUP_20250730T224316.SAFE	geography'SRID=4326;POLYGON ((-95.7193584952283 48.7209148694678, -95.66754232973864 47.734155602346505, -94.20359829776481 47.75885537254857, -94.22700553578841 48.74648044472784, -95.7193584952283 48.7209148694678))'
S2C_MSIL2A_20250730T171921_N0511_R012_T14UPV_20250730T224316.SAFE	geography'SRID=4326;POLYGON ((-97.3464031039429 48.65162673962262, -96.15252154805323 48.62982157570405, -96.09542723709784 49.61627372192671, -96.97230450359685 49.632527172722924, -97.00414327257398 49.55042422390978, -97.06043216300016 49.40431748392715, -97.11637812541555 49.258202716820485, -97.17210315708017 49.11207955169364, -97.2276102685002 48.965900269485886, -97.2829936479848 48.81968520520733, -97.33820871955325 48.67342871212865, -97.3464031039429 48.65162673962262))'
S2C_MSIL2A_20250730T171921_N0511_R012_T14UQV_20250730T224316.SAFE	geography'SRID=4326;POLYGON ((-96.23148519495957 49.61961011420237, -96.28591334225759 48.63304460468163, -94.79901938142156 48.5883487810417, -94.71495435702141 49.57334356268714, -96.23148519495957 49.61961011420237))'
S2C_MSIL2A_20250730T171921_N0511_R012_T14UQU_20250730T224316.SAFE	geography'SRID=4326;POLYGON ((-96.28118473719852 48.720927698149374, -96.33299058185197 47.73416799677996, -94.8717393439406 47.69085106573984, -94.7917155642128 48.676094448248996, -96.28118473719852 48.720927698149374))'
S2B_MSIL2A_20250729T165849_N0511_R069_T15SXD_20250729T210742.SAFE	geography'SRID=4326;POLYGON ((-91.72003323955448 39.74264283492404, -91.83284204446889 39.744399896499196, -91.83842266311245 39.40543107829439, -91.82768739393501 39.43607210213181, -91.77647592018741 39.58238087647724, -91.72497890600282 39.72865588752902, -91.72003323955448 39.74264283492404))'
S2B_MSIL2A_20250729T165849_N0511_R069_T15SWD_20250729T210742.SAFE	geography'SRID=4326;POLYGON ((-91.71983540006043 39.743202349121944, -93.00023345437725 39.7502679270046, -93.00023019602958 38.760864457162924, -92.0645237153178 38.755808096331, -92.03191763018232 38.850245734668725, -91.98105981668681 38.996829404649205, -91.93008315330596 39.14333939364613, -91.87894867434493 39.289760156989686, -91.82768739393501 39.43607210213181, -91.77647592018741 39.58238087647724, -91.72497890600282 39.72865588752902, -91.71983540006043 39.743202349121944))'
S2B_MSIL2A_20250729T165849_N0511_R069_T16TCT_20250729T210742.SAFE	geography'SRID=4326;POLYGON ((-88.49825996752494 47.84242727896912, -89.67207324053517 47.82259512731069, -89.62271963783216 46.835643714163524, -88.94025275976004 46.84699440815061, -88.92905659289366 46.87277379286608, -88.86555925769932 47.01778034263487, -88.80157696729742 47.162747564956376, -88.73751875602896 47.30779026890151, -88.67304283840605 47.45282164294356, -88.60825757950208 47.59784441411961, -88.54315042398417 47.74288819054576, -88.49825996752494 47.84242727896912))'
S2B_MSIL2A_20250729T165849_N0511_R069_T15SWC_20250729T210742.SAFE	geography'SRID=4326;POLYGON ((-92.03415413793756 38.8437680937728, -93.00023047979299 38.848998483821255, -93.00022736409076 37.85944195932729, -92.37159288850552 37.856111423387276, -92.33312492625937 37.970707453392336, -92.28321309979896 38.11716421917304, -92.2332732220911 38.263707816279165, -92.18314035036369 38.41032226838559, -92.13282341268024 38.55693425664926, -92.0825490633982 38.70360093021908, -92.03415413793756 38.8437680937728))'
S2B_MSIL2A_20250729T165849_N0511_R069_T15TXE_20250729T210742.SAFE	geography'SRID=4326;POLYGON ((-91.39966476933904 40.63817355793603, -91.81730037733891 40.64479964997401, -91.83433447991831 39.65575725270223, -91.75109889415415 39.65446320634144, -91.72497890600282 39.72865588752902, -91.67325767403858 39.87492983427533, -91.62129014205625 40.02116458928453, -91.56915497054494 40.16748959205424, -91.51659257607645 40.31379686385503, -91.46406959139058 40.46017545836834, -91.4111162917824 40.60650305694959, -91.39966476933904 40.63817355793603))'
S2B_MSIL2A_20250729T165849_N0511_R069_T15STA_20250729T210742.SAFE	geography'SRID=4326;POLYGON ((-96.33050088204625 36.05239460083371, -96.32869364809063 36.01049725766069, -95.11143123293884 36.03812799310683, -95.1385056246128 37.02730768000537, -96.06203412858991 37.005853091500796, -96.06672555069252 36.989337611172175, -96.10847200157134 36.8419394613479, -96.15012129398022 36.69454040131208, -96.19168346248622 36.54711779553165, -96.23322700392632 36.39963198458596, -96.27465513916398 36.25204707448246, -96.31594823175968 36.10440175267635, -96.33050088204625 36.05239460083371))'
S2B_MSIL2A_20250729T165849_N0511_R069_T14SQF_20250729T210742.SAFE	geography'SRID=4326;POLYGON ((-96.33796189276565 36.02573100968416, -95.56341398032555 36.007451011934776, -95.51941449107781 36.995510653879045, -96.06125431958479 37.00859829753905, -96.06672555069252 36.989337611172175, -96.10847200157134 36.8419394613479, -96.15012129398022 36.69454040131208, -96.19168346248622 36.54711779553165, -96.23322700392632 36.39963198458596, -96.27465513916398 36.25204707448246, -96.31594823175968 36.10440175267635, -96.33796189276565 36.02573100968416))'
S2B_MSIL2A_20250729T165849_N0511_R069_T15TYN_20250729T210742.SAFE	geography'SRID=4326;POLYGON ((-88.93610713031504 46.85653979789212, -88.86474152472253 47.779157072334634, -90.32846057360035 47.82260755999096, -90.37780434448764 46.835655727197015, -88.96313039517794 46.79431822246521, -88.93610713031504 46.85653979789212))'
S2B_MSIL2A_20250728T172859_N0511_R055_T14SKH_20250728T213535.SAFE	geography'SRID=4326;POLYGON ((-102.4545029640868 38.797894647715, -102.40791466143585 37.81010790673744, -101.16175219508035 37.83959549435291, -101.19134725642266 38.82843976082239, -102.4545029640868 38.797894647715))'
S2B_MSIL2A_20250728T172859_N0511_R055_T14SKF_20250728T213535.SAFE	geography'SRID=4326;POLYGON ((-102.37131820920371 36.99866808026183, -102.32869364809063 36.01049725766069, -101.11143123293883 36.03812799310683, -101.13850562461279 37.02730768000537, -102.37131820920371 36.99866808026183))'
S2B_MSIL2A_20250728T172859_N0511_R055_T14TPP_20250728T213535.SAFE	geography'SRID=4326;POLYGON ((-97.58185798671626 44.24373705988195, -97.74751912777681 44.24655093494868, -97.75666132920621 43.80464777940112, -97.70401819259683 43.93753583757376, -97.69879060734864 43.950654451067535, -97.64570927077426 44.08409012736776, -97.58743434347107 44.229860020321865, -97.58185798671626 44.24373705988195))'
S2B_MSIL2A_20250728T172859_N0511_R055_T14TNK_20250728T213535.SAFE	geography'SRID=4326;POLYGON ((-98.94991776935802 40.65057367386547, -99.00023656389149 40.650856515774606, -99.00023608386894 40.51152366424886, -98.97515295264164 40.580976418964255, -98.94991776935802 40.65057367386547))'
S2B_MSIL2A_20250728T172859_N0511_R055_T13SGA_20250728T213535.SAFE	geography'SRID=4326;POLYGON ((-102.75206945697532 37.02528430302893, -102.78052649213598 36.03617591535172, -101.56341398032555 36.007451011934776, -101.51941449107781 36.995510653879045, -102.75206945697532 37.02528430302893))'
S2B_MSIL2A_20250728T172859_N0511_R055_T13SGB_20250728T213535.SAFE	geography'SRID=4326;POLYGON ((-102.72492653924301 37.925590547672954, -102.75467671035365 36.93665039764339, -101.52344565573672 36.90697181308603, -101.47744908495345 37.89483865903757, -102.72492653924301 37.925590547672954))'
S2B_MSIL2A_20250728T172859_N0511_R055_T14TLK_20250728T213535.SAFE	geography'SRID=4326;POLYGON ((-101.3646807870274 40.62663972727231, -101.33065130260063 39.638218234831534, -100.05144935754969 39.656847486720984, -100.066815204235 40.645928490590144, -101.3646807870274 40.62663972727231))'
S2B_MSIL2A_20250728T172859_N0511_R055_T13SGD_20250728T213535.SAFE	geography'SRID=4326;POLYGON ((-102.66683353200474 39.72681533153163, -102.69936254729447 38.73821864423846, -101.43792685625729 38.70656329494251, -101.38763948191425 39.69403311805837, -102.66683353200474 39.72681533153163))'
S2B_MSIL2A_20250728T172859_N0511_R055_T14SKJ_20250728T213535.SAFE	geography'SRID=4326;POLYGON ((-102.49897689950004 39.6975094680204, -102.45026011044494 38.7099201955759, -101.18865192655385 38.74036995699254, -101.21960079191267 39.7290432642928, -102.49897689950004 39.6975094680204))'
S2B_MSIL2A_20250728T172859_N0511_R055_T14SLH_20250728T213535.SAFE	geography'SRID=4326;POLYGON ((-101.30393084279649 38.82627262441358, -101.27281842761563 37.837503416034735, -100.02533655911799 37.85497766278228, -100.03938428014581 38.84437393595428, -101.30393084279649 38.82627262441358))'
S2B_MSIL2A_20250728T172859_N0511_R055_T14SKG_20250728T213535.SAFE	geography'SRID=4326;POLYGON ((-102.41197247867947 37.8980997878049, -102.36741300313712 36.910119161555244, -101.13602504584179 36.93866731150362, -101.16432984132963 37.92768043331917, -102.41197247867947 37.8980997878049))'
S2B_MSIL2A_20250728T172859_N0511_R055_T14TNN_20250728T213535.SAFE	geography'SRID=4326;POLYGON ((-97.93628815996875 43.34655613939881, -99.00024679052602 43.35285539234588, -99.00024288390156 42.36407192041621, -98.31631622605632 42.360096611508524, -98.27052384511965 42.48019638495005, -98.21467091547501 42.62621451351011, -98.15853367878928 42.77220456500573, -98.10223483378776 42.91813418790177, -98.04611953810074 43.06402909385753, -97.989565496671 43.209800266342434, -97.95421634260994 43.30051598801172, -97.93628815996875 43.34655613939881))'
S2B_MSIL2A_20250728T172859_N0511_R055_T14SLJ_20250728T213535.SAFE	geography'SRID=4326;POLYGON ((-101.33363283056225 39.72680595308774, -101.301097327331 38.73820958831532, -100.03810488537859 38.75625435897602, -100.05279562809639 39.74549354563108, -101.33363283056225 39.72680595308774))'
S2B_MSIL2A_20250728T172859_N0511_R055_T13SGC_20250728T213535.SAFE	geography'SRID=4326;POLYGON ((-102.6965295968872 38.82628170870513, -102.72763580740045 37.83751218570364, -101.48163775999417 37.80685703267152, -101.43354720329414 38.79452724007538, -102.6965295968872 38.82628170870513))'
S2B_MSIL2A_20250728T172859_N0511_R055_T14SLF_20250728T213535.SAFE	geography'SRID=4326;POLYGON ((-100.19933092373616 37.03970266817949, -101.24837990395392 37.02527578563511, -101.21991719169928 36.03616769808406, -100.52513423094423 36.04550394930238, -100.47995005485168 36.18459068587222, -100.43220107639459 36.331308319302686, -100.384359187664 36.47805077500404, -100.33628783992953 36.62481520820548, -100.28787580998808 36.77153946070654, -100.23955388744643 36.91839071865806, -100.19933092373616 37.03970266817949))'
S2B_MSIL2A_20250728T172859_N0511_R055_T14SLG_20250728T213535.SAFE	geography'SRID=4326;POLYGON ((-100.02153682404723 37.57312356641726, -100.0265600589798 37.943111174604404, -101.27552823620451 37.925581750319026, -101.24577213045467 36.936641907455304, -100.22887499470222 36.9505981240313, -100.1908787101616 37.06519443735606, -100.1421477074403 37.21202558211555, -100.09333922723516 37.35885236008685, -100.04421427219032 37.50560276160242, -100.02153682404723 37.57312356641726))'
S2C_MSIL2A_20250728T163921_N0511_R126_T16TCP_20250728T215759.SAFE	geography'SRID=4326;POLYGON ((-89.16312515151503 43.24295293228455, -88.1113169858077 43.25939191053712, -88.1297627132385 44.24783068396879, -88.83726369323615 44.23657368551489, -88.87419868627454 44.12510158476312, -88.92258626839993 43.97835839939671, -88.97092121497651 43.83159167949941, -89.01903768506993 43.68474427333642, -89.06707581922046 43.53783730212567, -89.11500620829405 43.390912429202885, -89.1627962563021 43.243968205293775, -89.16312515151503 43.24295293228455))'
S2C_MSIL2A_20250728T163921_N0511_R126_T16TCN_20250728T215759.SAFE	geography'SRID=4326;POLYGON ((-89.43061024065149 42.41003308609746, -89.42778068203101 42.33836182515417, -88.09530924716697 42.35883991770658, -88.1129221649777 43.34744038882544, -89.13434476361199 43.33145048846074, -89.1627962563021 43.243968205293775, -89.21040121140254 43.097015546455566, -89.25789325675805 42.95011901806013, -89.30502256282524 42.80316974279688, -89.3521499145734 42.65622678844584, -89.39901111636067 42.50926955905688, -89.43061024065149 42.41003308609746))'
S2C_MSIL2A_20250728T163921_N0511_R126_T15TYH_20250728T215759.SAFE	geography'SRID=4326;POLYGON ((-89.46283444308892 42.30840954200808, -89.2421415546785 42.30245161555175, -89.18970585949694 43.160900429483064, -89.21040121140254 43.097015546455566, -89.25789325675805 42.95011901806013, -89.30502256282524 42.80316974279688, -89.3521499145734 42.65622678844584, -89.39901111636067 42.50926955905688, -89.44579424347177 42.362348002440655, -89.46283444308892 42.30840954200808))'
S2C_MSIL2A_20250727T170911_N0511_R112_T14TPM_20250727T205109.SAFE	geography'SRID=4326;POLYGON ((-97.2847723390641 41.449169767848645, -96.48886345311317 41.43633638009555, -96.44978706678563 42.42431413705452, -96.97556915970105 42.4329549271881, -96.99198613030912 42.38140875850568, -97.03846449120131 42.23441575424056, -97.08478811159273 42.087353631709526, -97.13125528579096 41.940325930295934, -97.17730045625133 41.79319875107559, -97.22333857781386 41.646100537196176, -97.2692685172783 41.499075238768405, -97.2847723390641 41.449169767848645))'
S2C_MSIL2A_20250727T170911_N0511_R112_T15TVJ_20250727T205109.SAFE	geography'SRID=4326;POLYGON ((-92.87934045854044 43.46261213624407, -92.87774350913473 44.25335216097235, -94.25298174570909 44.246545441411556, -94.23252540128634 43.25815001081029, -92.95650939831216 43.26435391662248, -92.933823624319 43.32275457224033, -92.87934045854044 43.46261213624407))'
S2C_MSIL2A_20250727T170911_N0511_R112_T15TTE_20250727T205109.SAFE	geography'SRID=4326;POLYGON ((-96.54546370146345 40.59640146890937, -96.49451264760637 39.609013147606916, -95.21676465654708 39.64044856303257, -95.24913477999112 40.62894899386581, -96.54546370146345 40.59640146890937))'
S2C_MSIL2A_20250727T170911_N0511_R112_T14TQM_20250727T205109.SAFE	geography'SRID=4326;POLYGON ((-96.5692895469665 42.426911995973605, -96.60653922316477 41.43884624479472, -95.2944377014587 41.40403474612011, -95.23686356729512 42.39088066238852, -96.5692895469665 42.426911995973605))'
S2C_MSIL2A_20250727T170911_N0511_R112_T14SNJ_20250727T205109.SAFE	geography'SRID=4326;POLYGON ((-98.09747719417143 38.755986169993186, -97.73659678080747 38.754036048213806, -97.71871965132908 39.74319619212293, -97.80491038915315 39.743671815597054, -97.80802650815588 39.73330388754633, -97.85196797944424 39.5860661785026, -97.89576626799504 39.43879507649891, -97.93959010605424 39.29154398873983, -97.98334608270676 39.14427805239985, -98.02687569984573 38.99700474545156, -98.0698775495192 38.84961269274485, -98.09747719417143 38.755986169993186))'
S2C_MSIL2A_20250727T170911_N0511_R112_T15STD_20250727T205109.SAFE	geography'SRID=4326;POLYGON ((-96.49897689950004 39.6975094680204, -96.45026011044494 38.7099201955759, -95.18865192655385 38.74036995699254, -95.21960079191267 39.7290432642928, -96.49897689950004 39.6975094680204))'
S2C_MSIL2A_20250727T170911_N0511_R112_T15TWK_20250727T205109.SAFE	geography'SRID=4326;POLYGON ((-92.20195412377925 45.148957377721125, -93.0002544396381 45.15383725089235, -93.00025015292684 44.16536649550738, -92.60233736773321 44.16297580997877, -92.58872255930564 44.19702343884239, -92.53033393678393 44.342722949007324, -92.47149134817805 44.48836106166252, -92.41249843440248 44.63400696436141, -92.35316934140567 44.77960700366017, -92.29380965455319 44.925219979552864, -92.23417027036449 45.070729224315386, -92.20195412377925 45.148957377721125))'
S2C_MSIL2A_20250727T170911_N0511_R112_T14TQL_20250727T205109.SAFE	geography'SRID=4326;POLYGON ((-96.6032964141397 41.5268622914542, -96.63889095789968 40.53861750192735, -95.34444498559897 40.50488583658978, -95.28942535132568 41.49194363396281, -96.6032964141397 41.5268622914542))'
S2C_MSIL2A_20250727T170911_N0511_R112_T14TQK_20250727T205109.SAFE	geography'SRID=4326;POLYGON ((-96.63579176628713 40.62664940733135, -96.6698144654414 39.63822758400475, -95.39224764301619 39.60554763793313, -95.339654308026 40.59281342227294, -96.63579176628713 40.62664940733135))'
S2C_MSIL2A_20250727T170911_N0511_R112_T14TPN_20250727T205109.SAFE	geography'SRID=4326;POLYGON ((-97.00355877721687 42.34480897091389, -96.45336942769976 42.33578223926217, -96.41246381589345 43.323576596360866, -96.68817362214885 43.32818425400274, -96.70938642551002 43.26290606258824, -96.75682592014253 43.1159700898181, -96.80427086480067 42.96905548524467, -96.85153597015776 42.8221704125838, -96.89845122470122 42.67523922193063, -96.94520029415125 42.52830739529541, -96.99198613030912 42.38140875850568, -97.00355877721687 42.34480897091389))'
S2C_MSIL2A_20250727T170911_N0511_R112_T14TPL_20250727T205109.SAFE	geography'SRID=4326;POLYGON ((-97.56037754080837 40.5526181484097, -96.52280187838811 40.536185528423594, -96.48546160940654 41.52434469691515, -97.25747902271682 41.53681432522108, -97.2692685172783 41.499075238768405, -97.3149443830354 41.35204854936438, -97.36035565945647 41.20493816965466, -97.40575323164649 41.057832448924586, -97.45097561175787 40.9107506186149, -97.4961174451604 40.76367428206331, -97.54094703407928 40.616531047484415, -97.56037754080837 40.5526181484097))'
S2C_MSIL2A_20250727T170911_N0511_R112_T15TTF_20250727T205109.SAFE	geography'SRID=4326;POLYGON ((-96.59412455183308 41.49564643575739, -96.54082260253307 40.50846282585221, -95.24618611840133 40.54090999482793, -95.28005188450415 41.52923550071836, -96.59412455183308 41.49564643575739))'
S2C_MSIL2A_20250727T170911_N0511_R112_T15TTG_20250727T205109.SAFE	geography'SRID=4326;POLYGON ((-96.64504576622768 42.39470139413761, -96.58926866785168 41.407726190110715, -95.27696656733477 41.441212166985935, -95.3124072413961 42.42936087235922, -96.64504576622768 42.39470139413761))'
S2C_MSIL2A_20250727T170911_N0511_R112_T14TPK_20250727T205109.SAFE	geography'SRID=4326;POLYGON ((-97.8311840637446 39.65570827383643, -96.5552421778473 39.63587147039632, -96.51955068002488 40.62420990912828, -97.53370537081784 40.64030020936424, -97.54094703407928 40.616531047484415, -97.58567615077085 40.469403257114976, -97.63032488353156 40.32225260297216, -97.67488413922611 40.17504399686633, -97.71936115669683 40.0277831847587, -97.76377363640947 39.88054171444054, -97.80802650815588 39.73330388754633, -97.8311840637446 39.65570827383643))'
S2C_MSIL2A_20250727T170911_N0511_R112_T15STC_20250727T205109.SAFE	geography'SRID=4326;POLYGON ((-96.4545029640868 38.797894647715, -96.40791466143585 37.81010790673744, -95.16175219508035 37.83959549435291, -95.19134725642267 38.82843976082239, -96.4545029640868 38.797894647715))'
S2C_MSIL2A_20250727T170911_N0511_R112_T14SQJ_20250727T205109.SAFE	geography'SRID=4326;POLYGON ((-96.66683353200474 39.72681533153163, -96.69936254729447 38.73821864423846, -95.43792685625729 38.70656329494251, -95.38763948191423 39.69403311805837, -96.66683353200474 39.72681533153163))'
S2C_MSIL2A_20250727T170911_N0511_R112_T15SUD_20250727T205109.SAFE	geography'SRID=4326;POLYGON ((-94.26166956126023 39.74244604595791, -95.33363283056225 39.72680595308774, -95.301097327331 38.73820958831532, -94.60884333587315 38.74810003904162, -94.59391223609374 38.79152391633641, -94.54315074329746 38.93802367495383, -94.49208269839016 39.08450324856594, -94.44102474948619 39.23104826244312, -94.38989204821341 39.377543863155545, -94.33866260077468 39.52396678530831, -94.28715494938112 39.67029021309729, -94.26166956126023 39.74244604595791))'
S2C_MSIL2A_20250727T170911_N0511_R112_T14TPP_20250727T205109.SAFE	geography'SRID=4326;POLYGON ((-96.71658392510221 43.240613000398504, -96.41619172041914 43.235600960154144, -96.37335402628884 44.22320974043625, -96.39372414506492 44.223555741731204, -96.42019515444508 44.144017114216894, -96.46879757786256 43.99721791185869, -96.51735077480431 43.85039565696823, -96.56569772972192 43.703535281926094, -96.61372929388735 43.556624181804686, -96.6616584870876 43.40977931866436, -96.70938642551002 43.26290606258824, -96.71658392510221 43.240613000398504))'
S2C_MSIL2A_20250727T170911_N0511_R112_T14SNH_20250727T205109.SAFE	geography'SRID=4326;POLYGON ((-98.35948878232689 37.856047295245695, -97.75213459127728 37.85282950328523, -97.73503988519937 38.84214867288121, -98.07154077821471 38.84397050708402, -98.11328807624851 38.7023507725391, -98.1562992742592 38.55499469435991, -98.19936113954222 38.40762871300559, -98.24238037629102 38.26025607479168, -98.2851639553708 38.112806211980256, -98.32792080670316 37.965393383169, -98.35948878232689 37.856047295245695))'
S2C_MSIL2A_20250727T170911_N0511_R112_T14SQH_20250727T205109.SAFE	geography'SRID=4326;POLYGON ((-96.6965295968872 38.82628170870513, -96.72763580740043 37.83751218570364, -95.48163775999416 37.80685703267152, -95.43354720329413 38.79452724007538, -96.6965295968872 38.82628170870513))'
S2C_MSIL2A_20250727T170911_N0511_R112_T14SPJ_20250727T205109.SAFE	geography'SRID=4326;POLYGON ((-97.83448427820818 39.644650018326935, -97.84912778038333 38.75519833855342, -96.58623972133758 38.73593643111066, -96.55211502393708 39.72445184157785, -97.80482272844756 39.74396347964698, -97.80802650815588 39.73330388754633, -97.83448427820818 39.644650018326935))'
S2C_MSIL2A_20250727T170911_N0511_R112_T14SPF_20250727T205109.SAFE	geography'SRID=4326;POLYGON ((-97.87551445266065 37.041254047993014, -97.88976030868119 36.05158282608199, -96.67138577052769 36.03410504881955, -96.64153245372125 37.023137802563134, -97.87551445266065 37.041254047993014))'
S2C_MSIL2A_20250727T170911_N0511_R112_T15TWJ_20250727T205109.SAFE	geography'SRID=4326;POLYGON ((-92.56716715638248 44.250811514526895, -93.00025052587905 44.25341758107761, -93.00024643448815 43.26479037737325, -92.95644043961433 43.264531439027735, -92.933823624319 43.32275457224033, -92.87704634173302 43.4685011036644, -92.8200230509636 43.61421807934581, -92.7627665193844 43.75994223204987, -92.70499190212301 43.90563943632409, -92.64698043035318 44.05133337038762, -92.58872255930564 44.19702343884239, -92.56716715638248 44.250811514526895))'
S2B_MSIL2A_20250727T161829_N0511_R040_T16TGQ_20250727T202049.SAFE	geography'SRID=4326;POLYGON ((-83.81954200258815 44.11901376327909, -83.13001323357865 44.099770918209835, -83.0639024439136 45.08595696049961, -83.49113266635406 45.09808830055677, -83.5069707059189 45.05154740134645, -83.55650633368559 44.90484503715435, -83.60599568789843 44.7581904607531, -83.65512685808508 44.6114655752946, -83.69709860174657 44.48662742843324, -83.7044649686468 44.464671845242506, -83.75330640453637 44.31793292415576, -83.79242834590424 44.20058924619335, -83.80215812196313 44.17135709366857, -83.81954200258815 44.11901376327909))'
S2B_MSIL2A_20250727T161829_N0511_R040_T17TNF_20250727T202049.SAFE	geography'SRID=4326;POLYGON ((-80.99741882435852 41.55182852734123, -81.00023981916341 41.551844670066835, -81.00023979166188 41.54421604444754, -80.99741882435852 41.55182852734123))'
S2C_MSIL2A_20250726T173931_N0511_R098_T14TNT_20250726T224713.SAFE	geography'SRID=4326;POLYGON ((-98.59083476249214 47.85108579554894, -99.00026735765739 47.85370184248753, -99.00026272572883 46.928270958238116, -98.94008255229711 47.06536249226947, -98.87630068914221 47.2104150878568, -98.81222577312391 47.355374944411686, -98.7480188272114 47.50030753508856, -98.68338550826348 47.64522280745828, -98.61832202326048 47.79012346987288, -98.59083476249214 47.85108579554894))'
S2C_MSIL2A_20250726T173931_N0511_R098_T14TKL_20250726T224713.SAFE	geography'SRID=4326;POLYGON ((-101.27071806742275 41.25684096929537, -101.28005188450415 41.52923550071836, -102.59412455183308 41.49564643575739, -102.54082260253305 40.50846282585221, -101.5340311746146 40.53369580204698, -101.4903171949124 40.654853839833294, -101.4373709732455 40.801081342232486, -101.38420651086125 40.94724103456954, -101.3307028690196 41.09342935835284, -101.27703532875444 41.23966518999381, -101.27071806742275 41.25684096929537))'
S2C_MSIL2A_20250726T173931_N0511_R098_T14TLQ_20250726T224713.SAFE	geography'SRID=4326;POLYGON ((-100.12941231814978 44.22786101545818, -100.14740738161733 45.148073182871244, -101.54313948300323 45.12551356202371, -101.50034838689311 44.137996748196564, -100.15690791560587 44.159338692969705, -100.12941231814978 44.22786101545818))'
S2C_MSIL2A_20250726T173931_N0511_R098_T14TKM_20250726T224713.SAFE	geography'SRID=4326;POLYGON ((-102.64504576622768 42.39470139413761, -102.58926866785167 41.407726190110715, -101.27696656733475 41.441212166985935, -101.3124072413961 42.42936087235922, -102.64504576622768 42.39470139413761))'
S2C_MSIL2A_20250726T173931_N0511_R098_T13TFF_20250726T224713.SAFE	geography'SRID=4326;POLYGON ((-103.80103038521031 41.545593768972765, -103.81885207154319 40.55671174263467, -102.52280187838811 40.536185528423594, -102.48546160940656 41.52434469691515, -103.80103038521031 41.545593768972765))'
S2C_MSIL2A_20250726T173931_N0511_R098_T14TLM_20250726T224713.SAFE	geography'SRID=4326;POLYGON ((-100.82965796568635 42.43616196735573, -101.43119626719712 42.42690168750588, -101.39393916355972 41.438836285507165, -101.20259144852972 41.44172640157658, -101.16916293193012 41.532061025784245, -101.1149192134991 41.67814869634423, -101.06055667919651 41.8241720256586, -101.00580898386211 41.97010465671464, -100.95089033444376 42.11603188256529, -100.89575556945384 42.2619516568226, -100.84042870788252 42.40791011178485, -100.82965796568635 42.43616196735573))'
S2C_MSIL2A_20250726T173931_N0511_R098_T13TFG_20250726T224713.SAFE	geography'SRID=4326;POLYGON ((-103.78400297732625 42.44624086265282, -103.80265404258907 41.457520191909595, -102.48886345311317 41.43633638009555, -102.44978706678565 42.42431413705452, -103.78400297732625 42.44624086265282))'
S2C_MSIL2A_20250726T173931_N0511_R098_T14TLT_20250726T224713.SAFE	geography'SRID=4326;POLYGON ((-101.67207324053518 47.82259512731069, -101.62271963783216 46.835643714163524, -100.18335153308469 46.859583083848264, -100.20564501110893 47.84737115234881, -101.67207324053518 47.82259512731069))'
S2C_MSIL2A_20250726T173931_N0511_R098_T13TGK_20250726T224713.SAFE	geography'SRID=4326;POLYGON ((-102.45736864275568 45.12552488296481, -102.50015121099592 44.13800768802703, -101.13001323357867 44.099770918209835, -101.06390244391362 45.08595696049961, -102.45736864275568 45.12552488296481))'
S2C_MSIL2A_20250726T173931_N0511_R098_T13UFP_20250726T224514.SAFE	geography'SRID=4326;POLYGON ((-102.16281025485019 48.440839979293244, -102.14756129152694 48.71769475117851, -102.35683603529569 48.72152207263778, -102.38715818576256 48.64063395376305, -102.44195647811848 48.49442125324769, -102.44695770410269 48.4808750478566, -102.16281025485019 48.440839979293244))'
S2C_MSIL2A_20250726T173931_N0511_R098_T14TLP_20250726T224713.SAFE	geography'SRID=4326;POLYGON ((-100.12939103933512 44.22791404481325, -100.12976271323852 44.24783068396879, -101.50407140709622 44.22596415476343, -101.46322767686333 43.23826255332707, -100.51473809906638 43.25308673900137, -100.50293594971544 43.28332967487732, -100.44590199416214 43.42914459909135, -100.38860718845667 43.574857030655096, -100.33093572798516 43.72041890978736, -100.27372498098897 43.866183717382114, -100.2158134390403 44.01179369712886, -100.1576805645136 44.157413159338006, -100.12939103933512 44.22791404481325))'
S2C_MSIL2A_20250726T173931_N0511_R098_T13TGE_20250726T224713.SAFE	geography'SRID=4326;POLYGON ((-101.51108677012915 40.59728870858557, -102.63579176628713 40.62664940733135, -102.6698144654414 39.63822758400475, -101.86069415044211 39.61753042140199, -101.8559974087132 39.6308374314448, -101.80398804161597 39.77716347869151, -101.75217225093792 39.923490749758834, -101.70016515251507 40.06979077012167, -101.6480572961258 40.216089581683285, -101.59574888463432 40.362374252784406, -101.54308364322296 40.508605903090576, -101.51108677012915 40.59728870858557))'
S2C_MSIL2A_20250726T173931_N0511_R098_T14TLN_20250726T224713.SAFE	geography'SRID=4326;POLYGON ((-100.52793752585772 43.219263288189175, -100.50293594971544 43.28332967487732, -100.48010804458697 43.34169226298788, -101.46678204877878 43.32624633586568, -101.42778068203103 42.33836182515417, -100.8635043790642 42.34703390776318, -100.84042870788252 42.40791011178485, -100.78479835871235 42.55382954440029, -100.72889169934467 42.699735605433176, -100.67777248366016 42.83262397256571, -100.67156190417417 42.84879378218429, -100.61533484527453 42.99474571245654, -100.55866901740627 43.14064160798336, -100.52793752585772 43.219263288189175))'
S2C_MSIL2A_20250726T173931_N0511_R098_T13TEH_20250726T224713.SAFE	geography'SRID=4326;POLYGON ((-104.54888988086556 42.36144844084731, -103.66698539119554 42.35632239007374, -103.64555267001923 43.34483481646455, -104.23264125691979 43.34831072182873, -104.27339216651667 43.222336959535134, -104.32072213974483 43.075427050230125, -104.36787983025661 42.92851263370821, -104.41467459445887 42.78153124964616, -104.46156531517369 42.634586676781, -104.50864916104096 42.48767644825486, -104.54888988086556 42.36144844084731))'
S2C_MSIL2A_20250726T173931_N0511_R098_T14TMQ_20250726T224713.SAFE	geography'SRID=4326;POLYGON ((-99.75492970017999 45.14934973644975, -100.27254965833141 45.14674718783555, -100.25111705335956 44.15851530960486, -100.1570517837281 44.158980156375534, -100.09923235465392 44.30307309967111, -100.04068453001321 44.44874177003343, -99.98177139536686 44.59434275158056, -99.922735732828 44.73995746463617, -99.86322073207178 44.88554350614843, -99.80367359104272 45.03116932662357, -99.75492970017999 45.14934973644975))'
S2C_MSIL2A_20250726T173931_N0511_R098_T13TGJ_20250726T224713.SAFE	geography'SRID=4326;POLYGON ((-102.49642893280087 44.22597512802537, -102.53726452230806 43.238273156784096, -101.1873683405316 43.201211355403785, -101.12426105372481 44.18762158427181, -102.49642893280087 44.22597512802537))'
S2C_MSIL2A_20250726T173931_N0511_R098_T13SGD_20250726T224713.SAFE	geography'SRID=4326;POLYGON ((-101.8295105427256 39.705357053971106, -102.66683353200474 39.72681533153163, -102.69936254729447 38.73821864423846, -102.17246797912456 38.724996383511204, -102.16314004969917 38.75206169514877, -102.11237759779041 38.898475792032094, -102.06158616496072 39.04491117625879, -102.01053555464752 39.19138803655726, -101.95923509646472 39.33788597220125, -101.90768780211012 39.48438599260693, -101.8559974087132 39.6308374314448, -101.8295105427256 39.705357053971106))'
S2C_MSIL2A_20250726T173931_N0511_R098_T14TLL_20250726T224713.SAFE	geography'SRID=4326;POLYGON ((-101.16981743476454 41.53029234821179, -101.3971826192205 41.52685230149302, -101.37701037200405 40.96690308823609, -101.3307028690196 41.09342935835284, -101.27703532875444 41.23966518999381, -101.22324319422673 41.38591872966828, -101.16981743476454 41.53029234821179))'
S2C_MSIL2A_20250726T173931_N0511_R098_T13TGN_20250726T224713.SAFE	geography'SRID=4326;POLYGON ((-102.32846057360035 47.82260755999096, -102.37780434448764 46.835655727197015, -100.94097013495498 46.79367068819608, -100.86474152472253 47.779157072334634, -102.32846057360035 47.82260755999096))'
S2C_MSIL2A_20250726T173931_N0511_R098_T13TFH_20250726T224713.SAFE	geography'SRID=4326;POLYGON ((-103.76618786223798 43.346200009839855, -103.78571286582209 42.35764145317536, -102.45336942769977 42.33578223926217, -102.41246381589346 43.323576596360866, -103.76618786223798 43.346200009839855))'
S2C_MSIL2A_20250726T173931_N0511_R098_T13TGH_20250726T224713.SAFE	geography'SRID=4326;POLYGON ((-102.53371085886852 43.32625697177811, -102.57270445124811 42.33837210189082, -101.2421415546785 42.30245161555175, -101.18187629631363 43.28908179915951, -102.53371085886852 43.32625697177811))'
S2C_MSIL2A_20250726T173931_N0511_R098_T13TGG_20250726T224713.SAFE	geography'SRID=4326;POLYGON ((-102.56928954696652 42.426911995973605, -102.60653922316479 41.43884624479472, -101.2944377014587 41.40403474612011, -101.23686356729512 42.39088066238852, -102.56928954696652 42.426911995973605))'
S2C_MSIL2A_20250726T173931_N0511_R098_T14TKK_20250726T224713.SAFE	geography'SRID=4326;POLYGON ((-101.5019539367188 40.6226013473104, -102.54546370146345 40.59640146890937, -102.49451264760637 39.609013147606916, -101.85817476176084 39.62466846143453, -101.8559974087132 39.6308374314448, -101.80398804161597 39.77716347869151, -101.75217225093792 39.923490749758834, -101.70016515251507 40.06979077012167, -101.6480572961258 40.216089581683285, -101.59574888463432 40.362374252784406, -101.54308364322296 40.508605903090576, -101.5019539367188 40.6226013473104))'
S2C_MSIL2A_20250726T173931_N0511_R098_T14TMP_20250726T224713.SAFE	geography'SRID=4326;POLYGON ((-100.12165409153266 44.24719544552632, -100.25298174570909 44.246545441411556, -100.24652502249623 43.93457397728489, -100.2158134390403 44.01179369712886, -100.1576805645136 44.157413159338006, -100.12165409153266 44.24719544552632))'
S2C_MSIL2A_20250726T173931_N0511_R098_T13TEJ_20250726T224713.SAFE	geography'SRID=4326;POLYGON ((-104.26107243118247 43.260421101112904, -103.6475059675166 43.256794294201605, -103.62505994125077 44.24514241182411, -103.93512497131441 44.24700821910352, -103.982330783964 44.10295668606008, -104.03125661680376 43.95617340505136, -104.08103427867235 43.80966684177695, -104.12986843194216 43.66296969390772, -104.17795288701538 43.51610946205216, -104.2258634013022 43.36926318597928, -104.26107243118247 43.260421101112904))'
S2C_MSIL2A_20250726T173931_N0511_R098_T13TGF_20250726T224713.SAFE	geography'SRID=4326;POLYGON ((-101.30822486375548 41.1546784816998, -101.28942535132569 41.49194363396281, -102.60329641413972 41.5268622914542, -102.63889095789968 40.53861750192735, -101.54256313389992 40.51004855115554, -101.4903171949124 40.654853839833294, -101.4373709732455 40.801081342232486, -101.38420651086125 40.94724103456954, -101.3307028690196 41.09342935835284, -101.30822486375548 41.1546784816998))'
S2C_MSIL2A_20250726T173931_N0511_R098_T14SKJ_20250726T224713.SAFE	geography'SRID=4326;POLYGON ((-101.82640768226551 39.714086814235934, -102.49897689950004 39.6975094680204, -102.45026011044494 38.7099201955759, -102.1753773732819 38.71655467517982, -102.16314004969917 38.75206169514877, -102.11237759779041 38.898475792032094, -102.06158616496072 39.04491117625879, -102.01053555464752 39.19138803655726, -101.95923509646472 39.33788597220125, -101.90768780211012 39.48438599260693, -101.8559974087132 39.6308374314448, -101.82640768226551 39.714086814235934))'
S2C_MSIL2A_20250726T173931_N0511_R098_T13UGP_20250726T224713.SAFE	geography'SRID=4326;POLYGON ((-102.28582759959262 48.63249386331564, -102.33299058185199 47.73416799677996, -100.8717393439406 47.69085106573984, -100.81369504010696 48.40548572107553, -101.06150529707949 48.44835071327677, -101.06120550761037 48.449096148042806, -101.06141919260284 48.44913299813294, -101.06133258216983 48.449348545893486, -101.37771821198712 48.50024492454259, -101.37768125198804 48.50033849386799, -101.39006968563267 48.50231901342081, -101.39915877553986 48.503729683070326, -101.39938253120216 48.503163716473, -101.39983134638723 48.5032337331575, -101.39999161968473 48.50282822750747, -101.70334142209795 48.5503381304016, -101.70312061366359 48.55090599489397, -101.71929897515203 48.55341695295069, -101.71938861059897 48.553185976623205, -102.02922753360963 48.59717883308648, -102.02911076462152 48.59748557652249, -102.05326787499251 48.6008735063323, -102.05354972396192 48.600134447868015, -102.05442075492904 48.60025579413424, -102.05447448802823 48.60011484066161, -102.21011843265491 48.62194656353739, -102.28582759959262 48.63249386331564))'
S2C_MSIL2A_20250726T173931_N0511_R098_T14TNS_20250726T224713.SAFE	geography'SRID=4326;POLYGON ((-98.98912669711906 46.953639034766866, -99.00026284243779 46.953709179213256, -99.00026272112402 46.92827096872795, -98.98912669711906 46.953639034766866))'
S2C_MSIL2A_20250726T173931_N0511_R098_T14TNT_20250726T224514.SAFE	geography'SRID=4326;POLYGON ((-98.62675421316601 47.771479388596205, -98.62094503843491 47.784336297361165, -98.59085824971211 47.85108594561923, -98.96916497472603 47.853503115530735, -98.95021259090676 47.84928403268932, -98.94998938069187 47.849790310892125, -98.94989339549095 47.8497669876478, -98.94986899086135 47.849822682655535, -98.62675421316601 47.771479388596205))'
S2B_MSIL2A_20250726T164839_N0511_R026_T16TCR_20250726T204906.SAFE	geography'SRID=4326;POLYGON ((-89.58406512039718 46.02435339629007, -89.53921420699882 45.037023116804335, -88.14563453547973 45.05951360004942, -88.1658919102777 46.0476276229589, -89.58406512039718 46.02435339629007))'
S2B_MSIL2A_20250726T164839_N0511_R026_T16TES_20250726T204906.SAFE	geography'SRID=4326;POLYGON ((-86.38031701969227 46.9498042592179, -87.00026284243778 46.953709179213256, -87.0002581299532 45.965551148516354, -86.80477180062704 45.96433962702744, -86.74400764097417 46.10784622032213, -86.68211758964834 46.25311490523465, -86.61985387887425 46.39838416722307, -86.55705102988075 46.54359360576604, -86.49416218506536 46.68887868217063, -86.43094904534406 46.83411793492917, -86.38031701969227 46.9498042592179))'
S2B_MSIL2A_20250726T164839_N0511_R026_T16TDM_20250726T204906.SAFE	geography'SRID=4326;POLYGON ((-88.21534664255823 42.44624114556248, -88.21648331498238 42.44623570214159, -88.21642941143605 42.44337933722163, -88.21534664255823 42.44624114556248))'
S2B_MSIL2A_20250726T164839_N0511_R026_T16TCS_20250726T204906.SAFE	geography'SRID=4326;POLYGON ((-89.62701019239007 46.92356100851489, -89.57997492136948 45.93641922924405, -88.16404448302406 45.95962253249568, -88.18528956021277 46.947573655919015, -89.62701019239007 46.92356100851489))'
S2B_MSIL2A_20250726T164839_N0511_R026_T16TDS_20250726T204906.SAFE	geography'SRID=4326;POLYGON ((-88.31456075291094 46.946162221065514, -88.2910001297497 45.958258688896564, -86.87403273692426 45.96548172662488, -86.87173305487556 46.95363733424615, -88.31456075291094 46.946162221065514))'
S2B_MSIL2A_20250724T174909_N0511_R141_T13TEN_20250724T212027.SAFE	geography'SRID=4326;POLYGON ((-105.0002673576574 47.85370184248753, -105.00026241255061 46.86569987335423, -103.55985017558999 46.85663988190739, -103.53272262323178 47.844325046514086, -105.0002673576574 47.85370184248753))'
S2B_MSIL2A_20250724T174909_N0511_R141_T13TFG_20250724T214220.SAFE	geography'SRID=4326;POLYGON ((-103.3273320265421 42.43873585649344, -103.78400297732625 42.44624086265282, -103.80265404258907 41.457520191909595, -103.69661957253673 41.455810471747654, -103.67103279309448 41.524880463398055, -103.61617992468769 41.6709448332124, -103.56126686663987 41.817026584529245, -103.50670664395452 41.96324616585912, -103.45186259818402 42.10934970483223, -103.39682622331053 42.2553503001029, -103.3415477693814 42.40120479515655, -103.3273320265421 42.43873585649344))'
S2B_MSIL2A_20250724T174909_N0511_R141_T13TEH_20250724T214220.SAFE	geography'SRID=4326;POLYGON ((-105.00024679052603 43.35285539234588, -105.00024288390158 42.36407192041621, -103.66698539119554 42.35632239007374, -103.64555267001923 43.34483481646455, -105.00024679052603 43.35285539234588))'
S2B_MSIL2A_20250724T174909_N0511_R141_T13TEJ_20250724T212027.SAFE	geography'SRID=4326;POLYGON ((-103.63338269256111 43.878673287463165, -103.62505994125077 44.24514241182411, -105.00025052587905 44.25341758107761, -105.00025009134472 44.14841845771464, -104.87871354721584 44.12695241969808, -104.8782420142716 44.128261164138394, -104.87811637583644 44.12823807949289, -104.87808231980284 44.128332509431424, -104.60681153484144 44.07850321303636, -104.60703679716954 44.0778867230789, -104.60679745889104 44.0778427209505, -104.60700296008262 44.07728095425306, -104.30314296691888 44.018429758129145, -104.30276762230291 44.019448033943874, -104.30264493978498 44.01942301578494, -104.30260527174688 44.01953049634034, -104.03315942999971 43.96456420532581, -104.03317037451552 43.964534941542965, -104.03305465743898 43.96451132526448, -104.03324737008992 43.96399639080218, -104.03292504948288 43.9639306761777, -104.03343189161647 43.962576805649775, -103.72885238202696 43.89826600086419, -103.72820706464026 43.89996726616691, -103.72810410830849 43.89994401416342, -103.72808799005097 43.89998646230592, -103.72732041549436 43.89981286063984, -103.72731299662973 43.89983237536679, -103.63338269256111 43.878673287463165))'
S2B_MSIL2A_20250724T174909_N0511_R141_T13TFH_20250724T214220.SAFE	geography'SRID=4326;POLYGON ((-102.98199096921657 43.333094524561915, -103.76618786223798 43.346200009839855, -103.78571286582209 42.35764145317536, -103.360700903538 42.35066845572335, -103.3415477693814 42.40120479515655, -103.28628576170968 42.54710232741855, -103.22999073449871 42.69280245189878, -103.17394096786924 42.83858939973484, -103.11774339150836 42.98441710734291, -103.06113509593436 43.13026247408927, -103.00428246672048 43.276157625435154, -102.98199096921657 43.333094524561915))'
S2B_MSIL2A_20250724T174909_N0511_R141_T13TEK_20250724T212027.SAFE	geography'SRID=4326;POLYGON ((-105.00025443963811 45.15383725089235, -105.00025015292684 44.16536649550738, -103.62710599954544 44.157116557384406, -103.60358882685108 45.145299673094094, -105.00025443963811 45.15383725089235))'
S2C_MSIL2A_20250724T165911_N0511_R069_T15SVB_20250724T222718.SAFE	geography'SRID=4326;POLYGON ((-94.13852907879905 37.9420809165272, -94.12362950841454 36.95256487264268, -92.89036811332885 36.957830487987216, -92.88891399416781 37.94753713280259, -94.13852907879905 37.9420809165272))'
S2C_MSIL2A_20250724T165911_N0511_R069_T15SVA_20250724T222718.SAFE	geography'SRID=4326;POLYGON ((-92.89119505352639 36.367317903073726, -92.8902406792213 37.04653228101576, -94.12493526264659 37.04124978452211, -94.11068371215597 36.05157871290146, -92.99229753947965 36.05625414927434, -92.96429349911942 36.14311275052452, -92.91644829645021 36.28993541048271, -92.89119505352639 36.367317903073726))'
S2C_MSIL2A_20250724T165911_N0511_R069_T15SWB_20250724T222718.SAFE	geography'SRID=4326;POLYGON ((-92.36789913767048 37.94423288867083, -93.00022763545478 37.947589571993284, -93.00022465569249 36.95788109520145, -92.69829236961786 36.956313782591856, -92.67600896006029 37.023919960206015, -92.62735974578402 37.17059654640153, -92.60863962491908 37.226910861005486, -92.57759129079797 37.32045272021429, -92.55356168295769 37.39226127825638, -92.52965915345415 37.46384448308108, -92.48049023533743 37.61046768816222, -92.43106399338173 37.757106685912326, -92.38163719173806 37.90383835296532, -92.36789913767048 37.94423288867083))'
S2C_MSIL2A_20250724T165911_N0511_R069_T15SWA_20250724T222718.SAFE	geography'SRID=4326;POLYGON ((-92.6690634692098 37.04486050164243, -93.00022491682881 37.046583050483974, -93.00022206668983 36.05672396511734, -92.99215927858373 36.05668298553771, -92.96429349911942 36.14311275052452, -92.91644829645021 36.28993541048271, -92.86854713803048 36.436716996027855, -92.82063643715027 36.583530254120895, -92.77273360921512 36.730378440550254, -92.72439111546093 36.877132163530646, -92.67600896006029 37.023919960206015, -92.6690634692098 37.04486050164243))'
S2C_MSIL2A_20250724T165911_N0511_R069_T15STA_20250724T222718.SAFE	geography'SRID=4326;POLYGON ((-96.333926934024 36.131821215741155, -96.32869364809063 36.01049725766069, -95.11143123293884 36.03812799310683, -95.1385056246128 37.02730768000537, -96.08797340251925 37.00525049348042, -96.11075760799503 36.9251109995297, -96.15247517041507 36.77757223842224, -96.19399632713198 36.63003997929364, -96.2355176845971 36.48255407906446, -96.27696178753133 36.335105538367934, -96.31835795946157 36.18764616871312, -96.333926934024 36.131821215741155))'
S2C_MSIL2A_20250724T165911_N0511_R069_T15SUA_20250724T222718.SAFE	geography'SRID=4326;POLYGON ((-95.24837990395393 37.02527578563511, -95.2199171916993 36.03616769808406, -94.00145196296421 36.05254100905861, -94.01430253846532 37.042247242200354, -95.24837990395393 37.02527578563511))'
S2C_MSIL2A_20250724T165911_N0511_R069_T14SQF_20250724T222718.SAFE	geography'SRID=4326;POLYGON ((-96.36334684574994 36.02633011643529, -95.56341398032555 36.007451011934776, -95.51941449107781 36.995510653879045, -96.0868458575062 37.009216437645044, -96.11075760799503 36.9251109995297, -96.15247517041507 36.77757223842224, -96.19399632713198 36.63003997929364, -96.2355176845971 36.48255407906446, -96.27696178753133 36.335105538367934, -96.31835795946157 36.18764616871312, -96.3595056519529 36.040104788320846, -96.36334684574994 36.02633011643529))'
S2A_MSIL2A_20250724T162711_N0511_R040_T17SMC_20250725T005716.SAFE	geography'SRID=4326;POLYGON ((-81.98460569986018 38.844058841108755, -82.15275135075291 38.843310058483205, -82.14539948962928 38.37642767053673, -82.10099804103284 38.50631663572014, -82.05054978049921 38.65275121168597, -82.00009131260882 38.79933131271972, -81.98460569986018 38.844058841108755))'
S2C_MSIL2A_20250723T172921_N0511_R055_T14SMG_20250723T222312.SAFE	geography'SRID=4326;POLYGON ((-99.92219413724254 37.94302550357931, -100.13852907879905 37.9420809165272, -100.12924917887496 37.32578060560805, -100.12031306239602 37.35269673958417, -100.09113374196403 37.440048706517445, -100.07240512858776 37.49619823411928, -100.02340682770928 37.64283861827782, -99.9741636842752 37.78943457023252, -99.92457031950735 37.93603873075576, -99.92219413724254 37.94302550357931))'
S2C_MSIL2A_20250723T172921_N0511_R055_T14SLF_20250723T222312.SAFE	geography'SRID=4326;POLYGON ((-100.2243056150143 37.03935920763146, -101.24837990395392 37.02527578563511, -101.21991719169928 36.03616769808406, -100.550143165535 36.04516788795772, -100.50787988781384 36.17559939567101, -100.46003725449212 36.32244014747204, -100.41211774557088 36.469276550181405, -100.36402529741152 36.616052201404045, -100.31567407924759 36.76272249226912, -100.26743568048201 36.909474654126086, -100.2243056150143 37.03935920763146))'
S2C_MSIL2A_20250723T172921_N0511_R055_T14SKG_20250723T222312.SAFE	geography'SRID=4326;POLYGON ((-102.41197247867947 37.8980997878049, -102.36741300313712 36.910119161555244, -101.13602504584179 36.93866731150362, -101.16432984132963 37.92768043331917, -102.41197247867947 37.8980997878049))'
S2A_MSIL2A_20250723T165711_N0511_R026_T15TWG_20250724T012216.SAFE	geography'SRID=4326;POLYGON ((-92.2422355246684 41.459421784889855, -91.68558188065235 41.45624189757688, -91.66510843311782 42.44491772432881, -91.93115018565999 42.44646668318736, -91.95888664729927 42.35937688262944, -92.00556214130228 42.21237774775448, -92.05201703303192 42.06532061176675, -92.09853505044568 41.91826842320906, -92.14485306028887 41.77118902911632, -92.19088374533747 41.62404885748101, -92.2367865411664 41.476949885661455, -92.2422355246684 41.459421784889855))'
S2A_MSIL2A_20250723T165711_N0511_R026_T15TXE_20250724T012216.SAFE	geography'SRID=4326;POLYGON ((-91.81730037733891 40.64479964997401, -91.83433447991831 39.65575725270223, -90.5552421778473 39.63587147039632, -90.51955068002489 40.62420990912828, -91.81730037733891 40.64479964997401))'
S2A_MSIL2A_20250723T165711_N0511_R026_T15SWD_20250724T012216.SAFE	geography'SRID=4326;POLYGON ((-93.00023083275076 38.95420605681111, -93.00023019602958 38.760864457162924, -91.73659678080747 38.754036048213806, -91.71871965132908 39.74319619212293, -92.76418454081852 39.74896534615699, -92.77550744439769 39.71118021804264, -92.81956658898659 39.56393534233017, -92.8634001682566 39.41671488399676, -92.9070376563392 39.26953909134728, -92.9505309386411 39.12231852352479, -92.99407634368002 38.975111130246674, -93.00023083275076 38.95420605681111))'
S2A_MSIL2A_20250723T165711_N0511_R026_T15TXG_20250724T012216.SAFE	geography'SRID=4326;POLYGON ((-91.78400297732625 42.44624086265282, -91.80265404258907 41.457520191909595, -90.48886345311317 41.43633638009555, -90.44978706678563 42.42431413705452, -91.78400297732625 42.44624086265282))'
S2A_MSIL2A_20250723T165711_N0511_R026_T15TWE_20250724T012216.SAFE	geography'SRID=4326;POLYGON ((-92.79068629862698 39.660452757822874, -91.7203579213631 39.6545573069827, -91.70165933840751 40.64355721409192, -92.49198240887459 40.647999619522196, -92.50822781909646 40.59481507822918, -92.55306673383811 40.44764116307488, -92.5978170624199 40.30039960777422, -92.64237871122371 40.1530990840199, -92.68705997614896 40.005831944449646, -92.73135844202211 39.85850777401956, -92.77550744439769 39.71118021804264, -92.79068629862698 39.660452757822874))'
S2A_MSIL2A_20250723T165711_N0511_R026_T15TWH_20250724T012216.SAFE	geography'SRID=4326;POLYGON ((-91.95931699199606 42.358021561181246, -91.66698539119554 42.35632239007374, -91.64576081168367 43.335234979837196, -91.67651493037182 43.240557140728185, -91.72396252328072 43.093684239489406, -91.77123228651888 42.94686394841818, -91.81822025084368 42.80003138627512, -91.86513603987828 42.65319442377175, -91.91208491264305 42.50632979212395, -91.95888664729927 42.35937688262944, -91.95931699199606 42.358021561181246))'
S2A_MSIL2A_20250723T165711_N0511_R026_T15SVD_20250724T012216.SAFE	geography'SRID=4326;POLYGON ((-93.05724282692871 38.760056744639954, -92.88766443792474 38.760810475743604, -92.88673682402396 39.33800753943449, -92.9070376563392 39.26953909134728, -92.9505309386411 39.12231852352479, -92.99407634368002 38.975111130246674, -93.03744065353484 38.827814730565485, -93.05724282692871 38.760056744639954))'
S2A_MSIL2A_20250723T165711_N0511_R026_T15TXF_20250724T012216.SAFE	geography'SRID=4326;POLYGON ((-91.8010303852103 41.545593768972765, -91.81885207154319 40.55671174263467, -90.52280187838811 40.536185528423594, -90.48546160940656 41.52434469691515, -91.8010303852103 41.545593768972765))'
S2A_MSIL2A_20250723T165711_N0511_R026_T15SVA_20250724T012216.SAFE	geography'SRID=4326;POLYGON ((-93.83158386073596 36.052745495564615, -92.8916315425469 36.05667498554276, -92.8902406792213 37.04653228101576, -93.55253228881875 37.04369874375688, -93.5900870307881 36.91165577630749, -93.63196609927901 36.7641597859516, -93.67364076243452 36.616539956532094, -93.71523807070488 36.46889276517971, -93.75664011383775 36.321247968701705, -93.7980942907098 36.1737101942677, -93.83158386073596 36.052745495564615))'
S2A_MSIL2A_20250723T165711_N0511_R026_T15SXD_20250724T012216.SAFE	geography'SRID=4326;POLYGON ((-91.83284204446889 39.744399896499196, -91.84912778038334 38.75519833855342, -90.58623972133758 38.73593643111066, -90.55211502393708 39.72445184157785, -91.83284204446889 39.744399896499196))'
S2A_MSIL2A_20250723T165711_N0511_R026_T15SWC_20250724T012216.SAFE	geography'SRID=4326;POLYGON ((-93.00023047979299 38.848998483821255, -93.00022736409076 37.85944195932729, -91.75213459127728 37.85282950328523, -91.73503988519938 38.84214867288121, -93.00023047979299 38.848998483821255))'
S2A_MSIL2A_20250723T165711_N0511_R026_T15SWA_20250724T012216.SAFE	geography'SRID=4326;POLYGON ((-93.00022491682881 37.046583050483974, -93.00022206668983 36.05672396511734, -91.7811999799101 36.05052821595199, -91.76556196865788 37.04016090428803, -93.00022491682881 37.046583050483974))'
S2A_MSIL2A_20250723T165711_N0511_R026_T15TWF_20250724T012216.SAFE	geography'SRID=4326;POLYGON ((-92.51881996448766 40.56004868131508, -91.70336265383867 40.5554731412015, -91.68379957458711 41.54431153543986, -92.2148178514558 41.5473502090033, -92.2367865411664 41.476949885661455, -92.28249741245313 41.32990874340498, -92.32787891898452 41.182904076387096, -92.37317696941133 41.035960790615285, -92.41839177948329 40.888986098100126, -92.46329677343681 40.74191121311212, -92.50822781909646 40.59481507822918, -92.51881996448766 40.56004868131508))'
S2B_MSIL2A_20250723T163839_N0511_R126_T16TFM_20250723T204018.SAFE	geography'SRID=4326;POLYGON ((-85.70074765643359 42.44487263089859, -85.78400297732624 42.44624086265282, -85.78838216497478 42.214093621293515, -85.77345719490177 42.25346832040859, -85.71801181869354 42.399430098811926, -85.70074765643359 42.44487263089859))'
S2A_MSIL2A_20250722T172731_N0511_R012_T14SNF_20250722T222519.SAFE	geography'SRID=4326;POLYGON ((-97.76881863299016 36.83406682837306, -97.76556196865786 37.04016090428803, -99.00022491682881 37.046583050483974, -99.00022206668982 36.05672396511734, -98.02432588239263 36.051763917194585, -97.98438137485068 36.17482022945148, -97.93667297111368 36.32166281295572, -97.88880440275736 36.46843222110182, -97.84065831324745 36.615125215839925, -97.79258816031516 36.76175816633948, -97.76881863299016 36.83406682837306))'
S2A_MSIL2A_20250722T172731_N0511_R012_T14SMF_20250722T222519.SAFE	geography'SRID=4326;POLYGON ((-100.12493526264659 37.04124978452211, -100.11068371215597 36.05157871290146, -98.8916315425469 36.05667498554276, -98.8902406792213 37.04653228101576, -100.12493526264659 37.04124978452211))'
S2A_MSIL2A_20250722T172731_N0511_R012_T14SNG_20250722T222519.SAFE	geography'SRID=4326;POLYGON ((-99.00022763545476 37.947589571993284, -99.00022465569249 36.95788109520145, -97.76699475177708 36.95147947183065, -97.75064570841931 37.94095623057468, -99.00022763545476 37.947589571993284))'
S2A_MSIL2A_20250722T172731_N0511_R012_T14SPF_20250722T222519.SAFE	geography'SRID=4326;POLYGON ((-97.70139714758125 37.03869780986708, -97.87551445266065 37.041254047993014, -97.88352856995303 36.4845067916782, -97.84065831324745 36.615125215839925, -97.79258816031516 36.76175816633948, -97.74438438672787 36.90839761463004, -97.70139714758125 37.03869780986708))'
S2A_MSIL2A_20250722T172731_N0511_R012_T14SPG_20250722T222519.SAFE	geography'SRID=4326;POLYGON ((-97.40156780772735 37.935187760546725, -97.86192606806475 37.94208532019618, -97.8768196851591 36.952569122489834, -97.73051895228211 36.95042564088142, -97.69599436866093 37.055074370960895, -97.64732116897414 37.20175327126237, -97.59857264715971 37.34852615207242, -97.54945275447474 37.49529554574407, -97.50026772239268 37.642126313215726, -97.45088383988782 37.78894521888554, -97.40156780772735 37.935187760546725))'
S2B_MSIL2A_20250722T170849_N0511_R112_T14SPF_20250722T211527.SAFE	geography'SRID=4326;POLYGON ((-97.87551445266065 37.041254047993014, -97.88976030868119 36.05158282608199, -96.67138577052769 36.03410504881955, -96.64153245372125 37.023137802563134, -97.87551445266065 37.041254047993014))'
S2B_MSIL2A_20250722T170849_N0511_R112_T14SNG_20250722T211527.SAFE	geography'SRID=4326;POLYGON ((-98.60113330594874 36.95580943564836, -97.76699475177708 36.95147947183065, -97.75064570841931 37.94095623057468, -98.31781867699706 37.94396703911998, -98.34097571439695 37.86384752689376, -98.38344787299766 37.71636926967591, -98.4258732437312 37.56888005651308, -98.46819403274797 37.421383050789, -98.51054360048931 37.27397049546991, -98.5526141252972 37.1265063347124, -98.59454619421808 36.97906759338634, -98.60113330594874 36.95580943564836))'
S2B_MSIL2A_20250722T170849_N0511_R112_T14SNF_20250722T211527.SAFE	geography'SRID=4326;POLYGON ((-98.85381567170148 36.05597984627865, -97.78119997991008 36.05052821595199, -97.76556196865786 37.04016090428803, -98.57597218522486 37.04437628379479, -98.59454619421808 36.97906759338634, -98.63631107099089 36.8316017340526, -98.67787689630852 36.684121801605066, -98.71927815195974 36.536628945404985, -98.76071975984765 36.389170897204274, -98.80191735752899 36.24159589920558, -98.84316375481463 36.093984698516174, -98.85381567170148 36.05597984627865))'
S2C_MSIL2A_20250722T161921_N0511_R040_T16TGR_20250722T211414.SAFE	geography'SRID=4326;POLYGON ((-83.54535785229831 45.01106587112654, -83.06996660895842 44.99758761245698, -83.02900741116822 45.58043769520834, -83.18621208170552 45.60294687054264, -83.33618057977343 45.624266411537846, -83.38642586126862 45.477799838608085, -83.43654839484766 45.33120899266425, -83.48641571119195 45.18455598487984, -83.53628306221076 45.03787344570072, -83.54535785229831 45.01106587112654))'
S2C_MSIL2A_20250722T161921_N0511_R040_T16TGQ_20250722T211414.SAFE	geography'SRID=4326;POLYGON ((-83.8441287901275 44.119699912667826, -83.13001323357865 44.099770918209835, -83.0639024439136 45.08595696049961, -83.51557598252161 45.098782376408565, -83.53628306221076 45.03787344570072, -83.58596033378177 44.89112325650257, -83.63547350418115 44.74434531597733, -83.68453539710052 44.597492644770206, -83.73388832963998 44.450754423337614, -83.78289809675867 44.30398718203778, -83.83169296798472 44.15722744721781, -83.8441287901275 44.119699912667826))'
S2C_MSIL2A_20250722T161921_N0511_R040_T17TLK_20250722T211414.SAFE	geography'SRID=4326;POLYGON ((-83.53899474822941 45.02986293256869, -83.50034838689311 44.137996748196564, -82.12808129589992 44.15979663371134, -82.14740738161733 45.148073182871244, -83.50628572682557 45.12610923992304, -83.53628306221076 45.03787344570072, -83.53899474822941 45.02986293256869))'
S2B_MSIL2A_20250721T173909_N0511_R098_T14TKM_20250721T213620.SAFE	geography'SRID=4326;POLYGON ((-102.64504576622768 42.39470139413761, -102.58926866785167 41.407726190110715, -101.27696656733475 41.441212166985935, -101.3124072413961 42.42936087235922, -102.64504576622768 42.39470139413761))'
S2B_MSIL2A_20250721T173909_N0511_R098_T13TEJ_20250721T213620.SAFE	geography'SRID=4326;POLYGON ((-104.24417332122788 43.260321210045824, -103.6475059675166 43.256794294201605, -103.62505994125077 44.24514241182411, -103.91874041030741 44.2469096254853, -103.96473109923521 44.1056660679464, -104.0135070509608 43.959022744050806, -104.06270891843252 43.812544547999615, -104.11172587995104 43.66596374507149, -104.1598775309063 43.51910691686028, -104.20788707331143 43.37219022035553, -104.24417332122788 43.260321210045824))'
S2B_MSIL2A_20250721T173909_N0511_R098_T13TFM_20250721T213620.SAFE	geography'SRID=4326;POLYGON ((-103.34163548280603 45.951828680497606, -102.29374566695488 45.93349650488509, -102.24441508393578 46.920536388192055, -102.99519617998395 46.93388585588302, -103.00989518791731 46.892968585516, -103.06216017776748 46.74636858860635, -103.11439793449584 46.59980367435614, -103.16624528238577 46.4532242691764, -103.217799806441 46.30667451280728, -103.26909136751556 46.160143306233934, -103.32024977802745 46.01361922486363, -103.34163548280603 45.951828680497606))'
S2B_MSIL2A_20250721T173909_N0511_R098_T13SGD_20250721T213620.SAFE	geography'SRID=4326;POLYGON ((-101.81374477737526 39.70495302091197, -102.66683353200474 39.72681533153163, -102.69936254729447 38.73821864423846, -102.15619353867817 38.724587981322664, -102.1446983924079 38.757925474154206, -102.09389420390502 38.90454961589992, -102.04303358887101 39.05115047642564, -101.99193395119208 39.19766458939731, -101.94071270240656 39.34403778335988, -101.88944108557244 39.490338514175406, -101.83799585317854 39.63660938185782, -101.81374477737526 39.70495302091197))'
S2B_MSIL2A_20250721T173909_N0511_R098_T13TGG_20250721T213620.SAFE	geography'SRID=4326;POLYGON ((-102.56928954696652 42.426911995973605, -102.60653922316479 41.43884624479472, -101.2944377014587 41.40403474612011, -101.23686356729512 42.39088066238852, -102.56928954696652 42.426911995973605))'
S2B_MSIL2A_20250721T173909_N0511_R098_T13TFH_20250721T213620.SAFE	geography'SRID=4326;POLYGON ((-103.76618786223798 43.346200009839855, -103.78571286582209 42.35764145317536, -102.45336942769977 42.33578223926217, -102.41246381589346 43.323576596360866, -103.76618786223798 43.346200009839855))'
S2B_MSIL2A_20250721T173909_N0511_R098_T14TLN_20250721T213620.SAFE	geography'SRID=4326;POLYGON ((-100.46375734310094 43.341948225689315, -101.46678204877878 43.32624633586568, -101.42778068203103 42.33836182515417, -100.84670177390178 42.34729213866753, -100.82149934836893 42.41372732375967, -100.76580602030766 42.55978309941036, -100.70975285229693 42.70572305566469, -100.6537152041767 42.85159059691199, -100.59761016523171 42.997404009351534, -100.54123340655681 43.143133265804366, -100.48450980221124 43.28883750912836, -100.46375734310094 43.341948225689315))'
S2B_MSIL2A_20250721T173909_N0511_R098_T14TMP_20250721T213620.SAFE	geography'SRID=4326;POLYGON ((-100.10485305285233 44.24727860199739, -100.25298174570909 44.246545441411556, -100.24571823095837 43.89559198455955, -100.19709747278104 44.01748685906545, -100.13873987877734 44.16323257716593, -100.10485305285233 44.24727860199739))'
S2B_MSIL2A_20250721T173909_N0511_R098_T13TGM_20250721T213620.SAFE	geography'SRID=4326;POLYGON ((-102.37351464472057 46.92357305830357, -102.42054054444475 45.93643087306754, -101.00699783345479 45.895735251937936, -100.93434286730422 46.881459661637656, -102.37351464472057 46.92357305830357))'
S2B_MSIL2A_20250721T173909_N0511_R098_T13TEH_20250721T213620.SAFE	geography'SRID=4326;POLYGON ((-104.53209695339851 42.36135083231959, -103.66698539119554 42.35632239007374, -103.64555267001923 43.34483481646455, -104.21566531715635 43.34821021440719, -104.25556146045233 43.22521204507396, -104.30307632827844 43.07822968557901, -104.350313995346 42.93123600160204, -104.39712272555667 42.78418054929073, -104.44405382347229 42.63727735330305, -104.49109046852465 42.49044416738764, -104.53209695339851 42.36135083231959))'
S2B_MSIL2A_20250721T173909_N0511_R098_T14SKJ_20250721T213620.SAFE	geography'SRID=4326;POLYGON ((-101.81036341599962 39.71448226997469, -102.49897689950004 39.6975094680204, -102.45026011044494 38.7099201955759, -102.15882576723277 38.716954159315776, -102.1446983924079 38.757925474154206, -102.09389420390502 38.90454961589992, -102.04303358887101 39.05115047642564, -101.99193395119208 39.19766458939731, -101.94071270240656 39.34403778335988, -101.88944108557244 39.490338514175406, -101.83799585317854 39.63660938185782, -101.81036341599962 39.71448226997469))'
S2B_MSIL2A_20250721T173909_N0511_R098_T13TGH_20250721T213620.SAFE	geography'SRID=4326;POLYGON ((-102.53371085886852 43.32625697177811, -102.57270445124811 42.33837210189082, -101.2421415546785 42.30245161555175, -101.18187629631363 43.28908179915951, -102.53371085886852 43.32625697177811))'
S2B_MSIL2A_20250721T173909_N0511_R098_T14TNS_20250721T213620.SAFE	geography'SRID=4326;POLYGON ((-98.97160721947851 46.95352868293283, -99.00026284243779 46.953709179213256, -99.0002625290876 46.88800296963856, -98.98378467363344 46.92578486229964, -98.97160721947851 46.95352868293283))'
S2B_MSIL2A_20250721T173909_N0511_R098_T14TLM_20250721T213620.SAFE	geography'SRID=4326;POLYGON ((-100.81284598353633 42.43642077657727, -101.43119626719712 42.42690168750588, -101.39393916355972 41.438836285507165, -101.18583257069568 41.44197952768329, -101.15056447537155 41.53759223419521, -101.09652768627174 41.683620433862416, -101.042032769802 41.82956681845242, -100.98733643919 41.97559343961147, -100.93219103771854 42.1216229772692, -100.87690707610538 42.26766905476851, -100.82149934836893 42.41372732375967, -100.81284598353633 42.43642077657727))'
S2C_MSIL2A_20250721T164921_N0511_R026_T16TDN_20250721T220214.SAFE	geography'SRID=4326;POLYGON ((-87.89182021653157 43.347862518098765, -88.2343055501801 43.346194685301704, -88.21763480749152 42.50248582890725, -88.2050488193542 42.535583951087474, -88.14933670595326 42.681493317341456, -88.0934350907361 42.82734363189179, -88.03732284067318 42.97318371920979, -87.98084591333425 43.11895169027979, -87.92421804102509 43.26475327503734, -87.89182021653157 43.347862518098765))'
S2C_MSIL2A_20250721T164921_N0511_R026_T16TDP_20250721T220214.SAFE	geography'SRID=4326;POLYGON ((-87.53472703522475 44.25010043156342, -88.25298174570908 44.246545441411556, -88.23252540128632 43.25815001081029, -87.92620424825029 43.25963932409264, -87.92421804102509 43.26475327503734, -87.86737465175595 43.410572049262406, -87.81024846505278 43.556314616123856, -87.75288625427102 43.702062264551074, -87.74216055385533 43.72913164121354, -87.69391479944801 43.85103246090743, -87.63597171955166 43.99679037301116, -87.61689570476345 44.0445578640212, -87.57912215701279 44.13929334539408, -87.53472703522475 44.25010043156342))'
S2C_MSIL2A_20250720T171921_N0511_R012_T14SLG_20250720T221316.SAFE	geography'SRID=4326;POLYGON ((-101.14230553260367 36.93806191563235, -100.01312514326092 36.95355914294569, -100.0265600589798 37.943111174604404, -100.85818635168977 37.93143919576809, -100.89088037172048 37.81816538847688, -100.93327318507023 37.67068961372178, -100.97558409955936 37.52324637504096, -101.01783199127313 37.375851267410205, -101.05983835364013 37.22844799450555, -101.1017470363411 37.080995024136335, -101.14230553260367 36.93806191563235))'
S2C_MSIL2A_20250720T171921_N0511_R012_T14TMK_20250720T221316.SAFE	geography'SRID=4326;POLYGON ((-100.17617765512465 40.23881284705105, -100.16613169555372 39.655752572676114, -98.88622008547372 39.66155122739065, -98.88455693238029 40.65079881136531, -100.05250378488658 40.6453989371906, -100.06135116481676 40.616489450801126, -100.10141330622697 40.485242970180494, -100.10577483832296 40.47092495665575, -100.14388446370936 40.34554679408066, -100.15097337267096 40.32221795261996, -100.17617765512465 40.23881284705105))'
S2C_MSIL2A_20250720T171921_N0511_R012_T14TLK_20250720T221316.SAFE	geography'SRID=4326;POLYGON ((-100.35234017766966 39.6524655586752, -100.05144935754969 39.656847486720984, -100.06611537833027 40.600881541823654, -100.10141330622697 40.485242970180494, -100.10577483832296 40.47092495665575, -100.14388446370936 40.34554679408066, -100.15097337267096 40.32221795261996, -100.19544733595795 40.175046311854736, -100.23973793722976 40.027864502593246, -100.283919700454 39.880622269353886, -100.32814347084512 39.733372475364256, -100.35234017766966 39.6524655586752))'
S2C_MSIL2A_20250720T171921_N0511_R012_T14TNK_20250720T221316.SAFE	geography'SRID=4326;POLYGON ((-99.00023656389149 40.650856515774606, -99.00023315577859 39.66160695799293, -97.72035792136309 39.6545573069827, -97.70165933840751 40.64355721409192, -99.00023656389149 40.650856515774606))'
S2C_MSIL2A_20250720T171921_N0511_R012_T14SLF_20250720T221316.SAFE	geography'SRID=4326;POLYGON ((-101.23630383886517 36.605620289060475, -101.21991719169928 36.03616769808406, -100.0014519629642 36.05254100905861, -100.01430253846532 37.042247242200354, -101.11704533559306 37.027081943810266, -101.14359716310624 36.93351005154016, -101.18534602360653 36.78599912253389, -101.22708291271792 36.6385049940256, -101.23630383886517 36.605620289060475))'
S2A_MSIL2A_20250720T164711_N0511_R126_T16TFR_20250720T213915.SAFE	geography'SRID=4326;POLYGON ((-84.2904964338999 45.99958296161596, -84.28945585240227 46.02142174250963, -85.70746796416668 46.046265456303395, -85.72992432822251 45.05819732058294, -84.69109015954184 45.040299395733385, -84.6628451299025 45.10874288194034, -84.60250548885787 45.25421883342848, -84.54198943153821 45.39963760478972, -84.48134519695778 45.54500415610736, -84.42061268254302 45.69029218780831, -84.35967338183461 45.835507282807775, -84.29849577180725 45.98065842829944, -84.2904964338999 45.99958296161596))'
S2B_MSIL2A_20250720T162839_N0511_R083_T17TLL_20250720T203024.SAFE	geography'SRID=4326;POLYGON ((-82.14596584275525 45.075674102982255, -82.1658919102777 46.0476276229589, -83.58406512039718 46.02435339629007, -83.53921420699882 45.037023116804335, -82.1526638246312 45.05940015686916, -82.15226336913909 45.060378321214806, -82.14596584275525 45.075674102982255))'
S2B_MSIL2A_20250720T162839_N0511_R083_T16TER_20250720T203024.SAFE	geography'SRID=4326;POLYGON ((-86.02879839252843 45.059330699326104, -85.60574612901156 45.05674859305782, -85.58109585564665 46.044766226835556, -85.68911010604275 46.045436625646644, -85.69168402430842 46.03806945363301, -85.74281259436182 45.89158052073511, -85.79361324567452 45.7450292424464, -85.84417462302684 45.59838776046448, -85.8946029095653 45.45167081491293, -85.94491592321731 45.304944912699845, -85.99512361644078 45.15819616224714, -86.02879839252843 45.059330699326104))'
S2B_MSIL2A_20250720T162839_N0511_R083_T16TFR_20250720T203024.SAFE	geography'SRID=4326;POLYGON ((-85.70876660381103 45.98912599912477, -85.72992432822251 45.05819732058294, -84.33649579223145 45.034190140253024, -84.28945585240227 46.02142174250963, -85.68893398056068 46.04594073905991, -85.69168402430842 46.03806945363301, -85.70876660381103 45.98912599912477))'
S2B_MSIL2A_20250720T162839_N0511_R083_T16TGR_20250720T203024.SAFE	geography'SRID=4326;POLYGON ((-84.41645116040286 46.024365075689296, -84.46129313653577 45.03703440306415, -83.06996660895842 44.99758761245698, -83.00067944006244 45.98354520692643, -84.41645116040286 46.024365075689296))'
S2A_MSIL2A_20250719T171721_N0511_R112_T14SNJ_20250719T233614.SAFE	geography'SRID=4326;POLYGON ((-98.09461188006598 38.75597068643898, -97.73659678080747 38.754036048213806, -97.71871965132908 39.74319619212293, -97.80161509061382 39.743653631261026, -97.82753764398947 39.65683984139968, -97.87140536546292 39.5096180890266, -97.9154379439492 39.36239390405522, -97.9592318427914 39.21504697812446, -98.00285214598844 39.067630835048654, -98.04642208875768 38.9202386342537, -98.08967258741632 38.7728340235791, -98.09461188006598 38.75597068643898))'
S2A_MSIL2A_20250719T171721_N0511_R112_T14SNH_20250719T233614.SAFE	geography'SRID=4326;POLYGON ((-98.35621251375098 37.85602993741588, -97.75213459127728 37.85282950328523, -97.73503988519937 38.84214867288121, -98.06880453146299 38.84395569289475, -98.08967258741632 38.7728340235791, -98.13283324428816 38.62547836769015, -98.1757634647852 38.47815053372072, -98.21872934195656 38.330879883204, -98.2614904001599 38.18361041448684, -98.30412373109601 38.03631604557793, -98.3467228415547 37.888992411063626, -98.35621251375098 37.85602993741588))'
S2C_MSIL2A_20250719T160921_N0511_R140_T17TMG_20250719T211215.SAFE	geography'SRID=4326;POLYGON ((-82.18160616381735 41.45759141204196, -80.88312689683454 41.46369251697452, -80.88255653528985 41.77342889366455, -81.14835095114904 41.81794432133432, -81.14846770958074 41.81758680316232, -81.14899720498214 41.81767254996994, -81.14921305666779 41.81701144592333, -81.14953455117234 41.817063798470365, -81.1496995609346 41.81655834458503, -81.42013305055298 41.86078369673879, -81.41977194182995 41.86190040633013, -81.71035102339732 41.90486980952587, -81.7102701211439 41.90512309767568, -81.73191199518922 41.908251536210926, -81.73227454519241 41.90711283393601, -81.73291485524643 41.90720613272953, -81.73299019911998 41.90696949517679, -81.9613816829911 41.940495754300805, -82.02762331253484 41.950147740987646, -82.0738357789045 41.80314215293532, -82.11991067485522 41.65603777002512, -82.16573848352814 41.508933717327565, -82.18160616381735 41.45759141204196))'
S2C_MSIL2A_20250719T160921_N0511_R140_T17TMG_20250719T210714.SAFE	geography'SRID=4326;POLYGON ((-80.88288181508757 41.59678482132849, -80.88130582637643 42.452629745736225, -81.87006890400477 42.447894649258735, -81.88435960761117 42.40290349224876, -81.93105893331612 42.25596227989066, -81.97752892110945 42.10899634656895, -82.02389404905124 41.961986989306325, -82.07010399944234 41.81492426599854, -82.07995792555745 41.78360615246737, -81.80643985537132 41.74328426089908, -81.76387543966605 41.73718017175356, -81.76375286381788 41.73756440402213, -81.76358729686886 41.73753968105339, -81.76357991034583 41.73756292197852, -81.76342605494531 41.73754000674953, -81.76333901486288 41.7378133917546, -81.76325509416989 41.73780092574841, -81.76298356929043 41.738656760092994, -81.7629129943124 41.738646470863614, -81.76280343011555 41.73899333015744, -81.48744011978819 41.698969114112025, -81.48801395494318 41.697176892399206, -81.1843194127963 41.647261546694885, -81.18384252925098 41.6487223760892, -81.18378802343612 41.648713299539175, -81.18376142812428 41.64879525651709, -80.91781298474007 41.60455185263271, -80.9182623010263 41.60318483110132, -80.88288181508757 41.59678482132849))'
S2A_MSIL2A_20250718T174741_N0511_R098_T13SGD_20250718T223114.SAFE	geography'SRID=4326;POLYGON ((-101.82782129992523 39.705313763339724, -102.66683353200474 39.72681533153163, -102.69936254729447 38.73821864423846, -102.16980039189579 38.72492944121196, -102.1567215940236 38.76287009619977, -102.1061568605111 38.909301580350935, -102.05551064795868 39.05568550859018, -102.00467524389232 39.20196405839664, -101.95356591568184 39.34821227915734, -101.9022550789973 39.49455909039052, -101.850705350548 39.64093402318732, -101.82782129992523 39.705313763339724))'
S2A_MSIL2A_20250718T174741_N0511_R098_T13TFL_20250718T205516.SAFE	geography'SRID=4326;POLYGON ((-102.3052583453161 45.68977335061936, -102.28945585240228 46.02142174250963, -103.32352951949774 46.039538816414606, -103.35140715806841 45.959875932768256, -103.38890340473152 45.85079042215212, -103.07256785762851 45.80636533723754, -103.07258714905117 45.80631040840533, -103.05406089255732 45.80364260023498, -103.0538523215544 45.80423382741696, -103.05382750646572 45.80423030499437, -103.05369888502985 45.80459400748723, -102.759227839176 45.76291644189519, -102.75942743774945 45.76236164466376, -102.75590130774204 45.76186026778056, -102.75633931931937 45.760636306557885, -102.73852377581312 45.757791489567936, -102.43542197168735 45.70991206471569, -102.4351029095664 45.71078532414038, -102.3052583453161 45.68977335061936))'
S2A_MSIL2A_20250718T174741_N0511_R098_T13TEJ_20250718T223114.SAFE	geography'SRID=4326;POLYGON ((-104.25638206042717 43.26039337621254, -103.6475059675166 43.256794294201605, -103.62505994125077 44.24514241182411, -103.93127356845318 44.24698504339908, -103.97588599006835 44.11055681942551, -104.02472764746864 43.96382578003946, -104.07403862147233 43.81734859986778, -104.12283547259014 43.67081147104644, -104.17078570316804 43.52412780427326, -104.21855621306173 43.37733642633284, -104.25638206042717 43.26039337621254))'
S2A_MSIL2A_20250718T174741_N0511_R098_T14TLL_20250718T223114.SAFE	geography'SRID=4326;POLYGON ((-101.16733993014091 41.53032983298181, -101.3971826192205 41.52685230149302, -101.37678531953443 40.960655992810985, -101.32448226076797 41.10370004787512, -101.27092985652455 41.24976249798764, -101.21709300874134 41.39592362830447, -101.16733993014091 41.53032983298181))'
S2A_MSIL2A_20250718T174741_N0511_R098_T14TKL_20250718T223114.SAFE	geography'SRID=4326;POLYGON ((-101.2705141868035 41.25089099563878, -101.28005188450415 41.52923550071836, -102.59412455183308 41.49564643575739, -102.54082260253305 40.50846282585221, -101.53155528146695 40.533757854773214, -101.48386317838673 40.6655461196056, -101.43096793368024 40.81167737955162, -101.37786179373532 40.95771193488209, -101.32448226076797 41.10370004787512, -101.27092985652455 41.24976249798764, -101.2705141868035 41.25089099563878))'
S2A_MSIL2A_20250718T174741_N0511_R098_T13TGF_20250718T223114.SAFE	geography'SRID=4326;POLYGON ((-101.3086611399246 41.14685164315002, -101.28942535132569 41.49194363396281, -102.60329641413972 41.5268622914542, -102.63889095789968 40.53861750192735, -101.54014830424599 40.50998562367345, -101.53675910926772 40.519378043608334, -101.48386317838673 40.6655461196056, -101.43096793368024 40.81167737955162, -101.37786179373532 40.95771193488209, -101.32448226076797 41.10370004787512, -101.3086611399246 41.14685164315002))'
S2A_MSIL2A_20250718T174741_N0511_R098_T14SKJ_20250718T223114.SAFE	geography'SRID=4326;POLYGON ((-101.82468781387531 39.714129205194396, -102.49897689950004 39.6975094680204, -102.45026011044494 38.7099201955759, -102.17266474914355 38.71662014618649, -102.1567215940236 38.76287009619977, -102.1061568605111 38.909301580350935, -102.05551064795868 39.05568550859018, -102.00467524389232 39.20196405839664, -101.95356591568184 39.34821227915734, -101.9022550789973 39.49455909039052, -101.850705350548 39.64093402318732, -101.82468781387531 39.714129205194396))'
S2B_MSIL2A_20250718T172859_N0511_R055_T13SGC_20250718T213020.SAFE	geography'SRID=4326;POLYGON ((-102.6965295968872 38.82628170870513, -102.72763580740045 37.83751218570364, -101.48163775999417 37.80685703267152, -101.43354720329414 38.79452724007538, -102.6965295968872 38.82628170870513))'
S2B_MSIL2A_20250718T172859_N0511_R055_T14SKH_20250718T213020.SAFE	geography'SRID=4326;POLYGON ((-102.4545029640868 38.797894647715, -102.40791466143585 37.81010790673744, -101.16175219508035 37.83959549435291, -101.19134725642266 38.82843976082239, -102.4545029640868 38.797894647715))'
S2B_MSIL2A_20250718T172859_N0511_R055_T13SGD_20250718T213020.SAFE	geography'SRID=4326;POLYGON ((-102.66683353200474 39.72681533153163, -102.69936254729447 38.73821864423846, -101.43792685625729 38.70656329494251, -101.38763948191425 39.69403311805837, -102.66683353200474 39.72681533153163))'
S2B_MSIL2A_20250718T172859_N0511_R055_T14SKG_20250718T213020.SAFE	geography'SRID=4326;POLYGON ((-102.41197247867947 37.8980997878049, -102.36741300313712 36.910119161555244, -101.13602504584179 36.93866731150362, -101.16432984132963 37.92768043331917, -102.41197247867947 37.8980997878049))'
S2B_MSIL2A_20250718T172859_N0511_R055_T13SGA_20250718T213020.SAFE	geography'SRID=4326;POLYGON ((-102.75206945697532 37.02528430302893, -102.78052649213598 36.03617591535172, -101.56341398032555 36.007451011934776, -101.51941449107781 36.995510653879045, -102.75206945697532 37.02528430302893))'
S2B_MSIL2A_20250718T172859_N0511_R055_T14TKL_20250718T213020.SAFE	geography'SRID=4326;POLYGON ((-102.54879628213284 40.65614008559446, -102.54082260253305 40.50846282585221, -101.24618611840133 40.54090999482793, -101.28005188450415 41.52923550071836, -102.28797949078454 41.503471822129626, -102.32368562737496 41.38934956268907, -102.3689121769931 41.24218681081496, -102.41428470970077 41.09508586608119, -102.45970249007696 40.9480546668479, -102.50451513161187 40.800908964062685, -102.54879628213284 40.65614008559446))'
S2B_MSIL2A_20250718T172859_N0511_R055_T13SGB_20250718T213020.SAFE	geography'SRID=4326;POLYGON ((-102.72492653924301 37.925590547672954, -102.75467671035365 36.93665039764339, -101.52344565573672 36.90697181308603, -101.47744908495345 37.89483865903757, -102.72492653924301 37.925590547672954))'
S2B_MSIL2A_20250718T172859_N0511_R055_T14SKF_20250718T213020.SAFE	geography'SRID=4326;POLYGON ((-102.37131820920371 36.99866808026183, -102.32869364809063 36.01049725766069, -101.11143123293883 36.03812799310683, -101.13850562461279 37.02730768000537, -102.37131820920371 36.99866808026183))'
S2B_MSIL2A_20250718T172859_N0511_R055_T13TGF_20250718T213020.SAFE	geography'SRID=4326;POLYGON ((-102.5850238286717 40.53721379098483, -101.34444498559898 40.50488583658978, -101.28942535132569 41.49194363396281, -102.28332185071281 41.51835835031227, -102.32368562737496 41.38934956268907, -102.3689121769931 41.24218681081496, -102.41428470970077 41.09508586608119, -102.45970249007696 40.9480546668479, -102.50451513161187 40.800908964062685, -102.54950246363887 40.65383135821452, -102.5850238286717 40.53721379098483))'
S2B_MSIL2A_20250718T172859_N0511_R055_T14SKJ_20250718T213020.SAFE	geography'SRID=4326;POLYGON ((-102.49897689950004 39.6975094680204, -102.45026011044494 38.7099201955759, -101.18865192655385 38.74036995699254, -101.21960079191267 39.7290432642928, -102.49897689950004 39.6975094680204))'
S2C_MSIL2A_20250718T163921_N0511_R126_T16TGR_20250718T215416.SAFE	geography'SRID=4326;POLYGON ((-84.28924463429041 46.02069742671235, -84.41645116040286 46.024365075689296, -84.43200992388378 45.68179220674835, -84.41241295430385 45.728593784832846, -84.35120006351382 45.87395621684024, -84.28982145930105 46.01934133117361, -84.28924463429041 46.02069742671235))'
S2C_MSIL2A_20250717T170911_N0511_R112_T15UVQ_20250717T215857.SAFE	geography'SRID=4326;POLYGON ((-94.36133909586061 48.76147951504724, -94.3584537749198 48.6570207750582, -93.69039426225511 48.66057585067549, -93.76096005357897 48.6719140003114, -93.7609335989355 48.6719802408026, -93.77308461601449 48.67392039674117, -93.78236524347297 48.67535953096289, -93.7825962056388 48.67477940844806, -93.7830629657671 48.674852164331774, -93.78323056085593 48.67443111648559, -94.08770447958105 48.72208161861245, -94.0874730792637 48.7226721862517, -94.10388410112803 48.72521702099313, -94.10397452001575 48.72498656054785, -94.36133909586061 48.76147951504724))'
S2A_MSIL2A_20250716T170721_N0511_R069_T15SUD_20250716T220209.SAFE	geography'SRID=4326;POLYGON ((-94.05178104955205 39.677174273196684, -94.05279562809639 39.74549354563108, -94.41829840402795 39.7401608094044, -94.38015519188286 39.73390089237611, -94.379848864112 39.73487614572023, -94.37982820236893 39.73487267445957, -94.37982336512567 39.73488809742702, -94.1212399648152 39.69150529842848, -94.12135884522272 39.69113147293931, -94.1185182590663 39.69065314431917, -94.11892385535353 39.68938003808356, -94.05178104955205 39.677174273196684))'
S2A_MSIL2A_20250715T173731_N0511_R055_T14TNK_20250715T235113.SAFE	geography'SRID=4326;POLYGON ((-98.97109961689304 40.65069273701576, -99.00023656389149 40.650856515774606, -99.00023628647136 40.57033167859078, -98.97109961689304 40.65069273701576))'
S2A_MSIL2A_20250715T173731_N0511_R055_T13TGE_20250715T235113.SAFE	geography'SRID=4326;POLYGON ((-102.64444912417754 40.37513727913616, -102.6698144654414 39.63822758400475, -101.39224764301619 39.60554763793313, -101.33965430802601 40.59281342227294, -102.56852653157851 40.62489343194306, -102.57585173521008 40.60086595566014, -102.62057333341104 40.45378528082989, -102.64444912417754 40.37513727913616))'
S2A_MSIL2A_20250715T173731_N0511_R055_T14SKJ_20250716T013112.SAFE	geography'SRID=4326;POLYGON ((-102.48468613557687 39.40780636115933, -102.45026011044494 38.7099201955759, -101.18865192655385 38.74036995699254, -101.2024510673701 39.18118877314415, -101.24528686009043 39.18973227994789, -101.24450094348707 39.19217396585411, -101.52629093424781 39.24571786676969, -101.5265390270844 39.24493828263224, -101.52665684511167 39.24495975568451, -101.52685368595728 39.24434035340222, -101.52695372487646 39.24435862531615, -101.52714861788871 39.24374646796097, -101.52993554670675 39.24425655826041, -101.52998446134512 39.2441027875143, -101.78444431308664 39.29060498352289, -101.7842852837918 39.29111108319163, -101.78443587196938 39.291138615154175, -101.78381531614832 39.29311516711751, -101.78962796364131 39.29410698281183, -102.070083418377 39.34178696839664, -102.07037662483334 39.3408413228542, -102.070727535908 39.34089906152416, -102.07097203226868 39.34010937824876, -102.0713546930281 39.34017264625586, -102.07154143348265 39.339570586812286, -102.33170132784355 39.382782051704496, -102.33168836969054 39.382824353481325, -102.33486588226978 39.38335120690053, -102.3348631714188 39.38336006058086, -102.33574665692063 39.38350682039904, -102.33572572397792 39.38357525004732, -102.3360342102404 39.3836265835776, -102.33547789870352 39.38544680074351, -102.48468613557687 39.40780636115933))'
S2A_MSIL2A_20250715T173731_N0511_R055_T13TGF_20250715T235113.SAFE	geography'SRID=4326;POLYGON ((-102.59512587652158 40.537477037890916, -101.34444498559898 40.50488583658978, -101.28942535132569 41.49194363396281, -102.29290584375448 41.518613063411514, -102.30385742965743 41.48361432596835, -102.34966875080637 41.33644410054432, -102.3952317936984 41.18924943172063, -102.44076000199753 41.04212812600559, -102.48599422220056 40.89500739230795, -102.53102061211598 40.74791698673837, -102.57585173521008 40.60086595566014, -102.59512587652158 40.537477037890916))'
S2A_MSIL2A_20250715T173731_N0511_R055_T14TKM_20250715T235113.SAFE	geography'SRID=4326;POLYGON ((-102.32538395402506 41.41445972914981, -101.27696656733475 41.441212166985935, -101.3124072413961 42.42936087235922, -102.01206528468576 42.411164052845066, -102.02643640981213 42.365789423105454, -102.07277054850593 42.21886675734751, -102.1192093388923 42.07192751817457, -102.16554571985539 41.924940607160565, -102.2117297535581 41.777859927843735, -102.25781904804842 41.63074235331729, -102.30385742965743 41.48361432596835, -102.32538395402506 41.41445972914981))'
S2A_MSIL2A_20250715T173731_N0511_R055_T14TKL_20250715T235113.SAFE	geography'SRID=4326;POLYGON ((-102.55033158785993 40.68457485523937, -102.54082260253305 40.50846282585221, -101.24618611840133 40.54090999482793, -101.28005188450415 41.52923550071836, -102.29772166806397 41.503222801939465, -102.30385742965743 41.48361432596835, -102.34966875080637 41.33644410054432, -102.3952317936984 41.18924943172063, -102.44076000199753 41.04212812600559, -102.48599422220056 40.89500739230795, -102.53102061211598 40.74791698673837, -102.55033158785993 40.68457485523937))'
S2A_MSIL2A_20250715T173731_N0511_R055_T13SGB_20250716T013112.SAFE	geography'SRID=4326;POLYGON ((-102.72492653924301 37.925590547672954, -102.75467671035365 36.93665039764339, -101.52344565573672 36.90697181308603, -101.47744908495345 37.89483865903757, -102.72492653924301 37.925590547672954))'
S2A_MSIL2A_20250715T173731_N0511_R055_T14TKK_20250715T235113.SAFE	geography'SRID=4326;POLYGON ((-102.54546370146345 40.59640146890937, -102.49451264760637 39.609013147606916, -101.21676465654707 39.64044856303257, -101.24913477999112 40.62894899386581, -102.54546370146345 40.59640146890937))'
S2A_MSIL2A_20250715T173731_N0511_R055_T14SKH_20250716T013112.SAFE	geography'SRID=4326;POLYGON ((-102.4545029640868 38.797894647715, -102.40791466143585 37.81010790673744, -101.16175219508035 37.83959549435291, -101.19134725642266 38.82843976082239, -102.4545029640868 38.797894647715))'
S2A_MSIL2A_20250715T173731_N0511_R055_T13TGH_20250715T235113.SAFE	geography'SRID=4326;POLYGON ((-102.03962136677767 42.32398074639558, -101.2421415546785 42.30245161555175, -101.18187629631363 43.28908179915951, -101.7260006508823 43.304045107072604, -101.74431200865544 43.24757381205018, -101.79176762111352 43.10051391684743, -101.83913920084771 42.95348194800308, -101.8862984083426 42.8064768539236, -101.93330109419922 42.65956420070479, -101.97991576844272 42.51267123359862, -102.02643640981213 42.365789423105454, -102.03962136677767 42.32398074639558))'
S2A_MSIL2A_20250715T173731_N0511_R055_T13SGC_20250716T013112.SAFE	geography'SRID=4326;POLYGON ((-102.6965295968872 38.82628170870513, -102.72763580740045 37.83751218570364, -101.48163775999417 37.80685703267152, -101.43354720329414 38.79452724007538, -102.6965295968872 38.82628170870513))'
S2A_MSIL2A_20250715T173731_N0511_R055_T13TGG_20250715T235113.SAFE	geography'SRID=4326;POLYGON ((-102.32015800792773 41.43124823570035, -101.2944377014587 41.40403474612011, -101.23686356729512 42.39088066238852, -102.01185188773593 42.411837821078294, -102.02643640981213 42.365789423105454, -102.07277054850593 42.21886675734751, -102.1192093388923 42.07192751817457, -102.16554571985539 41.924940607160565, -102.2117297535581 41.777859927843735, -102.25781904804842 41.63074235331729, -102.30385742965743 41.48361432596835, -102.32015800792773 41.43124823570035))'
S2A_MSIL2A_20250715T173731_N0511_R055_T13SGD_20250715T235113.SAFE	geography'SRID=4326;POLYGON ((-101.42054122744749 39.047956816275814, -101.38763948191425 39.69403311805837, -102.66683353200474 39.72681533153163, -102.68219372055249 39.26000035483303, -102.66483592011683 39.257452982893135, -102.66477077616189 39.25766924758364, -102.6646942199473 39.25765771555408, -102.66434421871136 39.25882128725368, -102.66424332930158 39.25880637235219, -102.66412371651222 39.259205885401045, -102.3989446092944 39.22012361430098, -102.39913698832864 39.21949103928034, -102.39620873916688 39.219057485456105, -102.3968453955206 39.216981041960686, -102.1074273326385 39.169306724615616, -102.10690479114712 39.17099277111116, -102.10682530920477 39.17097936395313, -102.10680630976304 39.17104097420743, -101.85064198078975 39.127890393960456, -101.8507835086904 39.12743731174318, -101.84802742803944 39.12697135975554, -101.84823213548093 39.12632092583286, -101.84819769844064 39.1263150844209, -101.84860021828865 39.12502594445796, -101.56638911963492 39.07354669642102, -101.56580005628744 39.075398221365674, -101.56571180699683 39.075381468563855, -101.565674572402 39.07549906813952, -101.42054122744749 39.047956816275814))'
S2A_MSIL2A_20250715T173731_N0511_R055_T13SGD_20250716T013112.SAFE	geography'SRID=4326;POLYGON ((-102.67648179690502 39.433592722928765, -102.69936254729447 38.73821864423846, -101.43792685625729 38.70656329494251, -101.4115801532274 39.22392127038838, -101.52629093424781 39.24571786676969, -101.5265390270844 39.24493828263224, -101.52665684511167 39.24495975568451, -101.52685368595728 39.24434035340222, -101.52695372487646 39.24435862531615, -101.52714861788871 39.24374646796097, -101.52993554670675 39.24425655826041, -101.52998446134512 39.2441027875143, -101.78444431308664 39.29060498352289, -101.7842852837918 39.29111108319163, -101.78443587196938 39.291138615154175, -101.78381531614832 39.29311516711751, -101.78962796364131 39.29410698281183, -102.070083418377 39.34178696839664, -102.07037662483334 39.3408413228542, -102.070727535908 39.34089906152416, -102.07097203226868 39.34010937824876, -102.0713546930281 39.34017264625586, -102.07154143348265 39.339570586812286, -102.33170132784355 39.382782051704496, -102.33168836969054 39.382824353481325, -102.33486588226978 39.38335120690053, -102.3348631714188 39.38336006058086, -102.33574665692063 39.38350682039904, -102.33572572397792 39.38357525004732, -102.3360342102404 39.3836265835776, -102.33547789870352 39.38544680074351, -102.63079907046041 39.429702075923615, -102.6309791295004 39.429104861153554, -102.63163808399824 39.429201436109366, -102.63200829949363 39.42797149477858, -102.63269393238096 39.428072797083246, -102.63280805089249 39.427694283166645, -102.63643406285827 39.42823400694071, -102.63650678408489 39.42799244622599, -102.63689391767565 39.42805011770529, -102.63700158180312 39.42769215739448, -102.67648179690502 39.433592722928765))'
S2A_MSIL2A_20250715T173731_N0511_R055_T14SKJ_20250715T235113.SAFE	geography'SRID=4326;POLYGON ((-101.19685889706913 39.00254476011333, -101.21960079191267 39.7290432642928, -102.49897689950004 39.6975094680204, -102.47598805038034 39.23147832728193, -102.3989446092944 39.22012361430098, -102.39913698832864 39.21949103928034, -102.39620873916688 39.219057485456105, -102.3968453955206 39.216981041960686, -102.1074273326385 39.169306724615616, -102.10690479114712 39.17099277111116, -102.10682530920477 39.17097936395313, -102.10680630976304 39.17104097420743, -101.85064198078975 39.127890393960456, -101.8507835086904 39.12743731174318, -101.84802742803944 39.12697135975554, -101.84823213548093 39.12632092583286, -101.84819769844064 39.1263150844209, -101.84860021828865 39.12502594445796, -101.56638911963492 39.07354669642102, -101.56580005628744 39.075398221365674, -101.56571180699683 39.075381468563855, -101.565674572402 39.07549906813952, -101.31424247457046 39.0277842844193, -101.31444957537262 39.027137318218976, -101.31192458514391 39.026657735455736, -101.31205031495124 39.02626788528838, -101.31194751827961 39.02624834531965, -101.31215970946448 39.02558528542082, -101.19685889706913 39.00254476011333))'
S2A_MSIL2A_20250715T173731_N0511_R055_T14SLJ_20250716T013112.SAFE	geography'SRID=4326;POLYGON ((-101.31648783072066 39.20585244586985, -101.301097327331 38.73820958831532, -100.03810488537859 38.75625435897602, -100.04065446757187 38.92793707533933, -100.16923161564173 38.958012669947934, -100.16895599797401 38.95883056252624, -100.16904988366616 38.9588526272634, -100.16895670290103 38.9591293916158, -100.16915021045584 38.959174939363145, -100.16910589700025 38.95930655736338, -100.16928610353213 38.95934904135115, -100.16915060516611 38.95975107690927, -100.16960133761948 38.95985763851452, -100.16948387334288 38.96020632768932, -100.16961827660744 38.96023815262827, -100.16955171090626 38.960435866028, -100.1697198142686 38.960475734524, -100.1695459937936 38.96099194872366, -100.45317600605186 39.026418140381566, -100.45376252016705 39.024660539181035, -100.45603219233145 39.02515211082864, -100.45608492778605 39.02499383209346, -100.45626412126516 39.02503257788175, -100.45628694130464 39.02496414116435, -100.70950817691079 39.079764932492154, -100.70905372670272 39.08114279420552, -100.70919104103417 39.08117269508862, -100.70907681116269 39.081519161372725, -100.7091155119469 39.08152759570318, -100.70908988923696 39.08160535536794, -100.70915139779292 39.081618772510126, -100.70893561644323 39.08227353185447, -100.99000461309421 39.1413316154594, -100.99060751568045 39.13948230540332, -100.99309127182461 39.13997818188385, -100.99325808026259 39.13946568142232, -101.24528686009043 39.18973227994789, -101.24450094348707 39.19217396585411, -101.31648783072066 39.20585244586985))'
S2B_MSIL2A_20250715T171859_N0511_R012_T14SPF_20250715T205353.SAFE	geography'SRID=4326;POLYGON ((-97.69255233282878 37.03856795802566, -97.87551445266065 37.041254047993014, -97.88392749683578 36.45679301618264, -97.84661887772207 36.57049646723, -97.79843409531456 36.71721697662248, -97.75023136758 36.8638582427302, -97.70185070222445 37.01047163475169, -97.69255233282878 37.03856795802566))'
S2B_MSIL2A_20250715T171859_N0511_R012_T14SPG_20250715T205353.SAFE	geography'SRID=4326;POLYGON ((-97.39253955988372 37.93505249007719, -97.86192606806475 37.94208532019618, -97.8768196851591 36.952569122489834, -97.72170776149333 36.95029654634421, -97.70185070222445 37.01047163475169, -97.65333189437922 37.157077996800766, -97.6045712749203 37.30368432589288, -97.5557075159818 37.450306947046286, -97.50658745816176 37.59698004667822, -97.45725169399464 37.74364040638601, -97.40768961281725 37.8903368297484, -97.39253955988372 37.93505249007719))'
S2C_MSIL2A_20250715T162921_N0511_R083_T17TLH_20250715T220516.SAFE	geography'SRID=4326;POLYGON ((-82.86278969925694 43.33570155792833, -83.46678204877878 43.32624633586568, -83.42778068203103 42.33836182515417, -83.24517104782949 42.341168262044526, -83.24285945899923 42.347277235122576, -83.18745244440224 42.49325122912806, -83.13183508892105 42.63919321572221, -83.07605954090627 42.78510920278036, -83.01992545340168 42.93096270344703, -82.96347011553034 43.076880144009486, -82.90682152554413 43.222823426328965, -82.86278969925694 43.33570155792833))'
S2C_MSIL2A_20250715T162921_N0511_R083_T17TKF_20250715T220516.SAFE	geography'SRID=4326;POLYGON ((-83.55204156509413 41.522283161416894, -84.59412455183308 41.49564643575739, -84.54082260253305 40.50846282585221, -83.91725003456105 40.524091278108585, -83.89201615747187 40.59400344011944, -83.83908118994486 40.740192594715694, -83.78595396261481 40.88637533701899, -83.73261358875918 41.032506820580174, -83.67898422675523 41.17869026688161, -83.62507857582301 41.324874958408266, -83.62501334162894 41.325051410746056, -83.62389484599716 41.32808965489297, -83.62065766794377 41.33683309694995, -83.57102043666524 41.47109712250062, -83.55204156509413 41.522283161416894))'
S2C_MSIL2A_20250715T162921_N0511_R083_T17TLG_20250715T220516.SAFE	geography'SRID=4326;POLYGON ((-83.21135199588618 42.43028604303339, -83.43119626719712 42.42690168750588, -83.41133271052102 41.90011642520258, -83.4078833949957 41.909352016059934, -83.35308065617694 42.05533619674884, -83.29808826137473 42.20132079925971, -83.24285945899923 42.347277235122576, -83.21135199588618 42.43028604303339))'
S2C_MSIL2A_20250715T162921_N0511_R083_T16TGM_20250715T220516.SAFE	geography'SRID=4326;POLYGON ((-83.23878050221064 42.35802355701225, -83.2368635672951 42.39088066238852, -84.5692895469665 42.426911995973605, -84.60653922316477 41.43884624479472, -83.59288597409994 41.411952907539494, -83.57102043666524 41.47109712250062, -83.51682408572435 41.61726474463693, -83.46241513346878 41.763342518935566, -83.4078833949957 41.909352016059934, -83.35308065617694 42.05533619674884, -83.29808826137473 42.20132079925971, -83.24285945899923 42.347277235122576, -83.23878050221064 42.35802355701225))'
S2C_MSIL2A_20250715T162921_N0511_R083_T16TFM_20250715T220516.SAFE	geography'SRID=4326;POLYGON ((-85.78400297732624 42.44624086265282, -85.80265404258905 41.457520191909595, -84.48886345311317 41.43633638009555, -84.44978706678563 42.42431413705452, -85.78400297732624 42.44624086265282))'
S2C_MSIL2A_20250715T162921_N0511_R083_T16TGL_20250715T220516.SAFE	geography'SRID=4326;POLYGON ((-83.56061851577978 41.49915111534481, -84.6032964141397 41.5268622914542, -84.63889095789966 40.53861750192735, -83.91878003819917 40.5198522996176, -83.89201615747187 40.59400344011944, -83.83908118994486 40.740192594715694, -83.78595396261481 40.88637533701899, -83.73261358875918 41.032506820580174, -83.67898422675523 41.17869026688161, -83.62507857582301 41.324874958408266, -83.62501334162894 41.325051410746056, -83.62389484599716 41.32808965489297, -83.62065766794377 41.33683309694995, -83.57102043666524 41.47109712250062, -83.56061851577978 41.49915111534481))'
S2C_MSIL2A_20250715T162921_N0511_R083_T16TGN_20250715T220516.SAFE	geography'SRID=4326;POLYGON ((-83.2387407107909 42.35812839053397, -83.18187629631362 43.28908179915951, -84.53371085886852 43.32625697177811, -84.5727044512481 42.33837210189082, -83.25964235649994 42.30292407522605, -83.24285945899923 42.347277235122576, -83.2387407107909 42.35812839053397))'
S2C_MSIL2A_20250715T162921_N0511_R083_T16TFN_20250715T220516.SAFE	geography'SRID=4326;POLYGON ((-85.76618786223797 43.346200009839855, -85.78571286582208 42.35764145317536, -84.45336942769976 42.33578223926217, -84.41246381589345 43.323576596360866, -85.76618786223797 43.346200009839855))'
S2C_MSIL2A_20250715T162921_N0511_R083_T16TGP_20250715T220516.SAFE	geography'SRID=4326;POLYGON ((-84.49642893280085 44.22597512802537, -84.53726452230805 43.238273156784096, -83.1873683405316 43.201211355403785, -83.1242610537248 44.18762158427181, -84.49642893280085 44.22597512802537))'
S2C_MSIL2A_20250715T162921_N0511_R083_T17TKG_20250715T220516.SAFE	geography'SRID=4326;POLYGON ((-83.30369463330383 42.18643794172021, -83.3124072413961 42.42936087235922, -84.64504576622768 42.39470139413761, -84.58926866785167 41.407726190110715, -83.58497448554579 41.43335273734505, -83.57102043666524 41.47109712250062, -83.51682408572435 41.61726474463693, -83.46241513346878 41.763342518935566, -83.4078833949957 41.909352016059934, -83.35308065617694 42.05533619674884, -83.30369463330383 42.18643794172021))'
S2A_MSIL2A_20250714T180801_N0511_R041_T13TEM_20250715T004115.SAFE	geography'SRID=4326;POLYGON ((-104.02465371965191 46.94756400421337, -105.00026284243779 46.953709179213256, -105.00025812995321 45.965551148516354, -104.44920594396261 45.962136016792606, -104.39873597927512 46.0806980453492, -104.33681215347929 46.226120317472166, -104.27426064135578 46.37134607816891, -104.21210026222792 46.51666683207419, -104.14917156447665 46.66180084755084, -104.08607840297482 46.806834093525545, -104.02465371965191 46.94756400421337))'
S2B_MSIL2A_20250714T174909_N0511_R141_T13TFG_20250714T213233.SAFE	geography'SRID=4326;POLYGON ((-103.33475632895677 42.43885786871089, -103.78400297732625 42.44624086265282, -103.80265404258907 41.457520191909595, -103.70388693349989 41.45592765207172, -103.69567581360488 41.478148441351244, -103.64084847355936 41.62421002382012, -103.58611740938456 41.77031620431456, -103.53147346852819 41.91645877373406, -103.4769158614047 42.06261614278497, -103.42187614265981 42.2085013959397, -103.3668722603291 42.354383715481134, -103.33475632895677 42.43885786871089))'
S2B_MSIL2A_20250714T174909_N0511_R141_T13TFF_20250714T213233.SAFE	geography'SRID=4326;POLYGON ((-103.67114625437249 41.54349587997899, -103.80103038521031 41.545593768972765, -103.80771666542636 41.17458834304367, -103.80360514526403 41.1857848766668, -103.74970680782575 41.33193070826536, -103.69567581360488 41.478148441351244, -103.67114625437249 41.54349587997899))'
S2B_MSIL2A_20250714T174909_N0511_R141_T13TGK_20250714T213358.SAFE	geography'SRID=4326;POLYGON ((-102.27238001326465 45.12027207112429, -102.45736864275568 45.12552488296481, -102.47949451062 44.6148104525866, -102.47893344910256 44.6162019173796, -102.41943214429688 44.76166080292499, -102.36007239350698 44.90726809561264, -102.31508565443586 45.016786925084155, -102.30060334229807 45.05209399672872, -102.27238001326465 45.12027207112429))'
S2C_MSIL2A_20250714T165921_N0511_R069_T16TCS_20250714T222410.SAFE	geography'SRID=4326;POLYGON ((-88.93087337141394 46.935155548853736, -89.62701019239007 46.92356100851489, -89.57997492136948 45.93641922924405, -89.35899907518062 45.940040430845166, -89.34314548559881 45.97765088552871, -89.2816820940998 46.122928572988975, -89.21977947061873 46.268167307924685, -89.15744950426509 46.413397063011445, -89.0944279770799 46.55851444427558, -89.04305485651606 46.67741910713747, -89.0302697233646 46.70701680747188, -89.01118604542171 46.751008959720345, -88.96871377283776 46.848956886091614, -88.93087337141394 46.935155548853736))'
S2C_MSIL2A_20250714T165921_N0511_R069_T15TUH_20250714T222410.SAFE	geography'SRID=4326;POLYGON ((-94.48830232930673 42.35280020195888, -94.09530924716697 42.35883991770658, -94.11292216497772 43.34744038882544, -94.16921688631614 43.34655912088946, -94.18499637749856 43.297988495037686, -94.23252284167172 43.15112883486766, -94.27996049093443 43.004273472833205, -94.32721641544607 42.85736247335401, -94.37430901201064 42.710393263027534, -94.42125780465337 42.56337297582326, -94.46809674680131 42.41633512617614, -94.48830232930673 42.35280020195888))'
S2C_MSIL2A_20250714T165921_N0511_R069_T15TUG_20250714T222410.SAFE	geography'SRID=4326;POLYGON ((-94.77245508965633 41.44822318154923, -94.08002716017 41.458681613653354, -94.09685168418683 42.44744302996699, -94.45996799100996 42.44185309727146, -94.46809674680131 42.41633512617614, -94.51485129952921 42.269318975388046, -94.56145269984304 42.12230955365526, -94.6077610042496 41.975309933512754, -94.65386341818106 41.82827488976192, -94.69974442990492 41.6811849743834, -94.74578823916895 41.534139080476, -94.77245508965633 41.44822318154923))'
S2C_MSIL2A_20250714T165921_N0511_R069_T15TYH_20250714T222410.SAFE	geography'SRID=4326;POLYGON ((-90.42022612776152 43.32313616499795, -90.53371085886852 43.32625697177811, -90.5466916692434 42.997394064165164, -90.52038779537048 43.06558550358277, -90.46359830597075 43.211377700371365, -90.42022612776152 43.32313616499795))'
S2C_MSIL2A_20250714T165921_N0511_R069_T15TXM_20250714T222410.SAFE	geography'SRID=4326;POLYGON ((-91.68596471962562 46.94616825397537, -91.70951593127273 45.95826451839171, -90.29374566695486 45.93349650488509, -90.24441508393578 46.920536388192055, -91.68596471962562 46.94616825397537))'
S2C_MSIL2A_20250714T165921_N0511_R069_T15TYM_20250714T222410.SAFE	geography'SRID=4326;POLYGON ((-88.95419040192384 46.88204044505169, -90.37351464472057 46.92357305830357, -90.42054054444473 45.93643087306754, -89.37323021629541 45.90627901137414, -89.34314548559881 45.97765088552871, -89.2816820940998 46.122928572988975, -89.21977947061873 46.268167307924685, -89.15744950426509 46.413397063011445, -89.0944279770799 46.55851444427558, -89.04305485651606 46.67741910713747, -89.0302697233646 46.70701680747188, -89.01118604542171 46.751008959720345, -88.96871377283776 46.848956886091614, -88.95419040192384 46.88204044505169))'
S2C_MSIL2A_20250714T165921_N0511_R069_T15TVG_20250714T222410.SAFE	geography'SRID=4326;POLYGON ((-94.2164833149824 42.44623570214159, -94.19782479530706 41.4575152063026, -92.88312689683454 41.46369251697452, -92.88130582637643 42.452629745736225, -94.2164833149824 42.44623570214159))'
S2C_MSIL2A_20250714T165921_N0511_R069_T15TVL_20250714T222410.SAFE	geography'SRID=4326;POLYGON ((-93.59988211353233 45.06155876220554, -92.87602550148868 45.06519270654337, -92.87383276277595 46.05350473573164, -93.25955608782279 46.05153561046847, -93.29868168533888 45.939342183696354, -93.34953834111433 45.79275079561024, -93.40014392713661 45.64614000907595, -93.45059971767904 45.49951831520446, -93.5008569255862 45.35289394908221, -93.550830427882 45.20626396780168, -93.59988211353233 45.06155876220554))'
S2C_MSIL2A_20250714T165921_N0511_R069_T15TVH_20250714T222410.SAFE	geography'SRID=4326;POLYGON ((-94.23057047149096 43.15716177727692, -94.21477274309102 42.35763630855867, -92.88147277912854 42.364010656318975, -92.8795663539466 43.352791985217806, -94.16923233178032 43.34651157842732, -94.18499637749856 43.297988495037686, -94.23057047149096 43.15716177727692))'
S2C_MSIL2A_20250714T165921_N0511_R069_T15TWL_20250714T222410.SAFE	geography'SRID=4326;POLYGON ((-93.00025853973813 46.05357436995249, -93.00025404640142 45.06525999447365, -91.60574612901156 45.05674859305782, -91.58109585564665 46.044766226835556, -93.00025853973813 46.05357436995249))'
S2C_MSIL2A_20250714T165921_N0511_R069_T15TXL_20250714T222410.SAFE	geography'SRID=4326;POLYGON ((-91.7074679641667 46.046265456303395, -91.72992432822252 45.05819732058294, -90.33649579223145 45.034190140253024, -90.28945585240228 46.02142174250963, -91.7074679641667 46.046265456303395))'
S2C_MSIL2A_20250713T172921_N0511_R055_T14SLG_20250713T221924.SAFE	geography'SRID=4326;POLYGON ((-100.04525231768126 37.58225920923754, -100.04297212717849 37.58908768717956, -100.02257626231263 37.64968364828427, -100.0265600589798 37.943111174604404, -101.27552823620451 37.925581750319026, -101.27386558631461 37.87032382326791, -101.13570226778118 37.84091330932316, -101.13597887136602 37.84005109751634, -101.13594799557168 37.84004454045441, -101.13599312418368 37.8399053306041, -101.13593621002222 37.83989325156013, -101.13615780735616 37.83920198111511, -101.13614835031652 37.83919997820168, -101.13619946426311 37.83904242893001, -101.1361181374562 37.839025212163, -101.13636819847008 37.838248757049726, -101.06111477374893 37.82169123568654, -100.85716204044964 37.777209124824765, -100.85636496081021 37.77966585177411, -100.60686843092483 37.721102502168726, -100.60702610765766 37.72062186399364, -100.60699026925293 37.72061347202826, -100.60704789797524 37.720436604163645, -100.60701279769508 37.720428396444014, -100.60709339195746 37.7201833737978, -100.6070038109388 37.720162452930474, -100.60701319435313 37.72013409937351, -100.60690409003966 37.72010865079918, -100.60696139378712 37.71993378753197, -100.60695639291202 37.71993262258732, -100.60704110716388 37.719671801272526, -100.60694643467528 37.71964980039641, -100.60699761650233 37.71949359556949, -100.6068829877958 37.71946699204072, -100.60689980906592 37.719416232099455, -100.60675687668787 37.719383100416366, -100.6070379988593 37.71852907794405, -100.50278753758096 37.69361464054866, -100.32259912728752 37.65121547529759, -100.32186869319014 37.65341160728488, -100.28582779059352 37.6441218139224, -100.04525231768126 37.58225920923754))'
S2C_MSIL2A_20250713T172921_N0511_R055_T14TNS_20250713T221924.SAFE	geography'SRID=4326;POLYGON ((-99.00026284243779 46.953709179213256, -99.00025812995321 45.965551148516354, -97.58334389839344 45.956769859075806, -97.55749190205454 46.94462144140276, -99.00026284243779 46.953709179213256))'
S2C_MSIL2A_20250713T172921_N0511_R055_T14SLJ_20250713T221924.SAFE	geography'SRID=4326;POLYGON ((-101.33363283056225 39.72680595308774, -101.301097327331 38.73820958831532, -100.03810488537859 38.75625435897602, -100.05279562809639 39.74549354563108, -101.33363283056225 39.72680595308774))'
S2C_MSIL2A_20250713T172921_N0511_R055_T13TGF_20250713T221924.SAFE	geography'SRID=4326;POLYGON ((-102.60230714114222 40.53766417278883, -101.34444498559898 40.50488583658978, -101.28942535132569 41.49194363396281, -102.3005017472606 41.51881493919703, -102.30496564030516 41.50451010812923, -102.31572055325388 41.46995276845044, -102.33065316159646 41.42185304238763, -102.36179930961872 41.32130913936504, -102.40719984188893 41.17422846022296, -102.45250639525315 41.027144703605934, -102.49765817720996 40.87999841604027, -102.54277461812808 40.73282561566685, -102.58772384914079 40.58562109119659, -102.60230714114222 40.53766417278883))'
S2C_MSIL2A_20250713T172921_N0511_R055_T14TMN_20250713T221924.SAFE	geography'SRID=4326;POLYGON ((-100.2343055501801 43.346194685301704, -100.214772743091 42.35763630855867, -98.88147277912853 42.364010656318975, -98.8795663539466 43.352791985217806, -100.2343055501801 43.346194685301704))'
S2C_MSIL2A_20250713T172921_N0511_R055_T13TGE_20250713T221924.SAFE	geography'SRID=4326;POLYGON ((-102.64352306811614 40.402040906522195, -102.6698144654414 39.63822758400475, -101.39224764301619 39.60554763793313, -101.33965430802601 40.59281342227294, -102.57567496968902 40.62508004366665, -102.58772384914079 40.58562109119659, -102.63248649784269 40.438419849439846, -102.64352306811614 40.402040906522195))'
S2C_MSIL2A_20250713T172921_N0511_R055_T14UMV_20250713T221924.SAFE	geography'SRID=4326;POLYGON ((-99.8661734068627 48.6596404427677, -98.86744867287635 48.66495515183609, -98.86478640421906 49.652643868751746, -99.4881063142931 49.64927764917066, -99.53299985928163 49.53344524315621, -99.58933969461263 49.38725646054285, -99.64553394888304 49.24106375338555, -99.70123567940104 49.0948511314566, -99.7565482006087 48.94862877094104, -99.81213204416217 48.80255150017368, -99.8661734068627 48.6596404427677))'
S2C_MSIL2A_20250713T172921_N0511_R055_T14SLH_20250713T221414.SAFE	geography'SRID=4326;POLYGON ((-101.27944570332197 38.04812178544684, -101.27281842761563 37.837503416034735, -100.40595005970539 37.84964617509283, -100.53343592902736 37.879710968549766, -100.53320920843096 37.880400803150415, -100.53375885587884 37.88053088557054, -100.53350943140771 37.88129003317129, -100.53468919174905 37.88157019769803, -100.53438654722531 37.88249086477162, -100.81610391121644 37.94800150860437, -100.81668317224376 37.946219304844334, -101.06538684028186 38.00055768284653, -101.06524427732637 38.00100112857098, -101.06550758630115 38.0010587838421, -101.06529796309168 38.001711002480974, -101.06621176972264 38.0019112844092, -101.06589961002268 38.00288218034252, -101.27944570332197 38.04812178544684))'
S2C_MSIL2A_20250713T172921_N0511_R055_T14SKH_20250713T221414.SAFE	geography'SRID=4326;POLYGON ((-102.42923237569575 38.2620959444139, -102.40791466143585 37.81010790673744, -101.16175219508035 37.83959549435291, -101.16728200027406 38.02435997573855, -101.34471984381993 38.06195007091921, -101.34481884500745 38.0616383461442, -101.34492220358409 38.061659125980114, -101.34536116119722 38.06027679462928, -101.592813933061 38.11001232728531, -101.59266375612705 38.11049034159253, -101.59267674432375 38.11049295281105, -101.59238832691199 38.11141121820082, -101.59309098200109 38.11155248424696, -101.5929344871665 38.11205057310471, -101.87299700556017 38.16561918845961, -101.87319828239629 38.16497129352481, -101.87330497505222 38.16499089402752, -101.87349328093097 38.16438451502104, -101.87362036364323 38.164407893635854, -101.87381821377988 38.16377093687793, -102.12384800409806 38.209849822765015, -102.12350821517401 38.21095571927954, -102.12367574012178 38.21098649527966, -102.12346063348481 38.21168648025105, -102.12404940030324 38.21179508460271, -102.12388743110311 38.21232209043556, -102.40869184269656 38.26111319925568, -102.40899388207151 38.26011777732965, -102.40937518893459 38.26018097377843, -102.40960338093043 38.25942853091156, -102.410029278731 38.25949951369996, -102.41020767826906 38.25891146515718, -102.42923237569575 38.2620959444139))'
S2C_MSIL2A_20250713T172921_N0511_R055_T14TLN_20250713T221924.SAFE	geography'SRID=4326;POLYGON ((-101.46678204877878 43.32624633586568, -101.42778068203103 42.33836182515417, -100.09530924716697 42.35883991770658, -100.1129221649777 43.34744038882544, -101.46678204877878 43.32624633586568))'
S2C_MSIL2A_20250713T172921_N0511_R055_T14TLQ_20250713T221924.SAFE	geography'SRID=4326;POLYGON ((-101.46058566896482 44.138628420197065, -100.12808129589992 44.15979663371134, -100.14740738161733 45.148073182871244, -101.12725409575962 45.13223563758745, -101.17366160895408 44.99422951824168, -101.22352640267687 44.847635994455, -101.27298326463752 44.70091806254058, -101.32200808566992 44.55407492507366, -101.37114210432532 44.4072540819909, -101.42001267448192 44.260408449268176, -101.46058566896482 44.138628420197065))'
S2C_MSIL2A_20250713T172921_N0511_R055_T14TKM_20250713T221924.SAFE	geography'SRID=4326;POLYGON ((-102.33300366749357 41.41426529712924, -101.27696656733475 41.441212166985935, -101.3124072413961 42.42936087235922, -102.01975630565528 42.410964023528166, -102.03897804204593 42.35050988452555, -102.08558452926673 42.203483976502135, -102.13200128678784 42.05650908506766, -102.17826034248176 41.909519548751085, -102.22429928674947 41.76247810769658, -102.27035023575463 41.61543738830712, -102.30496564030516 41.50451010812923, -102.31572055325388 41.46995276845044, -102.33065316159646 41.42185304238763, -102.33300366749357 41.41426529712924))'
S2C_MSIL2A_20250713T172921_N0511_R055_T14SMG_20250713T221924.SAFE	geography'SRID=4326;POLYGON ((-100.04525231768126 37.58225920923754, -100.04297212717849 37.58908768717956, -99.99361393195808 37.73573051392143, -99.94414082730998 37.882412180808046, -99.92364251334713 37.9430191795093, -100.13852907879905 37.9420809165272, -100.13345259346738 37.60493940488676, -100.04525231768126 37.58225920923754))'
S2C_MSIL2A_20250713T172921_N0511_R055_T14TMR_20250713T221924.SAFE	geography'SRID=4326;POLYGON ((-100.29304891527646 46.0462596089832, -100.27058357693214 45.058191670236305, -98.87602550148868 45.06519270654337, -98.87383276277595 46.05350473573164, -100.29304891527646 46.0462596089832))'
S2C_MSIL2A_20250713T172921_N0511_R055_T14UPU_20250713T221924.SAFE	geography'SRID=4326;POLYGON ((-97.63972075371633 48.74498411169783, -97.6656686510332 47.75740973734738, -96.20190528469706 47.73104447774509, -96.14756129152693 48.71769475117851, -97.63972075371633 48.74498411169783))'
S2C_MSIL2A_20250713T172921_N0511_R055_T14TKL_20250713T221924.SAFE	geography'SRID=4326;POLYGON ((-102.5514099019391 40.7045458694192, -102.54082260253305 40.50846282585221, -101.24618611840133 40.54090999482793, -101.28005188450415 41.52923550071836, -102.30542757610317 41.50302583091028, -102.31572055325388 41.46995276845044, -102.33065316159646 41.42185304238763, -102.36179930961872 41.32130913936504, -102.40719984188893 41.17422846022296, -102.45250639525315 41.027144703605934, -102.49765817720996 40.87999841604027, -102.54277461812808 40.73282561566685, -102.5514099019391 40.7045458694192))'
S2C_MSIL2A_20250713T172921_N0511_R055_T14TPT_20250713T221924.SAFE	geography'SRID=4326;POLYGON ((-96.21133542251775 47.54908993996282, -96.19715331707549 47.81947440295927, -97.66339978002993 47.84592105208886, -97.68811311448758 46.85818197246455, -96.52500981329082 46.83753051514315, -96.48341976709624 46.93289203077321, -96.4695704450772 46.96447417191332, -96.4212806743288 47.074776998360726, -96.35736059682895 47.219900188024624, -96.29317226463539 47.36497477610124, -96.22878715475731 47.50999508209337, -96.21133542251775 47.54908993996282))'
S2C_MSIL2A_20250713T172921_N0511_R055_T14TLP_20250713T221924.SAFE	geography'SRID=4326;POLYGON ((-101.49602759948192 44.03144515228763, -101.46322767686333 43.23826255332707, -100.1113169858077 43.25939191053712, -100.12976271323852 44.24783068396879, -101.4311015384411 44.22712517322398, -101.46891540071155 44.1136266921462, -101.49602759948192 44.03144515228763))'
S2C_MSIL2A_20250713T172921_N0511_R055_T13TGK_20250713T221924.SAFE	geography'SRID=4326;POLYGON ((-101.47035307520768 44.109268863963095, -101.13001323357867 44.099770918209835, -101.06390244391362 45.08595696049961, -101.14206990725256 45.08817655085011, -101.17366160895408 44.99422951824168, -101.22352640267687 44.847635994455, -101.27298326463752 44.70091806254058, -101.32200808566992 44.55407492507366, -101.37114210432532 44.4072540819909, -101.42001267448192 44.260408449268176, -101.46891540071155 44.1136266921462, -101.47035307520768 44.109268863963095))'
S2C_MSIL2A_20250713T172921_N0511_R055_T14UNU_20250713T221924.SAFE	geography'SRID=4326;POLYGON ((-99.00027209589379 48.7530130044756, -99.00026690365507 47.765166566721895, -97.53521313306011 47.75581864580811, -97.50673052442279 48.7433372246506, -99.00027209589379 48.7530130044756))'
S2C_MSIL2A_20250713T172921_N0511_R055_T13TGG_20250713T221924.SAFE	geography'SRID=4326;POLYGON ((-102.32767450395637 41.43144765661955, -101.2944377014587 41.40403474612011, -101.23686356729512 42.39088066238852, -102.01941346140251 42.412042300417006, -102.03897804204593 42.35050988452555, -102.08558452926673 42.203483976502135, -102.13200128678784 42.05650908506766, -102.17826034248176 41.909519548751085, -102.22429928674947 41.76247810769658, -102.27035023575463 41.61543738830712, -102.30496564030516 41.50451010812923, -102.31572055325388 41.46995276845044, -102.32767450395637 41.43144765661955))'
S2C_MSIL2A_20250713T172921_N0511_R055_T14TKK_20250713T221924.SAFE	geography'SRID=4326;POLYGON ((-102.54546370146345 40.59640146890937, -102.49451264760637 39.609013147606916, -101.21676465654707 39.64044856303257, -101.24913477999112 40.62894899386581, -102.54546370146345 40.59640146890937))'
S2C_MSIL2A_20250713T172921_N0511_R055_T14TNN_20250713T221924.SAFE	geography'SRID=4326;POLYGON ((-97.96341829382982 43.34671676554608, -99.00024679052602 43.35285539234588, -99.00024288390156 42.36407192041621, -98.34334659895241 42.360253724966405, -98.32166939173744 42.417428792280745, -98.26606886164784 42.56332658022253, -98.21001278789542 42.70914787713959, -98.15385072575536 42.85497226790085, -98.09785857449411 43.00089756394666, -98.04159844585686 43.14677495352322, -97.984619714966 43.2925787346385, -97.96341829382982 43.34671676554608))'
S2C_MSIL2A_20250713T172921_N0511_R055_T14SMG_20250713T221414.SAFE	geography'SRID=4326;POLYGON ((-100.13615892730141 37.78467349652554, -100.12932221028956 37.33063079622356, -100.0881675386472 37.45420373436444, -100.03902635673795 37.60083800353918, -99.98966160319192 37.747479309192784, -100.13615892730141 37.78467349652554))'
S2C_MSIL2A_20250713T172921_N0511_R055_T14SKH_20250713T221924.SAFE	geography'SRID=4326;POLYGON ((-101.16195891451662 37.84650250248349, -101.19134725642266 38.82843976082239, -102.4545029640868 38.797894647715, -102.42104033145881 38.08840443349155, -102.1886809580971 38.04888674738187, -102.18935621313135 38.04667446994576, -101.90861049028105 37.994777992952415, -101.90801154259032 37.996732535841325, -101.90798104388136 37.99672669671792, -101.90791926089932 37.99692662956084, -101.66030327036894 37.949521430796096, -101.66110921366125 37.94694386712674, -101.38311269559564 37.89097049302709, -101.38242136762547 37.89317862777606, -101.38238711712835 37.89317134207872, -101.3823122211062 37.89340861378, -101.16195891451662 37.84650250248349))'
S2C_MSIL2A_20250713T172921_N0511_R055_T14TMQ_20250713T221924.SAFE	geography'SRID=4326;POLYGON ((-100.27254965833141 45.14674718783555, -100.25111705335956 44.15851530960486, -98.87792550906389 44.165301274896635, -98.87583360281221 45.153769755990965, -100.27254965833141 45.14674718783555))'
S2C_MSIL2A_20250713T172921_N0511_R055_T14TNR_20250713T221924.SAFE	geography'SRID=4326;POLYGON ((-99.00025853973813 46.05357436995249, -99.00025404640142 45.06525999447365, -97.60574612901156 45.05674859305782, -97.58109585564665 46.044766226835556, -99.00025853973813 46.05357436995249))'
S2C_MSIL2A_20250713T172921_N0511_R055_T14TMS_20250713T221924.SAFE	geography'SRID=4326;POLYGON ((-100.31456075291094 46.946162221065514, -100.2910001297497 45.958258688896564, -98.87403273692426 45.96548172662488, -98.87173305487556 46.95363733424615, -100.31456075291094 46.946162221065514))'
S2C_MSIL2A_20250713T172921_N0511_R055_T14SKG_20250713T221924.SAFE	geography'SRID=4326;POLYGON ((-101.1620068835673 37.8465127135471, -101.16432984132963 37.92768043331917, -101.52317975530394 37.91917237838395, -101.38311269559564 37.89097049302709, -101.38242136762547 37.89317862777606, -101.38238711712835 37.89317134207872, -101.3823122211062 37.89340861378, -101.1620068835673 37.8465127135471))'
S2C_MSIL2A_20250713T172921_N0511_R055_T14TMM_20250713T221924.SAFE	geography'SRID=4326;POLYGON ((-100.21648331498238 42.44623570214159, -100.19782479530704 41.4575152063026, -98.88312689683454 41.46369251697452, -98.88130582637643 42.452629745736225, -100.21648331498238 42.44623570214159))'
S2C_MSIL2A_20250713T172921_N0511_R055_T14TNK_20250713T221924.SAFE	geography'SRID=4326;POLYGON ((-98.97684540583454 40.65072503409141, -99.00023656389149 40.650856515774606, -99.00023634081222 40.58610482804221, -98.97684540583454 40.65072503409141))'
S2C_MSIL2A_20250713T172921_N0511_R055_T14TQT_20250713T221924.SAFE	geography'SRID=4326;POLYGON ((-96.09195022174399 47.81558675218512, -96.32846057360034 47.82260755999096, -96.35875148987377 47.216742325220935, -96.35736059682895 47.219900188024624, -96.29317226463539 47.36497477610124, -96.22878715475731 47.50999508209337, -96.16409973228392 47.654905945543646, -96.0991005825252 47.799733297797474, -96.09195022174399 47.81558675218512))'
S2C_MSIL2A_20250713T172921_N0511_R055_T13SGC_20250713T221924.SAFE	geography'SRID=4326;POLYGON ((-101.4766254287321 37.9097988698404, -101.43354720329414 38.79452724007538, -102.6965295968872 38.82628170870513, -102.71824977040707 38.13586506018404, -102.4418736889021 38.0894277876174, -102.44120263844285 38.09167605673344, -102.4411572585931 38.09166833119216, -102.44111208102474 38.091818064228896, -102.1886809580971 38.04888674738187, -102.18935621313135 38.04667446994576, -101.90861049028105 37.994777992952415, -101.90801154259032 37.996732535841325, -101.90798104388136 37.99672669671792, -101.90791926089932 37.99692662956084, -101.66030327036894 37.949521430796096, -101.66110921366125 37.94694386712674, -101.4766254287321 37.9097988698404))'
S2C_MSIL2A_20250713T172921_N0511_R055_T14TPS_20250713T221924.SAFE	geography'SRID=4326;POLYGON ((-96.48692781556825 46.92484845184498, -97.68596471962562 46.94616825397537, -97.70951593127273 45.95826451839171, -96.90871451190522 45.944254999424615, -96.86038842743366 46.05840910919156, -96.7985463540836 46.20362137132844, -96.73637994162804 46.34882750991371, -96.68977579495555 46.45716317197302, -96.67249356869485 46.49734621415056, -96.64546831670422 46.5598847315339, -96.61117013022925 46.639281954668405, -96.58985787090157 46.688368192961256, -96.54672342264254 46.78774353755984, -96.48692781556825 46.92484845184498))'
S2C_MSIL2A_20250713T172921_N0511_R055_T14TPR_20250713T221924.SAFE	geography'SRID=4326;POLYGON ((-96.87172799025572 46.03162320850763, -97.7074679641667 46.046265456303395, -97.72992432822251 45.05819732058294, -97.28205906052759 45.05048111414153, -97.22616249027011 45.1862912182312, -97.16584506125632 45.331806935320095, -97.10541750885984 45.47734229078036, -97.0440841426614 45.62259334210848, -96.9830975728556 45.767920628949135, -96.9218807536562 45.9131541845646, -96.87172799025572 46.03162320850763))'
S2C_MSIL2A_20250713T172921_N0511_R055_T14TLT_20250713T221924.SAFE	geography'SRID=4326;POLYGON ((-100.5279996848566 46.853850943828476, -100.18335153308469 46.859583083848264, -100.20347907577174 47.75140204959605, -100.2470654621457 47.63221252857646, -100.30021652130056 47.48575402037976, -100.3534292723763 47.33935378258947, -100.40629558147154 47.1929474905235, -100.45887190987821 47.0465174578644, -100.51152130191066 46.90016078354816, -100.5279996848566 46.853850943828476))'
S2C_MSIL2A_20250713T172921_N0511_R055_T14SMH_20250713T221924.SAFE	geography'SRID=4326;POLYGON ((-99.61502570519855 38.84570464685684, -100.15275135075291 38.843310058483205, -100.13717219597591 37.85395064837389, -99.95347038938645 37.85475117739147, -99.94414082730998 37.882412180808046, -99.89454221216691 38.029059520145694, -99.84468075693103 38.1756235093775, -99.79473020908786 38.322153165891606, -99.74460273891049 38.468648542753776, -99.69446398758352 38.61517706676116, -99.64402163032196 38.76164373304633, -99.61502570519855 38.84570464685684))'
S2C_MSIL2A_20250713T172921_N0511_R055_T14UNV_20250713T221924.SAFE	geography'SRID=4326;POLYGON ((-99.00027707744741 49.652722814505665, -99.00027162195117 48.66503141156509, -97.50933035947722 48.65538534877128, -97.47940434627486 49.64273706516441, -99.00027707744741 49.652722814505665))'
S2C_MSIL2A_20250713T172921_N0511_R055_T14TML_20250713T221924.SAFE	geography'SRID=4326;POLYGON ((-98.88410435259249 40.90606594798958, -98.88296836561119 41.55178511688993, -100.19944910163338 41.54558876800179, -100.18162029219911 40.556706911840905, -99.00891857512984 40.56211913567436, -98.97194030821099 40.664275942570576, -98.91890093263837 40.81050500286451, -98.88410435259249 40.90606594798958))'
S2C_MSIL2A_20250713T172921_N0511_R055_T14SLG_20250713T221414.SAFE	geography'SRID=4326;POLYGON ((-100.75132989840598 37.932938939429626, -101.27552823620451 37.925581750319026, -101.24577213045467 36.936641907455304, -100.25537609413936 36.95023441459576, -100.23417176001648 37.01417529621945, -100.18563421398608 37.16089351047929, -100.1369994991642 37.30757861027876, -100.0881675386472 37.45420373436444, -100.03902635673795 37.60083800353918, -100.0225765293528 37.64970331719429, -100.0240224530126 37.756203181064926, -100.2669486011174 37.81787967048588, -100.26691512834432 37.8179803387056, -100.27356592002707 37.8195597407579, -100.27895119339443 37.820927007140966, -100.27933047451712 37.8197856760702, -100.53343592902736 37.879710968549766, -100.53320920843096 37.880400803150415, -100.53375885587884 37.88053088557054, -100.53350943140771 37.88129003317129, -100.53468919174905 37.88157019769803, -100.53438654722531 37.88249086477162, -100.75132989840598 37.932938939429626))'
S2C_MSIL2A_20250713T172921_N0511_R055_T14TMT_20250713T221924.SAFE	geography'SRID=4326;POLYGON ((-100.32632212396533 47.41393164020738, -100.31241149952399 46.858175957972115, -98.87194283884885 46.86562824777826, -98.86952963808321 47.85362771191058, -100.16850433451486 47.846801051163894, -100.1935309984784 47.77860564838687, -100.2470654621457 47.63221252857646, -100.30021652130056 47.48575402037976, -100.32632212396533 47.41393164020738))'
S2C_MSIL2A_20250713T172921_N0511_R055_T14TNM_20250713T221924.SAFE	geography'SRID=4326;POLYGON ((-98.30976320308503 42.44867105893552, -99.00024322601921 42.45269119915018, -99.00023949430312 41.463751887157464, -98.6798905650156 41.461921891958625, -98.64939718299112 41.54445116279309, -98.62459866943914 41.61113488703534, -98.5962660133398 41.68747174898099, -98.54183992528463 41.83361628976392, -98.48705999295741 41.979656269101575, -98.43216315781032 42.12560482899925, -98.37699018506304 42.27151654210447, -98.32166939173744 42.417428792280745, -98.30976320308503 42.44867105893552))'
S2C_MSIL2A_20250713T172921_N0511_R055_T14TPQ_20250713T221924.SAFE	geography'SRID=4326;POLYGON ((-97.24585945106665 45.13843414428718, -97.72795903223157 45.14675285555784, -97.74938307519847 44.158520786393645, -97.64374146971086 44.15672919458504, -97.63960625717512 44.1671265317064, -97.58149680459017 44.31278782240428, -97.52302788526639 44.45840695064453, -97.464215999432 44.60402901969462, -97.40506507593484 44.74957891700196, -97.3457028322246 44.895140342772805, -97.28608202038856 45.040706657588096, -97.24585945106665 45.13843414428718))'
S2C_MSIL2A_20250713T172921_N0511_R055_T14TNQ_20250713T221924.SAFE	geography'SRID=4326;POLYGON ((-97.62605965927035 44.201083398405316, -97.60358882685108 45.145299673094094, -99.0002544396381 45.15383725089235, -99.00025015292682 44.16536649550738, -97.64354811965012 44.157215342696304, -97.63960625717512 44.1671265317064, -97.62605965927035 44.201083398405316))'
S2C_MSIL2A_20250713T172921_N0511_R055_T13SGC_20250713T221414.SAFE	geography'SRID=4326;POLYGON ((-102.7127444014512 38.310863587700375, -102.72763580740045 37.83751218570364, -101.48163775999417 37.80685703267152, -101.46809737843428 38.08494554695117, -101.592813933061 38.11001232728531, -101.59266375612705 38.11049034159253, -101.59267674432375 38.11049295281105, -101.59238832691199 38.11141121820082, -101.59309098200109 38.11155248424696, -101.5929344871665 38.11205057310471, -101.87299700556017 38.16561918845961, -101.87319828239629 38.16497129352481, -101.87330497505222 38.16499089402752, -101.87349328093097 38.16438451502104, -101.87362036364323 38.164407893635854, -101.87381821377988 38.16377093687793, -102.12384800409806 38.209849822765015, -102.12350821517401 38.21095571927954, -102.12367574012178 38.21098649527966, -102.12346063348481 38.21168648025105, -102.12404940030324 38.21179508460271, -102.12388743110311 38.21232209043556, -102.40869184269656 38.26111319925568, -102.40899388207151 38.26011777732965, -102.40937518893459 38.26018097377843, -102.40960338093043 38.25942853091156, -102.410029278731 38.25949951369996, -102.41020767826906 38.25891146515718, -102.66662109409992 38.30183163284992, -102.66603358358381 38.3037911908254, -102.7127444014512 38.310863587700375))'
S2C_MSIL2A_20250713T172921_N0511_R055_T14TMP_20250713T221924.SAFE	geography'SRID=4326;POLYGON ((-100.25298174570909 44.246545441411556, -100.23252540128634 43.25815001081029, -98.87974009973617 43.26472716389879, -98.87774350913473 44.25335216097235, -100.25298174570909 44.246545441411556))'
S2C_MSIL2A_20250713T172921_N0511_R055_T13TGJ_20250713T221924.SAFE	geography'SRID=4326;POLYGON ((-101.76174552432052 43.21698105191108, -101.1873683405316 43.201211355403785, -101.12426105372481 44.18762158427181, -101.44131032722579 44.19648344685341, -101.46891540071155 44.1136266921462, -101.51735265613405 43.966805393333104, -101.5656218249937 43.8199563833804, -101.6138592695944 43.67314489847094, -101.66155237399974 43.5262042213304, -101.70942629391244 43.37935323643615, -101.75676973959384 43.23242090120708, -101.76174552432052 43.21698105191108))'
S2C_MSIL2A_20250713T172921_N0511_R055_T14TLS_20250713T221924.SAFE	geography'SRID=4326;POLYGON ((-100.84686194891292 45.948432985115765, -100.16404448302406 45.95962253249568, -100.18528956021278 46.947573655919015, -100.496328915847 46.94239312495556, -100.51152130191066 46.90016078354816, -100.56362146308948 46.75374167668089, -100.61568866859906 46.607289728177946, -100.66741758379763 46.4607289037856, -100.71891353499856 46.31409409327593, -100.77050651538438 46.167526724005405, -100.82172992708202 46.0208864572514, -100.84686194891292 45.948432985115765))'
S2C_MSIL2A_20250713T172921_N0511_R055_T14TLR_20250713T221924.SAFE	geography'SRID=4326;POLYGON ((-101.15719815763008 45.04318833701619, -100.14563453547973 45.05951360004942, -100.1658919102777 46.0476276229589, -100.81611643883468 46.03695651948911, -100.82172992708202 46.0208864572514, -100.87260236198127 45.87422557301196, -100.9232848278892 45.72758156756287, -100.97401411006848 45.5809990293108, -101.02416025385519 45.4342782890559, -101.0742689226579 45.28762755312715, -101.1243061087112 45.14100232695369, -101.15719815763008 45.04318833701619))'
S2C_MSIL2A_20250713T172921_N0511_R055_T14TNP_20250713T221924.SAFE	geography'SRID=4326;POLYGON ((-97.62606060376706 44.20108103086261, -97.62505994125075 44.24514241182411, -99.00025052587905 44.25341758107761, -99.00024643448813 43.26479037737325, -97.99779477642716 43.258864860225565, -97.984619714966 43.2925787346385, -97.92750255524473 43.43842794627771, -97.87027570581753 43.58428639621843, -97.81286631600656 43.73008425113123, -97.75526793639337 43.87580771662461, -97.69753764958637 44.021467218768166, -97.63960625717512 44.1671265317064, -97.62606060376706 44.20108103086261))'
S2C_MSIL2A_20250713T172921_N0511_R055_T14TPP_20250713T221924.SAFE	geography'SRID=4326;POLYGON ((-97.60886062609715 44.244195719367234, -97.74751912777681 44.24655093494868, -97.75518481611981 43.876017437697094, -97.69753764958637 44.021467218768166, -97.63960625717512 44.1671265317064, -97.60886062609715 44.244195719367234))'
S2C_MSIL2A_20250713T172921_N0511_R055_T13TGH_20250713T221924.SAFE	geography'SRID=4326;POLYGON ((-102.04732174999317 42.32418862947335, -101.2421415546785 42.30245161555175, -101.18187629631363 43.28908179915951, -101.73362397142382 43.304254746820625, -101.75676973959384 43.23242090120708, -101.80411231547856 43.08551699014654, -101.85143941866765 42.93863002302215, -101.89861685924257 42.7916630319202, -101.94550650550403 42.644624899257096, -101.99222671411329 42.49754713547717, -102.03897804204593 42.35050988452555, -102.04732174999317 42.32418862947335))'
S2C_MSIL2A_20250713T172921_N0511_R055_T14UQU_20250713T221924.SAFE	geography'SRID=4326;POLYGON ((-95.68586413352536 48.70300845693284, -96.28118473719852 48.720927698149374, -96.33299058185197 47.73416799677996, -96.13121109812595 47.72818650108976, -96.0991005825252 47.799733297797474, -96.03378640290224 47.94454492328073, -95.96819591327808 48.089378755006166, -95.90219302352833 48.23422737437114, -95.83578227471091 48.37909764960404, -95.76901845107757 48.52391330634576, -95.70186251573361 48.66868676341686, -95.68586413352536 48.70300845693284))'
S2C_MSIL2A_20250713T172921_N0511_R055_T15UUP_20250713T221924.SAFE	geography'SRID=4326;POLYGON ((-95.67718060841347 48.721637421014904, -95.7193584952283 48.7209148694678, -95.71511562709503 48.64011596414328, -95.70186251573361 48.66868676341686, -95.67718060841347 48.721637421014904))'
S2C_MSIL2A_20250713T172921_N0511_R055_T13SGD_20250713T221924.SAFE	geography'SRID=4326;POLYGON ((-102.66683353200474 39.72681533153163, -102.69936254729447 38.73821864423846, -101.43792685625729 38.70656329494251, -101.38763948191425 39.69403311805837, -102.66683353200474 39.72681533153163))'
S2C_MSIL2A_20250713T172921_N0511_R055_T14TNT_20250713T221924.SAFE	geography'SRID=4326;POLYGON ((-99.00026735765739 47.85370184248753, -99.00026241255061 46.86569987335423, -97.55985017558999 46.85663988190739, -97.53272262323176 47.844325046514086, -99.00026735765739 47.85370184248753))'
S2C_MSIL2A_20250713T172921_N0511_R055_T14SKJ_20250713T221924.SAFE	geography'SRID=4326;POLYGON ((-102.49897689950004 39.6975094680204, -102.45026011044494 38.7099201955759, -101.18865192655385 38.74036995699254, -101.21960079191267 39.7290432642928, -102.49897689950004 39.6975094680204))'
S2C_MSIL2A_20250713T172921_N0511_R055_T14SMJ_20250713T221924.SAFE	geography'SRID=4326;POLYGON ((-99.29937369037879 39.748336100395896, -100.16762472753088 39.74439520181332, -100.15133248212537 38.755193805393134, -99.64546860382737 38.75744223658489, -99.64402163032196 38.76164373304633, -99.59349271326766 38.90813007288067, -99.54272603488177 39.054554135504965, -99.49179305397091 39.20094896191377, -99.44049701031582 39.34724509645776, -99.38915913556099 39.493643881437, -99.33764492410634 39.64007671011377, -99.29937369037879 39.748336100395896))'
S2C_MSIL2A_20250713T172921_N0511_R055_T14SLH_20250713T221924.SAFE	geography'SRID=4326;POLYGON ((-101.13608834167323 37.83941867854869, -100.02533655911799 37.85497766278228, -100.03938428014581 38.84437393595428, -101.30393084279649 38.82627262441358, -101.27385105065893 37.870320729095674, -101.13570226778118 37.84091330932316, -101.13597887136602 37.84005109751634, -101.13594799557168 37.84004454045441, -101.13599312418368 37.8399053306041, -101.13593621002222 37.83989325156013, -101.13608834167323 37.83941867854869))'
S2C_MSIL2A_20250713T172921_N0511_R055_T14TMK_20250713T221924.SAFE	geography'SRID=4326;POLYGON ((-98.97697336417981 40.65037153412892, -100.18317260660315 40.64479480422486, -100.16613169555372 39.655752572676114, -99.33076536078873 39.65953720975363, -99.28587989051864 39.78650655907115, -99.23409456357824 39.93294167139063, -99.18178939785528 40.079211724664994, -99.12982683182572 40.225558151886325, -99.07745004732335 40.37182276391893, -99.0248625979148 40.51807189948648, -98.97697336417981 40.65037153412892))'
S2C_MSIL2A_20250713T172921_N0511_R055_T14TLK_20250713T221924.SAFE	geography'SRID=4326;POLYGON ((-101.3646807870274 40.62663972727231, -101.33065130260063 39.638218234831534, -100.05144935754969 39.656847486720984, -100.066815204235 40.645928490590144, -101.3646807870274 40.62663972727231))'
S2C_MSIL2A_20250713T172921_N0511_R055_T14TNL_20250713T221924.SAFE	geography'SRID=4326;POLYGON ((-98.64739852804573 41.549825587955894, -99.00023981916341 41.551844670066835, -99.00023633762873 40.586104836836995, -98.97194030821099 40.664275942570576, -98.91890093263837 40.81050500286451, -98.86567157540131 40.9566874058267, -98.81218597114517 41.10282360052703, -98.75865881917369 41.24895907996131, -98.70715436817139 41.38812114935348, -98.7034117668498 41.39826258270366, -98.64939718299112 41.54445116279309, -98.64739852804573 41.549825587955894))'
S2B_MSIL2A_20250712T170849_N0511_R112_T14TPP_20250712T211143.SAFE	geography'SRID=4326;POLYGON ((-96.70510368849834 43.24042145279182, -96.41619172041914 43.235600960154144, -96.37335402628884 44.22320974043625, -96.38242227679439 44.22336377127193, -96.41595478609412 44.122652471549294, -96.46445404847603 43.975894782461054, -96.51283501867806 43.82914354022033, -96.56109157569986 43.68239293620015, -96.60916223276396 43.53564082341117, -96.656899559736 43.38882018098848, -96.7046001072168 43.241978060966815, -96.70510368849834 43.24042145279182))'
S2B_MSIL2A_20250711T173909_N0511_R098_T14TLL_20250711T213934.SAFE	geography'SRID=4326;POLYGON ((-101.15786215335565 41.53047323222304, -101.3971826192205 41.52685230149302, -101.3759279978823 40.93685811945231, -101.35916683169816 40.98279221169808, -101.30559017805552 41.1287891439784, -101.25210603794103 41.27488827262621, -101.19830705104637 41.420963613084645, -101.15786215335565 41.53047323222304))'
S2B_MSIL2A_20250711T173909_N0511_R098_T14SKJ_20250711T213934.SAFE	geography'SRID=4326;POLYGON ((-101.81537997197064 39.714358622946236, -102.49897689950004 39.6975094680204, -102.45026011044494 38.7099201955759, -102.16381338993311 38.716833779689836, -102.13929745048424 38.78785718227712, -102.08851845905288 38.934367473485096, -102.03769197520656 39.08078742894176, -101.98777992496046 39.22411586097842, -101.98698936257715 39.22638833134459, -101.98685788697804 39.22676360351038, -101.98673675923179 39.22711143634561, -101.93553789144397 39.37340487787365, -101.88413890083328 39.51971562365459, -101.83258191070279 39.66601496045567, -101.81537997197064 39.714358622946236))'
S2B_MSIL2A_20250711T173909_N0511_R098_T13TGF_20250711T213934.SAFE	geography'SRID=4326;POLYGON ((-101.31039829038282 41.11568698842896, -101.28942535132569 41.49194363396281, -102.60329641413972 41.5268622914542, -102.63889095789968 40.53861750192735, -101.53080633515705 40.509742183482324, -101.51833117819108 40.54418893190351, -101.46547190159289 40.69051814326877, -101.41246538608254 40.8367271535296, -101.35916683169816 40.98279221169808, -101.31039829038282 41.11568698842896))'
S2B_MSIL2A_20250711T173909_N0511_R098_T14TKL_20250711T213934.SAFE	geography'SRID=4326;POLYGON ((-101.26969053480724 41.226853852247324, -101.28005188450415 41.52923550071836, -102.59412455183308 41.49564643575739, -102.54082260253305 40.50846282585221, -101.52202234628547 40.533996776480166, -101.51833117819108 40.54418893190351, -101.46547190159289 40.69051814326877, -101.41246538608254 40.8367271535296, -101.35916683169816 40.98279221169808, -101.30559017805552 41.1287891439784, -101.26969053480724 41.226853852247324))'
S2B_MSIL2A_20250711T173909_N0511_R098_T13SGD_20250711T213934.SAFE	geography'SRID=4326;POLYGON ((-101.81868171189446 39.70507954091986, -102.66683353200474 39.72681533153163, -102.69936254729447 38.73821864423846, -102.16109433398 38.72471096530687, -102.13929745048424 38.78785718227712, -102.08851845905288 38.934367473485096, -102.03769197520656 39.08078742894176, -101.98777992496046 39.22411586097842, -101.98698936257715 39.22638833134459, -101.98685788697804 39.22676360351038, -101.98673675923179 39.22711143634561, -101.93553789144397 39.37340487787365, -101.88413890083328 39.51971562365459, -101.83258191070279 39.66601496045567, -101.81868171189446 39.70507954091986))'
S2B_MSIL2A_20250711T173909_N0511_R098_T13TGE_20250711T213934.SAFE	geography'SRID=4326;POLYGON ((-101.4992611813279 40.59697999870034, -102.63579176628713 40.62664940733135, -102.6698144654414 39.63822758400475, -101.84976673357103 39.61725089990238, -101.83258191070279 39.66601496045567, -101.7805430295484 39.81226301691535, -101.7286596640616 39.95865443176076, -101.67633075981576 40.10503739447696, -101.62393280773377 40.25144895307027, -101.5930115461699 40.33750543074795, -101.57157646393664 40.39717436769008, -101.56203297462089 40.423518323006334, -101.51833117819108 40.54418893190351, -101.4992611813279 40.59697999870034))'
S2B_MSIL2A_20250711T173909_N0511_R098_T14TKK_20250711T213934.SAFE	geography'SRID=4326;POLYGON ((-101.48989648832614 40.62290407919887, -102.54546370146345 40.59640146890937, -102.49451264760637 39.609013147606916, -101.84705633211416 39.62494199929745, -101.83258191070279 39.66601496045567, -101.7805430295484 39.81226301691535, -101.7286596640616 39.95865443176076, -101.67633075981576 40.10503739447696, -101.62393280773377 40.25144895307027, -101.5930115461699 40.33750543074795, -101.57157646393664 40.39717436769008, -101.56203297462089 40.423518323006334, -101.51833117819108 40.54418893190351, -101.48989648832614 40.62290407919887))'
S2C_MSIL2A_20250711T164921_N0511_R026_T15SVC_20250711T220617.SAFE	geography'SRID=4326;POLYGON ((-93.32832636414074 37.85747540717269, -92.88904641935848 37.85938968525829, -92.88752596186193 38.84894433319432, -93.03998625319802 38.848265400277334, -93.0400828719856 38.84793757230111, -93.08318869069228 38.70060612005757, -93.12622605400888 38.553333118067215, -93.16902372207744 38.40597882940884, -93.21223566553132 38.258712221100666, -93.25487276735933 38.111284199694566, -93.29767823911267 37.963925797012976, -93.32832636414074 37.85747540717269))'
S2C_MSIL2A_20250710T171921_N0511_R012_T14SNF_20250710T221202.SAFE	geography'SRID=4326;POLYGON ((-97.76852564863141 36.85260799028343, -97.76556196865786 37.04016090428803, -99.00022491682881 37.046583050483974, -99.00022206668982 36.05672396511734, -98.03017971770035 36.051793669645846, -98.0280870477872 36.05826993936909, -97.98050769250636 36.205135131698974, -97.93280581256064 36.351992032506985, -97.88478928714217 36.49879536527594, -97.83653259719289 36.645553711402265, -97.78833557927072 36.792328169375686, -97.76852564863141 36.85260799028343))'
S2C_MSIL2A_20250710T171921_N0511_R012_T14SMG_20250710T221202.SAFE	geography'SRID=4326;POLYGON ((-100.13852907879905 37.9420809165272, -100.12362950841454 36.95256487264268, -98.89036811332885 36.957830487987216, -98.88891399416781 37.94753713280259, -100.13852907879905 37.9420809165272))'
S2C_MSIL2A_20250710T171921_N0511_R012_T14SPJ_20250710T221202.SAFE	geography'SRID=4326;POLYGON ((-96.7876577986717 39.72812055484103, -97.83284204446889 39.744399896499196, -97.84912778038333 38.75519833855342, -97.13120398157737 38.74424837219298, -97.09639825128366 38.84499647004354, -97.04557899362324 38.99144146150987, -96.99463693385903 39.13788057828623, -96.94351221135305 39.28431444460963, -96.89235946329624 39.43074000893397, -96.84108599844707 39.577112327407214, -96.78933781505184 39.723364977907146, -96.7876577986717 39.72812055484103))'
S2C_MSIL2A_20250710T171921_N0511_R012_T14SNG_20250710T221202.SAFE	geography'SRID=4326;POLYGON ((-99.00022763545476 37.947589571993284, -99.00022465569249 36.95788109520145, -97.76699475177708 36.95147947183065, -97.75064570841931 37.94095623057468, -99.00022763545476 37.947589571993284))'
S2C_MSIL2A_20250710T171921_N0511_R012_T14SPH_20250710T221202.SAFE	geography'SRID=4326;POLYGON ((-97.10092177561627 38.831902750467876, -97.84770947866411 38.84331460585068, -97.86328240873523 37.853955038178526, -97.43709031937625 37.84758190798587, -97.39724212865336 37.96567306940866, -97.34762869520243 38.11226953251454, -97.2977765063192 38.25887700877492, -97.24770413973864 38.40547894358871, -97.1974916209932 38.55204776597271, -97.14700174018296 38.69852043841928, -97.10092177561627 38.831902750467876))'
S2C_MSIL2A_20250710T171921_N0511_R012_T14SMH_20250710T221202.SAFE	geography'SRID=4326;POLYGON ((-100.15275135075291 38.843310058483205, -100.13717219597591 37.85395064837389, -98.88904641935848 37.85938968525829, -98.88752596186193 38.84894433319432, -100.15275135075291 38.843310058483205))'
S2C_MSIL2A_20250710T171921_N0511_R012_T14SNH_20250710T221202.SAFE	geography'SRID=4326;POLYGON ((-99.00023047979299 38.848998483821255, -99.00022736409076 37.85944195932729, -97.75213459127728 37.85282950328523, -97.73503988519937 38.84214867288121, -99.00023047979299 38.848998483821255))'
S2C_MSIL2A_20250710T171921_N0511_R012_T14SPG_20250710T221202.SAFE	geography'SRID=4326;POLYGON ((-97.40749897771053 37.935276627419064, -97.86192606806475 37.94208532019618, -97.8768196851591 36.952569122489834, -97.73632666119799 36.95051073079863, -97.69156357458088 37.08582137226856, -97.64283608468821 37.2325303870764, -97.59399772672914 37.379253118717536, -97.54499604767683 37.525914461423646, -97.49593154024784 37.67254191481284, -97.4466986123955 37.81910747887508, -97.40749897771053 37.935276627419064))'
S2C_MSIL2A_20250710T171921_N0511_R012_T14SNJ_20250710T221202.SAFE	geography'SRID=4326;POLYGON ((-99.00023345437725 39.7502679270046, -99.00023019602958 38.760864457162924, -97.73659678080747 38.754036048213806, -97.71871965132908 39.74319619212293, -99.00023345437725 39.7502679270046))'
S2C_MSIL2A_20250710T171921_N0511_R012_T14SLF_20250710T221202.SAFE	geography'SRID=4326;POLYGON ((-101.2362610222094 36.604132366893545, -101.21991719169928 36.03616769808406, -100.0014519629642 36.05254100905861, -100.01430253846532 37.042247242200354, -101.11659986727858 37.02708807004381, -101.12797002626627 36.98701818657671, -101.16975786815587 36.839558365499286, -101.21154675709536 36.69213942395872, -101.2362610222094 36.604132366893545))'
S2C_MSIL2A_20250710T171921_N0511_R012_T14SMJ_20250710T221202.SAFE	geography'SRID=4326;POLYGON ((-100.16762472753088 39.74439520181332, -100.15133248212537 38.755193805393134, -98.88766443792474 38.760810475743604, -98.88607436984347 39.750212021802014, -100.16762472753088 39.74439520181332))'
S2C_MSIL2A_20250710T171921_N0511_R012_T14SMF_20250710T221202.SAFE	geography'SRID=4326;POLYGON ((-100.12493526264659 37.04124978452211, -100.11068371215597 36.05157871290146, -98.8916315425469 36.05667498554276, -98.8902406792213 37.04653228101576, -100.12493526264659 37.04124978452211))'
S2C_MSIL2A_20250710T171921_N0511_R012_T14SPF_20250710T221202.SAFE	geography'SRID=4326;POLYGON ((-97.70712504017578 37.038781901781, -97.87551445266065 37.041254047993014, -97.88325575985124 36.503459131671725, -97.83653259719289 36.645553711402265, -97.78833557927072 36.792328169375686, -97.74010213026433 36.93909817684348, -97.70712504017578 37.038781901781))'
S2B_MSIL2A_20250710T162839_N0511_R083_T16TER_20250710T203346.SAFE	geography'SRID=4326;POLYGON ((-86.03248525390936 45.05935320214361, -85.60574612901156 45.05674859305782, -85.58109585564665 46.044766226835556, -85.69341555095677 46.045463347723974, -85.71171134390414 45.993063943030165, -85.76276286078178 45.84656199431724, -85.81344734280198 45.70000458925328, -85.86388434202266 45.55342814736152, -85.91412366035863 45.40684244916424, -85.96418873312875 45.26021105294132, -86.01401047224198 45.11347694953624, -86.03248525390936 45.05935320214361))'
S2C_MSIL2A_20250709T174931_N0511_R141_T14TLS_20250709T225813.SAFE	geography'SRID=4326;POLYGON ((-101.5212067526161 46.92532322280019, -101.62701019239009 46.92356100851489, -101.61666478345516 46.706439151625055, -101.55649615852978 46.84448762909652, -101.5212067526161 46.92532322280019))'
S2C_MSIL2A_20250709T174931_N0511_R141_T13TGL_20250709T225813.SAFE	geography'SRID=4326;POLYGON ((-101.91522100233574 46.00991348792388, -102.41645116040287 46.024365075689296, -102.46129313653579 45.03703440306415, -102.32293450781667 45.03311166907784, -102.29499387721047 45.10096749194059, -102.23491780659838 45.24642103295311, -102.1747412958814 45.3918937071043, -102.11423601932243 45.537279715598665, -102.05320957875152 45.682654946597246, -101.99204627499928 45.828083520287045, -101.93073341817492 45.97350902385365, -101.91522100233574 46.00991348792388))'
S2C_MSIL2A_20250709T174931_N0511_R141_T13UEQ_20250709T225813.SAFE	geography'SRID=4326;POLYGON ((-104.89672888898892 48.6643615128044, -103.50933035947723 48.65538534877128, -103.47940434627488 49.64273706516441, -104.52044540987325 49.64957233474481, -104.54213272591568 49.59373626287875, -104.59849194754926 49.44760690408557, -104.65454358241236 49.30146930830677, -104.71050106071182 49.155383418397605, -104.76618374676445 49.00920366306776, -104.82184226885008 48.86300699333735, -104.87699574238 48.716682783541735, -104.89672888898892 48.6643615128044))'
S2C_MSIL2A_20250709T174931_N0511_R141_T14ULU_20250709T225813.SAFE	geography'SRID=4326;POLYGON ((-100.70322973113592 48.738322223557844, -101.7193584952283 48.7209148694678, -101.66754232973864 47.734155602346505, -101.15866561728632 47.742741407257235, -101.10600503606238 47.859894700929694, -101.0401489549379 48.00473800031785, -100.97419515147075 48.14953742123856, -100.90810950586692 48.294278879182286, -100.84171987747672 48.43902519680681, -100.77492915206643 48.583746591531686, -100.73165754172504 48.677015131542696, -100.70627751831539 48.731789226107296, -100.70322973113592 48.738322223557844))'
S2C_MSIL2A_20250709T174931_N0511_R141_T13TGM_20250709T225813.SAFE	geography'SRID=4326;POLYGON ((-101.53271177139295 46.89896927890911, -102.37351464472057 46.92357305830357, -102.42054054444475 45.93643087306754, -101.95205248194343 45.92294319240033, -101.93073341817492 45.97350902385365, -101.86884114949896 46.118757507042645, -101.80694742668494 46.26401116941816, -101.74474794796211 46.409157970125534, -101.68226165395795 46.55426266754184, -101.61972574335437 46.69941620811903, -101.55649615852978 46.84448762909652, -101.53271177139295 46.89896927890911))'
S2C_MSIL2A_20250709T174931_N0511_R141_T13TFG_20250709T225813.SAFE	geography'SRID=4326;POLYGON ((-103.34883964083993 42.43908931619457, -103.78400297732625 42.44624086265282, -103.80265404258907 41.457520191909595, -103.71803095493073 41.45615571299002, -103.71801447464563 41.456200354039645, -103.66348207242056 41.60215065223484, -103.6090602660724 41.74815019396488, -103.55446156635728 41.894205270092094, -103.49985098823501 42.040374853535766, -103.4446125589838 42.18645172318664, -103.38941046594904 42.332534482568114, -103.34883964083993 42.43908931619457))'
S2C_MSIL2A_20250709T174931_N0511_R141_T14TLT_20250709T225813.SAFE	geography'SRID=4326;POLYGON ((-101.11856762506802 47.83194687648761, -101.67207324053518 47.82259512731069, -101.62271963783216 46.835643714163524, -101.55989537708449 46.83668859851121, -101.55649615852978 46.84448762909652, -101.4931392517489 46.98961597688982, -101.42942195088564 47.13470464451857, -101.3651758300768 47.27972180474201, -101.30090486557216 47.4247923465343, -101.23613155144409 47.56980669874269, -101.17119722156387 47.714862514127056, -101.11856762506802 47.83194687648761))'
S2C_MSIL2A_20250709T174931_N0511_R141_T13UFQ_20250709T225813.SAFE	geography'SRID=4326;POLYGON ((-103.61482626682331 49.64443670244057, -103.64208923014807 48.657027178567795, -102.15252154805323 48.62982157570405, -102.09542723709785 49.61627372192671, -103.61482626682331 49.64443670244057))'
S2C_MSIL2A_20250709T174931_N0511_R141_T13UGP_20250709T225813.SAFE	geography'SRID=4326;POLYGON ((-100.80440351648045 48.519881869290344, -100.7917155642128 48.676094448248996, -102.28118473719852 48.720927698149374, -102.33299058185199 47.73416799677996, -101.17788341999376 47.69992631678954, -101.17119722156387 47.714862514127056, -101.10600503606238 47.859894700929694, -101.0401489549379 48.00473800031785, -100.97419515147075 48.14953742123856, -100.90810950586692 48.294278879182286, -100.84171987747672 48.43902519680681, -100.80440351648045 48.519881869290344))'
S2B_MSIL2A_20250709T170209_N0511_R069_T15UXP_20250709T224303.SAFE	geography'SRID=4326;POLYGON ((-91.63972075371633 48.74498411169783, -91.6656686510332 47.75740973734738, -90.20190528469708 47.73104447774509, -90.14756129152694 48.71769475117851, -91.63972075371633 48.74498411169783))'
S2B_MSIL2A_20250709T170209_N0511_R069_T15TYN_20250709T224303.SAFE	geography'SRID=4326;POLYGON ((-88.93337688562413 46.89183650552003, -88.86474152472253 47.779157072334634, -90.32846057360035 47.82260755999096, -90.37780434448764 46.835655727197015, -88.97572439894913 46.79468622577137, -88.96442613523898 46.82077323145564, -88.93337688562413 46.89183650552003))'
S2B_MSIL2A_20250709T170209_N0511_R069_T15TXN_20250709T224303.SAFE	geography'SRID=4326;POLYGON ((-91.66339978002995 47.84592105208886, -91.68811311448758 46.85818197246455, -90.24891500137984 46.83262831925138, -90.19715331707549 47.81947440295927, -91.66339978002995 47.84592105208886))'
S2B_MSIL2A_20250709T170209_N0511_R069_T14SQF_20250709T224303.SAFE	geography'SRID=4326;POLYGON ((-96.35158858045355 36.02605261124846, -95.56341398032555 36.007451011934776, -95.51941449107781 36.995510653879045, -96.07517980717296 37.00893465490844, -96.09532851352894 36.9380613506958, -96.13693619609421 36.79058568416457, -96.1785571187904 36.64319521832454, -96.22000586598284 36.49574918215182, -96.26157736183718 36.348308678387895, -96.30285617762067 36.20072872351023, -96.34405571414028 36.05312494003199, -96.35158858045355 36.02605261124846))'
S2B_MSIL2A_20250709T170209_N0511_R069_T16TCT_20250709T224303.SAFE	geography'SRID=4326;POLYGON ((-88.51060968490853 47.84221862442949, -89.67207324053517 47.82259512731069, -89.62271963783216 46.835643714163524, -88.95306256097815 46.84678135732231, -88.90105183439545 46.965819741930055, -88.83720781441104 47.110861439266735, -88.81094451852546 47.17017356902318, -88.77265342636197 47.256788196109646, -88.70824920306201 47.401880158606986, -88.64345085868153 47.54694283895, -88.58390721798838 47.67953113260831, -88.57871027194845 47.69111837021656, -88.51338060790438 47.83609676318908, -88.51060968490853 47.84221862442949))'
S2B_MSIL2A_20250709T170209_N0511_R069_T15SUD_20250709T224303.SAFE	geography'SRID=4326;POLYGON ((-95.32855113346177 39.572397790266216, -95.301097327331 38.73820958831532, -94.03810488537859 38.75625435897602, -94.05279562809639 39.74549354563108, -95.28221292925238 39.727556176584095, -95.3231340222691 39.59053276457254, -95.32855113346177 39.572397790266216))'
S2B_MSIL2A_20250709T170209_N0511_R069_T15UWP_20250709T224303.SAFE	geography'SRID=4326;POLYGON ((-92.63160593597027 47.762814288847125, -91.53521313306011 47.75581864580811, -91.50673052442279 48.7433372246506, -92.26456595376395 48.748246795899206, -92.28624952910691 48.69113647337622, -92.3413086033092 48.544809814532975, -92.39639606940109 48.39853556585821, -92.45104414872384 48.252173233180585, -92.50548687321971 48.10585782367824, -92.55936230181507 47.959480119932415, -92.61322324915653 47.81319204439077, -92.63160593597027 47.762814288847125))'
S2B_MSIL2A_20250709T170209_N0511_R069_T15STA_20250709T224303.SAFE	geography'SRID=4326;POLYGON ((-96.33234251079541 36.095089323042224, -96.32869364809063 36.01049725766069, -95.11143123293884 36.03812799310683, -95.1385056246128 37.02730768000537, -96.0761490917691 37.005525185295994, -96.09532851352894 36.9380613506958, -96.13693619609421 36.79058568416457, -96.1785571187904 36.64319521832454, -96.22000586598284 36.49574918215182, -96.26157736183718 36.348308678387895, -96.30285617762067 36.20072872351023, -96.33234251079541 36.095089323042224))'
S2B_MSIL2A_20250708T172859_N0511_R055_T14TLN_20250708T212136.SAFE	geography'SRID=4326;POLYGON ((-101.46678204877878 43.32624633586568, -101.42778068203103 42.33836182515417, -100.09530924716697 42.35883991770658, -100.1129221649777 43.34744038882544, -101.46678204877878 43.32624633586568))'
S2B_MSIL2A_20250708T172859_N0511_R055_T14TLK_20250708T212136.SAFE	geography'SRID=4326;POLYGON ((-101.3646807870274 40.62663972727231, -101.33065130260063 39.638218234831534, -100.05144935754969 39.656847486720984, -100.066815204235 40.645928490590144, -101.3646807870274 40.62663972727231))'
S2B_MSIL2A_20250708T172859_N0511_R055_T14TMR_20250708T210609.SAFE	geography'SRID=4326;POLYGON ((-98.87498372845047 45.53474104778565, -98.87383276277595 46.05350473573164, -100.29304891527646 46.0462596089832, -100.28691986523206 45.77669243171577, -100.22956257999016 45.76857209057021, -100.22959509650808 45.768480545951, -100.22901565327027 45.76839807463595, -100.22939439720483 45.7673359388179, -99.90548457810615 45.71617877878823, -99.90540134736442 45.71640760432145, -99.90535483523485 45.716400082685865, -99.90533150640967 45.71646409707742, -99.90411232616705 45.71626663703671, -99.90401597196056 45.71653043264267, -99.62069485015984 45.670567908655755, -99.62105880407864 45.669585562709706, -99.32336254529152 45.61748176824117, -99.32337298136105 45.6174539632355, -99.30554321305964 45.61419925913788, -99.30531050197082 45.614820337748206, -99.02684675923712 45.56409406923581, -99.02687464621219 45.56402058071504, -99.0268504475344 45.564016171712886, -99.02688328233998 45.563929830391416, -99.02671408552003 45.56389900386092, -99.02692713675184 45.563339771235775, -99.00917703473696 45.560099609682105, -99.00904065009321 45.56045762480084, -98.87498372845047 45.53474104778565))'
S2B_MSIL2A_20250708T172859_N0511_R055_T14TNP_20250708T212136.SAFE	geography'SRID=4326;POLYGON ((-97.62699216403261 44.16006237464233, -97.62505994125075 44.24514241182411, -99.00025052587905 44.25341758107761, -99.00024643448813 43.26479037737325, -97.98257958888881 43.25877492286655, -97.96686430050434 43.29907732508437, -97.90994143402975 43.44478326425062, -97.85284209036513 43.59048540910476, -97.79542716109248 43.73625621406024, -97.79525648709009 43.73668692606663, -97.79510999247968 43.737059473081054, -97.73741290620904 43.8828450033183, -97.67946848637663 44.02866263685442, -97.63837442689484 44.131521036983294, -97.62699216403261 44.16006237464233))'
S2B_MSIL2A_20250708T172859_N0511_R055_T14TLM_20250708T212136.SAFE	geography'SRID=4326;POLYGON ((-101.43119626719712 42.42690168750588, -101.39393916355972 41.438836285507165, -100.08002716017 41.458681613653354, -100.09685168418683 42.44744302996699, -101.43119626719712 42.42690168750588))'
S2B_MSIL2A_20250708T172859_N0511_R055_T14TLP_20250708T212136.SAFE	geography'SRID=4326;POLYGON ((-101.49433900258575 43.99061073660098, -101.46322767686333 43.23826255332707, -100.1113169858077 43.25939191053712, -100.12976271323852 44.24783068396879, -101.41601347484632 44.22736523834524, -101.45227875755616 44.118179000510246, -101.49433900258575 43.99061073660098))'
S2B_MSIL2A_20250708T172859_N0511_R055_T14SKJ_20250708T212136.SAFE	geography'SRID=4326;POLYGON ((-102.49897689950004 39.6975094680204, -102.45026011044494 38.7099201955759, -101.18865192655385 38.74036995699254, -101.21960079191267 39.7290432642928, -102.49897689950004 39.6975094680204))'
S2B_MSIL2A_20250708T172859_N0511_R055_T13SGB_20250708T212136.SAFE	geography'SRID=4326;POLYGON ((-102.72492653924301 37.925590547672954, -102.75467671035365 36.93665039764339, -101.52344565573672 36.90697181308603, -101.47744908495345 37.89483865903757, -102.72492653924301 37.925590547672954))'
S2B_MSIL2A_20250708T172859_N0511_R055_T14TMM_20250708T212136.SAFE	geography'SRID=4326;POLYGON ((-100.21648331498238 42.44623570214159, -100.19782479530704 41.4575152063026, -98.88312689683454 41.46369251697452, -98.88130582637643 42.452629745736225, -100.21648331498238 42.44623570214159))'
S2B_MSIL2A_20250708T172859_N0511_R055_T13TGJ_20250708T212136.SAFE	geography'SRID=4326;POLYGON ((-101.74713155617916 43.21657982106685, -101.1873683405316 43.201211355403785, -101.12426105372481 44.18762158427181, -101.42640894004035 44.1960669373183, -101.45227875755616 44.118179000510246, -101.50066654334144 43.97141937458085, -101.54891029706052 43.82462227869598, -101.59707181600561 43.67777430087006, -101.64504771016912 43.53084746312713, -101.6930111220552 43.383899767096565, -101.74059912223672 43.23684900292034, -101.74713155617916 43.21657982106685))'
S2B_MSIL2A_20250708T172859_N0511_R055_T14SMG_20250708T212136.SAFE	geography'SRID=4326;POLYGON ((-99.9094708407361 37.94308105753214, -100.13852907879905 37.9420809165272, -100.1287092241774 37.289920924932254, -100.12427951676763 37.30326364084928, -100.07539168565914 37.449955288837344, -100.02632894496637 37.59651611851773, -99.97702943160584 37.74299692684512, -99.92761484313215 37.8894930833248, -99.9094708407361 37.94308105753214))'
S2B_MSIL2A_20250708T172859_N0511_R055_T13SGD_20250708T212136.SAFE	geography'SRID=4326;POLYGON ((-102.66683353200474 39.72681533153163, -102.69936254729447 38.73821864423846, -101.43792685625729 38.70656329494251, -101.38763948191425 39.69403311805837, -102.66683353200474 39.72681533153163))'
S2B_MSIL2A_20250708T172859_N0511_R055_T14TNL_20250708T212136.SAFE	geography'SRID=4326;POLYGON ((-98.63270808044817 41.54974152404191, -99.00023981916341 41.551844670066835, -99.0002362534332 40.56274991351036, -98.99361371568045 40.56271275437677, -98.95416480844 40.671641355157725, -98.9010957167478 40.817984505072886, -98.84778598033438 40.96424496339184, -98.79442896889844 41.11041463643388, -98.74088981418008 41.25646614246872, -98.68701128842734 41.40243064292963, -98.63317617917228 41.54848040836183, -98.63270808044817 41.54974152404191))'
S2B_MSIL2A_20250708T172859_N0511_R055_T14TKK_20250708T212136.SAFE	geography'SRID=4326;POLYGON ((-102.54546370146345 40.59640146890937, -102.49451264760637 39.609013147606916, -101.21676465654707 39.64044856303257, -101.24913477999112 40.62894899386581, -102.54546370146345 40.59640146890937))'
S2B_MSIL2A_20250708T172859_N0511_R055_T14TLR_20250708T210609.SAFE	geography'SRID=4326;POLYGON ((-100.1599206901839 45.756363509646675, -100.1658919102777 46.0476276229589, -100.79987341836991 46.03722309041104, -100.83872688886974 45.92564175631486, -100.86236234650409 45.85777827318151, -100.54588195892994 45.813221302441285, -100.54595698829732 45.81300749655285, -100.52425791813585 45.8098825752245, -100.5241215242569 45.81027418830433, -100.52278251079753 45.810084617859296, -100.5227409325924 45.81020356734117, -100.35714017016134 45.78663385117044, -100.22956257999016 45.76857209057021, -100.22959509650808 45.768480545951, -100.22901565327027 45.76839807463595, -100.22939439720483 45.7673359388179, -100.1599206901839 45.756363509646675))'
S2B_MSIL2A_20250708T172859_N0511_R055_T14TLQ_20250708T212136.SAFE	geography'SRID=4326;POLYGON ((-101.44540656506055 44.138869556000365, -100.12808129589992 44.15979663371134, -100.14740738161733 45.148073182871244, -101.11186386802326 45.1324843942809, -101.15708049732643 44.99864923776167, -101.2071092375679 44.851945172811945, -101.25674643420088 44.70519553541815, -101.30578374165192 44.558366891863415, -101.35478931177376 44.41164443949784, -101.40355059100531 44.264888050729255, -101.44540656506055 44.138869556000365))'
S2B_MSIL2A_20250708T172859_N0511_R055_T13TGG_20250708T212136.SAFE	geography'SRID=4326;POLYGON ((-102.31291122231542 41.431055970495585, -101.2944377014587 41.40403474612011, -101.23686356729512 42.39088066238852, -102.00489731924691 42.411649756314475, -102.02282073461625 42.355000686911374, -102.06922921517985 42.20806737309528, -102.11555643109213 42.06112535848855, -102.16176647498496 41.91411917024317, -102.20800328167283 41.76707075738963, -102.2540432320653 41.61996701576973, -102.2999495712256 41.47283937331374, -102.31291122231542 41.431055970495585))'
S2B_MSIL2A_20250708T172859_N0511_R055_T14TMT_20250708T210609.SAFE	geography'SRID=4326;POLYGON ((-100.32526614251279 47.37174318956981, -100.31241149952399 46.858175957972115, -98.87194283884885 46.86562824777826, -98.86952963808321 47.85362771191058, -100.15258042996413 47.84688473800893, -100.15885947749904 47.82976433497439, -100.21233585399608 47.68347210006971, -100.2652397841678 47.53708779609145, -100.31836471612067 47.3907698986859, -100.32526614251279 47.37174318956981))'
S2B_MSIL2A_20250708T172859_N0511_R055_T14TPP_20250708T212136.SAFE	geography'SRID=4326;POLYGON ((-97.59344773065057 44.24393392011893, -97.74751912777681 44.24655093494868, -97.7560160216303 43.83583976924061, -97.73741290620904 43.8828450033183, -97.67946848637663 44.02866263685442, -97.63837442689484 44.131521036983294, -97.62155984939139 44.17368405324192, -97.59344773065057 44.24393392011893))'
S2B_MSIL2A_20250708T172859_N0511_R055_T14TLS_20250708T210609.SAFE	geography'SRID=4326;POLYGON ((-100.83069857813837 45.94869785942279, -100.16404448302406 45.95962253249568, -100.18528956021278 46.947573655919015, -100.4802437598071 46.94266103204644, -100.5295251766779 46.804921429572886, -100.58170280046531 46.65834898221491, -100.63376515688056 46.511812966112565, -100.68541732864723 46.36526285782798, -100.73675418735978 46.21873335959607, -100.78770792109623 46.07216057214118, -100.83069857813837 45.94869785942279))'
S2B_MSIL2A_20250708T172859_N0511_R055_T14SLH_20250708T212136.SAFE	geography'SRID=4326;POLYGON ((-101.30393084279649 38.82627262441358, -101.27281842761563 37.837503416034735, -100.02533655911799 37.85497766278228, -100.03938428014581 38.84437393595428, -101.30393084279649 38.82627262441358))'
S2B_MSIL2A_20250708T172859_N0511_R055_T14TMK_20250708T212136.SAFE	geography'SRID=4326;POLYGON ((-98.9618424201303 40.650441490389206, -100.18317260660315 40.64479480422486, -100.16613169555372 39.655752572676114, -99.31591889759763 39.659604471831024, -99.26863943951393 39.79375160082432, -99.21689025006918 39.940035895509766, -99.16464991797265 40.08627664546534, -99.11244823248019 40.23261789574112, -99.0598785824472 40.37896675140095, -99.0071565464455 40.52531750799243, -98.9618424201303 40.650441490389206))'
S2B_MSIL2A_20250708T172859_N0511_R055_T13TGK_20250708T212136.SAFE	geography'SRID=4326;POLYGON ((-101.45535450396702 44.108850295230916, -101.13001323357867 44.099770918209835, -101.06390244391362 45.08595696049961, -101.1269781941109 45.087748016784516, -101.15708049732643 44.99864923776167, -101.2071092375679 44.851945172811945, -101.25674643420088 44.70519553541815, -101.30578374165192 44.558366891863415, -101.35478931177376 44.41164443949784, -101.40355059100531 44.264888050729255, -101.45227875755616 44.118179000510246, -101.45535450396702 44.108850295230916))'
S2B_MSIL2A_20250708T172859_N0511_R055_T13TGH_20250708T212136.SAFE	geography'SRID=4326;POLYGON ((-102.03267750560278 42.323793286733874, -101.2421415546785 42.30245161555175, -101.18187629631363 43.28908179915951, -101.7189164238278 43.30385029228468, -101.74059912223672 43.23684900292034, -101.78798710506356 43.08981106115928, -101.8353997319122 42.94283992843448, -101.8825349997278 42.795827722790015, -101.92956810731246 42.6488924218777, -101.97632089805185 42.501968907782725, -102.02282073461625 42.355000686911374, -102.03267750560278 42.323793286733874))'
S2B_MSIL2A_20250708T172859_N0511_R055_T14SMJ_20250708T212136.SAFE	geography'SRID=4326;POLYGON ((-99.28462229855327 39.74840305538547, -100.16762472753088 39.74439520181332, -100.15133248212537 38.755193805393134, -99.63082082422378 38.757507342092445, -99.62689975975827 38.7688436469445, -99.57624735016653 38.915475847508574, -99.52532339140951 39.0620692426788, -99.47430873245008 39.20857530186292, -99.42291172286211 39.35490118855142, -99.3905131788685 39.447498851488064, -99.37201402810857 39.50043772994608, -99.35031496874579 39.56197228692341, -99.32020189063353 39.64745223399768, -99.28462229855327 39.74840305538547))'
S2B_MSIL2A_20250708T172859_N0511_R055_T14TLR_20250708T212136.SAFE	geography'SRID=4326;POLYGON ((-101.14194968012795 45.04343442673376, -100.14563453547973 45.05951360004942, -100.16357249565013 45.934491239726114, -100.26889971524089 45.94977982859208, -100.48726953760318 45.98073997716333, -100.48730027194435 45.980652526407134, -100.487609547412 45.980695651849125, -100.48769665723145 45.98044786268717, -100.48781044191745 45.98046377818822, -100.48782231617706 45.98042999157549, -100.48842421889222 45.98051511671021, -100.48847215845994 45.980378745690814, -100.48860574393744 45.9803975354169, -100.488671071346 45.98021160177432, -100.48888716501376 45.98024208804807, -100.48891012129415 45.98017676238869, -100.48930476009899 45.98023260321508, -100.48940214955192 45.979955573608734, -100.4899000467932 45.98002623760822, -100.48993887019112 45.979915809049096, -100.49026424818798 45.97996212967272, -100.49032054942556 45.97980199750592, -100.49055224799439 45.97983507175929, -100.49063005320777 45.97961373620648, -100.80471976028 46.02457732029347, -100.85526982208046 45.87882174258472, -100.90600763056068 45.73227488120276, -100.95669761879296 45.58573355653205, -101.00694703774543 45.439022448709046, -101.0364418227896 45.35313973913756, -101.05735997119348 45.292203704702125, -101.0623369345747 45.27765563160881, -101.10746002262593 45.1455191858415, -101.14194968012795 45.04343442673376))'
S2B_MSIL2A_20250708T172859_N0511_R055_T14TKM_20250708T212136.SAFE	geography'SRID=4326;POLYGON ((-102.31800111108527 41.41464811695157, -101.27696656733475 41.441212166985935, -101.3124072413961 42.42936087235922, -102.00499279456278 42.4113479953117, -102.02282073461625 42.355000686911374, -102.06922921517985 42.20806737309528, -102.11555643109213 42.06112535848855, -102.16176647498496 41.91411917024317, -102.20800328167283 41.76707075738963, -102.2540432320653 41.61996701576973, -102.2999495712256 41.47283937331374, -102.31800111108527 41.41464811695157))'
S2B_MSIL2A_20250708T172859_N0511_R055_T14SLF_20250708T212136.SAFE	geography'SRID=4326;POLYGON ((-100.21180296105179 37.039531148430804, -101.24837990395392 37.02527578563511, -101.21991719169928 36.03616769808406, -100.5375315003295 36.04533735911819, -100.5106048753188 36.1290241200665, -100.46274080377064 36.27576278276361, -100.41500435558771 36.42254837419693, -100.36701031785664 36.56930214224781, -100.3186868113857 36.71606593365459, -100.27035888322665 36.862920997762814, -100.22170256213636 37.00968623036909, -100.21180296105179 37.039531148430804))'
S2B_MSIL2A_20250708T172859_N0511_R055_T14SKG_20250708T212136.SAFE	geography'SRID=4326;POLYGON ((-102.41197247867947 37.8980997878049, -102.36741300313712 36.910119161555244, -101.13602504584179 36.93866731150362, -101.16432984132963 37.92768043331917, -102.41197247867947 37.8980997878049))'
S2B_MSIL2A_20250708T172859_N0511_R055_T14TMR_20250708T212136.SAFE	geography'SRID=4326;POLYGON ((-100.29092629402548 45.95290272416579, -100.27058357693214 45.058191670236305, -98.87602550148868 45.06519270654337, -98.87458941209967 45.71246746386561, -98.94622376758743 45.72619973412731, -98.94603135181148 45.726704057933325, -98.94616096616042 45.726728905745865, -98.94568456947508 45.727977313078746, -98.96314356131155 45.73115665464146, -98.96319320090531 45.73102642887479, -99.24234679745172 45.781934140136, -99.24233140272733 45.78197506617425, -99.25808014741459 45.78484153608562, -99.26048626160073 45.785262263017685, -99.26066545998306 45.784785164554265, -99.26095279566287 45.78483546190001, -99.26114937855657 45.784312432935984, -99.2613145543205 45.78434140306237, -99.26135920388 45.784222532497104, -99.26143784537057 45.78423630482624, -99.26144618800537 45.78421410469083, -99.2616385930794 45.78424782680589, -99.26170980159608 45.784058374981534, -99.26179356550321 45.78407306706719, -99.26182165240624 45.7839983545037, -99.54399486392028 45.833517678242536, -99.54376084824777 45.83414874155552, -99.54376369456861 45.834149241488525, -99.54344461482512 45.8350098835845, -99.66007249182451 45.854106687958314, -99.86413435054823 45.88707467133274, -99.86417563978317 45.88696152006504, -99.86434902846688 45.88698875137096, -99.86444123694012 45.8867361410893, -99.86491525570058 45.886810721400735, -99.86497954735212 45.88663460086752, -99.86498468710339 45.88663541215399, -99.86502172163257 45.88653390623424, -99.8650797388912 45.8865430803336, -99.86517758130888 45.8862749609593, -99.86539532033049 45.88630944945757, -99.8654302534474 45.886213771409366, -99.86575429757968 45.88626519156882, -99.86578453973709 45.8861823740668, -99.86598592706592 45.886214386902815, -99.8659910698624 45.8862003058192, -99.92644885497434 45.895825665860144, -100.15494314698765 45.932147465956, -100.15492397791536 45.93220072185394, -100.15593343221056 45.932361435003095, -100.15585141845305 45.93258929739572, -100.1560025341088 45.9326133984868, -100.15573608582932 45.9333537593255, -100.26889971524089 45.94977982859208, -100.29092629402548 45.95290272416579))'
S2B_MSIL2A_20250708T172859_N0511_R055_T14SKH_20250708T212136.SAFE	geography'SRID=4326;POLYGON ((-102.4545029640868 38.797894647715, -102.40791466143585 37.81010790673744, -101.16175219508035 37.83959549435291, -101.19134725642266 38.82843976082239, -102.4545029640868 38.797894647715))'
S2B_MSIL2A_20250708T172859_N0511_R055_T14TNM_20250708T212136.SAFE	geography'SRID=4326;POLYGON ((-98.29470488191623 42.448583385779905, -99.00024322601921 42.45269119915018, -99.00023949430312 41.463751887157464, -98.66511345499347 41.46183747762812, -98.63317617917228 41.54848040836183, -98.5789756854996 41.694503221324574, -98.52458518379348 41.840499474326606, -98.46975175175534 41.98652699145985, -98.41469628912036 42.132615440189134, -98.35929226496826 42.278672306162015, -98.30380213876856 42.42474957260921, -98.29470488191623 42.448583385779905))'
S2B_MSIL2A_20250708T172859_N0511_R055_T15UUP_20250708T210609.SAFE	geography'SRID=4326;POLYGON ((-95.66100109701176 48.72191459305641, -95.7193584952283 48.7209148694678, -95.71347625549626 48.60889665059395, -95.66100109701176 48.72191459305641))'
S2B_MSIL2A_20250708T172859_N0511_R055_T14TKL_20250708T212136.SAFE	geography'SRID=4326;POLYGON ((-102.54920914951911 40.66378663365028, -102.54082260253305 40.50846282585221, -101.24618611840133 40.54090999482793, -101.28005188450415 41.52923550071836, -102.29041111701372 41.50340966723256, -102.2999495712256 41.47283937331374, -102.34560312679788 41.325669781312, -102.3911610515996 41.17854459220359, -102.4366110210532 41.03142173496812, -102.48170007482547 40.884268987859095, -102.52676906142568 40.73718264031881, -102.54920914951911 40.66378663365028))'
S2B_MSIL2A_20250708T172859_N0511_R055_T14TLL_20250708T212136.SAFE	geography'SRID=4326;POLYGON ((-101.3971826192205 41.52685230149302, -101.36158097735908 40.538607851727775, -100.06541547567339 40.55783709926159, -100.08149180738359 41.546758769895376, -101.3971826192205 41.52685230149302))'
S2B_MSIL2A_20250708T172859_N0511_R055_T14SLG_20250708T212136.SAFE	geography'SRID=4326;POLYGON ((-100.0220279219136 37.60929550091845, -100.0265600589798 37.943111174604404, -101.27552823620451 37.925581750319026, -101.24577213045467 36.936641907455304, -100.24134849127444 36.95042693383566, -100.22170256213636 37.00968623036909, -100.17300509304992 37.156497396019375, -100.12427951676763 37.30326364084928, -100.07539168565914 37.449955288837344, -100.02632894496637 37.59651611851773, -100.0220279219136 37.60929550091845))'
S2B_MSIL2A_20250708T172859_N0511_R055_T14SLJ_20250708T212136.SAFE	geography'SRID=4326;POLYGON ((-101.33363283056225 39.72680595308774, -101.301097327331 38.73820958831532, -100.03810488537859 38.75625435897602, -100.05279562809639 39.74549354563108, -101.33363283056225 39.72680595308774))'
S2B_MSIL2A_20250708T172859_N0511_R055_T13TGE_20250708T212136.SAFE	geography'SRID=4326;POLYGON ((-102.64539608041261 40.347626463364804, -102.6698144654414 39.63822758400475, -101.39224764301619 39.60554763793313, -101.33965430802601 40.59281342227294, -102.56115915539368 40.62470110478754, -102.57173630414826 40.590105853766566, -102.6164917766236 40.443019182884086, -102.64539608041261 40.347626463364804))'
S2B_MSIL2A_20250708T172859_N0511_R055_T14TML_20250708T212136.SAFE	geography'SRID=4326;POLYGON ((-98.88417765224827 40.86440086414811, -98.88296836561119 41.55178511688993, -100.19944910163338 41.54558876800179, -100.18162029219911 40.556706911840905, -98.99380343345538 40.56218889470074, -98.95416480844 40.671641355157725, -98.9010957167478 40.817984505072886, -98.88417765224827 40.86440086414811))'
S2B_MSIL2A_20250708T172859_N0511_R055_T14TMP_20250708T212136.SAFE	geography'SRID=4326;POLYGON ((-100.25298174570909 44.246545441411556, -100.23252540128634 43.25815001081029, -98.87974009973617 43.26472716389879, -98.87774350913473 44.25335216097235, -100.25298174570909 44.246545441411556))'
S2B_MSIL2A_20250708T172859_N0511_R055_T14TNK_20250708T212136.SAFE	geography'SRID=4326;POLYGON ((-98.96177042133738 40.65064029761402, -99.00023656389149 40.650856515774606, -99.00023619722371 40.54442637590225, -98.96177042133738 40.65064029761402))'
S2B_MSIL2A_20250708T172859_N0511_R055_T14TNR_20250708T212136.SAFE	geography'SRID=4326;POLYGON ((-99.0002571040154 45.73778556972444, -99.00025404640142 45.06525999447365, -97.60574612901156 45.05674859305782, -97.59609380405851 45.443627355795456, -97.75657607698106 45.4798100764716, -97.75623745456583 45.480649980037256, -97.7564331575723 45.480694362134415, -97.75642253311857 45.480720738975975, -97.75668522171645 45.48078040075048, -97.7565805712135 45.481040089169575, -97.75680167585185 45.48109044000669, -97.75665322191993 45.481458822249024, -97.75681567270169 45.481495868470965, -97.75678457935224 45.481573045761806, -97.82782388452142 45.49745763913275, -98.07255035281744 45.55198361645286, -98.07296754236613 45.55093330679652, -98.07333066569504 45.55100889274633, -98.07339090116542 45.55085727643515, -98.35346162990814 45.60920357249675, -98.35294518414364 45.61052006409382, -98.3531087254654 45.6105543776727, -98.3530493211632 45.6107059670648, -98.35327407720672 45.61075298649365, -98.35321590231528 45.61090133433088, -98.59972266413587 45.6607839723126, -98.64994388841431 45.67092532261336, -98.64993623974836 45.67094509566494, -98.66645991175794 45.674288794405264, -98.66665130300112 45.6737933713556, -98.66669459793971 45.6738016709758, -98.66682330134793 45.673468740518075, -98.66694896143146 45.67349282806212, -98.66724765789098 45.67272015287297, -98.94622376758743 45.72619973412731, -98.94603135181148 45.726704057933325, -98.94616096616042 45.726728905745865, -98.94568456947508 45.727977313078746, -98.96314356131155 45.73115665464146, -98.96319320090531 45.73102642887479, -99.0002571040154 45.73778556972444))'
S2B_MSIL2A_20250708T172859_N0511_R055_T13SGC_20250708T212136.SAFE	geography'SRID=4326;POLYGON ((-102.6965295968872 38.82628170870513, -102.72763580740045 37.83751218570364, -101.48163775999417 37.80685703267152, -101.43354720329414 38.79452724007538, -102.6965295968872 38.82628170870513))'
S2B_MSIL2A_20250708T172859_N0511_R055_T13TGF_20250708T212136.SAFE	geography'SRID=4326;POLYGON ((-102.58780820181406 40.537286348314396, -101.34444498559898 40.50488583658978, -101.28942535132569 41.49194363396281, -102.28572692838833 41.518422269890046, -102.2999495712256 41.47283937331374, -102.34560312679788 41.325669781312, -102.3911610515996 41.17854459220359, -102.4366110210532 41.03142173496812, -102.48170007482547 40.884268987859095, -102.52676906142568 40.73718264031881, -102.57173630414826 40.590105853766566, -102.58780820181406 40.537286348314396))'
S2B_MSIL2A_20250708T172859_N0511_R055_T14SMH_20250708T212136.SAFE	geography'SRID=4326;POLYGON ((-99.60032639816326 38.84577010549735, -100.15275135075291 38.843310058483205, -100.13717219597591 37.85395064837389, -99.93931281784663 37.854812872739195, -99.92761484313215 37.8894930833248, -99.87801395871784 38.035988374531016, -99.82812810724684 38.18249703954952, -99.77810605527117 38.32901073012188, -99.72788733069237 38.47560691822802, -99.67760201596222 38.62225686213837, -99.62689975975827 38.7688436469445, -99.60032639816326 38.84577010549735))'
S2B_MSIL2A_20250708T172859_N0511_R055_T14TMN_20250708T212136.SAFE	geography'SRID=4326;POLYGON ((-100.2343055501801 43.346194685301704, -100.214772743091 42.35763630855867, -98.88147277912853 42.364010656318975, -98.8795663539466 43.352791985217806, -100.2343055501801 43.346194685301704))'
S2C_MSIL2A_20250708T163921_N0511_R126_T16TEK_20250708T215217.SAFE	geography'SRID=4326;POLYGON ((-86.38775300689372 40.64741374612604, -87.00023656389149 40.650856515774606, -87.00023315577859 39.66160695799293, -86.74054047834179 39.6601765507965, -86.72682885046765 39.69909135086713, -86.67518071231525 39.84542779007778, -86.62322600939594 39.991681364360815, -86.57105433166093 40.137949330914935, -86.5187501373471 40.284274438528975, -86.4661559448063 40.430595314001245, -86.4132992622635 40.576884961272896, -86.38775300689372 40.64741374612604))'
S2C_MSIL2A_20250708T163921_N0511_R126_T16TEL_20250708T215217.SAFE	geography'SRID=4326;POLYGON ((-86.05851912052698 41.54645581262871, -87.00023981916341 41.551844670066835, -87.0002362534332 40.56274991351036, -86.41958365334317 40.55949186526053, -86.4132992622635 40.576884961272896, -86.36032304015022 40.72314313170443, -86.30729738207046 40.86936776810823, -86.25407171938556 41.01554782590637, -86.20063510592001 41.1617129812938, -86.14685664832069 41.30782300399829, -86.09283640841464 41.45393078905084, -86.05851912052698 41.54645581262871))'
S2B_MSIL2A_20250707T175919_N0511_R041_T13TFN_20250707T214425.SAFE	geography'SRID=4326;POLYGON ((-103.61591998171883 47.84506466020768, -103.66339978002995 47.84592105208886, -103.66620094126245 47.73396463348393, -103.6421032272718 47.78736673201158, -103.61591998171883 47.84506466020768))'
S2B_MSIL2A_20250707T175919_N0511_R041_T13TEN_20250707T214425.SAFE	geography'SRID=4326;POLYGON ((-103.61601411197401 47.84485723287811, -105.0002673576574 47.85370184248753, -105.00026241255061 46.86569987335423, -104.05340260693475 46.85974425764915, -104.02829282682676 46.91730204072056, -103.96485110478265 47.06234652539776, -103.90089747331747 47.20730592915904, -103.8368475267692 47.35231026228109, -103.77210886199283 47.49727705783743, -103.70753077930483 47.64237502941904, -103.6421032272718 47.78736673201158, -103.61601411197401 47.84485723287811))'
S2C_MSIL2A_20250707T170911_N0511_R112_T14TQQ_20250707T222220.SAFE	geography'SRID=4326;POLYGON ((-96.4247375046343 44.13590309959963, -95.13001323357867 44.099770918209835, -95.0639024439136 45.08595696049961, -96.09640864325056 45.11527530727699, -96.11153501476068 45.07082706160363, -96.16133730043695 44.92406233369582, -96.21084640268147 44.77731934929472, -96.25996383069952 44.63054543435936, -96.30888462365628 44.48371952465142, -96.35778325251015 44.33692341496264, -96.40671989224387 44.19018894986416, -96.4247375046343 44.13590309959963))'
S2C_MSIL2A_20250706T173931_N0511_R098_T13TFL_20250706T224915.SAFE	geography'SRID=4326;POLYGON ((-103.66654808933853 45.05710542045586, -102.33649579223146 45.034190140253024, -102.28945585240228 46.02142174250963, -103.32889725086835 46.03963285960422, -103.33559331253736 46.02047395840484, -103.38628564600383 45.87388836281311, -103.43706442571879 45.72735105261893, -103.48765287502093 45.58073263180944, -103.53793036473988 45.43401639621296, -103.58817825354586 45.28727668469931, -103.63829491712512 45.140519189361775, -103.66654808933853 45.05710542045586))'
S2C_MSIL2A_20250706T173931_N0511_R098_T13TGE_20250706T224915.SAFE	geography'SRID=4326;POLYGON ((-101.51160349311982 40.59730219776551, -102.63579176628713 40.62664940733135, -102.6698144654414 39.63822758400475, -101.86145991925935 39.61755000964051, -101.85350147212189 39.64015151449614, -101.80150562521249 39.78643260188383, -101.7495814823648 39.932724161179486, -101.71449001896745 40.031188857532285, -101.69634797333981 40.08217497414861, -101.67591589862147 40.13942394979304, -101.64533558200698 40.22522814102825, -101.5930391775417 40.371525645933765, -101.54038389192084 40.51780947073425, -101.51160349311982 40.59730219776551))'
S2C_MSIL2A_20250706T173931_N0511_R098_T14TNS_20250706T223319.SAFE	geography'SRID=4326;POLYGON ((-98.98998135822445 46.95364441811347, -99.00026284243779 46.953709179213256, -99.00026273029324 46.93019365835955, -98.98998135822445 46.95364441811347))'
S2C_MSIL2A_20250706T173931_N0511_R098_T14TKK_20250706T224915.SAFE	geography'SRID=4326;POLYGON ((-101.50244841276601 40.62258893227343, -102.54546370146345 40.59640146890937, -102.49451264760637 39.609013147606916, -101.85896017232024 39.62464913860453, -101.85350147212189 39.64015151449614, -101.80150562521249 39.78643260188383, -101.7495814823648 39.932724161179486, -101.71449001896745 40.031188857532285, -101.69634797333981 40.08217497414861, -101.67591589862147 40.13942394979304, -101.64533558200698 40.22522814102825, -101.5930391775417 40.371525645933765, -101.54038389192084 40.51780947073425, -101.50244841276601 40.62258893227343))'
S2B_MSIL2A_20250705T171859_N0511_R012_T14UQV_20250705T205335.SAFE	geography'SRID=4326;POLYGON ((-96.23148519495957 49.61961011420237, -96.28591334225759 48.63304460468163, -94.79901938142156 48.5883487810417, -94.71495435702141 49.57334356268714, -96.23148519495957 49.61961011420237))'
S2B_MSIL2A_20250705T171859_N0511_R012_T14TNL_20250705T205335.SAFE	geography'SRID=4326;POLYGON ((-99.00023981916341 41.551844670066835, -99.0002362534332 40.56274991351036, -97.70336265383867 40.5554731412015, -97.68379957458711 41.54431153543986, -99.00023981916341 41.551844670066835))'
S2B_MSIL2A_20250705T171859_N0511_R012_T14TMK_20250705T205335.SAFE	geography'SRID=4326;POLYGON ((-100.1754295603627 40.19539396465581, -100.16613169555372 39.655752572676114, -98.88622008547372 39.66155122739065, -98.88455693238029 40.65079881136531, -100.03850574213891 40.645463655605965, -100.08141095451742 40.50498880090111, -100.12618435773351 40.35781205191071, -100.17083753112948 40.21056578343246, -100.1754295603627 40.19539396465581))'
S2B_MSIL2A_20250705T171859_N0511_R012_T14TML_20250705T205335.SAFE	geography'SRID=4326;POLYGON ((-100.06545094644643 40.55724305371965, -98.88470843547175 40.5626923872254, -98.88296836561119 41.55178511688993, -99.76018645390982 41.547656268531306, -99.76429509575564 41.53444835445063, -99.81005377199789 41.387336850913066, -99.85564477186023 41.2402613391605, -99.901041391586 41.093193760322094, -99.94646300461008 40.9461767909154, -99.9916666925591 40.7991601003092, -100.03648815444848 40.6520693876827, -100.06545094644643 40.55724305371965))'
S2B_MSIL2A_20250705T171859_N0511_R012_T15UUQ_20250705T205335.SAFE	geography'SRID=4326;POLYGON ((-95.76906793701309 49.619596875011254, -95.71462894820279 48.63303181535822, -94.2248689622095 48.6585189163826, -94.24946259503466 49.64598096654525, -95.76906793701309 49.619596875011254))'
S2B_MSIL2A_20250705T171859_N0511_R012_T14SLJ_20250705T205335.SAFE	geography'SRID=4326;POLYGON ((-100.60658192482484 38.74813234853325, -100.03810488537859 38.75625435897602, -100.05279562809639 39.74549354563108, -100.31203780607711 39.74171116627574, -100.34799202166592 39.62144014786135, -100.3919407474632 39.474213954533525, -100.43576991559551 39.326988353099615, -100.47936024128592 39.17974312792215, -100.52281159673959 39.03251914718718, -100.56613351484128 38.88529573352027, -100.60658192482484 38.74813234853325))'
S2B_MSIL2A_20250705T171859_N0511_R012_T14TLK_20250705T205335.SAFE	geography'SRID=4326;POLYGON ((-100.33865761491727 39.65266482033908, -100.05144935754969 39.656847486720984, -100.06543808759264 40.557285154562855, -100.08141095451742 40.50498880090111, -100.12618435773351 40.35781205191071, -100.17083753112948 40.21056578343246, -100.21540532829376 40.06331616730223, -100.25971478544449 39.91602468592878, -100.30395976648256 39.768733145003935, -100.33865761491727 39.65266482033908))'
S2B_MSIL2A_20250705T171859_N0511_R012_T14TNK_20250705T205335.SAFE	geography'SRID=4326;POLYGON ((-99.00023656389149 40.650856515774606, -99.00023315577859 39.66160695799293, -97.72035792136309 39.6545573069827, -97.70165933840751 40.64355721409192, -99.00023656389149 40.650856515774606))'
S2B_MSIL2A_20250705T171859_N0511_R012_T15UVQ_20250705T205335.SAFE	geography'SRID=4326;POLYGON ((-92.86570229276117 49.31285367645819, -92.86478640421906 49.652643868751746, -94.3857276318143 49.64443007346099, -94.3584537749198 48.6570207750582, -93.17048088213879 48.6633425673313, -93.13648555629484 48.736581078560825, -93.06912898487816 48.8812373163095, -93.00137707464916 49.025859419602575, -92.93323016020368 49.1704101970844, -92.86570229276117 49.31285367645819))'
S2C_MSIL2A_20250705T162921_N0511_R083_T16SDH_20250705T214302.SAFE	geography'SRID=4326;POLYGON ((-88.14515282202228 38.36076296204299, -88.13717219597591 37.85395064837389, -86.88904641935846 37.85938968525829, -86.88752596186193 38.84894433319432, -88.00371031355931 38.84397376485059, -88.00524685159573 38.83874871697165, -88.04845310790623 38.69139619426426, -88.0916355844154 38.544059672232535, -88.13468576186833 38.39670711551525, -88.14515282202228 38.36076296204299))'
S2C_MSIL2A_20250705T162921_N0511_R083_T16SCG_20250705T214302.SAFE	geography'SRID=4326;POLYGON ((-88.55193771012334 36.946164309572076, -88.01312514326092 36.95355914294569, -88.0265600589798 37.943111174604404, -88.26717925381625 37.939734054166586, -88.30556157046176 37.80718329699787, -88.34806183862109 37.65977939929408, -88.39027263835872 37.512362157457794, -88.43250154426904 37.36499708077779, -88.47464703417533 37.21760299532507, -88.51666970344041 37.070162554154805, -88.54986983672286 36.953452523632265, -88.55193771012334 36.946164309572076))'
S2C_MSIL2A_20250705T162921_N0511_R083_T16SEH_20250705T214302.SAFE	geography'SRID=4326;POLYGON ((-87.00023047979299 38.848998483821255, -87.00022736409076 37.85944195932729, -85.75213459127728 37.85282950328523, -85.73503988519937 38.84214867288121, -87.00023047979299 38.848998483821255))'
S2C_MSIL2A_20250705T162921_N0511_R083_T16SCH_20250705T214302.SAFE	geography'SRID=4326;POLYGON ((-88.29280679977593 37.851231042409744, -88.02533655911799 37.85497766278228, -88.037731429667 38.727961878753405, -88.04845310790623 38.69139619426426, -88.0916355844154 38.544059672232535, -88.13468576186833 38.39670711551525, -88.1775945680518 38.24935717273426, -88.2202902823398 38.10196865476977, -88.262885712869 37.95456150996478, -88.29280679977593 37.851231042409744))'
S2C_MSIL2A_20250705T162921_N0511_R083_T16SDG_20250705T214302.SAFE	geography'SRID=4326;POLYGON ((-88.13852907879904 37.9420809165272, -88.12362950841452 36.95256487264268, -86.89036811332885 36.957830487987216, -86.8889139941678 37.94753713280259, -88.13852907879904 37.9420809165272))'
S2C_MSIL2A_20250704T165911_N0511_R069_T15TUH_20250704T221615.SAFE	geography'SRID=4326;POLYGON ((-94.48479973794335 42.35285403154819, -94.09530924716697 42.35883991770658, -94.11292216497772 43.34744038882544, -94.16538855674081 43.34661905162582, -94.20863593859652 43.213599462414216, -94.25629231513057 43.06672789218055, -94.30358822950947 42.91985532973592, -94.350708415675 42.77295251294624, -94.39770691946669 42.626002000957456, -94.44466916589008 42.479033621413805, -94.47557788628276 42.38186650712889, -94.48479973794335 42.35285403154819))'
S2C_MSIL2A_20250704T165911_N0511_R069_T15TVJ_20250704T221615.SAFE	geography'SRID=4326;POLYGON ((-94.19409089258252 43.25833687686164, -92.87974009973617 43.26472716389879, -92.87774350913473 44.25335216097235, -93.86915798114549 44.248445170968715, -93.87143176943272 44.24161626211233, -93.92006545980568 44.09485468152291, -93.9685498025771 43.94807735775719, -94.01687710925879 43.80126275808526, -94.06502702818314 43.654388523580685, -94.11300757741971 43.50746284411724, -94.16086967472977 43.360518154947485, -94.19409089258252 43.25833687686164))'
S2C_MSIL2A_20250704T165911_N0511_R069_T15TUG_20250704T221615.SAFE	geography'SRID=4326;POLYGON ((-94.76846973068267 41.448283376414956, -94.08002716017 41.458681613653354, -94.09685168418683 42.44744302996699, -94.4564791530193 42.44190680559904, -94.47557788628276 42.38186650712889, -94.49090090287145 42.33365941586741, -94.49642635402449 42.31623845999473, -94.53792631835756 42.18505324529999, -94.58416153744493 42.03800876165505, -94.63036440403815 41.89095959471955, -94.67635363141277 41.743847353410544, -94.72229121601644 41.596727339549545, -94.76806121347872 41.449601142846646, -94.76846973068267 41.448283376414956))'
S2A_MSIL2A_20250704T162711_N0511_R040_T17TME_20250705T010417.SAFE	geography'SRID=4326;POLYGON ((-81.34353091899312 40.64867679547747, -82.18317260660315 40.64479480422486, -82.16613169555372 39.655752572676114, -81.69748144521843 39.65787579818807, -81.68525980962995 39.69253635271871, -81.63366760093773 39.83893426891844, -81.58154740313171 39.98529191077728, -81.52933653244254 40.13172288321284, -81.477166907413 40.27821342374442, -81.42454515951599 40.42457579577616, -81.37164376546475 40.57080053861783, -81.34353091899312 40.64867679547747))'
S2A_MSIL2A_20250704T162711_N0511_R040_T17TMF_20250705T010417.SAFE	geography'SRID=4326;POLYGON ((-81.01339583501833 41.55117122708286, -82.19944910163338 41.54558876800179, -82.18162029219911 40.556706911840905, -81.37539643812687 40.560427776144756, -81.37164376546475 40.57080053861783, -81.31886166296131 40.71701385701295, -81.26592231176969 40.86316009973889, -81.212794751812 41.009243385705055, -81.15935131746211 41.1552401156804, -81.10579208572567 41.301324576477256, -81.05188612431539 41.44744085841378, -81.01339583501833 41.55117122708286))'
S2A_MSIL2A_20250704T162711_N0511_R040_T17TLJ_20250705T010417.SAFE	geography'SRID=4326;POLYGON ((-83.50407140709622 44.22596415476343, -83.46322767686333 43.23826255332707, -82.1113169858077 43.25939191053712, -82.12976271323852 44.24783068396879, -83.50407140709622 44.22596415476343))'
S2A_MSIL2A_20250704T162711_N0511_R040_T17TMG_20250705T010417.SAFE	geography'SRID=4326;POLYGON ((-80.88232101864591 41.9013268430018, -80.88130582637643 42.452629745736225, -82.21648331498238 42.44623570214159, -82.19782479530704 41.4575152063026, -81.04613997962718 41.46292657488458, -80.99764768560544 41.5936120965668, -80.94308966086298 41.73979189579761, -80.88811400830697 41.885908709503845, -80.88232101864591 41.9013268430018))'
S2B_MSIL2A_20250704T160829_N0511_R140_T17TMF_20250704T201256.SAFE	geography'SRID=4326;POLYGON ((-81.31310010638401 40.56071528462751, -80.88470843547175 40.5626923872254, -80.88296836561119 41.55178511688993, -82.13947310267623 41.545871060179934, -82.17345513187345 41.4367560495741, -82.19616467331726 41.3634166727952, -82.18415418053877 40.697250015061954, -82.08058824023036 40.68216877385455, -82.08057169946697 40.68222165069513, -82.08051199550718 40.68221277471661, -82.08044076639187 40.68244069534765, -82.08031919883099 40.68242288858429, -82.08021997448131 40.68274180971806, -82.07915266306908 40.682585943810565, -82.07912761930677 40.6826659809779, -81.97588092107556 40.66750454994558, -81.8090088011349 40.64313521020822, -81.80904943983266 40.64300590698444, -81.80860832397757 40.64294113060196, -81.8090885696697 40.641420005874714, -81.51081257431382 40.592745075540094, -81.51057033963782 40.59350008530509, -81.50939546254803 40.593303842039546, -81.50931791108599 40.59354550894612, -81.31310010638401 40.56071528462751))'
S2B_MSIL2A_20250704T160829_N0511_R140_T17TMF_20250704T211831.SAFE	geography'SRID=4326;POLYGON ((-82.18730372754086 40.871940865675604, -82.18162029219911 40.556706911840905, -80.88470843547175 40.5626923872254, -80.88453518769533 40.66117010927822, -80.91898830657027 40.6676506231444, -80.91908279249665 40.667362967903934, -80.91921268607683 40.66738640771269, -80.91939270582081 40.66683735726238, -80.91946249544412 40.666849965195645, -80.91964924834622 40.66628146354751, -80.9200064990823 40.66634613037155, -80.9200321990702 40.66626775135604, -80.92004451798617 40.666269977936274, -80.92005502611873 40.66623797289599, -80.92010446944286 40.66624691651689, -80.9201743353119 40.66603422518472, -80.92024666966806 40.66604731938488, -80.92028154055463 40.665941098947066, -81.18025072850696 40.713028168811086, -81.18005203982877 40.71364039719589, -81.18018718722307 40.713664897558886, -81.1797732946095 40.71494105042488, -81.3797820756227 40.748738847808575, -81.47478636554638 40.76457058821202, -81.47487306425468 40.76429983480895, -81.47501674138435 40.76432326894702, -81.4750401271942 40.76425007699213, -81.47517250598601 40.76427152043072, -81.4752321537141 40.7640849475709, -81.47535195182851 40.76410438876032, -81.47544001325943 40.7638293396, -81.47547570332547 40.763835142171466, -81.47550790585895 40.763734398461445, -81.47575488125916 40.76377481188396, -81.47579365322821 40.76365364569938, -81.47589679031066 40.76367047118444, -81.4759375554165 40.76354292830422, -81.47595666028762 40.76354605099104, -81.47603129168435 40.76331299824552, -81.47616238998168 40.76333454308308, -81.4761847285935 40.76326467374251, -81.47631349343197 40.76328575743711, -81.47634935206453 40.76317376136329, -81.47651999694254 40.76320175496962, -81.47655570370192 40.76309028380396, -81.47674853514253 40.76312197460564, -81.47676228968129 40.76307900911036, -81.64246840378547 40.79035713643657, -81.74270703523385 40.806830811992576, -81.74269883397437 40.806856819936094, -81.74366274307698 40.80701549624912, -81.74359566489694 40.80722831194867, -81.74388187678551 40.80727551670972, -81.74351492982865 40.808440389432434, -81.90570233161303 40.832755328211455, -82.0480120490933 40.853582900286646, -82.04810843188186 40.85327273557762, -82.04835943158187 40.85330882976117, -82.04842504117251 40.8530978524368, -82.04865451820817 40.8531309587727, -82.04874075122265 40.85285407854594, -82.04889895743722 40.85287697625262, -82.04894106105391 40.8527415698366, -82.04930570967312 40.852794966681785, -82.0493303607891 40.852715741944635, -82.04956698995053 40.85275019230594, -82.04963239598173 40.85253973119675, -82.04991386462865 40.85258084090388, -82.04994539046507 40.852479442299725, -82.05021310785294 40.852518665774014, -82.0503066919827 40.85221809541637, -82.05063747833411 40.85226671135657, -82.05068260471 40.85212180033453, -82.05101083880285 40.85217019586894, -82.05106834551542 40.85198538204689, -82.05143053818155 40.8520389411567, -82.05150538712955 40.85179827063577, -82.18730372754086 40.871940865675604))'
S2B_MSIL2A_20250704T160829_N0511_R140_T17TNF_20250704T211831.SAFE	geography'SRID=4326;POLYGON ((-81.00023667764994 40.68042301950099, -81.0002362534332 40.56274991351036, -80.35625034724754 40.55913650136989, -80.36844815066367 40.56167210463919, -80.37131030160445 40.562237840630175, -80.37175963521152 40.56090309439507, -80.37201288837444 40.5609531733018, -80.37229252423323 40.560121612720735, -80.62950734096486 40.61098515325602, -80.6287937170099 40.61313230363828, -80.6368582901381 40.61472635628086, -80.64489801411845 40.61623872170984, -80.64494282956757 40.61610360587356, -80.91898830657027 40.6676506231444, -80.91908279249665 40.667362967903934, -80.91921268607683 40.66738640771269, -80.91939270582081 40.66683735726238, -80.91946249544412 40.666849965195645, -80.91964924834622 40.66628146354751, -80.9200064990823 40.66634613037155, -80.9200321990702 40.66626775135604, -80.92004451798617 40.666269977936274, -80.92005502611873 40.66623797289599, -80.92010446944286 40.66624691651689, -80.9201743353119 40.66603422518472, -80.92024666966806 40.66604731938488, -80.92028154055463 40.665941098947066, -81.00023667764994 40.68042301950099))'
S2B_MSIL2A_20250704T160829_N0511_R140_T17TMG_20250704T201256.SAFE	geography'SRID=4326;POLYGON ((-82.16694485560683 41.4576603004579, -80.88312689683454 41.46369251697452, -80.88130582637643 42.452629745736225, -81.85530281180488 42.44796536273171, -81.89615628409162 42.31932100539582, -81.94268745295356 42.17229828145712, -81.98914356720904 42.02520475205524, -82.035461058781 41.87809737923251, -82.08163669926033 41.73095829700524, -82.12764457616834 41.583852011460685, -82.16694485560683 41.4576603004579))'
S2B_MSIL2A_20250704T160829_N0511_R140_T17TME_20250704T201256.SAFE	geography'SRID=4326;POLYGON ((-80.88483871066707 40.48319638768902, -80.88455693238029 40.65079881136531, -81.83150656211086 40.64642069361161, -81.8090088011349 40.64313521020822, -81.80904943983266 40.64300590698444, -81.80860832397757 40.64294113060196, -81.8090885696697 40.641420005874714, -81.51081257431382 40.592745075540094, -81.51057033963782 40.59350008530509, -81.50939546254803 40.593303842039546, -81.50931791108599 40.59354550894612, -81.24828607205377 40.54987091049292, -81.24846853244506 40.54930862667391, -81.24841175128442 40.549299094693005, -81.24869063121997 40.54843374469287, -80.95787849324195 40.49589197220677, -80.95759411683352 40.496757040106125, -80.95751525728093 40.49674223102014, -80.95748493941156 40.496834778057725, -80.88483871066707 40.48319638768902))'
S2C_MSIL2A_20250703T172921_N0511_R055_T14TMN_20250703T223502.SAFE	geography'SRID=4326;POLYGON ((-100.2343055501801 43.346194685301704, -100.214772743091 42.35763630855867, -98.88147277912853 42.364010656318975, -98.8795663539466 43.352791985217806, -100.2343055501801 43.346194685301704))'
S2C_MSIL2A_20250703T172921_N0511_R055_T13TGJ_20250703T223502.SAFE	geography'SRID=4326;POLYGON ((-101.75776596350035 43.2168717918845, -101.1873683405316 43.201211355403785, -101.12426105372481 44.18762158427181, -101.4372390865156 44.19636965136884, -101.46246796582734 44.12052886132994, -101.51095072769776 43.9736831697376, -101.55931148517465 43.82681911609609, -101.60757310931103 43.679923412222415, -101.65530249076384 43.53293425319027, -101.70318471101892 43.38607210392221, -101.75057803436768 43.2391539018348, -101.75776596350035 43.2168717918845))'
S2C_MSIL2A_20250703T172921_N0511_R055_T13TGE_20250703T223502.SAFE	geography'SRID=4326;POLYGON ((-102.6440340688571 40.387195397592976, -102.6698144654414 39.63822758400475, -101.39224764301619 39.60554763793313, -101.33965430802601 40.59281342227294, -102.57165081825185 40.624974992210085, -102.58157566733371 40.592467397167134, -102.6263868636052 40.44527342410024, -102.6440340688571 40.387195397592976))'
S2C_MSIL2A_20250703T172921_N0511_R055_T14TMP_20250703T223502.SAFE	geography'SRID=4326;POLYGON ((-100.25298174570909 44.246545441411556, -100.23252540128634 43.25815001081029, -98.87974009973617 43.26472716389879, -98.87774350913473 44.25335216097235, -100.25298174570909 44.246545441411556))'
S2C_MSIL2A_20250703T172921_N0511_R055_T13TGH_20250703T223502.SAFE	geography'SRID=4326;POLYGON ((-102.0432706756514 42.32407926481202, -101.2421415546785 42.30245161555175, -101.18187629631363 43.28908179915951, -101.72961318408288 43.304144450993114, -101.75057803436768 43.2391539018348, -101.79796715254264 43.09225073652362, -101.8452125129992 42.94531700796989, -101.89240938584025 42.79838315336481, -101.93939222485209 42.651430355659535, -101.9758731760888 42.53689193086197, -101.98568840557981 42.506024890260925, -101.9915091474526 42.48769006885512, -102.03272120441251 42.35744361886605, -102.0432706756514 42.32407926481202))'
S2C_MSIL2A_20250703T172921_N0511_R055_T14TNM_20250703T223502.SAFE	geography'SRID=4326;POLYGON ((-98.30562046408383 42.44864693891596, -99.00024322601921 42.45269119915018, -99.00023949430312 41.463751887157464, -98.67577554967544 41.46189838490857, -98.64399198935523 41.54808633370731, -98.5897259267943 41.694143859369206, -98.53641737534947 41.83688859286603, -98.53399106751932 41.84340237369189, -98.52072002299758 41.87873999926144, -98.48040505489372 41.98618604448048, -98.42555875547644 42.13220370575488, -98.37034060480872 42.27812125951891, -98.31501957268969 42.4240163859658, -98.30562046408383 42.44864693891596))'
S2C_MSIL2A_20250703T172921_N0511_R055_T14TLN_20250703T223502.SAFE	geography'SRID=4326;POLYGON ((-101.46678204877878 43.32624633586568, -101.42778068203103 42.33836182515417, -100.09530924716697 42.35883991770658, -100.1129221649777 43.34744038882544, -101.46678204877878 43.32624633586568))'
S2C_MSIL2A_20250703T172921_N0511_R055_T14TNK_20250703T223502.SAFE	geography'SRID=4326;POLYGON ((-98.97266691225157 40.65070154678188, -99.00023656389149 40.650856515774606, -99.00023630063356 40.574442441261986, -98.97266691225157 40.65070154678188))'
S2C_MSIL2A_20250703T172921_N0511_R055_T14TMM_20250703T223502.SAFE	geography'SRID=4326;POLYGON ((-100.21648331498238 42.44623570214159, -100.19782479530704 41.4575152063026, -98.88312689683454 41.46369251697452, -98.88130582637643 42.452629745736225, -100.21648331498238 42.44623570214159))'
S2C_MSIL2A_20250703T172921_N0511_R055_T14TLP_20250703T223502.SAFE	geography'SRID=4326;POLYGON ((-101.49556593526485 44.02028097888994, -101.46322767686333 43.23826255332707, -100.1113169858077 43.25939191053712, -100.12976271323852 44.24783068396879, -101.42698630215067 44.22719065045987, -101.46246796582734 44.12052886132994, -101.49556593526485 44.02028097888994))'
S2C_MSIL2A_20250703T172921_N0511_R055_T14TML_20250703T223502.SAFE	geography'SRID=4326;POLYGON ((-98.88412454820724 40.89458633088774, -98.88296836561119 41.55178511688993, -100.19944910163338 41.54558876800179, -100.18162029219911 40.556706911840905, -99.00468438913529 40.56213867718438, -98.9653409814469 40.670965649943135, -98.91236811311384 40.81724993180997, -98.88412454820724 40.89458633088774))'
S2C_MSIL2A_20250703T172921_N0511_R055_T14TKK_20250703T223502.SAFE	geography'SRID=4326;POLYGON ((-102.54546370146345 40.59640146890937, -102.49451264760637 39.609013147606916, -101.21676465654707 39.64044856303257, -101.24913477999112 40.62894899386581, -102.54546370146345 40.59640146890937))'
S2C_MSIL2A_20250703T172921_N0511_R055_T14TLM_20250703T223502.SAFE	geography'SRID=4326;POLYGON ((-101.43119626719712 42.42690168750588, -101.39393916355972 41.438836285507165, -100.08002716017 41.458681613653354, -100.09685168418683 42.44744302996699, -101.43119626719712 42.42690168750588))'
S2C_MSIL2A_20250703T172921_N0511_R055_T14TNL_20250703T223502.SAFE	geography'SRID=4326;POLYGON ((-98.64335438677911 41.549802445955535, -99.00023981916341 41.551844670066835, -99.00023629558532 40.57444245522579, -98.9653409814469 40.670965649943135, -98.91236811311384 40.81724993180997, -98.8589585894975 40.96349564288101, -98.80537155939123 41.10969451056804, -98.75176857412397 41.25587287076253, -98.69788291712712 41.4019495108742, -98.64399198935523 41.54808633370731, -98.64335438677911 41.549802445955535))'
S2A_MSIL2A_20250703T165711_N0511_R026_T16TBK_20250704T010416.SAFE	geography'SRID=4326;POLYGON ((-89.22009736589838 39.7422209469196, -89.24913477999112 40.62894899386581, -90.54546370146343 40.59640146890937, -90.49451264760636 39.609013147606916, -89.2563072407465 39.63947572834998, -89.24157246294656 39.681424312014414, -89.22009736589838 39.7422209469196))'
S2A_MSIL2A_20250703T165711_N0511_R026_T16TCK_20250704T010416.SAFE	geography'SRID=4326;POLYGON ((-88.9012384881013 40.63352736566413, -89.36468078702738 40.62663972727231, -89.33065130260064 39.638218234831534, -89.25636895895069 39.63930002218821, -89.24157246294656 39.681424312014414, -89.1898745147926 39.82778273229128, -89.13792927802821 39.97417586014272, -89.08576195730873 40.12061168111882, -89.03334084407004 40.267057432184686, -88.98069546130061 40.41348336539278, -88.9279056304375 40.55981670317745, -88.9012384881013 40.63352736566413))'
S2A_MSIL2A_20250703T165711_N0511_R026_T15TXF_20250704T010416.SAFE	geography'SRID=4326;POLYGON ((-91.8010303852103 41.545593768972765, -91.81885207154319 40.55671174263467, -90.52280187838811 40.536185528423594, -90.48546160940656 41.52434469691515, -91.8010303852103 41.545593768972765))'
S2A_MSIL2A_20250703T165711_N0511_R026_T15TYG_20250703T224805.SAFE	geography'SRID=4326;POLYGON ((-89.25708791480078 42.04422647409537, -89.23686356729512 42.39088066238852, -90.5692895469665 42.426911995973605, -90.5738434638881 42.30611713805354, -90.43500127289664 42.28128796148563, -90.43458635272522 42.28249695460356, -90.43455179155177 42.28249052110826, -90.43452415029101 42.282571079359066, -90.170657558155 42.23346986543882, -90.17086242588881 42.23288001236687, -90.16810151606802 42.23236586548145, -90.16820897056932 42.23205693764809, -90.1681614376542 42.23204807833658, -90.16828781544909 42.231684493891336, -90.15151104262225 42.22855536739272, -90.15149289650458 42.22860748421508, -89.88814320574122 42.17696441727932, -89.88817786989246 42.176866010918665, -89.8751034432303 42.17416770683297, -89.87472895187756 42.17523215184684, -89.87471180909412 42.17522860318128, -89.87465420915791 42.17539235830145, -89.61209064377951 42.121013958673664, -89.61224190732368 42.12058919517561, -89.60972390734504 42.12006814789154, -89.60987307766148 42.119649652306315, -89.60972018030462 42.119618048229846, -89.60979325341216 42.119412910491846, -89.60969106312268 42.11939182042934, -89.60985665687117 42.11892711968982, -89.31548381724251 42.055984487872855, -89.31494804227552 42.05746644703628, -89.25708791480078 42.04422647409537))'
S2A_MSIL2A_20250703T165711_N0511_R026_T15TYG_20250704T010416.SAFE	geography'SRID=4326;POLYGON ((-90.20014578131968 42.41692964621174, -90.5692895469665 42.426911995973605, -90.60653922316479 41.43884624479472, -89.2944377014587 41.40403474612011, -89.24668311903642 42.222569237887505, -89.26552000013622 42.226835622657084, -89.26596420310413 42.22560814411696, -89.26846143632989 42.22613954200979, -89.2685016453117 42.226028363643515, -89.26863586287382 42.226056879314775, -89.26867140357318 42.225958593943446, -89.53405187814721 42.28238737674118, -89.53362969999645 42.2835664003338, -89.53381545160713 42.28360612768166, -89.53370087839802 42.28392603915639, -89.53385747603384 42.283959557340935, -89.53383829276305 42.28401313994355, -89.53390052563546 42.28402647148151, -89.53378648337157 42.28434496558656, -89.81284207078974 42.341884162914816, -89.81276866943328 42.342091995086975, -89.82832783461241 42.34513992937035, -89.8287954967018 42.34381580750681, -89.83152680404238 42.34435102451041, -89.83168743158633 42.34389592329953, -90.0961043238462 42.39566097777785, -90.09547282485462 42.39747180997033, -90.10953242883522 42.40022599044786, -90.10958984157519 42.40006123868328, -90.20014578131968 42.41692964621174))'
S2A_MSIL2A_20250703T165711_N0511_R026_T15TXE_20250704T010416.SAFE	geography'SRID=4326;POLYGON ((-91.81730037733891 40.64479964997401, -91.83433447991831 39.65575725270223, -90.5552421778473 39.63587147039632, -90.51955068002489 40.62420990912828, -91.81730037733891 40.64479964997401))'
S2A_MSIL2A_20250703T165711_N0511_R026_T16TBL_20250704T010416.SAFE	geography'SRID=4326;POLYGON ((-90.59412455183306 41.49564643575739, -90.54082260253305 40.50846282585221, -89.24618611840131 40.54090999482793, -89.28005188450415 41.52923550071836, -90.59412455183306 41.49564643575739))'
S2A_MSIL2A_20250703T165711_N0511_R026_T15TWF_20250704T010416.SAFE	geography'SRID=4326;POLYGON ((-92.51552240899755 40.56003017869425, -91.70336265383867 40.5554731412015, -91.68379957458711 41.54431153543986, -92.21125736058339 41.5473298346208, -92.22340880428261 41.508357871076505, -92.26916625259676 41.361252777710085, -92.31484123672956 41.21409819937214, -92.36025876104867 41.06686631559131, -92.40563266259998 40.91969580864006, -92.45074759554691 40.77251622482477, -92.49570171801875 40.62534646178039, -92.51552240899755 40.56003017869425))'
S2A_MSIL2A_20250703T165711_N0511_R026_T15SVB_20250704T010416.SAFE	geography'SRID=4326;POLYGON ((-93.57437726000478 36.95490999678163, -92.89036811332885 36.957830487987216, -92.88891399416781 37.94753713280259, -93.2909655276261 37.94578164813585, -93.32499940534385 37.827609485699824, -93.3675404577588 37.68017947935246, -93.40992799330733 37.53262729197826, -93.45220322391025 37.3850650511962, -93.49421395044848 37.23750564336813, -93.53608913481727 37.09002652619091, -93.57437726000478 36.95490999678163))'
S2A_MSIL2A_20250703T165711_N0511_R026_T16TCL_20250704T010416.SAFE	geography'SRID=4326;POLYGON ((-88.56957115161353 41.53937410477775, -89.3971826192205 41.52685230149302, -89.36158097735907 40.538607851727775, -88.93326442331987 40.54496213675522, -88.9279056304375 40.55981670317745, -88.87499490416755 40.7060672701426, -88.82188425399947 40.852213183121926, -88.7685879171363 40.99828422057419, -88.71520544448639 41.144297432953486, -88.66162086342605 41.290306208799706, -88.60774413445222 41.436358735533055, -88.56957115161353 41.53937410477775))'
S2A_MSIL2A_20250703T165711_N0511_R026_T15SVA_20250704T010416.SAFE	geography'SRID=4326;POLYGON ((-93.82793692994399 36.05276074163372, -92.8916315425469 36.05667498554276, -92.8902406792213 37.04653228101576, -93.54921306728767 37.04371294465833, -93.57785852579713 36.94262481568413, -93.61972027594997 36.795255434296095, -93.66114853205832 36.64784688477096, -93.70284719604304 36.50046288529976, -93.74395355397063 36.352885003806605, -93.78540565320087 36.20538905757045, -93.82653705962508 36.0577964094371, -93.82793692994399 36.05276074163372))'
S2A_MSIL2A_20250703T165711_N0511_R026_T16TBM_20250704T010416.SAFE	geography'SRID=4326;POLYGON ((-90.14994318450572 42.40757810213375, -90.64504576622768 42.39470139413761, -90.58926866785167 41.407726190110715, -89.27696656733475 41.441212166985935, -89.3053921118458 42.233766647172004, -89.53405187814721 42.28238737674118, -89.53362969999645 42.2835664003338, -89.53381545160713 42.28360612768166, -89.53370087839802 42.28392603915639, -89.53385747603384 42.283959557340935, -89.53383829276305 42.28401313994355, -89.53390052563546 42.28402647148151, -89.53378648337157 42.28434496558656, -89.81284207078974 42.341884162914816, -89.81276866943328 42.342091995086975, -89.82832783461241 42.34513992937035, -89.8287954967018 42.34381580750681, -89.83152680404238 42.34435102451041, -89.83168743158633 42.34389592329953, -90.0961043238462 42.39566097777785, -90.09547282485462 42.39747180997033, -90.10953242883522 42.40022599044786, -90.10958984157519 42.40006123868328, -90.14994318450572 42.40757810213375))'
S2A_MSIL2A_20250703T165711_N0511_R026_T15TYE_20250704T010416.SAFE	geography'SRID=4326;POLYGON ((-90.63579176628713 40.62664940733135, -90.6698144654414 39.63822758400475, -89.39224764301619 39.60554763793313, -89.339654308026 40.59281342227294, -90.63579176628713 40.62664940733135))'
S2A_MSIL2A_20250703T165711_N0511_R026_T16TCQ_20250703T224805.SAFE	geography'SRID=4326;POLYGON ((-89.54313948300323 45.12551356202371, -89.50034838689311 44.137996748196564, -88.12808129589992 44.15979663371134, -88.14740738161733 45.148073182871244, -89.54313948300323 45.12551356202371))'
S2A_MSIL2A_20250703T165711_N0511_R026_T16TCR_20250703T224805.SAFE	geography'SRID=4326;POLYGON ((-89.58406512039718 46.02435339629007, -89.53921420699882 45.037023116804335, -88.14563453547973 45.05951360004942, -88.1658919102777 46.0476276229589, -89.58406512039718 46.02435339629007))'
S2A_MSIL2A_20250703T165711_N0511_R026_T16TBM_20250703T224805.SAFE	geography'SRID=4326;POLYGON ((-89.29893757780377 42.05380281673284, -89.31240724139609 42.42936087235922, -90.64504576622768 42.39470139413761, -90.64071541444866 42.31807586224286, -90.43500127289664 42.28128796148563, -90.43458635272522 42.28249695460356, -90.43455179155177 42.28249052110826, -90.43452415029101 42.282571079359066, -90.170657558155 42.23346986543882, -90.17086242588881 42.23288001236687, -90.16810151606802 42.23236586548145, -90.16820897056932 42.23205693764809, -90.1681614376542 42.23204807833658, -90.16828781544909 42.231684493891336, -90.15151104262225 42.22855536739272, -90.15149289650458 42.22860748421508, -89.88814320574122 42.17696441727932, -89.88817786989246 42.176866010918665, -89.8751034432303 42.17416770683297, -89.87472895187756 42.17523215184684, -89.87471180909412 42.17522860318128, -89.87465420915791 42.17539235830145, -89.61209064377951 42.121013958673664, -89.61224190732368 42.12058919517561, -89.60972390734504 42.12006814789154, -89.60987307766148 42.119649652306315, -89.60972018030462 42.119618048229846, -89.60979325341216 42.119412910491846, -89.60969106312268 42.11939182042934, -89.60985665687117 42.11892711968982, -89.31548381724251 42.055984487872855, -89.31494804227552 42.05746644703628, -89.29893757780377 42.05380281673284))'
S2A_MSIL2A_20250703T165711_N0511_R026_T15TYF_20250704T010416.SAFE	geography'SRID=4326;POLYGON ((-90.6032964141397 41.5268622914542, -90.63889095789968 40.53861750192735, -89.34444498559898 40.50488583658978, -89.28942535132568 41.49194363396281, -90.6032964141397 41.5268622914542))'
S2A_MSIL2A_20250703T165711_N0511_R026_T15TYH_20250704T010416.SAFE	geography'SRID=4326;POLYGON ((-90.56701693938504 42.48246261969019, -90.57270445124811 42.33837210189082, -89.67876745202311 42.314238968574514, -89.81284207078974 42.341884162914816, -89.81276866943328 42.342091995086975, -89.82832783461241 42.34513992937035, -89.8287954967018 42.34381580750681, -89.83152680404238 42.34435102451041, -89.83168743158633 42.34389592329953, -90.0961043238462 42.39566097777785, -90.09547282485462 42.39747180997033, -90.10953242883522 42.40022599044786, -90.10958984157519 42.40006123868328, -90.39120104034308 42.45251867525562, -90.39129293751785 42.45225175785497, -90.39150395211313 42.45228946484774, -90.39187368251935 42.45121502052867, -90.39486672790476 42.45175215235692, -90.39491082259133 42.4516239212294, -90.56701693938504 42.48246261969019))'
S2B_MSIL2A_20250703T163839_N0511_R126_T16TCQ_20250703T203709.SAFE	geography'SRID=4326;POLYGON ((-88.85595803744269 44.14823355700517, -88.12808129589992 44.15979663371134, -88.14740738161733 45.148073182871244, -88.52239149733988 45.14201220636569, -88.53738585600237 45.09810640843553, -88.58706320972188 44.95145853501173, -88.63662403861218 44.80482850903549, -88.68586779803888 44.65816192212209, -88.73496681393382 44.51150201762304, -88.78390952488611 44.36480090134951, -88.83277670678437 44.21803525946599, -88.85595803744269 44.14823355700517))'
S2B_MSIL2A_20250703T163839_N0511_R126_T16TBM_20250703T203709.SAFE	geography'SRID=4326;POLYGON ((-89.72839920781827 41.42969297262208, -89.27696656733475 41.441212166985935, -89.31240724139609 42.42936087235922, -89.41471325092955 42.426700081121915, -89.45234494283251 42.30840500376027, -89.4988468414467 42.16131083575454, -89.54528619258275 42.01420945913892, -89.59169848591357 41.86712226058913, -89.63787123759727 41.72005652352136, -89.68382201649891 41.57296342667507, -89.72839920781827 41.42969297262208))'
S2B_MSIL2A_20250703T163839_N0511_R126_T16TBL_20250703T203709.SAFE	geography'SRID=4326;POLYGON ((-90.00760018866876 40.521826853497316, -89.24618611840131 40.54090999482793, -89.28005188450415 41.52923550071836, -89.70077355747873 41.51848141690292, -89.72958507159683 41.42588162343273, -89.7751039779595 41.27880213211273, -89.82062981714341 41.13175791889547, -89.86596197255821 40.984709290130574, -89.91103091210134 40.8376375864654, -89.95595511223685 40.690509023673904, -90.00101917749326 40.543348288058944, -90.00760018866876 40.521826853497316))'
S2B_MSIL2A_20250703T163839_N0511_R126_T15TYF_20250703T203709.SAFE	geography'SRID=4326;POLYGON ((-90.00749704556438 40.522164155397, -89.34444498559898 40.50488583658978, -89.28942535132568 41.49194363396281, -89.70558920616503 41.503003991039485, -89.72958507159683 41.42588162343273, -89.7751039779595 41.27880213211273, -89.82062981714341 41.13175791889547, -89.86596197255821 40.984709290130574, -89.91103091210134 40.8376375864654, -89.95595511223685 40.690509023673904, -90.00101917749326 40.543348288058944, -90.00749704556438 40.522164155397))'
S2B_MSIL2A_20250703T163839_N0511_R126_T16TCR_20250703T203709.SAFE	geography'SRID=4326;POLYGON ((-88.55268461742567 45.052944364551074, -88.14563453547973 45.05951360004942, -88.1658919102777 46.0476276229589, -88.20994183505692 46.04690470143793, -88.2339813202027 45.97815734379119, -88.28500903724985 45.83151693132184, -88.33571115581663 45.68479134259526, -88.38644168879696 45.53812782711972, -88.43684159256505 45.391408327122, -88.48730045887706 45.24476418653284, -88.53738585600237 45.09810640843553, -88.55268461742567 45.052944364551074))'
S2B_MSIL2A_20250703T163839_N0511_R126_T15TYG_20250703T203709.SAFE	geography'SRID=4326;POLYGON ((-89.73274740182957 41.41566358527707, -89.2944377014587 41.40403474612011, -89.23686356729512 42.39088066238852, -89.42449393317321 42.39595454447037, -89.45234494283251 42.30840500376027, -89.4988468414467 42.16131083575454, -89.54528619258275 42.01420945913892, -89.59169848591357 41.86712226058913, -89.63787123759727 41.72005652352136, -89.68382201649891 41.57296342667507, -89.72958507159683 41.42588162343273, -89.73274740182957 41.41566358527707))'
S2B_MSIL2A_20250703T163839_N0511_R126_T15TYE_20250703T203709.SAFE	geography'SRID=4326;POLYGON ((-90.27758770465795 39.628194488932735, -89.39224764301619 39.60554763793313, -89.339654308026 40.59281342227294, -89.98074687640249 40.60954930042104, -90.00101917749326 40.543348288058944, -90.04603544122111 40.39613465352888, -90.09074246858918 40.24887075974039, -90.13533188121416 40.101577583366726, -90.17971467151426 39.95427767196743, -90.22406167776292 39.80704712873308, -90.26816484701015 39.659792878564886, -90.27758770465795 39.628194488932735))'
S2B_MSIL2A_20250703T163839_N0511_R126_T16TBK_20250703T203709.SAFE	geography'SRID=4326;POLYGON ((-90.28174674594793 39.61424765750546, -89.21676465654707 39.64044856303257, -89.24913477999112 40.62894899386581, -89.98042878393973 40.610588059808286, -90.00101917749326 40.543348288058944, -90.04603544122111 40.39613465352888, -90.09074246858918 40.24887075974039, -90.13533188121416 40.101577583366726, -90.17971467151426 39.95427767196743, -90.22406167776292 39.80704712873308, -90.26816484701015 39.659792878564886, -90.28174674594793 39.61424765750546))'
S2C_MSIL2A_20250702T175931_N0511_R041_T13UEP_20250702T230915.SAFE	geography'SRID=4326;POLYGON ((-103.5262075720018 48.06804983822586, -103.5067305244228 48.7433372246506, -105.0002720958938 48.7530130044756, -105.00026690365507 47.765166566721895, -103.6672853891991 47.75666134593972, -103.631454638634 47.83620967576303, -103.56570407168284 47.98104961295951, -103.5262075720018 48.06804983822586))'
S2C_MSIL2A_20250702T175931_N0511_R041_T13UFQ_20250702T230915.SAFE	geography'SRID=4326;POLYGON ((-102.79644396385163 49.629267491192856, -103.61482626682331 49.64443670244057, -103.64208923014807 48.657027178567795, -103.25878915472128 48.650026550294875, -103.233168075416 48.70526602224149, -103.16563974949618 48.849903031893575, -103.09787699906256 48.99445686745371, -103.02988021508472 49.1389787780186, -102.96165972794115 49.283535123356366, -102.89293583725714 49.428080015140665, -102.82374378254733 49.572613364469206, -102.79644396385163 49.629267491192856))'
S2C_MSIL2A_20250702T175931_N0511_R041_T13TFN_20250702T230915.SAFE	geography'SRID=4326;POLYGON ((-103.62734137155766 47.84527066751769, -103.66339978002995 47.84592105208886, -103.66553588672393 47.76054543984583, -103.631454638634 47.83620967576303, -103.62734137155766 47.84527066751769))'
S2C_MSIL2A_20250702T175931_N0511_R041_T13UFP_20250702T230915.SAFE	geography'SRID=4326;POLYGON ((-103.21822341977962 48.73727555708608, -103.63972075371633 48.74498411169783, -103.665589382964 47.76042667212584, -103.631454638634 47.83620967576303, -103.56570407168284 47.98104961295951, -103.49991942840671 48.125955587673936, -103.43365851630467 48.270825232894666, -103.3671652965396 48.41568968974492, -103.30030717736992 48.56051300482511, -103.233168075416 48.70526602224149, -103.21822341977962 48.73727555708608))'
S2C_MSIL2A_20250702T175931_N0511_R041_T13TEN_20250702T230915.SAFE	geography'SRID=4326;POLYGON ((-103.62749574897798 47.844930594163195, -105.0002673576574 47.85370184248753, -105.00026241255061 46.86569987335423, -104.0643532096532 46.85981313540818, -104.01778120691976 46.966422150426624, -103.9541343649708 47.111431354907005, -103.89030373439452 47.25642482595956, -103.82611647154333 47.40139129911586, -103.76147341594032 47.546291430493525, -103.69673244848012 47.69128553474206, -103.631454638634 47.83620967576303, -103.62749574897798 47.844930594163195))'
S2C_MSIL2A_20250702T175931_N0511_R041_T13TEM_20250702T230915.SAFE	geography'SRID=4326;POLYGON ((-104.02601561493313 46.947572582530896, -105.00026284243779 46.953709179213256, -105.00025812995321 45.965551148516354, -104.45056215732855 45.962144421889995, -104.39395639575757 46.09506317390069, -104.33217328051565 46.24038814817285, -104.30690685859076 46.2990687085176, -104.2683368198688 46.388809995018114, -104.20601820539311 46.53415735915914, -104.17480040410882 46.606171020435454, -104.14451961745219 46.676190448504926, -104.08116963785086 46.821318272807126, -104.02601561493313 46.947572582530896))'
S2C_MSIL2A_20250702T175931_N0511_R041_T13UEQ_20250702T230915.SAFE	geography'SRID=4326;POLYGON ((-105.00027707744742 49.652722814505665, -105.00027162195119 48.66503141156509, -103.50933035947723 48.65538534877128, -103.47940434627488 49.64273706516441, -105.00027707744742 49.652722814505665))'
S2A_MSIL2A_20250702T172721_N0511_R012_T14TPT_20250702T224101.SAFE	geography'SRID=4326;POLYGON ((-97.66528424090755 47.77060318448033, -97.68811311448758 46.85818197246455, -96.24891500137984 46.83262831925138, -96.19715331707549 47.81947440295927, -97.63785753527503 47.845460347287805, -97.66528424090755 47.77060318448033))'
S2A_MSIL2A_20250702T172721_N0511_R012_T14TNN_20250702T224101.SAFE	geography'SRID=4326;POLYGON ((-99.00024679052602 43.35285539234588, -99.00024288390156 42.36407192041621, -97.66698539119554 42.35632239007374, -97.64555267001921 43.34483481646455, -99.00024679052602 43.35285539234588))'
S2A_MSIL2A_20250702T172721_N0511_R012_T14TPR_20250702T224101.SAFE	geography'SRID=4326;POLYGON ((-97.7074679641667 46.046265456303395, -97.72992432822251 45.05819732058294, -96.33649579223145 45.034190140253024, -96.28945585240228 46.02142174250963, -97.7074679641667 46.046265456303395))'
S2A_MSIL2A_20250702T172721_N0511_R012_T14SNJ_20250702T224101.SAFE	geography'SRID=4326;POLYGON ((-99.00023345437725 39.7502679270046, -99.00023019602958 38.760864457162924, -97.73659678080747 38.754036048213806, -97.71871965132908 39.74319619212293, -99.00023345437725 39.7502679270046))'
S2A_MSIL2A_20250702T172721_N0511_R012_T14TQR_20250702T224101.SAFE	geography'SRID=4326;POLYGON ((-96.41645116040286 46.024365075689296, -96.46129313653579 45.03703440306415, -95.06996660895842 44.99758761245698, -95.00067944006244 45.98354520692643, -96.41645116040286 46.024365075689296))'
S2A_MSIL2A_20250702T172721_N0511_R012_T14TPQ_20250702T224101.SAFE	geography'SRID=4326;POLYGON ((-97.72795903223157 45.14675285555784, -97.74938307519847 44.158520786393645, -96.37725879085306 44.135250725162805, -96.33237892318714 45.122671880514964, -97.72795903223157 45.14675285555784))'
S2A_MSIL2A_20250702T172721_N0511_R012_T14TQS_20250702T224101.SAFE	geography'SRID=4326;POLYGON ((-96.37351464472056 46.92357305830357, -96.42054054444473 45.93643087306754, -95.00699783345478 45.895735251937936, -94.93434286730421 46.881459661637656, -96.37351464472056 46.92357305830357))'
S2A_MSIL2A_20250702T172721_N0511_R012_T14TQM_20250702T224101.SAFE	geography'SRID=4326;POLYGON ((-95.79573277457266 42.40599354906671, -96.5692895469665 42.426911995973605, -96.60653922316477 41.43884624479472, -96.16295254882047 41.42707740170555, -96.14630181333008 41.47225453061661, -96.09188186444736 41.61830123464629, -96.03744211976095 41.76448064211669, -95.98276191644004 41.910663509422086, -95.92785169068816 42.05685109367582, -95.8728754770156 42.20304664094719, -95.81744143038944 42.34911980769292, -95.79573277457266 42.40599354906671))'
S2A_MSIL2A_20250702T172721_N0511_R012_T14TQQ_20250702T224101.SAFE	geography'SRID=4326;POLYGON ((-95.12876775384447 44.11834995403807, -95.0639024439136 45.08595696049961, -96.45736864275568 45.12552488296481, -96.50015121099591 44.13800768802703, -95.13615058538863 44.099942194761766, -95.12876775384447 44.11834995403807))'
S2A_MSIL2A_20250702T172721_N0511_R012_T14TPM_20250702T224101.SAFE	geography'SRID=4326;POLYGON ((-97.78400297732625 42.44624086265282, -97.80265404258905 41.457520191909595, -96.48886345311317 41.43633638009555, -96.44978706678563 42.42431413705452, -97.78400297732625 42.44624086265282))'
S2A_MSIL2A_20250702T172721_N0511_R012_T15TUL_20250702T224101.SAFE	geography'SRID=4326;POLYGON ((-94.33623150650172 46.04483210944552, -95.58406512039718 46.02435339629007, -95.53921420699882 45.037023116804335, -94.75221098438983 45.04972427996971, -94.72450648139328 45.117321143987816, -94.6643289046188 45.26287395467048, -94.60387800558209 45.40847522026928, -94.54306459932185 45.554044234055695, -94.482064014616 45.699507665803374, -94.42084372225887 45.8449379060254, -94.35934880315325 45.99031249141408, -94.33623150650172 46.04483210944552))'
S2A_MSIL2A_20250702T172721_N0511_R012_T14TMK_20250702T224101.SAFE	geography'SRID=4326;POLYGON ((-100.1754921040617 40.1990239560011, -100.16613169555372 39.655752572676114, -98.88622008547372 39.66155122739065, -98.88455693238029 40.65079881136531, -100.0399297972244 40.64545707164346, -100.08007207741991 40.513820854470815, -100.12473025514349 40.3667182980318, -100.16925427035117 40.2196411686103, -100.1754921040617 40.1990239560011))'
S2A_MSIL2A_20250702T172721_N0511_R012_T15TUK_20250702T224101.SAFE	geography'SRID=4326;POLYGON ((-94.71558922907427 45.1388894956591, -95.54313948300324 45.12551356202371, -95.50034838689312 44.137996748196564, -95.11845476818226 44.14406352427927, -95.0781595530224 44.244532377755405, -95.01973858244855 44.39012720574902, -94.96100848678913 44.535575962528014, -94.90244777578972 44.681023333220246, -94.84347317174547 44.8264103392519, -94.78413878966482 44.97182288206925, -94.72450648139328 45.117321143987816, -94.71558922907427 45.1388894956591))'
S2A_MSIL2A_20250702T172721_N0511_R012_T14TNT_20250702T224101.SAFE	geography'SRID=4326;POLYGON ((-97.99451303534258 46.85937385048289, -97.55985017558999 46.85663988190739, -97.53272262323176 47.844325046514086, -97.63802697631846 47.84499788285825, -97.68860854122211 47.706942934160416, -97.74188346172025 47.56061913309056, -97.7948292924324 47.4143003079505, -97.8476363938864 47.267975520111165, -97.90028958204356 47.12158348459638, -97.95293206861848 46.97515298840162, -97.99451303534258 46.85937385048289))'
S2A_MSIL2A_20250702T172721_N0511_R012_T14TNM_20250702T224101.SAFE	geography'SRID=4326;POLYGON ((-99.00024322601921 42.45269119915018, -99.00023949430312 41.463751887157464, -97.68558188065235 41.45624189757688, -97.66510843311782 42.44491772432881, -99.00024322601921 42.45269119915018))'
S2A_MSIL2A_20250702T172721_N0511_R012_T15TUH_20250702T224101.SAFE	geography'SRID=4326;POLYGON ((-95.44149034758762 43.32664226579972, -95.46678204877878 43.32624633586568, -95.46447176191168 43.26772796070021, -95.44149034758762 43.32664226579972))'
S2A_MSIL2A_20250702T172721_N0511_R012_T14TML_20250702T224101.SAFE	geography'SRID=4326;POLYGON ((-100.0668324828927 40.557236677686966, -98.88470843547175 40.5626923872254, -98.88296836561119 41.55178511688993, -99.76109262500228 41.547652003408324, -99.76222908641768 41.54399453747287, -99.80797022461378 41.39685219583382, -99.85385597664464 41.2497147120195, -99.89930481741943 41.102444404484864, -99.94499829319096 40.955298512125246, -99.99029397785792 40.80813525665398, -100.03521379218435 40.660921989446265, -100.0668324828927 40.557236677686966))'
S2A_MSIL2A_20250702T172721_N0511_R012_T15TTG_20250702T224101.SAFE	geography'SRID=4326;POLYGON ((-95.7915702796701 42.41689872258627, -96.64504576622768 42.39470139413761, -96.58926866785168 41.407726190110715, -96.16610502172456 41.41852404531728, -96.14630181333008 41.47225453061661, -96.09188186444736 41.61830123464629, -96.03744211976095 41.76448064211669, -95.98276191644004 41.910663509422086, -95.92785169068816 42.05685109367582, -95.8728754770156 42.20304664094719, -95.81744143038944 42.34911980769292, -95.7915702796701 42.41689872258627))'
S2A_MSIL2A_20250702T172721_N0511_R012_T14TNL_20250702T224101.SAFE	geography'SRID=4326;POLYGON ((-99.00023981916341 41.551844670066835, -99.0002362534332 40.56274991351036, -97.70336265383867 40.5554731412015, -97.68379957458711 41.54431153543986, -99.00023981916341 41.551844670066835))'
S2A_MSIL2A_20250702T172721_N0511_R012_T14TMM_20250702T224101.SAFE	geography'SRID=4326;POLYGON ((-99.78851447299883 41.459438413926996, -98.88312689683454 41.46369251697452, -98.88130582637643 42.452629745736225, -99.47735203761346 42.4497753346249, -99.48492215230343 42.425938035202414, -99.5314557976111 42.278924263730886, -99.57798122809761 42.1319876027956, -99.62424037915903 41.985056293683215, -99.67045035909001 41.83808308658591, -99.71651931900888 41.691101966682375, -99.76222908641768 41.54399453747287, -99.78851447299883 41.459438413926996))'
S2A_MSIL2A_20250702T172721_N0511_R012_T14UPV_20250702T224101.SAFE	geography'SRID=4326;POLYGON ((-97.33765773209063 48.651467013336685, -96.15252154805323 48.62982157570405, -96.09542723709784 49.61627372192671, -96.96319532372569 49.632358328561395, -96.97269058793265 49.607976771015615, -97.02919956244077 49.46190287796677, -97.08532454610403 49.31588004029806, -97.14119260586388 49.16985685118837, -97.19684918913917 49.02379224734416, -97.25227487170518 48.8776675623847, -97.30752470567111 48.7314860818079, -97.33765773209063 48.651467013336685))'
S2A_MSIL2A_20250702T172721_N0511_R012_T14TPN_20250702T224101.SAFE	geography'SRID=4326;POLYGON ((-97.76618786223798 43.346200009839855, -97.78571286582209 42.35764145317536, -96.45336942769976 42.33578223926217, -96.41246381589345 43.323576596360866, -97.76618786223798 43.346200009839855))'
S2A_MSIL2A_20250702T172721_N0511_R012_T14TPS_20250702T224101.SAFE	geography'SRID=4326;POLYGON ((-97.68596471962562 46.94616825397537, -97.70951593127273 45.95826451839171, -96.29374566695486 45.93349650488509, -96.24441508393578 46.920536388192055, -97.68596471962562 46.94616825397537))'
S2A_MSIL2A_20250702T172721_N0511_R012_T14TNS_20250702T224101.SAFE	geography'SRID=4326;POLYGON ((-98.31131955302361 45.96128146943767, -97.58334389839344 45.956769859075806, -97.55749190205454 46.94462144140276, -97.96297990346346 46.94717553265797, -98.00552327005617 46.828716663220256, -98.0576090153483 46.68214016857405, -98.1097017403968 46.53559165807892, -98.16160755681832 46.3889793423572, -98.21321528521712 46.24232469700996, -98.26454532148618 46.09567339643934, -98.31131955302361 45.96128146943767))'
S2A_MSIL2A_20250702T172721_N0511_R012_T14TNK_20250702T224101.SAFE	geography'SRID=4326;POLYGON ((-99.00023656389149 40.650856515774606, -99.00023315577859 39.66160695799293, -97.72035792136309 39.6545573069827, -97.70165933840751 40.64355721409192, -99.00023656389149 40.650856515774606))'
S2A_MSIL2A_20250702T172721_N0511_R012_T14TQN_20250702T224101.SAFE	geography'SRID=4326;POLYGON ((-95.45323114090691 43.29654400161244, -96.53371085886852 43.32625697177811, -96.5727044512481 42.33837210189082, -95.82913798727743 42.31829844052531, -95.81744143038944 42.34911980769292, -95.76173419584777 42.49506522581151, -95.70611220270324 42.640964963610855, -95.65039350793427 42.78682016305416, -95.59437275753524 42.93255038047774, -95.53816015174476 43.07824923590498, -95.481543704119 43.22396296009316, -95.45323114090691 43.29654400161244))'
S2A_MSIL2A_20250702T172721_N0511_R012_T14TMN_20250702T224101.SAFE	geography'SRID=4326;POLYGON ((-99.50546803721882 42.361027409575286, -98.88147277912853 42.364010656318975, -98.8795663539466 43.352791985217806, -99.1876059316087 43.35129189613386, -99.20159944802356 43.308159221132016, -99.24923432036509 43.16117673369535, -99.29676643162367 43.014151556186754, -99.34423602379997 42.867120376785, -99.39136007106988 42.72006829106053, -99.43822466094515 42.57298231780242, -99.48492215230343 42.425938035202414, -99.50546803721882 42.361027409575286))'
S2A_MSIL2A_20250702T172721_N0511_R012_T14TLK_20250702T224101.SAFE	geography'SRID=4326;POLYGON ((-100.33965208271391 39.65265033772267, -100.05144935754969 39.656847486720984, -100.0655049643561 40.56158993110296, -100.08007207741991 40.513820854470815, -100.12473025514349 40.3667182980318, -100.16925427035117 40.2196411686103, -100.21375362248716 40.07256244760957, -100.257976190688 39.925377968292175, -100.30215858934528 39.778193509394136, -100.33965208271391 39.65265033772267))'
S2A_MSIL2A_20250702T172721_N0511_R012_T14SLJ_20250702T224101.SAFE	geography'SRID=4326;POLYGON ((-100.60787673576831 38.74811384916164, -100.03810488537859 38.75625435897602, -100.05279562809639 39.74549354563108, -100.31305849592651 39.74169627426919, -100.34613921938876 39.63092881646512, -100.39002137450375 39.48359539103736, -100.433900585237 39.336189183397614, -100.47767311020964 39.188796252272695, -100.52125418384573 39.04140602548621, -100.56472984466905 38.89410287481724, -100.60787673576831 38.74811384916164))'
S2A_MSIL2A_20250702T172721_N0511_R012_T14SMJ_20250702T224101.SAFE	geography'SRID=4326;POLYGON ((-100.16762472753088 39.74439520181332, -100.15133248212537 38.755193805393134, -98.88766443792474 38.760810475743604, -98.88607436984347 39.750212021802014, -100.16762472753088 39.74439520181332))'
S2A_MSIL2A_20250702T172721_N0511_R012_T14TNR_20250702T224101.SAFE	geography'SRID=4326;POLYGON ((-98.61918793627196 45.06293415136524, -97.60574612901156 45.05674859305782, -97.58109585564665 46.044766226835556, -98.2807518610256 46.049108696023254, -98.31556702789034 45.94907760603963, -98.36628615797036 45.802544685595535, -98.4167148861005 45.65604866129858, -98.4669363675508 45.50958723314636, -98.51704110097056 45.3630509233103, -98.5670427119544 45.216457673155055, -98.6168707595282 45.06977649780072, -98.61918793627196 45.06293415136524))'
S2B_MSIL2A_20250702T170849_N0511_R112_T14TQR_20250702T204540.SAFE	geography'SRID=4326;POLYGON ((-96.11327056652017 45.027167291948345, -95.06996660895842 44.99758761245698, -95.00067944006244 45.98354520692643, -95.77632986815858 46.005908945533335, -95.77692620671506 46.00420382088731, -95.82812038586457 45.85757892114472, -95.87905225576424 45.71092940848748, -95.92968451948396 45.56424263433777, -95.98014204408032 45.41757678189322, -96.0303653610972 45.270931873391135, -96.08031359470813 45.12429354580649, -96.11327056652017 45.027167291948345))'
S2B_MSIL2A_20250702T170849_N0511_R112_T15TUL_20250702T204540.SAFE	geography'SRID=4326;POLYGON ((-95.58406512039718 46.02435339629007, -95.53921420699882 45.037023116804335, -94.14563453547973 45.05951360004942, -94.1658919102777 46.0476276229589, -95.58406512039718 46.02435339629007))'
S2B_MSIL2A_20250702T170849_N0511_R112_T14TQN_20250702T204540.SAFE	geography'SRID=4326;POLYGON ((-96.53371085886852 43.32625697177811, -96.5727044512481 42.33837210189082, -95.2421415546785 42.30245161555175, -95.18187629631362 43.28908179915951, -96.53371085886852 43.32625697177811))'
S2B_MSIL2A_20250702T170849_N0511_R112_T15TUK_20250702T204540.SAFE	geography'SRID=4326;POLYGON ((-95.54313948300324 45.12551356202371, -95.50034838689312 44.137996748196564, -94.12808129589992 44.15979663371134, -94.14740738161734 45.148073182871244, -95.54313948300324 45.12551356202371))'
S2B_MSIL2A_20250702T170849_N0511_R112_T15TUM_20250702T204540.SAFE	geography'SRID=4326;POLYGON ((-95.60636461570643 46.490266783577425, -95.5799749213695 45.93641922924405, -94.16404448302407 45.95962253249568, -94.18528956021278 46.947573655919015, -95.4512623159482 46.926488185732744, -95.46678581044056 46.88312289134952, -95.5190353744612 46.73673079191296, -95.57102377373508 46.590316408939685, -95.60636461570643 46.490266783577425))'
S2B_MSIL2A_20250702T170849_N0511_R112_T14TQQ_20250702T204540.SAFE	geography'SRID=4326;POLYGON ((-96.41161328907167 44.13553683896182, -95.13001323357867 44.099770918209835, -95.0639024439136 45.08595696049961, -96.08349806693862 45.11490870729565, -96.13007319838832 44.977648886628266, -96.17958371221728 44.8309803266918, -96.22883125962883 44.68429164058888, -96.27771365244574 44.53750837190499, -96.32660567052336 44.390670551642295, -96.37549443346305 44.24380714596787, -96.41161328907167 44.13553683896182))'
S2B_MSIL2A_20250702T170849_N0511_R112_T14SNJ_20250702T204540.SAFE	geography'SRID=4326;POLYGON ((-98.08681280207637 38.755928541863426, -97.73659678080747 38.754036048213806, -97.71871965132908 39.74319619212293, -97.79431396411245 39.743613341698136, -97.81158339857976 39.68595887806679, -97.8554889453608 39.53878497762744, -97.8993204919498 39.39163691507992, -97.94282747843948 39.24442381992593, -97.9863819212253 39.09720646359032, -98.02990492257085 38.94991489464488, -98.07310214657578 38.802488733909975, -98.08681280207637 38.755928541863426))'
S2B_MSIL2A_20250702T170849_N0511_R112_T15TVL_20250702T204540.SAFE	geography'SRID=4326;POLYGON ((-94.29304891527647 46.0462596089832, -94.27058357693214 45.058191670236305, -92.87602550148868 45.06519270654337, -92.87383276277595 46.05350473573164, -94.29304891527647 46.0462596089832))'
S2B_MSIL2A_20250702T170849_N0511_R112_T15TUJ_20250702T204540.SAFE	geography'SRID=4326;POLYGON ((-95.50407140709622 44.22596415476343, -95.46322767686334 43.23826255332707, -94.1113169858077 43.25939191053712, -94.12976271323852 44.24783068396879, -95.50407140709622 44.22596415476343))'
S2B_MSIL2A_20250702T170849_N0511_R112_T14TPM_20250702T204540.SAFE	geography'SRID=4326;POLYGON ((-97.2740110816364 41.448996251266884, -96.48886345311317 41.43633638009555, -96.44978706678563 42.42431413705452, -96.96447585622619 42.432772617998594, -96.99587358911288 42.33413565616286, -97.04254252784432 42.18706964916899, -97.089094402676 42.039997343743856, -97.13526596019389 41.892882541931165, -97.18142071045469 41.745832833506384, -97.22730619676352 41.59877722923903, -97.2731521266072 41.45177366342615, -97.2740110816364 41.448996251266884))'
S2B_MSIL2A_20250702T170849_N0511_R112_T14TQS_20250702T204540.SAFE	geography'SRID=4326;POLYGON ((-95.80675889619557 45.918760218180886, -95.00699783345478 45.895735251937936, -94.93434286730421 46.881459661637656, -95.46185549263953 46.89689586514417, -95.46678581044056 46.88312289134952, -95.5190353744612 46.73673079191296, -95.57102377373508 46.590316408939685, -95.6227507296451 46.44387783330741, -95.67427286574384 46.29739235569992, -95.7256457971292 46.15083108369574, -95.77692620671506 46.00420382088731, -95.80675889619557 45.918760218180886))'
S2B_MSIL2A_20250702T170849_N0511_R112_T15TWL_20250702T204540.SAFE	geography'SRID=4326;POLYGON ((-91.81467346744694 46.04621594437443, -93.00025853973813 46.05357436995249, -93.00025404640142 45.06525999447365, -92.22638435632796 45.06053666842177, -92.18020443452065 45.172475696052565, -92.1200556022038 45.31797940087077, -92.05965870776105 45.46336435318605, -91.99913369627176 45.60866531696315, -91.93818125941688 45.75389721491522, -91.87686485277209 45.89910614353551, -91.81547915147608 46.04432477989365, -91.81467346744694 46.04621594437443))'
S2C_MSIL2A_20250702T161921_N0511_R040_T17TNG_20250702T212310.SAFE	geography'SRID=4326;POLYGON ((-80.68057255376928 42.45082999986523, -81.00024322601921 42.45269119915018, -81.00024001166123 41.60085657650825, -80.9832016057069 41.64676077178051, -80.92854371840346 41.79273685312007, -80.87369075309219 41.938718394793135, -80.81890125023203 42.08473543286339, -80.7639738991606 42.230707999292726, -80.70881142089945 42.37661258595096, -80.68057255376928 42.45082999986523))'
S2C_MSIL2A_20250702T161921_N0511_R040_T17TMG_20250702T212310.SAFE	geography'SRID=4326;POLYGON ((-80.88229432759364 41.91582149099781, -80.88130582637643 42.452629745736225, -82.21648331498238 42.44623570214159, -82.19782479530704 41.4575152063026, -81.05135803682155 41.46290205703874, -81.03741728996216 41.50069503279393, -80.9832016057069 41.64676077178051, -80.92854371840346 41.79273685312007, -80.88229432759364 41.91582149099781))'
S2B_MSIL2A_20250701T173909_N0511_R098_T14TMP_20250701T213421.SAFE	geography'SRID=4326;POLYGON ((-100.10912535256786 44.24725745631857, -100.25298174570909 44.246545441411556, -100.24589440637627 43.904104305941715, -100.22177605117044 43.96514315821037, -100.16375665452595 44.11069655580683, -100.10912535256786 44.24725745631857))'
S2B_MSIL2A_20250701T173909_N0511_R098_T13UGQ_20250701T210941.SAFE	geography'SRID=4326;POLYGON ((-102.27026355978379 48.91671282391432, -102.28591334225759 48.63304460468163, -100.79901938142157 48.5883487810417, -100.71495435702143 49.57334356268714, -102.00251351929639 49.612624611789506, -102.01067061746993 49.59168576657713, -102.06746027559498 49.44552687477012, -102.12393972144538 49.29933164077781, -102.18013548598405 49.15310796006863, -102.23610463140223 49.00692925480051, -102.27026355978379 48.91671282391432))'
S2B_MSIL2A_20250701T173909_N0511_R098_T14ULU_20250701T210941.SAFE	geography'SRID=4326;POLYGON ((-101.7193584952283 48.7209148694678, -101.66754232973864 47.734155602346505, -100.2035982977648 47.75885537254857, -100.22700553578841 48.74648044472784, -101.7193584952283 48.7209148694678))'
S2B_MSIL2A_20250701T173909_N0511_R098_T14TNT_20250701T210941.SAFE	geography'SRID=4326;POLYGON ((-98.57742086555659 47.85100008819582, -99.00026735765739 47.85370184248753, -99.00026257698504 46.89855286231521, -98.9598550891412 46.99063222938429, -98.89601950591836 47.135712960011965, -98.83193865411104 47.28068097777832, -98.76772919597157 47.425641353014186, -98.70318692359184 47.570557271729285, -98.63843698178513 47.71546578195839, -98.57742086555659 47.85100008819582))'
S2B_MSIL2A_20250701T173909_N0511_R098_T14TMR_20250701T213421.SAFE	geography'SRID=4326;POLYGON ((-99.36587505680868 46.050992850012484, -100.29304891527646 46.0462596089832, -100.27058357693214 45.058191670236305, -99.77886000444265 45.06066024766213, -99.75025368163564 45.13009973088895, -99.69335748219886 45.26781708075574, -99.68979565422129 45.27644657431578, -99.6295421752176 45.42188400441401, -99.6163703722416 45.45348755663164, -99.56936358022632 45.5663125315918, -99.53004833483186 45.660447846548585, -99.50832542075304 45.71248183968187, -99.44738287588488 45.857760808874815, -99.38619227349456 46.00304067057608, -99.36587505680868 46.050992850012484))'
S2B_MSIL2A_20250701T173909_N0511_R098_T13TFH_20250701T213421.SAFE	geography'SRID=4326;POLYGON ((-103.76618786223798 43.346200009839855, -103.78571286582209 42.35764145317536, -102.45336942769977 42.33578223926217, -102.41246381589346 43.323576596360866, -103.76618786223798 43.346200009839855))'
S2B_MSIL2A_20250701T173909_N0511_R098_T13TEG_20250701T213421.SAFE	geography'SRID=4326;POLYGON ((-104.8180093430745 41.46271089631484, -103.68558188065235 41.45624189757688, -103.66510843311784 42.44491772432881, -104.5085039394155 42.449828175144354, -104.51211754756952 42.438560530090406, -104.5589343196748 42.29149461079218, -104.60565329874612 42.14442887621792, -104.65206947398153 41.99735040603219, -104.69778644495216 41.85009882960022, -104.74359721817297 41.702985181829376, -104.78931243573058 41.5559085602503, -104.8180093430745 41.46271089631484))'
S2B_MSIL2A_20250701T173909_N0511_R098_T14TLR_20250701T213421.SAFE	geography'SRID=4326;POLYGON ((-101.58406512039718 46.02435339629007, -101.53921420699882 45.037023116804335, -100.14563453547973 45.05951360004942, -100.1658919102777 46.0476276229589, -101.58406512039718 46.02435339629007))'
S2B_MSIL2A_20250701T173909_N0511_R098_T14TLQ_20250701T213421.SAFE	geography'SRID=4326;POLYGON ((-100.12882849058074 44.1980058702588, -100.14740738161733 45.148073182871244, -101.54313948300323 45.12551356202371, -101.50034838689311 44.137996748196564, -100.144216671374 44.15954030654268, -100.12882849058074 44.1980058702588))'
S2B_MSIL2A_20250701T173909_N0511_R098_T13UGP_20250701T210941.SAFE	geography'SRID=4326;POLYGON ((-102.28118473719852 48.720927698149374, -102.33299058185199 47.73416799677996, -100.8717393439406 47.69085106573984, -100.7917155642128 48.676094448248996, -102.28118473719852 48.720927698149374))'
S2B_MSIL2A_20250701T173909_N0511_R098_T13TFN_20250701T213421.SAFE	geography'SRID=4326;POLYGON ((-103.03164865092837 46.846526130856795, -102.24891500137986 46.83262831925138, -102.21413269343489 47.49575945261975, -102.22209746229808 47.49690441468624, -102.44337579271796 47.527980601865515, -102.44342533431136 47.527846418998735, -102.44365540320489 47.52787816921515, -102.44374866553066 47.52762525702067, -102.4438022114104 47.527632669011446, -102.44382734007634 47.52756467527092, -102.44442276123041 47.5276480130739, -102.44446886907917 47.527523123373605, -102.44463619232413 47.52754641257504, -102.44470069208893 47.52737185345816, -102.4449037554626 47.52740019977045, -102.44493317220392 47.52732058231709, -102.44528635126717 47.52737002665863, -102.44538320498103 47.527107518908, -102.44584861856487 47.527172864579775, -102.44589907529338 47.52703605774683, -102.44625192148773 47.52708574612172, -102.44631112459044 47.52692523887498, -102.44652994527144 47.52695613319625, -102.44661150402355 47.52673538085226, -102.77001269151896 47.5725235492153, -102.82311467471887 47.42689797676972, -102.87623527016136 47.2804607326297, -102.9288106191849 47.13397348667058, -102.9813031163105 46.98754829400531, -103.03164865092837 46.846526130856795))'
S2B_MSIL2A_20250701T173909_N0511_R098_T13TEK_20250701T213421.SAFE	geography'SRID=4326;POLYGON ((-103.9518784984219 44.15906781138288, -103.62710599954544 44.157116557384406, -103.60358882685108 45.145299673094094, -103.62351472785794 45.14542147671587, -103.64511345961952 45.081830448354886, -103.69471273159876 44.9351911386798, -103.74415368325116 44.78855841679013, -103.79329607224912 44.641867756877566, -103.84180963540456 44.49499979797663, -103.88932475341831 44.34778727731528, -103.93803228613939 44.20089642589497, -103.9518784984219 44.15906781138288))'
S2B_MSIL2A_20250701T173909_N0511_R098_T13UFQ_20250701T210941.SAFE	geography'SRID=4326;POLYGON ((-102.37669714294962 48.63391593964589, -102.15252154805323 48.62982157570405, -102.1119795139569 49.330290254235315, -102.12393972144538 49.29933164077781, -102.18013548598405 49.15310796006863, -102.23610463140223 49.00692925480051, -102.29146921818185 48.86070700330145, -102.34653429291562 48.71449593866358, -102.37669714294962 48.63391593964589))'
S2B_MSIL2A_20250701T173909_N0511_R098_T13UFP_20250701T210941.SAFE	geography'SRID=4326;POLYGON ((-102.70850424006004 47.74016932215613, -102.20190528469708 47.73104447774509, -102.14756129152694 48.71769475117851, -102.34397672637823 48.721286895147735, -102.34653429291562 48.71449593866358, -102.40127968309116 48.56824372835869, -102.45599005715982 48.422029976732624, -102.51033798733921 48.27578822370168, -102.5646005809756 48.129535028765936, -102.61916157070499 47.98332454288792, -102.67300388970963 47.8368930645277, -102.70850424006004 47.74016932215613))'
S2B_MSIL2A_20250701T173909_N0511_R098_T14TMS_20250701T213421.SAFE	geography'SRID=4326;POLYGON ((-99.33190441134933 46.95125324293933, -100.31456075291094 46.946162221065514, -100.2910001297497 45.958258688896564, -99.40314780008917 45.9627845452478, -99.38619227349456 46.00304067057608, -99.32464805996277 46.14829576216544, -99.2625779224916 46.29352665502905, -99.20023271159883 46.43882307162511, -99.13750549448784 46.584084209390845, -99.07439387329144 46.729305093346966, -99.01139556902973 46.873359643058265, -99.12745020590668 46.90161139001833, -99.32974273789692 46.95022131133647, -99.32954156995568 46.95068822698273, -99.33190441134933 46.95125324293933))'
S2B_MSIL2A_20250701T173909_N0511_R098_T13TGN_20250701T213421.SAFE	geography'SRID=4326;POLYGON ((-102.34388931768466 47.514008784950256, -102.37780434448764 46.835655727197015, -100.94097013495498 46.79367068819608, -100.90345875130893 47.278619288474324, -101.16333268200296 47.32555139177905, -101.16331650144494 47.32559229793884, -101.16770390134397 47.32638295775772, -101.17338444219544 47.3273666960171, -101.18172631128127 47.32887320134699, -101.18194814137225 47.328312385364725, -101.1821411883003 47.32834585243702, -101.18235396212557 47.32780693610864, -101.18261847455908 47.32785288134711, -101.1826599773302 47.32774794193834, -101.18269895531728 47.32775470256813, -101.18270596388265 47.32773695909891, -101.18285502426848 47.327762833568954, -101.18293262530396 47.32756627929983, -101.18303190624577 47.32758352569704, -101.18306760712362 47.32749309488612, -101.47316662762196 47.377913197871074, -101.47254451753517 47.379511518252784, -101.59146202234776 47.39879742034618, -101.80252643959568 47.43257998854303, -101.80258964311992 47.43241525799216, -101.80261996951833 47.43241997364948, -101.80273133910701 47.43212996704717, -101.80318414211517 47.43220092245193, -101.80324821231837 47.432033905560125, -101.80328288636844 47.432039323874285, -101.80332057941136 47.43194115037189, -101.80337191100541 47.43194918569024, -101.80348066941268 47.43166596676263, -101.8036599203821 47.431694072451755, -101.8036937185781 47.431605942923866, -101.80397615289496 47.43165030661695, -101.80401355307148 47.43155275019512, -101.80423601994066 47.43158775420153, -101.80424712704956 47.43155878371546, -101.93331194958742 47.45189718133066, -102.10127945558429 47.47832599600153, -102.10126520149238 47.478363726984554, -102.10233233278132 47.47853188853342, -102.10224388280224 47.478766045897245, -102.1023797911382 47.478787500358365, -102.10205431390855 47.47964781206425, -102.22209746229808 47.49690441468624, -102.34388931768466 47.514008784950256))'
S2B_MSIL2A_20250701T173909_N0511_R098_T13TGN_20250701T210941.SAFE	geography'SRID=4326;POLYGON ((-100.91714607722155 47.10166901637807, -100.86474152472253 47.779157072334634, -102.32846057360035 47.82260755999096, -102.35261716971924 47.33943822807971, -102.33167483303379 47.33648547341527, -102.17999411079091 47.31521029000128, -102.18003380994722 47.31510492047294, -102.17924300544136 47.31499342137289, -102.17966934223256 47.3138638977336, -101.84680987807461 47.26180587070877, -101.84668300983527 47.262137002730825, -101.84654689205372 47.26211520507225, -101.84652230165338 47.26217939757418, -101.84516824510588 47.26196222805308, -101.84507491692146 47.26220537315038, -101.55369237851964 47.21539520430281, -101.55412099520846 47.21429158460565, -101.23572885898635 47.15908913962665, -101.22996238125869 47.15804633432382, -101.2296975496096 47.158718795019446, -100.94352596968045 47.107072399948464, -100.94355682779309 47.10699518563258, -100.94343259651725 47.10697276129783, -100.94347498457292 47.10686672102648, -100.9432093144653 47.10681876966821, -100.94344409914781 47.10623259324064, -100.92490974281185 47.10288085479917, -100.92481113207674 47.103126852406575, -100.91714607722155 47.10166901637807))'
S2B_MSIL2A_20250701T173909_N0511_R098_T13TFG_20250701T213421.SAFE	geography'SRID=4326;POLYGON ((-103.78400297732625 42.44624086265282, -103.80265404258907 41.457520191909595, -102.48886345311317 41.43633638009555, -102.44978706678565 42.42431413705452, -103.78400297732625 42.44624086265282))'
S2B_MSIL2A_20250701T173909_N0511_R098_T14TLP_20250701T213421.SAFE	geography'SRID=4326;POLYGON ((-100.12883271171714 44.19799531875869, -100.12976271323852 44.24783068396879, -101.50407140709622 44.22596415476343, -101.46322767686333 43.23826255332707, -100.50207112280935 43.253284714406014, -100.45140129275808 43.38333363444737, -100.39391680288243 43.52908611365948, -100.33642312736868 43.67474179341386, -100.27900917869216 43.82037809830352, -100.26257057933648 43.86190016519336, -100.22177605117044 43.96514315821037, -100.16375665452595 44.11069655580683, -100.12883271171714 44.19799531875869))'
S2B_MSIL2A_20250701T173909_N0511_R098_T13TFJ_20250701T213421.SAFE	geography'SRID=4326;POLYGON ((-103.74751912777683 44.24655093494868, -103.76796729995817 43.25815531909012, -102.41619172041914 43.235600960154144, -102.37335402628885 44.22320974043625, -103.74751912777683 44.24655093494868))'
S2B_MSIL2A_20250701T173909_N0511_R098_T14TNS_20250701T210941.SAFE	geography'SRID=4326;POLYGON ((-98.97612487162841 46.95355713875843, -99.00026284243779 46.953709179213256, -99.00026257939959 46.898552856813026, -98.97612487162841 46.95355713875843))'
S2B_MSIL2A_20250701T173909_N0511_R098_T13TFL_20250701T213421.SAFE	geography'SRID=4326;POLYGON ((-103.65355218515496 45.05688151588722, -102.33649579223146 45.034190140253024, -102.28945585240228 46.02142174250963, -103.31565202194767 46.039400801870926, -103.3426979606757 45.961964969821175, -103.39346521664707 45.81520864997684, -103.44440055520832 45.6685494656972, -103.4949688938543 45.52184761651069, -103.545179743346 45.37511238469908, -103.59530421133762 45.228478934715, -103.64511345961952 45.081830448354886, -103.65355218515496 45.05688151588722))'
S2B_MSIL2A_20250701T173909_N0511_R098_T13TFK_20250701T213421.SAFE	geography'SRID=4326;POLYGON ((-103.73514517277478 44.81527599335722, -103.74938307519848 44.158520786393645, -102.37725879085306 44.135250725162805, -102.33237892318715 45.122671880514964, -103.62367371230046 45.1449533944088, -103.64511345961952 45.081830448354886, -103.69471273159876 44.9351911386798, -103.73514517277478 44.81527599335722))'
S2B_MSIL2A_20250701T173909_N0511_R098_T13TFF_20250701T213421.SAFE	geography'SRID=4326;POLYGON ((-103.80103038521031 41.545593768972765, -103.81885207154319 40.55671174263467, -102.52280187838811 40.536185528423594, -102.48546160940656 41.52434469691515, -103.80103038521031 41.545593768972765))'
S2B_MSIL2A_20250701T173909_N0511_R098_T14TLL_20250701T213421.SAFE	geography'SRID=4326;POLYGON ((-101.15709754945685 41.530484800718625, -101.3971826192205 41.52685230149302, -101.37588725932521 40.935727282478794, -101.335127831366 41.04713158805628, -101.2813335985607 41.19335274212405, -101.22765949588344 41.339674275717606, -101.17361411753664 41.48592738673058, -101.15709754945685 41.530484800718625))'
S2B_MSIL2A_20250701T173909_N0511_R098_T13TEJ_20250701T213421.SAFE	geography'SRID=4326;POLYGON ((-104.24885723090051 43.260348896754564, -103.6475059675166 43.256794294201605, -103.62505994125077 44.24514241182411, -103.92276673689774 44.24693385378818, -103.93803228613939 44.20089642589497, -103.98667359485368 44.053953817327454, -104.03548586640208 43.90712417813593, -104.085260124457 43.760637450494166, -104.13383414240856 43.61387719159165, -104.18189799635816 43.46703312948621, -104.2295176066328 43.320170854315535, -104.24885723090051 43.260348896754564))'
S2B_MSIL2A_20250701T173909_N0511_R098_T14TMS_20250701T210941.SAFE	geography'SRID=4326;POLYGON ((-99.2480804420831 46.74747607998328, -99.08377217370884 46.70760830159984, -99.02355814779344 46.84546761673301, -98.97632747891356 46.953095443375325, -100.14115545707533 46.94706061261584, -100.01674421885488 46.92123962445129, -100.01645168403837 46.92194016462021, -100.01629230227341 46.921904803462176, -100.01628539916794 46.92192133408056, -100.01523952507432 46.92168959815356, -100.01519480203645 46.92179648227465, -99.72893760789809 46.85852594121919, -99.72912386898145 46.85808584862742, -99.72865299915004 46.85798236791258, -99.72877977124605 46.85768279722392, -99.41642776965763 46.78730457166738, -99.41655702603872 46.787004039550254, -99.40223529249344 46.78355911284877, -99.40175939698217 46.78466537376572, -99.4015592143606 46.78461658961631, -99.40148490476369 46.78478942233256, -99.2480804420831 46.74747607998328))'
S2B_MSIL2A_20250701T173909_N0511_R098_T13TEF_20250701T213421.SAFE	geography'SRID=4326;POLYGON ((-105.00023737414196 40.87362232530291, -105.00023625343321 40.56274991351036, -103.70336265383867 40.5554731412015, -103.68379957458713 41.54431153543986, -104.79093256455279 41.550646940254275, -104.83461922785102 41.40876771557912, -104.88017308216176 41.26172471978861, -104.92556995020423 41.11469356715448, -104.97104315888218 40.96770052118608, -105.00023737414196 40.87362232530291))'
S2B_MSIL2A_20250701T173909_N0511_R098_T13TEH_20250701T213421.SAFE	geography'SRID=4326;POLYGON ((-104.53668788684672 42.36137751702097, -103.66698539119554 42.35632239007374, -103.64555267001923 43.34483481646455, -104.2204168146469 43.34823834603159, -104.2295176066328 43.320170854315535, -104.2770023377958 43.17328953267735, -104.3242197710908 43.02639883658426, -104.37096342247101 42.87941535258067, -104.41801149552924 42.732520650088, -104.46497857722464 42.58554525101656, -104.51211754756952 42.438560530090406, -104.53668788684672 42.36137751702097))'
S2B_MSIL2A_20250701T173909_N0511_R098_T14TLS_20250701T213421.SAFE	geography'SRID=4326;POLYGON ((-101.62701019239009 46.92356100851489, -101.5799749213695 45.93641922924405, -100.16404448302406 45.95962253249568, -100.18528956021278 46.947573655919015, -101.62701019239009 46.92356100851489))'
S2B_MSIL2A_20250701T173909_N0511_R098_T13TFM_20250701T213421.SAFE	geography'SRID=4326;POLYGON ((-103.34617691247726 45.95190812996357, -102.29374566695488 45.93349650488509, -102.24441508393578 46.920536388192055, -103.00042763524306 46.9339788751976, -103.03357098399012 46.8411415109751, -103.08535064067608 46.69465168731489, -103.1372387987046 46.548238345927935, -103.18864882671096 46.40174536009922, -103.24013223254859 46.2552249952383, -103.291475423736 46.10862136091603, -103.3426979606757 45.961964969821175, -103.34617691247726 45.95190812996357))'
S2B_MSIL2A_20250701T173909_N0511_R098_T14TLT_20250701T210941.SAFE	geography'SRID=4326;POLYGON ((-100.18553369396787 46.95627111438366, -100.20564501110893 47.84737115234881, -101.67207324053518 47.82259512731069, -101.64242233717768 47.22964953940951, -101.55369237851964 47.21539520430281, -101.55412099520846 47.21429158460565, -101.23572885898635 47.15908913962665, -101.22996238125869 47.15804633432382, -101.2296975496096 47.158718795019446, -100.94352596968045 47.107072399948464, -100.94355682779309 47.10699518563258, -100.94343259651725 47.10697276129783, -100.94347498457292 47.10686672102648, -100.9432093144653 47.10681876966821, -100.94344409914781 47.10623259324064, -100.92490974281185 47.10288085479917, -100.92481113207674 47.103126852406575, -100.63934950329232 47.048834188484506, -100.63944726841059 47.0485936178487, -100.62293987135337 47.045288031616685, -100.62266796641168 47.04595805089885, -100.6216175579355 47.0457471573984, -100.62158953240397 47.045816063481965, -100.33758582757842 46.98879350348679, -100.33783206429248 46.988195539178726, -100.33760912372067 46.98815089559972, -100.337729439326 46.9878586509744, -100.18553369396787 46.95627111438366))'
S2B_MSIL2A_20250701T173909_N0511_R098_T13TFN_20250701T210941.SAFE	geography'SRID=4326;POLYGON ((-102.22328430426901 47.32128229963214, -102.19715331707549 47.81947440295927, -102.67622553507958 47.82811541603409, -102.7267409098764 47.69048195469007, -102.78020791489975 47.54402986266447, -102.83053962078563 47.405946384040206, -102.50481664375296 47.36056037586336, -102.50487643593554 47.36039893480292, -102.48308543649944 47.35729041980013, -102.48293318480287 47.357701413906575, -102.4814019385988 47.35748663681848, -102.48136336220587 47.35759073541943, -102.33167483303379 47.33648547341527, -102.22328430426901 47.32128229963214))'
S2B_MSIL2A_20250701T173909_N0511_R098_T14TMT_20250701T210941.SAFE	geography'SRID=4326;POLYGON ((-99.74073523908757 46.86113353510265, -99.01503585829012 46.86488795353985, -98.9598550891412 46.99063222938429, -98.89601950591836 47.135712960011965, -98.87114571060681 47.191984134613136, -98.86952963808321 47.85362771191058, -100.33713470955433 47.84591482730969, -100.31554221115935 46.98325379240946, -100.01674421885488 46.92123962445129, -100.01645168403837 46.92194016462021, -100.01629230227341 46.921904803462176, -100.01628539916794 46.92192133408056, -100.01523952507432 46.92168959815356, -100.01519480203645 46.92179648227465, -99.74073523908757 46.86113353510265))'
S2B_MSIL2A_20250701T173909_N0511_R098_T14TLT_20250701T213421.SAFE	geography'SRID=4326;POLYGON ((-101.65136018288528 47.408384605716456, -101.62271963783216 46.835643714163524, -100.18335153308469 46.859583083848264, -100.18961392843978 47.13705972545948, -100.24970500770009 47.14946478330308, -100.24928096645316 47.15049206693282, -100.24928854044293 47.15049363897076, -100.249135291665 47.150864949623376, -100.24928561389095 47.15089617475701, -100.24926613745485 47.15094331558398, -100.24948079978383 47.150987941624486, -100.24943754339837 47.15109257558307, -100.2495227371106 47.151110235458255, -100.24937369198152 47.15147134885086, -100.42925032141902 47.18752221035212, -100.55448220977767 47.21257121547717, -100.55446339000355 47.21261740480737, -100.57112416982454 47.21595655713476, -100.5715622423235 47.21487957676844, -100.57169888967266 47.214905546193854, -100.57201932615344 47.21411874578305, -100.8586508260925 47.268601923161526, -100.85844789943357 47.269107004234016, -100.8585904614888 47.26913410128044, -100.85801379995603 47.27057127629702, -100.87630471232048 47.27386916078255, -100.8763622542511 47.273725778780154, -101.16333268200296 47.32555139177905, -101.16331650144494 47.32559229793884, -101.16770390134397 47.32638295775772, -101.17338444219544 47.3273666960171, -101.18172631128127 47.32887320134699, -101.18194814137225 47.328312385364725, -101.1821411883003 47.32834585243702, -101.18235396212557 47.32780693610864, -101.18261847455908 47.32785288134711, -101.1826599773302 47.32774794193834, -101.18269895531728 47.32775470256813, -101.18270596388265 47.32773695909891, -101.18285502426848 47.327762833568954, -101.18293262530396 47.32756627929983, -101.18303190624577 47.32758352569704, -101.18306760712362 47.32749309488612, -101.47316662762196 47.377913197871074, -101.47254451753517 47.379511518252784, -101.59146202234776 47.39879742034618, -101.65136018288528 47.408384605716456))'
S2B_MSIL2A_20250701T173909_N0511_R098_T14TMQ_20250701T213421.SAFE	geography'SRID=4326;POLYGON ((-99.74227449512837 45.14941336573191, -100.27254965833141 45.14674718783555, -100.25111705335956 44.15851530960486, -100.14441577916517 44.159042600314066, -100.10552318674418 44.2562617266003, -100.04698919325465 44.401838081143126, -100.0338310351841 44.434404447371286, -99.98787894913325 44.54830443708367, -99.92881556466216 44.69397013459757, -99.86941778688144 44.839613368935495, -99.84835344151684 44.89113479430719, -99.81022913105504 44.98451428664726, -99.75025368163564 45.13009973088895, -99.74227449512837 45.14941336573191))'
S2B_MSIL2A_20250701T173909_N0511_R098_T13TGL_20250701T213421.SAFE	geography'SRID=4326;POLYGON ((-102.41645116040287 46.024365075689296, -102.46129313653579 45.03703440306415, -101.06996660895842 44.99758761245698, -101.00067944006246 45.98354520692643, -102.41645116040287 46.024365075689296))'
S2B_MSIL2A_20250701T173909_N0511_R098_T13TGK_20250701T213421.SAFE	geography'SRID=4326;POLYGON ((-102.45736864275568 45.12552488296481, -102.50015121099592 44.13800768802703, -101.13001323357867 44.099770918209835, -101.06390244391362 45.08595696049961, -102.45736864275568 45.12552488296481))'
S2B_MSIL2A_20250701T173909_N0511_R098_T13TGF_20250701T213421.SAFE	geography'SRID=4326;POLYGON ((-101.31048609999166 41.11411167517498, -101.28942535132569 41.49194363396281, -102.60329641413972 41.5268622914542, -102.63889095789968 40.53861750192735, -101.53025955898269 40.50972793516967, -101.49466075335975 40.60852359426592, -101.441732717264 40.754693862893824, -101.3886241392024 40.90091464331806, -101.335127831366 41.04713158805628, -101.31048609999166 41.11411167517498))'
S2B_MSIL2A_20250701T173909_N0511_R098_T14TMT_20250701T213421.SAFE	geography'SRID=4326;POLYGON ((-99.34342334895395 46.95227809821967, -99.63650916759529 47.01777594793512, -99.63612985457888 47.01867038368976, -99.63641057130259 47.01873348042729, -99.63639612227537 47.01876750163952, -99.63663592219108 47.01882148054569, -99.63651875809452 47.01909756193502, -99.63684411300505 47.01917099237305, -99.63668153959048 47.01955439408059, -99.63692623631755 47.01960969765714, -99.63685299674171 47.01978223563698, -99.6371732213318 47.019854712090826, -99.63714864790317 47.01991256425692, -99.74510366536077 47.04383371409735, -99.87681986216168 47.07291364172328, -99.96100765195827 47.09147900158784, -99.96157119651207 47.090134423004606, -99.961958009058 47.090214212042895, -99.96201627346832 47.09007501309046, -100.24970500770009 47.14946478330308, -100.24928096645316 47.15049206693282, -100.24928854044293 47.15049363897076, -100.249135291665 47.150864949623376, -100.24928561389095 47.15089617475701, -100.24926613745485 47.15094331558398, -100.24948079978383 47.150987941624486, -100.24943754339837 47.15109257558307, -100.2495227371106 47.151110235458255, -100.24937369198152 47.15147134885086, -100.32010755337822 47.16564782440878, -100.31241149952399 46.858175957972115, -99.01510057639027 46.86488761871963, -99.01139556902973 46.873359643058265, -99.12745020590668 46.90161139001833, -99.32974273789692 46.95022131133647, -99.32954156995568 46.95068822698273, -99.33427347211646 46.95181974610759, -99.34222065247276 46.953608213556315, -99.34274884014928 46.952382405993085, -99.34332328583544 46.95251061272838, -99.34342334895395 46.95227809821967))'
S2B_MSIL2A_20250701T173909_N0511_R098_T14TKL_20250701T213421.SAFE	geography'SRID=4326;POLYGON ((-101.26963535313506 41.22524345152867, -101.28005188450415 41.52923550071836, -102.59412455183308 41.49564643575739, -102.54082260253305 40.50846282585221, -101.52151019983302 40.534009612285956, -101.49466075335975 40.60852359426592, -101.441732717264 40.754693862893824, -101.3886241392024 40.90091464331806, -101.335127831366 41.04713158805628, -101.2813335985607 41.19335274212405, -101.26963535313506 41.22524345152867))'
S2C_MSIL2A_20250701T164921_N0511_R026_T15TXN_20250701T221619.SAFE	geography'SRID=4326;POLYGON ((-90.45974074426172 46.83637163149793, -90.24891500137984 46.83262831925138, -90.21275514516256 47.52202266518596, -90.26428813723905 47.38030914556933, -90.31729591620291 47.23384496589751, -90.37001602224188 47.087355683330266, -90.42244810949104 46.94089823340977, -90.45974074426172 46.83637163149793))'
S2C_MSIL2A_20250701T164921_N0511_R026_T16TDT_20250701T221619.SAFE	geography'SRID=4326;POLYGON ((-88.33713470955432 47.84591482730969, -88.31241149952398 46.858175957972115, -86.87194283884885 46.86562824777826, -86.8695296380832 47.85362771191058, -88.33713470955432 47.84591482730969))'
S2C_MSIL2A_20250701T164921_N0511_R026_T15TYN_20250701T221619.SAFE	geography'SRID=4326;POLYGON ((-90.36444661723225 47.102830958428996, -90.37780434448764 46.835655727197015, -88.940970134955 46.79367068819608, -88.86474152472253 47.779157072334634, -90.10505677692163 47.81597582016534, -90.15762180655688 47.67317573869487, -90.21103494911696 47.52675313058741, -90.26428813723905 47.38030914556933, -90.31729591620291 47.23384496589751, -90.36444661723225 47.102830958428996))'
S2C_MSIL2A_20250701T164921_N0511_R026_T16SCJ_20250701T221619.SAFE	geography'SRID=4326;POLYGON ((-89.2296267635345 39.72832341604003, -89.33363283056224 39.72680595308774, -89.32479314364974 39.458210680861434, -89.2981113996943 39.5341652640352, -89.24651524884479 39.680540349856514, -89.2296267635345 39.72832341604003))'
S2C_MSIL2A_20250701T164921_N0511_R026_T16TCT_20250701T221619.SAFE	geography'SRID=4326;POLYGON ((-89.67207324053517 47.82259512731069, -89.62271963783216 46.835643714163524, -88.18335153308469 46.859583083848264, -88.20564501110891 47.84737115234881, -89.67207324053517 47.82259512731069))'
S2C_MSIL2A_20250630T171921_N0511_R012_T14TMM_20250630T221515.SAFE	geography'SRID=4326;POLYGON ((-99.79602718990667 41.459403114268895, -98.88312689683454 41.46369251697452, -98.88130582637643 42.452629745736225, -99.48469894114795 42.44974015097188, -99.50856378863875 42.374423310048726, -99.5551323108176 42.227427820233736, -99.6017379316364 42.08043230508319, -99.64801921841583 41.933351168429766, -99.69404368294462 41.78623513474072, -99.74008660770988 41.63917394443545, -99.7858703999232 41.492129798838334, -99.79602718990667 41.459403114268895))'
S2C_MSIL2A_20250630T171921_N0511_R012_T14TMP_20250630T221515.SAFE	geography'SRID=4326;POLYGON ((-99.22413487164499 43.26305273918769, -98.87974009973617 43.26472716389879, -98.87774350913473 44.25335216097235, -98.89905325365575 44.25324668873415, -98.93755439052585 44.13735458624918, -98.98621820904783 43.99054041848197, -99.0346628624824 43.84365051763479, -99.08299398695964 43.69674084615784, -99.13107863344536 43.54983258586549, -99.17916147108984 43.40300564866772, -99.22413487164499 43.26305273918769))'
S2C_MSIL2A_20250630T171921_N0511_R012_T14TLK_20250630T221515.SAFE	geography'SRID=4326;POLYGON ((-100.3465165657248 39.652550369001084, -100.05144935754969 39.656847486720984, -100.06583015302074 40.58252193292896, -100.10245516714384 40.46248470092513, -100.14717752857985 40.3153103463146, -100.19172168857712 40.16807500869879, -100.2361286323624 40.02082601545678, -100.28032798880945 39.873560537965965, -100.32447358318056 39.72632472136599, -100.3465165657248 39.652550369001084))'
S2C_MSIL2A_20250630T171921_N0511_R012_T14TPP_20250630T221515.SAFE	geography'SRID=4326;POLYGON ((-97.74751912777681 44.24655093494868, -97.76796729995816 43.25815531909012, -96.41619172041914 43.235600960154144, -96.37335402628884 44.22320974043625, -97.74751912777681 44.24655093494868))'
S2C_MSIL2A_20250630T171921_N0511_R012_T14TMN_20250630T221515.SAFE	geography'SRID=4326;POLYGON ((-99.51281877528268 42.360992266575224, -98.88147277912853 42.364010656318975, -98.8795663539466 43.352791985217806, -99.19579232375919 43.35125203009588, -99.22639051368094 43.256033397492814, -99.27375790695432 43.10913860809134, -99.3212107425168 42.96227235818985, -99.36841053290296 42.81534988015261, -99.4152919172472 42.66839823193793, -99.46198661494356 42.521419664548965, -99.50856378863875 42.374423310048726, -99.51281877528268 42.360992266575224))'
S2C_MSIL2A_20250630T171921_N0511_R012_T14TNP_20250630T221515.SAFE	geography'SRID=4326;POLYGON ((-99.00024926190758 43.947996611947495, -99.00024643448813 43.26479037737325, -97.64750596751658 43.256794294201605, -97.62505994125075 44.24514241182411, -98.89919849333428 44.25280950341764, -98.93755439052585 44.13735458624918, -98.98621820904783 43.99054041848197, -99.00024926190758 43.947996611947495))'
S2C_MSIL2A_20250630T171921_N0511_R012_T14TNN_20250630T221515.SAFE	geography'SRID=4326;POLYGON ((-99.00024679052602 43.35285539234588, -99.00024288390156 42.36407192041621, -97.66698539119554 42.35632239007374, -97.64555267001921 43.34483481646455, -99.00024679052602 43.35285539234588))'
S2C_MSIL2A_20250629T174931_N0511_R141_T13TEF_20250629T224319.SAFE	geography'SRID=4326;POLYGON ((-103.6840748106383 41.53039941192553, -103.68379957458713 41.54431153543986, -105.00023981916343 41.551844670066835, -105.00023625343321 40.56274991351036, -104.04036902396395 40.557364087723045, -103.9960031779586 40.679768202882535, -103.94298897543972 40.825972725937774, -103.88995444174412 40.97228230916126, -103.83637022333048 41.11852905663682, -103.78245704814945 41.26471510623848, -103.72854976189724 41.410897618504805, -103.6840748106383 41.53039941192553))'
S2C_MSIL2A_20250629T174931_N0511_R141_T14TLS_20250629T224319.SAFE	geography'SRID=4326;POLYGON ((-101.5153726843129 46.925420392405705, -101.62701019239009 46.92356100851489, -101.61608954537101 46.69436647651178, -101.57029780764717 46.7995927882582, -101.5153726843129 46.925420392405705))'
S2C_MSIL2A_20250629T160921_N0511_R140_T17TNG_20250629T210909.SAFE	geography'SRID=4326;POLYGON ((-81.00024322601921 42.45269119915018, -81.00023949430312 41.463751887157464, -79.68558188065235 41.45624189757688, -79.66510843311782 42.44491772432881, -81.00024322601921 42.45269119915018))'
S2C_MSIL2A_20250629T160921_N0511_R140_T17TMG_20250629T210909.SAFE	geography'SRID=4326;POLYGON ((-82.17440500119963 41.45762524781422, -80.88312689683454 41.46369251697452, -80.88130582637643 42.452629745736225, -81.8631495476019 42.447927785427424, -81.88200912324349 42.38853229055216, -81.92865829998301 42.24154421964023, -81.9751297828081 42.094499588058014, -82.02148201781411 41.94742100523788, -82.06760077580316 41.8003560072103, -82.11351895462121 41.65332170336121, -82.15931700063683 41.50629953194044, -82.17440500119963 41.45762524781422))'
S2A_MSIL2A_20250628T174741_N0511_R098_T14TLQ_20250628T204801.SAFE	geography'SRID=4326;POLYGON ((-100.14533676737526 45.04218834267559, -100.14740738161733 45.148073182871244, -100.57828557021082 45.141108774331464, -100.4451921110748 45.11123828094174, -100.44523404506077 45.11113383496669, -100.445197163998 45.1111255441736, -100.44529382074889 45.11088190486868, -100.44254127321824 45.11026488230766, -100.44263567915334 45.11003126645827, -100.42216896572701 45.10547278120361, -100.42215654233432 45.105503647220445, -100.15776602319423 45.04499745570431, -100.14533676737526 45.04218834267559))'
S2A_MSIL2A_20250628T174741_N0511_R098_T13SGD_20250628T223730.SAFE	geography'SRID=4326;POLYGON ((-101.81788492125438 39.70505912137456, -102.66683353200474 39.72681533153163, -102.69936254729447 38.73821864423846, -102.16009499878834 38.72468588729078, -102.11587434588364 38.85276298000145, -102.06519704411409 38.99929566129597, -102.01432123339768 39.145731862373694, -101.96323876940086 39.292096321080585, -101.91193769703996 39.438371831394655, -101.86047367780354 39.58461353465895, -101.81788492125438 39.70505912137456))'
S2A_MSIL2A_20250628T174741_N0511_R098_T14TMQ_20250628T204801.SAFE	geography'SRID=4326;POLYGON ((-99.81898281747311 44.96299040325154, -99.80778769107808 44.99081002828942, -99.74794207315203 45.136193544176045, -99.74247490993984 45.14941235806348, -100.27254965833141 45.14674718783555, -100.27090446684785 45.070889368779746, -100.15776602319423 45.04499745570431, -100.12748753284924 45.03815427032322, -100.12719046903219 45.03888818786054, -99.81898281747311 44.96299040325154))'
S2A_MSIL2A_20250628T174741_N0511_R098_T13TEJ_20250628T223730.SAFE	geography'SRID=4326;POLYGON ((-104.2467632765482 43.26033651933734, -103.6475059675166 43.256794294201605, -103.62505994125077 44.24514241182411, -103.9212238814877 44.24692456970073, -103.9364686081176 44.200915833045016, -103.98484921957747 44.054140873942366, -104.03349499409454 43.907532638161854, -104.08309478229006 43.76117787742739, -104.13158723356912 43.61452852254558, -104.17955647414288 43.467698166637696, -104.22719819726868 43.32073759801035, -104.2467632765482 43.26033651933734))'
S2A_MSIL2A_20250628T174741_N0511_R098_T13TGJ_20250628T223730.SAFE	geography'SRID=4326;POLYGON ((-102.49642893280087 44.22597512802537, -102.53726452230806 43.238273156784096, -101.1873683405316 43.201211355403785, -101.12426105372481 44.18762158427181, -102.49642893280087 44.22597512802537))'
S2A_MSIL2A_20250628T174741_N0511_R098_T13TFJ_20250628T223730.SAFE	geography'SRID=4326;POLYGON ((-103.74751912777683 44.24655093494868, -103.76796729995817 43.25815531909012, -102.41619172041914 43.235600960154144, -102.37335402628885 44.22320974043625, -103.74751912777683 44.24655093494868))'
S2A_MSIL2A_20250628T174741_N0511_R098_T13TFF_20250628T223730.SAFE	geography'SRID=4326;POLYGON ((-103.80103038521031 41.545593768972765, -103.81885207154319 40.55671174263467, -102.52280187838811 40.536185528423594, -102.48546160940656 41.52434469691515, -103.80103038521031 41.545593768972765))'
S2A_MSIL2A_20250628T174741_N0511_R098_T13TFH_20250628T223730.SAFE	geography'SRID=4326;POLYGON ((-103.76618786223798 43.346200009839855, -103.78571286582209 42.35764145317536, -102.45336942769977 42.33578223926217, -102.41246381589346 43.323576596360866, -103.76618786223798 43.346200009839855))'
S2A_MSIL2A_20250628T174741_N0511_R098_T14TMQ_20250628T223730.SAFE	geography'SRID=4326;POLYGON ((-99.83150265021072 45.14896473424524, -100.27254965833141 45.14674718783555, -100.25111705335956 44.15851530960486, -100.14415527326393 44.15904388766834, -100.10464020968656 44.25751486046782, -100.04600049595604 44.403153727428254, -99.98723282971385 44.54870290095936, -99.9283614858298 44.6941860853002, -99.8693619848583 44.839577628865406, -99.81013066147254 44.984996837695824, -99.75080967036088 45.12926389657724, -99.77161379737336 45.13439277396101, -99.83150265021072 45.14896473424524))'
S2A_MSIL2A_20250628T174741_N0511_R098_T13TGK_20250628T223730.SAFE	geography'SRID=4326;POLYGON ((-102.45736864275568 45.12552488296481, -102.50015121099592 44.13800768802703, -101.13001323357867 44.099770918209835, -101.06390244391362 45.08595696049961, -102.45736864275568 45.12552488296481))'
S2A_MSIL2A_20250628T174741_N0511_R098_T13TEK_20250628T223730.SAFE	geography'SRID=4326;POLYGON ((-103.95026593171896 44.159058122978735, -103.62710599954544 44.157116557384406, -103.60358882685108 45.145299673094094, -103.6209503642908 45.145405801200376, -103.64249142394353 45.0823397520265, -103.69238538411533 44.93558560085473, -103.74214795213494 44.78881486351304, -103.79155182581277 44.64198531707731, -103.84022486122976 44.49497132441182, -103.88781747263548 44.347745444014166, -103.9364686081176 44.200915833045016, -103.95026593171896 44.159058122978735))'
S2A_MSIL2A_20250628T174741_N0511_R098_T14TLQ_20250628T223730.SAFE	geography'SRID=4326;POLYGON ((-100.12881417256527 44.1972736910104, -100.14740738161733 45.148073182871244, -101.54313948300323 45.12551356202371, -101.50034838689311 44.137996748196564, -100.14395439514207 44.15954447307256, -100.12881417256527 44.1972736910104))'
S2A_MSIL2A_20250628T174741_N0511_R098_T13TFK_20250628T223730.SAFE	geography'SRID=4326;POLYGON ((-103.73527966285378 44.80907233659349, -103.74938307519848 44.158520786393645, -102.37725879085306 44.135250725162805, -102.33237892318715 45.122671880514964, -103.62111994118669 45.14490932864858, -103.64249142394353 45.0823397520265, -103.69238538411533 44.93558560085473, -103.73527966285378 44.80907233659349))'
S2A_MSIL2A_20250628T174741_N0511_R098_T13TEH_20250628T223730.SAFE	geography'SRID=4326;POLYGON ((-104.53509954964777 42.36136828484535, -103.66698539119554 42.35632239007374, -103.64555267001923 43.34483481646455, -104.21828708383777 43.348225736788436, -104.22719819726868 43.32073759801035, -104.27480954200776 43.17375242415908, -104.32222534793377 43.02671289836111, -104.36919033691005 42.87958931658551, -104.41641617739943 42.73258610205559, -104.46348832181293 42.5855866606132, -104.51054098248088 42.4386989274872, -104.53509954964777 42.36136828484535))'
S2A_MSIL2A_20250628T174741_N0511_R098_T14TNS_20250628T204801.SAFE	geography'SRID=4326;POLYGON ((-98.97631372761413 46.9535583283261, -99.00026284243779 46.953709179213256, -99.00026258127954 46.89894706320949, -98.97631372761413 46.9535583283261))'
S2A_MSIL2A_20250628T174741_N0511_R098_T14TLP_20250628T223730.SAFE	geography'SRID=4326;POLYGON ((-100.12881901966725 44.197261612101684, -100.12976271323852 44.24783068396879, -101.50407140709622 44.22596415476343, -101.46322767686333 43.23826255332707, -100.50264258959942 43.25327578280571, -100.45218327714872 43.38290440329471, -100.39469327661767 43.52864465044043, -100.33702213204691 43.67443291029102, -100.27931138252842 43.82028655397624, -100.2213757999517 43.96610054488856, -100.16310424935558 44.11182331049161, -100.12881901966725 44.197261612101684))'
S2A_MSIL2A_20250628T174741_N0511_R098_T14TLR_20250628T204801.SAFE	geography'SRID=4326;POLYGON ((-100.21621879625488 45.05837446594265, -100.14563453547973 45.05951360004942, -100.1658919102777 46.0476276229589, -101.58406512039718 46.02435339629007, -101.55304739020528 45.3415413441167, -101.32620274464493 45.297877236013086, -101.32635890715984 45.29747035398584, -101.31228283596542 45.294762472189, -101.31205468293538 45.29535406141274, -101.31199463142678 45.2953418507592, -101.31194534923402 45.295471296445754, -101.03593195691562 45.23931660639256, -101.03606672337136 45.23896497000101, -101.03346050345347 45.238435210640475, -101.03359772503465 45.23808275475376, -101.03346174932508 45.23805514816276, -101.03350446868934 45.23794353662066, -101.02541863469986 45.236304612562485, -100.73712947728671 45.175740909810656, -100.73717252306477 45.17563251038809, -100.73582147814287 45.17533159649798, -100.72422374518128 45.17290791469512, -100.72387549035312 45.17378387929493, -100.4451921110748 45.11123828094174, -100.44523404506077 45.11113383496669, -100.445197163998 45.1111255441736, -100.44529382074889 45.11088190486868, -100.44254127321824 45.11026488230766, -100.44263567915334 45.11003126645827, -100.42216896572701 45.10547278120361, -100.42215654233432 45.105503647220445, -100.21621879625488 45.05837446594265))'
S2A_MSIL2A_20250628T174741_N0511_R098_T14TMR_20250628T223730.SAFE	geography'SRID=4326;POLYGON ((-100.27501212986382 45.25296777820221, -100.27058357693214 45.058191670236305, -99.77901904707515 45.06065944922765, -99.75080967036088 45.12926389657724, -99.77161379737336 45.13439277396101, -100.05685357030653 45.20379638491264, -100.0566220853208 45.20436790084312, -100.07004657005608 45.20743793408039, -100.07029379875624 45.206827914033354, -100.072920013996 45.20742290210684, -100.07298341486823 45.20726645508582, -100.27501212986382 45.25296777820221))'
S2A_MSIL2A_20250628T174741_N0511_R098_T13TGE_20250628T223730.SAFE	geography'SRID=4326;POLYGON ((-101.49892645627098 40.59697126062094, -102.63579176628713 40.62664940733135, -102.6698144654414 39.63822758400475, -101.84894079353118 39.61722977249403, -101.80875655831744 39.73087511411019, -101.75695675432509 39.87716779219028, -101.70482666819352 40.023518835094045, -101.65267653163261 40.1699479659355, -101.6001704954026 40.31637698026397, -101.54737868903288 40.46279605869827, -101.49892645627098 40.59697126062094))'
S2A_MSIL2A_20250628T174741_N0511_R098_T13TFG_20250628T223730.SAFE	geography'SRID=4326;POLYGON ((-103.78400297732625 42.44624086265282, -103.80265404258907 41.457520191909595, -102.48886345311317 41.43633638009555, -102.44978706678565 42.42431413705452, -103.78400297732625 42.44624086265282))'
S2A_MSIL2A_20250628T174741_N0511_R098_T13TEG_20250628T223730.SAFE	geography'SRID=4326;POLYGON ((-104.81617998584704 41.4627004461006, -103.68558188065235 41.45624189757688, -103.66510843311784 42.44491772432881, -104.5069787864835 42.44981929533837, -104.51054098248088 42.4386989274872, -104.55720259621876 42.29176964808195, -104.60372360268978 42.14490860508963, -104.64993584047293 41.99796037465244, -104.6956176568695 41.85086337672585, -104.74151347508675 41.70380188218917, -104.78727140013224 41.5566987495308, -104.81617998584704 41.4627004461006))'
S2A_MSIL2A_20250628T174741_N0511_R098_T13TGL_20250628T223730.SAFE	geography'SRID=4326;POLYGON ((-102.43235245274988 45.674250405853094, -102.46129313653579 45.03703440306415, -101.06996660895842 44.99758761245698, -101.04028045989345 45.42002201968626, -101.2450734630253 45.46148563143938, -101.24493838580834 45.46183727785491, -101.2615893286744 45.465217022119305, -101.26198301962471 45.464192961862814, -101.2648962079538 45.464753379883135, -101.26505430238008 45.46434237750288, -101.54310601214094 45.51778598774738, -101.54252333373 45.51932062450918, -101.55696927553075 45.52195903501408, -101.5571220477027 45.52155542553779, -101.83530156620608 45.57243865751709, -101.83520518052376 45.57269684347837, -101.85383221009944 45.57596191313331, -101.85400743555456 45.57549301859216, -101.85400747429308 45.57549302539629, -101.85417235378816 45.57505161037507, -101.85739877649192 45.57561940494198, -101.85743928450033 45.575510956385166, -102.13855361464097 45.62490742073072, -102.13834652805738 45.62546954594325, -102.13851878810894 45.625499827968845, -102.1382786794272 45.62615115177708, -102.43235245274988 45.674250405853094))'
S2A_MSIL2A_20250628T174741_N0511_R098_T14TMP_20250628T223730.SAFE	geography'SRID=4326;POLYGON ((-100.10875563229274 44.247259286243136, -100.25298174570909 44.246545441411556, -100.2459000538372 43.904377176033904, -100.2213757999517 43.96610054488856, -100.16310424935558 44.11182331049161, -100.10875563229274 44.247259286243136))'
S2A_MSIL2A_20250628T174741_N0511_R098_T14TKK_20250628T223730.SAFE	geography'SRID=4326;POLYGON ((-101.48954729539281 40.62291284654605, -102.54546370146345 40.59640146890937, -102.49451264760637 39.609013147606916, -101.84620640790527 39.62496290930535, -101.80875655831744 39.73087511411019, -101.75695675432509 39.87716779219028, -101.70482666819352 40.023518835094045, -101.65267653163261 40.1699479659355, -101.6001704954026 40.31637698026397, -101.54737868903288 40.46279605869827, -101.49451830042432 40.609178442150416, -101.48954729539281 40.62291284654605))'
S2A_MSIL2A_20250628T174741_N0511_R098_T14TLR_20250628T223730.SAFE	geography'SRID=4326;POLYGON ((-101.56125916766219 45.52231216721222, -101.53921420699882 45.037023116804335, -100.14563453547973 45.05951360004942, -100.14901623268615 45.22446599216461, -100.35729657188864 45.27158150780253, -100.35705512425567 45.27218480435976, -100.35706529236728 45.27218711455724, -100.35697565855789 45.27241096223671, -100.35731247349865 45.2724875943332, -100.3572821919153 45.272563291773885, -100.35739191663107 45.272588292633216, -100.3572868894168 45.27285099646474, -100.35761264918078 45.27292541551368, -100.35750702487097 45.27318937896708, -100.3805705588382 45.278353136806, -100.65512617193136 45.33942964309422, -100.6550247428086 45.33968571489642, -100.66999378703315 45.34282554572448, -100.67024018580292 45.342202895165165, -100.67288817519126 45.342756037056446, -100.6729118239892 45.34269631829292, -100.67310235232003 45.34273605248978, -100.67315044081175 45.34261454273443, -100.95223482042397 45.40086700901231, -100.9517650533822 45.40207257843116, -100.9519028763635 45.40210154589517, -100.95189312015312 45.40212659219196, -101.2450734630253 45.46148563143938, -101.24493838580834 45.46183727785491, -101.2615893286744 45.465217022119305, -101.26198301962471 45.464192961862814, -101.2648962079538 45.464753379883135, -101.26505430238008 45.46434237750288, -101.54310601214094 45.51778598774738, -101.54252333373 45.51932062450918, -101.55696927553075 45.52195903501408, -101.5571220477027 45.52155542553779, -101.56125916766219 45.52231216721222))'
S2A_MSIL2A_20250628T174741_N0511_R098_T14TMR_20250628T204801.SAFE	geography'SRID=4326;POLYGON ((-100.21660417535767 45.05846266056429, -99.77903493352228 45.06065936947365, -99.74794207315203 45.136193544176045, -99.68776881916735 45.28168381299624, -99.62727729584323 45.42725173186895, -99.56634071776823 45.57276773273456, -99.50531868862498 45.7182937251274, -99.44402832965783 45.86370525654695, -99.38258922265331 46.00909068235365, -99.36479384189016 46.0509983696362, -100.29304891527646 46.0462596089832, -100.27087211149187 45.07088196420498, -100.21660417535767 45.05846266056429))'
S2A_MSIL2A_20250628T174741_N0511_R098_T14SKJ_20250628T223730.SAFE	geography'SRID=4326;POLYGON ((-101.81458979284676 39.71437809911697, -102.49897689950004 39.6975094680204, -102.45026011044494 38.7099201955759, -102.1627975989855 38.71685829648705, -102.11587434588364 38.85276298000145, -102.06519704411409 38.99929566129597, -102.01432123339768 39.145731862373694, -101.96323876940086 39.292096321080585, -101.91193769703996 39.438371831394655, -101.86047367780354 39.58461353465895, -101.81458979284676 39.71437809911697))'
S2B_MSIL2A_20250628T172859_N0511_R055_T14SLH_20250628T210049.SAFE	geography'SRID=4326;POLYGON ((-101.30393084279649 38.82627262441358, -101.27281842761563 37.837503416034735, -100.02533655911799 37.85497766278228, -100.03938428014581 38.84437393595428, -101.30393084279649 38.82627262441358))'
S2B_MSIL2A_20250628T172859_N0511_R055_T14TLK_20250628T210049.SAFE	geography'SRID=4326;POLYGON ((-101.3646807870274 40.62663972727231, -101.33065130260063 39.638218234831534, -100.05144935754969 39.656847486720984, -100.066815204235 40.645928490590144, -101.3646807870274 40.62663972727231))'
S2B_MSIL2A_20250628T172859_N0511_R055_T13TGK_20250628T210049.SAFE	geography'SRID=4326;POLYGON ((-101.45300692814106 44.108784780868156, -101.13001323357867 44.099770918209835, -101.06390244391362 45.08595696049961, -101.12468366310205 45.08768286283595, -101.17024985742448 44.953426427746685, -101.21987117363528 44.8068260242484, -101.26918997259942 44.6601871869791, -101.31810245163518 44.51345168209627, -101.36709862230374 44.36666012352664, -101.4160902046312 44.219838283993006, -101.45300692814106 44.108784780868156))'
S2B_MSIL2A_20250628T172859_N0511_R055_T14SLJ_20250628T210049.SAFE	geography'SRID=4326;POLYGON ((-101.33363283056225 39.72680595308774, -101.301097327331 38.73820958831532, -100.03810488537859 38.75625435897602, -100.05279562809639 39.74549354563108, -101.33363283056225 39.72680595308774))'
S2B_MSIL2A_20250628T172859_N0511_R055_T14SMH_20250628T210049.SAFE	geography'SRID=4326;POLYGON ((-99.59828919320698 38.845779177535, -100.15275135075291 38.843310058483205, -100.13717219597591 37.85395064837389, -99.93701816147696 37.854822872308844, -99.89087784559796 37.99114046509349, -99.8410350255196 38.13776956154849, -99.79101314507136 38.28426978515684, -99.74096930875908 38.43068332095604, -99.69095948818097 38.57713072238152, -99.64056759342722 38.723522518336246, -99.59828919320698 38.845779177535))'
S2B_MSIL2A_20250628T172859_N0511_R055_T13SGD_20250628T210049.SAFE	geography'SRID=4326;POLYGON ((-102.66683353200474 39.72681533153163, -102.69936254729447 38.73821864423846, -101.43792685625729 38.70656329494251, -101.38763948191425 39.69403311805837, -102.66683353200474 39.72681533153163))'
S2B_MSIL2A_20250628T172859_N0511_R055_T14TKK_20250628T210049.SAFE	geography'SRID=4326;POLYGON ((-102.54546370146345 40.59640146890937, -102.49451264760637 39.609013147606916, -101.21676465654707 39.64044856303257, -101.24913477999112 40.62894899386581, -102.54546370146345 40.59640146890937))'
S2B_MSIL2A_20250628T172859_N0511_R055_T14TNR_20250628T210049.SAFE	geography'SRID=4326;POLYGON ((-99.00025853973813 46.05357436995249, -99.00025404640142 45.06525999447365, -97.60574612901156 45.05674859305782, -97.58109585564665 46.044766226835556, -99.00025853973813 46.05357436995249))'
S2B_MSIL2A_20250628T172859_N0511_R055_T14TLQ_20250628T210049.SAFE	geography'SRID=4326;POLYGON ((-101.44299331696598 44.13890789294842, -100.12808129589992 44.15979663371134, -100.14740738161733 45.148073182871244, -101.10949499579333 45.13252268304655, -101.12048983335424 45.10003958122519, -101.17024985742448 44.953426427746685, -101.21987117363528 44.8068260242484, -101.26918997259942 44.6601871869791, -101.31810245163518 44.51345168209627, -101.36709862230374 44.36666012352664, -101.4160902046312 44.219838283993006, -101.44299331696598 44.13890789294842))'
S2B_MSIL2A_20250628T172859_N0511_R055_T13SGC_20250628T210049.SAFE	geography'SRID=4326;POLYGON ((-102.6965295968872 38.82628170870513, -102.72763580740045 37.83751218570364, -101.48163775999417 37.80685703267152, -101.43354720329414 38.79452724007538, -102.6965295968872 38.82628170870513))'
S2B_MSIL2A_20250628T172859_N0511_R055_T14TLR_20250628T210049.SAFE	geography'SRID=4326;POLYGON ((-101.13968905502983 45.043470910152635, -100.14563453547973 45.05951360004942, -100.1658919102777 46.0476276229589, -100.79782511064741 46.03725670603562, -100.81771131260744 45.98003032002645, -100.86883520886003 45.833398818374256, -100.91963494626509 45.686716654743, -100.97023639617284 45.54002756055199, -101.0205310067676 45.39332722232856, -101.07083625684223 45.24673589871953, -101.12048983335424 45.10003958122519, -101.13968905502983 45.043470910152635))'
S2B_MSIL2A_20250628T172859_N0511_R055_T14TMR_20250628T210049.SAFE	geography'SRID=4326;POLYGON ((-100.29304891527646 46.0462596089832, -100.27058357693214 45.058191670236305, -98.87602550148868 45.06519270654337, -98.87383276277595 46.05350473573164, -100.29304891527646 46.0462596089832))'
S2B_MSIL2A_20250628T172859_N0511_R055_T14SKJ_20250628T210049.SAFE	geography'SRID=4326;POLYGON ((-102.49897689950004 39.6975094680204, -102.45026011044494 38.7099201955759, -101.18865192655385 38.74036995699254, -101.21960079191267 39.7290432642928, -102.49897689950004 39.6975094680204))'
S2B_MSIL2A_20250628T172859_N0511_R055_T14TLL_20250628T210049.SAFE	geography'SRID=4326;POLYGON ((-101.3971826192205 41.52685230149302, -101.36158097735908 40.538607851727775, -100.06541547567339 40.55783709926159, -100.08149180738359 41.546758769895376, -101.3971826192205 41.52685230149302))'
S2B_MSIL2A_20250628T172859_N0511_R055_T14SKH_20250628T210049.SAFE	geography'SRID=4326;POLYGON ((-102.4545029640868 38.797894647715, -102.40791466143585 37.81010790673744, -101.16175219508035 37.83959549435291, -101.19134725642266 38.82843976082239, -102.4545029640868 38.797894647715))'
S2B_MSIL2A_20250628T172859_N0511_R055_T13TGE_20250628T210049.SAFE	geography'SRID=4326;POLYGON ((-102.64564776731031 40.340314497279984, -102.6698144654414 39.63822758400475, -101.39224764301619 39.60554763793313, -101.33965430802601 40.59281342227294, -102.55903970516138 40.62464577602134, -102.58345652310273 40.5447941053183, -102.62828949685075 40.397562490666544, -102.64564776731031 40.340314497279984))'
S2B_MSIL2A_20250628T172859_N0511_R055_T13TGJ_20250628T210049.SAFE	geography'SRID=4326;POLYGON ((-101.74452368666927 43.21650822123339, -101.1873683405316 43.201211355403785, -101.12426105372481 44.18762158427181, -101.42401459102506 44.19600001273049, -101.46490298465376 44.07299886533984, -101.51328278677971 43.926063470611794, -101.561724912458 43.77917116174208, -101.6096886247668 43.63222743796285, -101.65739561225887 43.48526146906912, -101.70522725648182 43.33842967858568, -101.74452368666927 43.21650822123339))'
S2C_MSIL2A_20250628T163921_N0511_R126_T16TFM_20250628T220724.SAFE	geography'SRID=4326;POLYGON ((-85.71420833898463 42.44509384598853, -85.78400297732624 42.44624086265282, -85.78767679356494 42.25148640736918, -85.7344803700793 42.39173054617447, -85.71420833898463 42.44509384598853))'
S2C_MSIL2A_20250627T170911_N0511_R112_T14TPL_20250627T221609.SAFE	geography'SRID=4326;POLYGON ((-97.55521420360549 40.552536373979954, -96.52280187838811 40.536185528423594, -96.48546160940654 41.52434469691515, -97.25186678442306 41.53672367632602, -97.29128198460337 41.41041547881876, -97.33676057621325 41.26332802115271, -97.38232898182646 41.11625733716189, -97.42764703768172 40.96915856265844, -97.4728027741109 40.822048648216445, -97.51785567308416 40.67493518230517, -97.55521420360549 40.552536373979954))'
S2C_MSIL2A_20250627T170911_N0511_R112_T15TTF_20250627T221609.SAFE	geography'SRID=4326;POLYGON ((-96.59412455183308 41.49564643575739, -96.54082260253307 40.50846282585221, -95.24618611840133 40.54090999482793, -95.28005188450415 41.52923550071836, -96.59412455183308 41.49564643575739))'
S2C_MSIL2A_20250627T170911_N0511_R112_T14TPM_20250627T221609.SAFE	geography'SRID=4326;POLYGON ((-97.27921644092366 41.449080183479865, -96.48886345311317 41.43633638009555, -96.44978706678563 42.42431413705452, -96.96998979003043 42.432863234901404, -97.0144706284396 42.292706783035165, -97.06097240024503 42.14565598405122, -97.10749061937172 41.99860680091119, -97.15349636272704 41.851483497146766, -97.19962501529852 41.70444391070005, -97.24541264549632 41.557406322882905, -97.27921644092366 41.449080183479865))'
S2C_MSIL2A_20250627T170911_N0511_R112_T15TTG_20250627T221609.SAFE	geography'SRID=4326;POLYGON ((-96.64504576622768 42.39470139413761, -96.58926866785168 41.407726190110715, -95.27696656733477 41.441212166985935, -95.3124072413961 42.42936087235922, -96.64504576622768 42.39470139413761))'
S2C_MSIL2A_20250627T170911_N0511_R112_T14TQL_20250627T221609.SAFE	geography'SRID=4326;POLYGON ((-96.6032964141397 41.5268622914542, -96.63889095789968 40.53861750192735, -95.34444498559897 40.50488583658978, -95.28942535132568 41.49194363396281, -96.6032964141397 41.5268622914542))'
S2C_MSIL2A_20250627T170911_N0511_R112_T14TPP_20250627T221609.SAFE	geography'SRID=4326;POLYGON ((-96.71095838869216 43.24051913839262, -96.41619172041914 43.235600960154144, -96.37335402628884 44.22320974043625, -96.3883194845665 44.223463939638556, -96.39532568718728 44.20242270059407, -96.44407302337463 44.05561516310609, -96.49265857630304 43.90874862938725, -96.54094623164649 43.761849628936666, -96.5891677909596 43.61499094411356, -96.63712659879 43.468123874312845, -96.68490565873529 43.32125893444186, -96.71095838869216 43.24051913839262))'
S2C_MSIL2A_20250627T170911_N0511_R112_T15TUF_20250627T221609.SAFE	geography'SRID=4326;POLYGON ((-95.3971826192205 41.52685230149302, -95.36158097735908 40.538607851727775, -94.06541547567339 40.55783709926159, -94.0814918073836 41.546758769895376, -95.3971826192205 41.52685230149302))'
S2C_MSIL2A_20250627T170911_N0511_R112_T14TQM_20250627T221609.SAFE	geography'SRID=4326;POLYGON ((-96.5692895469665 42.426911995973605, -96.60653922316477 41.43884624479472, -95.2944377014587 41.40403474612011, -95.23686356729512 42.39088066238852, -96.5692895469665 42.426911995973605))'
S2C_MSIL2A_20250627T170911_N0511_R112_T14TPN_20250627T221609.SAFE	geography'SRID=4326;POLYGON ((-96.99796431532586 42.34471718486556, -96.45336942769976 42.33578223926217, -96.41246381589345 43.323576596360866, -96.68268252290602 43.32809248684461, -96.68490565873529 43.32125893444186, -96.73231337468305 43.17433808111406, -96.77972006147256 43.0274492293156, -96.82708150729869 42.88057492493618, -96.87430184898163 42.73366528513564, -96.92103322088094 42.586654891883214, -96.9678195630305 42.439701489910334, -96.99796431532586 42.34471718486556))'
S2C_MSIL2A_20250627T170911_N0511_R112_T14TQN_20250627T221609.SAFE	geography'SRID=4326;POLYGON ((-96.53371085886852 43.32625697177811, -96.5727044512481 42.33837210189082, -95.2421415546785 42.30245161555175, -95.18187629631362 43.28908179915951, -96.53371085886852 43.32625697177811))'
S2C_MSIL2A_20250626T173921_N0511_R098_T14TLL_20250626T224515.SAFE	geography'SRID=4326;POLYGON ((-101.1623307879073 41.53040562155668, -101.3971826192205 41.52685230149302, -101.37634075991835 40.94831573123288, -101.35951913651724 40.99436148963961, -101.30594581263308 41.1406023994788, -101.2522861448367 41.28682897123458, -101.19843337020748 41.43298933930912, -101.1623307879073 41.53040562155668))'
S2C_MSIL2A_20250626T173921_N0511_R098_T14TKK_20250626T224515.SAFE	geography'SRID=4326;POLYGON ((-101.49439822696975 40.62279105198145, -102.54546370146345 40.59640146890937, -102.49451264760637 39.609013147606916, -101.8507468793076 39.624851203706314, -101.83197261649187 39.67802484568737, -101.78009431341202 39.82433261449272, -101.72829802940431 39.9707094760212, -101.6760796158827 40.116996425810086, -101.62371044853708 40.263286608558005, -101.57119530930711 40.409506166518575, -101.51858904793863 40.55570018055802, -101.49439822696975 40.62279105198145))'
S2C_MSIL2A_20250626T173921_N0511_R098_T13TEF_20250626T224515.SAFE	geography'SRID=4326;POLYGON ((-105.00023742975519 40.889048829441236, -105.00023625343321 40.56274991351036, -103.70336265383867 40.5554731412015, -103.68379957458713 41.54431153543986, -104.795753118297 41.55067452516022, -104.80965414735763 41.5057578691944, -104.8548765459016 41.3586174433836, -104.90034538078578 41.211534445324936, -104.94587037680068 41.06444808030021, -104.99146212168328 40.91742347677916, -105.00023742975519 40.889048829441236))'
S2C_MSIL2A_20250626T173921_N0511_R098_T13TFH_20250626T224515.SAFE	geography'SRID=4326;POLYGON ((-103.76618786223798 43.346200009839855, -103.78571286582209 42.35764145317536, -102.45336942769977 42.33578223926217, -102.41246381589346 43.323576596360866, -103.76618786223798 43.346200009839855))'
S2C_MSIL2A_20250626T173921_N0511_R098_T13TEH_20250626T224515.SAFE	geography'SRID=4326;POLYGON ((-104.54190219763905 42.36140782508968, -103.66698539119554 42.35632239007374, -103.64555267001923 43.34483481646455, -104.22536744677123 43.34826765664866, -104.2506226054564 43.26990368418628, -104.29816266348205 43.123014610509095, -104.3454212914912 42.976075506585055, -104.39208159049504 42.82899762960741, -104.43920957683933 42.68205739547648, -104.48630433915648 42.535146387864565, -104.53332226917838 42.388263503574606, -104.54190219763905 42.36140782508968))'
S2C_MSIL2A_20250626T173921_N0511_R098_T13TFG_20250626T224515.SAFE	geography'SRID=4326;POLYGON ((-103.78400297732625 42.44624086265282, -103.80265404258907 41.457520191909595, -102.48886345311317 41.43633638009555, -102.44978706678565 42.42431413705452, -103.78400297732625 42.44624086265282))'
S2C_MSIL2A_20250626T173921_N0511_R098_T13TGH_20250626T224515.SAFE	geography'SRID=4326;POLYGON ((-102.53371085886852 43.32625697177811, -102.57270445124811 42.33837210189082, -101.2421415546785 42.30245161555175, -101.18187629631363 43.28908179915951, -102.53371085886852 43.32625697177811))'
S2C_MSIL2A_20250626T173921_N0511_R098_T13TFF_20250626T224515.SAFE	geography'SRID=4326;POLYGON ((-103.80103038521031 41.545593768972765, -103.81885207154319 40.55671174263467, -102.52280187838811 40.536185528423594, -102.48546160940656 41.52434469691515, -103.80103038521031 41.545593768972765))'
S2C_MSIL2A_20250626T173921_N0511_R098_T14TKM_20250626T224515.SAFE	geography'SRID=4326;POLYGON ((-102.64504576622768 42.39470139413761, -102.58926866785167 41.407726190110715, -101.27696656733475 41.441212166985935, -101.3124072413961 42.42936087235922, -102.64504576622768 42.39470139413761))'
S2C_MSIL2A_20250626T173921_N0511_R098_T13SGD_20250626T224515.SAFE	geography'SRID=4326;POLYGON ((-101.82234617230263 39.705173450927774, -102.66683353200474 39.72681533153163, -102.69936254729447 38.73821864423846, -102.16478207960246 38.7248035081742, -102.13906498562436 38.799440496108886, -102.08841614009148 38.94590487862609, -102.03757997890212 39.09239354478497, -101.98642566407037 39.23885915521278, -101.93510772687041 39.38530128269386, -101.8836366156232 39.53169883437692, -101.83197261649187 39.67802484568737, -101.82234617230263 39.705173450927774))'
S2C_MSIL2A_20250626T173921_N0511_R098_T13TGE_20250626T224515.SAFE	geography'SRID=4326;POLYGON ((-101.50366342958046 40.59709492046666, -102.63579176628713 40.62664940733135, -102.6698144654414 39.63822758400475, -101.85339756144921 39.617343775873465, -101.83197261649187 39.67802484568737, -101.78009431341202 39.82433261449272, -101.72829802940431 39.9707094760212, -101.6760796158827 40.116996425810086, -101.62371044853708 40.263286608558005, -101.57119530930711 40.409506166518575, -101.51858904793863 40.55570018055802, -101.50366342958046 40.59709492046666))'
S2C_MSIL2A_20250626T173921_N0511_R098_T13TEJ_20250626T224515.SAFE	geography'SRID=4326;POLYGON ((-104.25370569848266 43.26037755616928, -103.6475059675166 43.256794294201605, -103.62505994125077 44.24514241182411, -103.9277130767638 44.24696361824413, -103.95940009443612 44.150684077148334, -104.00812951971882 44.003846083130014, -104.0572692840921 43.85710263926399, -104.10692819709342 43.710557390484205, -104.15537843390248 43.5637564511086, -104.20325649605876 43.41687549848994, -104.2506226054564 43.26990368418628, -104.25370569848266 43.26037755616928))'
S2C_MSIL2A_20250626T173921_N0511_R098_T13TGG_20250626T224515.SAFE	geography'SRID=4326;POLYGON ((-102.56928954696652 42.426911995973605, -102.60653922316479 41.43884624479472, -101.2944377014587 41.40403474612011, -101.23686356729512 42.39088066238852, -102.56928954696652 42.426911995973605))'
S2C_MSIL2A_20250626T173921_N0511_R098_T14TKL_20250626T224515.SAFE	geography'SRID=4326;POLYGON ((-101.27008374638773 41.23832918793073, -101.28005188450415 41.52923550071836, -102.59412455183308 41.49564643575739, -102.54082260253305 40.50846282585221, -101.52643860048126 40.533886092942446, -101.51858904793863 40.55570018055802, -101.46587239859176 40.701904641653165, -101.41292687884567 40.8481687030302, -101.35951913651724 40.99436148963961, -101.30594581263308 41.1406023994788, -101.27008374638773 41.23832918793073))'
S2C_MSIL2A_20250626T173921_N0511_R098_T14SKJ_20250626T224515.SAFE	geography'SRID=4326;POLYGON ((-101.81912196687205 39.714266391033995, -102.49897689950004 39.6975094680204, -102.45026011044494 38.7099201955759, -102.1675592996628 38.716743369640966, -102.13906498562436 38.799440496108886, -102.08841614009148 38.94590487862609, -102.03757997890212 39.09239354478497, -101.98642566407037 39.23885915521278, -101.93510772687041 39.38530128269386, -101.8836366156232 39.53169883437692, -101.83197261649187 39.67802484568737, -101.81912196687205 39.714266391033995))'
S2C_MSIL2A_20250626T173921_N0511_R098_T13TGF_20250626T224515.SAFE	geography'SRID=4326;POLYGON ((-101.30955930128651 41.130738537577784, -101.28942535132569 41.49194363396281, -102.60329641413972 41.5268622914542, -102.63889095789968 40.53861750192735, -101.53508637927723 40.509853716152655, -101.51858904793863 40.55570018055802, -101.46587239859176 40.701904641653165, -101.41292687884567 40.8481687030302, -101.35951913651724 40.99436148963961, -101.30955930128651 41.130738537577784))'
S2C_MSIL2A_20250626T173921_N0511_R098_T13TFK_20250626T224515.SAFE	geography'SRID=4326;POLYGON ((-103.73479019358948 44.83165020504737, -103.74938307519848 44.158520786393645, -102.37725879085306 44.135250725162805, -102.33237892318715 45.122671880514964, -103.6286421285263 45.14503912528613, -103.66705510805652 45.031883438018845, -103.71680702707914 44.88518352410113, -103.73479019358948 44.83165020504737))'
S2C_MSIL2A_20250626T173921_N0511_R098_T13TEG_20250626T224515.SAFE	geography'SRID=4326;POLYGON ((-104.82287573620323 41.462738695615066, -103.68558188065235 41.45624189757688, -103.66510843311784 42.44491772432881, -104.51360560842623 42.4498578782843, -104.53332226917838 42.388263503574606, -104.58025790217434 42.24135222395198, -104.62620153726766 42.094164070911845, -104.67284147389064 41.94717687864166, -104.71837946876516 41.79994906185118, -104.76413556330574 41.652836374749086, -104.80965414735763 41.5057578691944, -104.82287573620323 41.462738695615066))'
S2C_MSIL2A_20250626T173921_N0511_R098_T13TFJ_20250626T224515.SAFE	geography'SRID=4326;POLYGON ((-103.74751912777683 44.24655093494868, -103.76796729995817 43.25815531909012, -102.41619172041914 43.235600960154144, -102.37335402628885 44.22320974043625, -103.74751912777683 44.24655093494868))'
S2C_MSIL2A_20250626T173921_N0511_R098_T13TEK_20250626T224515.SAFE	geography'SRID=4326;POLYGON ((-103.9566314855058 44.159096367634056, -103.62710599954544 44.157116557384406, -103.60358882685108 45.145299673094094, -103.62850198245769 45.14545196294948, -103.66705510805652 45.031883438018845, -103.71680702707914 44.88518352410113, -103.7661123137996 44.738408725373326, -103.81531919024108 44.591654106362725, -103.86364372016976 44.44472345373941, -103.91105323765655 44.2975837706536, -103.9566314855058 44.159096367634056))'
S2A_MSIL2A_20250626T170711_N0511_R069_T14SQF_20250626T231509.SAFE	geography'SRID=4326;POLYGON ((-96.34679932804097 36.02593958076717, -95.56341398032555 36.007451011934776, -95.51941449107781 36.995510653879045, -96.06984493899841 37.008805796064976, -96.1080086687286 36.874469798266325, -96.1497595303756 36.72704798718993, -96.191385754106 36.579564222184494, -96.23291652056889 36.432025554006586, -96.27435302979968 36.28447466986452, -96.31587457376973 36.1369250241768, -96.34679932804097 36.02593958076717))'
S2A_MSIL2A_20250626T170711_N0511_R069_T14SQJ_20250626T231509.SAFE	geography'SRID=4326;POLYGON ((-95.57836146837032 38.710087459298464, -95.43792685625729 38.70656329494251, -95.40842225898358 39.28593137354264, -95.42437380024356 39.23229991994315, -95.46815500247264 39.0850851821511, -95.51147064219678 38.93780371213349, -95.5547296181025 38.79057560465501, -95.57836146837032 38.710087459298464))'
S2A_MSIL2A_20250625T173731_N0511_R055_T14SMH_20250625T235915.SAFE	geography'SRID=4326;POLYGON ((-99.87405966603214 38.03317823144253, -99.86662373600109 38.05501598401612, -99.81684155681766 38.20146752118806, -99.76685415971714 38.347957345720026, -99.71664866839123 38.4945233102812, -99.66630370252257 38.64116982181859, -99.61551160926193 38.78781234240607, -99.59543910667962 38.84579186947953, -100.15275135075291 38.843310058483205, -100.14107143959043 38.1015734120964, -99.87405966603214 38.03317823144253))'
S2B_MSIL2A_20250625T171859_N0511_R012_T15TTE_20250625T212104.SAFE	geography'SRID=4326;POLYGON ((-96.45804632449979 40.59859629709782, -96.49503454382518 40.5976676169059, -96.46146716975144 40.5892284780263, -96.45804632449979 40.59859629709782))'
S2B_MSIL2A_20250625T171859_N0511_R012_T14SNH_20250625T211816.SAFE	geography'SRID=4326;POLYGON ((-99.00023047979299 38.848998483821255, -99.00022736409076 37.85944195932729, -97.75213459127728 37.85282950328523, -97.73503988519937 38.84214867288121, -99.00023047979299 38.848998483821255))'
S2A_MSIL2A_20250624T180751_N0511_R041_T13UFQ_20250625T005400.SAFE	geography'SRID=4326;POLYGON ((-102.77790602804444 49.628923879334025, -103.61482626682331 49.64443670244057, -103.64208923014807 48.657027178567795, -103.24180095709193 48.64971627627132, -103.22772919877488 48.680161571882365, -103.16038369154168 48.82476525296822, -103.09235866976621 48.96936693413658, -103.02396475123814 49.11407300066233, -102.95526835964347 49.25885476878474, -102.88615036839104 49.40360372896004, -102.81680013295872 49.54822479506255, -102.77790602804444 49.628923879334025))'
S2A_MSIL2A_20250624T180751_N0511_R041_T13UEQ_20250625T005400.SAFE	geography'SRID=4326;POLYGON ((-105.00027707744742 49.652722814505665, -105.00027162195119 48.66503141156509, -103.50933035947723 48.65538534877128, -103.47940434627488 49.64273706516441, -105.00027707744742 49.652722814505665))'
S2B_MSIL2A_20250624T174909_N0511_R141_T13UEQ_20250624T214445.SAFE	geography'SRID=4326;POLYGON ((-104.8770484297294 48.664234184551695, -103.50933035947723 48.65538534877128, -103.47940434627488 49.64273706516441, -104.50025524655801 49.64943977012853, -104.5386967340868 49.5505348354245, -104.59522653031473 49.40434495282073, -104.65144158793518 49.25809789649787, -104.70767983380745 49.1119706031819, -104.76316172732636 48.96573873664742, -104.81859236121811 48.81958878540596, -104.87361449361792 48.6733765924598, -104.8770484297294 48.664234184551695))'
S2B_MSIL2A_20250624T174909_N0511_R141_T14TLT_20250624T214445.SAFE	geography'SRID=4326;POLYGON ((-101.09813497858147 47.83229209608363, -101.67207324053518 47.82259512731069, -101.62271963783216 46.835643714163524, -101.53897678536835 46.837036513612794, -101.48985337742998 46.94969573625762, -101.42624609637005 47.09492844696738, -101.361969505414 47.239922316393, -101.29783223025629 47.38489616906013, -101.25095453665226 47.49038329823972, -101.2338464515565 47.528962481117325, -101.16950992999416 47.6730869520966, -101.168758528845 47.674771122166014, -101.15917938268198 47.69614865927306, -101.10424951578824 47.818758038855066, -101.09813497858147 47.83229209608363))'
S2B_MSIL2A_20250624T174909_N0511_R141_T14ULV_20250624T214445.SAFE	geography'SRID=4326;POLYGON ((-100.25243785022627 49.64592930878705, -101.76906793701309 49.619596875011254, -101.71462894820279 48.63303181535822, -100.72340888119417 48.64998979934408, -100.71224797693507 48.673990076716784, -100.7058510057574 48.68776358778455, -100.63830837250352 48.8325106405736, -100.61210205148683 48.88857028075169, -100.57025904975683 48.97814008368741, -100.50218540681422 49.12271748611721, -100.43367259539896 49.26721991510853, -100.36482118021677 49.41170191591638, -100.29560253407021 49.556142453824336, -100.25243785022627 49.64592930878705))'
S2B_MSIL2A_20250624T174909_N0511_R141_T14ULU_20250624T214445.SAFE	geography'SRID=4326;POLYGON ((-100.682090082725 48.73868436796142, -101.7193584952283 48.7209148694678, -101.66754232973864 47.734155602346505, -101.13815043260327 47.74308754094558, -101.10424951578824 47.818758038855066, -101.03882241070536 47.963575897434886, -100.97293032039754 48.10839870008602, -100.91725015234093 48.23014783516192, -100.90630497621456 48.254118140834834, -100.83980259174432 48.39900411463034, -100.77277803388078 48.54382695351845, -100.71224797693507 48.673990076716784, -100.7058510057574 48.68776358778455, -100.682090082725 48.73868436796142))'
S2B_MSIL2A_20250624T174909_N0511_R141_T13TGM_20250624T214719.SAFE	geography'SRID=4326;POLYGON ((-102.07910136645113 46.42869871089864, -102.36948258575468 46.493773173245, -102.36923263406666 46.49437340551511, -102.36927991744666 46.49438404906147, -102.36918174903644 46.49461995836174, -102.36937674593672 46.494663915398576, -102.36936149941776 46.49470054076479, -102.36963625664393 46.49476257026141, -102.36951414034495 46.49505581363788, -102.3700293334559 46.49517243384122, -102.36988235023338 46.495525620933584, -102.36995247703172 46.4955415180488, -102.36989138858215 46.4956883247215, -102.37007032269932 46.495728947333546, -102.37003757381379 46.495807650940016, -102.38983901877263 46.500211117950265, -102.39364279223379 46.50105390104159, -102.42054054444475 45.93643087306754, -101.93231727172082 45.92237501951678, -101.87386015368352 46.05994139802837, -101.81215221370026 46.20518358555137, -101.75003720688287 46.350123106102366, -101.8486568339854 46.3742113441558, -102.06553555368818 46.42649773874163, -102.06532061104272 46.42700705602383, -102.073003339136 46.42885004676251, -102.07801652862102 46.42998155841251, -102.07849977466864 46.42883734914107, -102.07899595036072 46.428948391610334, -102.07910136645113 46.42869871089864))'
S2B_MSIL2A_20250624T174909_N0511_R141_T13TGN_20250624T214445.SAFE	geography'SRID=4326;POLYGON ((-101.11861474640826 47.786693296785344, -102.32846057360035 47.82260755999096, -102.37780434448764 46.835655727197015, -101.55012447502521 46.81147049318107, -101.48985337742998 46.94969573625762, -101.42624609637005 47.09492844696738, -101.361969505414 47.239922316393, -101.29783223025629 47.38489616906013, -101.25095453665226 47.49038329823972, -101.2338464515565 47.528962481117325, -101.16950992999416 47.6730869520966, -101.168758528845 47.674771122166014, -101.15917938268198 47.69614865927306, -101.11861474640826 47.786693296785344))'
S2B_MSIL2A_20250624T174909_N0511_R141_T13UFQ_20250624T214445.SAFE	geography'SRID=4326;POLYGON ((-103.61482626682331 49.64443670244057, -103.64208923014807 48.657027178567795, -102.15252154805323 48.62982157570405, -102.09542723709785 49.61627372192671, -103.61482626682331 49.64443670244057))'
S2B_MSIL2A_20250624T174909_N0511_R141_T13UGQ_20250624T214445.SAFE	geography'SRID=4326;POLYGON ((-102.23148519495959 49.61961011420237, -102.28591334225759 48.63304460468163, -100.79901938142157 48.5883487810417, -100.71495435702143 49.57334356268714, -102.23148519495959 49.61961011420237))'
S2B_MSIL2A_20250624T174909_N0511_R141_T13TFM_20250624T214445.SAFE	geography'SRID=4326;POLYGON ((-102.27583028490609 46.291959663530136, -102.24441508393578 46.920536388192055, -103.68596471962562 46.94616825397537, -103.69452734365956 46.58699147800808, -103.66299714940504 46.58128577686508, -103.66307210368537 46.58109168307507, -103.66303810015708 46.581085527986026, -103.66315078452644 46.58080185777269, -103.6630187905868 46.580777950480346, -103.66313844928656 46.58046938561303, -103.64517399468994 46.57721070097863, -103.64505646447945 46.5775077928292, -103.36233130198124 46.52358888289271, -103.36246862866989 46.523246151840816, -103.34562585744706 46.51986281858393, -103.34539475060872 46.52044324096598, -103.34529313182844 46.52042278876985, -103.34526019361299 46.52050678543, -103.34457149263244 46.520368108137255, -103.34454677784798 46.520429396967415, -103.06332589535629 46.46379381156954, -103.06348736303961 46.46339722280828, -103.06327311158921 46.46335413128769, -103.06343150370824 46.46295641652768, -102.75122106298802 46.39797018181583, -102.74519391936714 46.39664122372645, -102.74492976327944 46.3972856246572, -102.74485046260877 46.397267993727816, -102.74484545522151 46.39728037630126, -102.74401411681644 46.39709530302769, -102.74397166203549 46.39719746019139, -102.46041064587759 46.334309074124846, -102.46051841007494 46.3340524080508, -102.460435952534 46.334034075254, -102.46045307696704 46.333992716666245, -102.46023345306169 46.33394415408444, -102.46028459708103 46.33381999821581, -102.46019015965533 46.333799175187735, -102.46026069452972 46.333630958227566, -102.27583028490609 46.291959663530136))'
S2B_MSIL2A_20250624T174909_N0511_R141_T13TGM_20250624T214445.SAFE	geography'SRID=4326;POLYGON ((-101.99037856078088 46.225469310401984, -101.82130557268984 46.1843123970431, -101.80438848949805 46.223487853649246, -101.74213174173725 46.368694765364665, -101.67950269064005 46.5139556626859, -101.61659819764265 46.65923509376828, -101.55319703325766 46.80442391321999, -101.51223320171232 46.89837002999272, -102.37351464472057 46.92357305830357, -102.40224304267045 46.320522107722844, -102.15096495142872 46.26374685350902, -102.15116028817489 46.26328958340663, -102.14145576102601 46.260947835698346, -102.13626586016493 46.25978504781009, -102.13577523219838 46.260949227885675, -101.99037856078088 46.225469310401984))'
S2B_MSIL2A_20250624T174909_N0511_R141_T14TLS_20250624T214445.SAFE	geography'SRID=4326;POLYGON ((-101.50032903328491 46.925670952659715, -101.62701019239009 46.92356100851489, -101.61463032918957 46.66374151727503, -101.55319703325766 46.80442391321999, -101.50032903328491 46.925670952659715))'
S2C_MSIL2A_20250624T165911_N0511_R069_T15TWN_20250624T223515.SAFE	geography'SRID=4326;POLYGON ((-92.95828708366993 46.86543585440821, -91.55985017558999 46.85663988190739, -91.53272262323176 47.844325046514086, -92.60098364909445 47.851150641298986, -92.64976409066624 47.718278246698326, -92.70317457670019 47.571802258305375, -92.75663755870295 47.42539635636639, -92.80971115001967 47.27898840078026, -92.86254600885903 47.132554572066006, -92.91516201929056 46.98610926004742, -92.95828708366993 46.86543585440821))'
S2C_MSIL2A_20250624T165911_N0511_R069_T15UXP_20250624T223515.SAFE	geography'SRID=4326;POLYGON ((-91.63972075371633 48.74498411169783, -91.6656686510332 47.75740973734738, -90.20190528469708 47.73104447774509, -90.14756129152694 48.71769475117851, -91.63972075371633 48.74498411169783))'
S2C_MSIL2A_20250624T165911_N0511_R069_T16TCT_20250624T223515.SAFE	geography'SRID=4326;POLYGON ((-88.51351131533087 47.84216959995864, -89.67207324053517 47.82259512731069, -89.62271963783216 46.835643714163524, -88.95493325798341 46.84675024415047, -88.94495152055602 46.86970146149573, -88.8812204653694 47.0147529864229, -88.81727822607596 47.15973387716101, -88.75341095411896 47.30473892330605, -88.68922856615683 47.44971046049091, -88.62469216261377 47.594642850887055, -88.55974078534145 47.739582693230005, -88.51351131533087 47.84216959995864))'
S2C_MSIL2A_20250624T165911_N0511_R069_T15TVL_20250624T223515.SAFE	geography'SRID=4326;POLYGON ((-93.58606530926915 45.06162812607787, -92.87602550148868 45.06519270654337, -92.87383276277595 46.05350473573164, -93.24514054905357 46.05160920208124, -93.27693191869504 45.960529553828565, -93.32793355238157 45.81390408645064, -93.37872591065894 45.667230135765216, -93.42931634908608 45.52055874502772, -93.47963033837144 45.37393791693604, -93.52979062154404 45.227320319660926, -93.57961545698237 45.080627498730365, -93.58606530926915 45.06162812607787))'
S2C_MSIL2A_20250624T165911_N0511_R069_T15TVM_20250624T223515.SAFE	geography'SRID=4326;POLYGON ((-93.27591843493038 45.963433101106844, -92.87403273692426 45.96548172662488, -92.87173305487556 46.95363733424615, -92.92686859687763 46.95335168377153, -92.96751192647555 46.83962271734139, -93.01956111964856 46.693130102674736, -93.07138804429171 46.546637948760974, -93.12301964457042 46.40015246247936, -93.17436084170993 46.253618112317376, -93.22576601494936 46.10711564207335, -93.27591843493038 45.963433101106844))'
S2C_MSIL2A_20250624T165911_N0511_R069_T15TYN_20250624T223515.SAFE	geography'SRID=4326;POLYGON ((-88.93298177268741 46.89694454065473, -88.86474152472253 47.779157072334634, -90.32846057360035 47.82260755999096, -90.37780434448764 46.835655727197015, -88.9775532321006 46.79473966522227, -88.94495152055602 46.86970146149573, -88.93298177268741 46.89694454065473))'
S2C_MSIL2A_20250624T165911_N0511_R069_T15UWP_20250624T223515.SAFE	geography'SRID=4326;POLYGON ((-92.63340968370241 47.76282579783846, -91.53521313306011 47.75581864580811, -91.50673052442279 48.7433372246506, -92.26736354118874 48.74826491982724, -92.26961730527127 48.742317240487935, -92.32458977043817 48.59607033656905, -92.37949630261964 48.449897447976944, -92.43387431291637 48.30363100240023, -92.48797700176392 48.157330155379775, -92.54192698712296 48.01099528094059, -92.59601428482664 47.86468662639117, -92.63340968370241 47.76282579783846))'
S2C_MSIL2A_20250624T165911_N0511_R069_T15TWM_20250624T223515.SAFE	geography'SRID=4326;POLYGON ((-93.00026185878647 46.74744793187572, -93.00025812995321 45.965551148516354, -91.58334389839345 45.956769859075806, -91.55749190205454 46.94462144140276, -92.9269059654499 46.953247118295614, -92.96751192647555 46.83962271734139, -93.00026185878647 46.74744793187572))'
S2C_MSIL2A_20250624T165911_N0511_R069_T15TXN_20250624T223515.SAFE	geography'SRID=4326;POLYGON ((-91.66339978002995 47.84592105208886, -91.68811311448758 46.85818197246455, -90.24891500137984 46.83262831925138, -90.19715331707549 47.81947440295927, -91.66339978002995 47.84592105208886))'
S2C_MSIL2A_20250623T172921_N0511_R055_T14TNP_20250623T225215.SAFE	geography'SRID=4326;POLYGON ((-97.62696504887869 44.16125631476425, -97.62505994125075 44.24514241182411, -99.00025052587905 44.25341758107761, -99.00024643448813 43.26479037737325, -97.98289048446127 43.25877676057816, -97.95211478927443 43.337391400966645, -97.89495664354088 43.48322339659399, -97.83772757229708 43.62898848459549, -97.78035780457064 43.77470815483688, -97.72276024924936 43.920398011239406, -97.66492116452258 44.0660739713872, -97.62696504887869 44.16125631476425))'
S2C_MSIL2A_20250623T172921_N0511_R055_T14TLP_20250623T225215.SAFE	geography'SRID=4326;POLYGON ((-101.49439905768592 43.992063016260175, -101.46322767686333 43.23826255332707, -100.1113169858077 43.25939191053712, -100.12976271323852 44.24783068396879, -101.41625185603608 44.227361445478856, -101.43917067890536 44.15885520345071, -101.48785043376336 44.01200013738324, -101.49439905768592 43.992063016260175))'
S2C_MSIL2A_20250623T172921_N0511_R055_T14TLN_20250623T225215.SAFE	geography'SRID=4326;POLYGON ((-101.46678204877878 43.32624633586568, -101.42778068203103 42.33836182515417, -100.09530924716697 42.35883991770658, -100.1129221649777 43.34744038882544, -101.46678204877878 43.32624633586568))'
S2C_MSIL2A_20250623T172921_N0511_R055_T14TMR_20250623T225215.SAFE	geography'SRID=4326;POLYGON ((-100.29304891527646 46.0462596089832, -100.27058357693214 45.058191670236305, -98.87602550148868 45.06519270654337, -98.87383276277595 46.05350473573164, -100.29304891527646 46.0462596089832))'
S2C_MSIL2A_20250623T172921_N0511_R055_T14TLQ_20250623T225215.SAFE	geography'SRID=4326;POLYGON ((-101.44579761288182 44.13886334380029, -100.12808129589992 44.15979663371134, -100.14740738161733 45.148073182871244, -101.11235514308702 45.13247645366023, -101.14372188694264 45.0393511402722, -101.19361722266112 44.89273518506252, -101.24309027694636 44.74605603016587, -101.29220606842745 44.59931069222867, -101.34119958844988 44.45251368312796, -101.3900602779858 44.30565022127011, -101.43917067890536 44.15885520345071, -101.44579761288182 44.13886334380029))'
S2C_MSIL2A_20250623T172921_N0511_R055_T14TMQ_20250623T225215.SAFE	geography'SRID=4326;POLYGON ((-100.27254965833141 45.14674718783555, -100.25111705335956 44.15851530960486, -98.87792550906389 44.165301274896635, -98.87583360281221 45.153769755990965, -100.27254965833141 45.14674718783555))'
S2C_MSIL2A_20250623T172921_N0511_R055_T14TNR_20250623T225215.SAFE	geography'SRID=4326;POLYGON ((-99.00025853973813 46.05357436995249, -99.00025404640142 45.06525999447365, -97.60574612901156 45.05674859305782, -97.58109585564665 46.044766226835556, -99.00025853973813 46.05357436995249))'
S2C_MSIL2A_20250623T172921_N0511_R055_T14TPQ_20250623T225215.SAFE	geography'SRID=4326;POLYGON ((-97.23069637218423 45.13817250275061, -97.72795903223157 45.14675285555784, -97.74938307519847 44.158520786393645, -97.62887090791249 44.15647700250045, -97.60683047432408 44.21174767713095, -97.54849372723555 44.357425383276365, -97.48986890071696 44.503041211193725, -97.43099590687346 44.6486216568691, -97.37174109234131 44.79416972665104, -97.31222121278468 44.939769284620645, -97.2524627175771 45.085394487991046, -97.23069637218423 45.13817250275061))'
S2C_MSIL2A_20250623T172921_N0511_R055_T14TMP_20250623T225215.SAFE	geography'SRID=4326;POLYGON ((-100.25298174570909 44.246545441411556, -100.23252540128634 43.25815001081029, -98.87974009973617 43.26472716389879, -98.87774350913473 44.25335216097235, -100.25298174570909 44.246545441411556))'
S2C_MSIL2A_20250623T172921_N0511_R055_T14TKM_20250623T225215.SAFE	geography'SRID=4326;POLYGON ((-102.31835995170705 41.41463896042522, -101.27696656733475 41.441212166985935, -101.3124072413961 42.42936087235922, -102.00507279535044 42.411345914638275, -102.01000305829619 42.39582341637062, -102.05659688665465 42.24875409507554, -102.10314720232279 42.10171921499743, -102.14942435360864 41.95467417884772, -102.19548853161172 41.80767008033464, -102.24145980098304 41.66066687400879, -102.2873108809456 41.51363359375377, -102.31835995170705 41.41463896042522))'
S2C_MSIL2A_20250623T172921_N0511_R055_T14TPP_20250623T225215.SAFE	geography'SRID=4326;POLYGON ((-97.59393813339679 44.24394224996654, -97.74751912777681 44.24655093494868, -97.75600642509609 43.83630363330923, -97.72276024924936 43.920398011239406, -97.66492116452258 44.0660739713872, -97.60683047432408 44.21174767713095, -97.59393813339679 44.24394224996654))'
S2C_MSIL2A_20250623T172921_N0511_R055_T14TPS_20250623T225215.SAFE	geography'SRID=4326;POLYGON ((-96.4721454138707 46.92458560932685, -97.68596471962562 46.94616825397537, -97.70951593127273 45.95826451839171, -96.89378896648923 45.94399388636145, -96.88804204731107 45.95759364696315, -96.82638252776796 46.102869461171295, -96.76447286288617 46.24816092381669, -96.70228430741744 46.39339061914231, -96.63980749316029 46.53863096445396, -96.61077706389646 46.60568743919864, -96.57556426331936 46.68712775911485, -96.51238359724226 46.83237957588356, -96.497823458932 46.86570861539227, -96.4721454138707 46.92458560932685))'
S2C_MSIL2A_20250623T172921_N0511_R055_T13TGK_20250623T225215.SAFE	geography'SRID=4326;POLYGON ((-101.45574279479537 44.10886113135638, -101.13001323357867 44.099770918209835, -101.06390244391362 45.08595696049961, -101.12741651547168 45.087760463061024, -101.14372188694264 45.0393511402722, -101.19361722266112 44.89273518506252, -101.24309027694636 44.74605603016587, -101.29220606842745 44.59931069222867, -101.34119958844988 44.45251368312796, -101.3900602779858 44.30565022127011, -101.43917067890536 44.15885520345071, -101.45574279479537 44.10886113135638))'
S2C_MSIL2A_20250623T172921_N0511_R055_T13TGJ_20250623T225215.SAFE	geography'SRID=4326;POLYGON ((-101.74724890927214 43.216583043030944, -101.1873683405316 43.201211355403785, -101.12426105372481 44.18762158427181, -101.42671856564195 44.1960755916814, -101.43917067890536 44.15885520345071, -101.48785043376336 44.01200013738324, -101.53610154798496 43.86510083152412, -101.58441636064109 43.71829350160625, -101.63215624652528 43.57137503854508, -101.67989630368648 43.42449295412402, -101.72751731735619 43.27759739371261, -101.74724890927214 43.216583043030944))'
S2C_MSIL2A_20250623T172921_N0511_R055_T14TLR_20250623T225215.SAFE	geography'SRID=4326;POLYGON ((-101.14234871138369 45.043427986911226, -100.14563453547973 45.05951360004942, -100.1658919102777 46.0476276229589, -100.80079033604765 46.03720804249608, -100.84186895285555 45.919307732157165, -100.8927703695616 45.772666050051534, -100.94341162957315 45.62604759731399, -100.99369040916461 45.479380424298064, -101.04407792359304 45.332771502945526, -101.09427951315504 45.18614152995405, -101.14234871138369 45.043427986911226))'
S2C_MSIL2A_20250623T172921_N0511_R055_T14TPR_20250623T225215.SAFE	geography'SRID=4326;POLYGON ((-96.85673312944823 46.03136049704897, -97.7074679641667 46.046265456303395, -97.72992432822251 45.05819732058294, -97.26689690304697 45.05021988750563, -97.2524627175771 45.085394487991046, -97.19242812997405 45.23096354395376, -97.13217937735955 45.37644403438713, -97.07156518579629 45.52180225353654, -97.01044462702512 45.667026894561786, -96.94942505263357 45.81233422160496, -96.88804204731107 45.95759364696315, -96.85673312944823 46.03136049704897))'
S2C_MSIL2A_20250623T172921_N0511_R055_T13TGG_20250623T225215.SAFE	geography'SRID=4326;POLYGON ((-102.31320838256893 41.43106385448444, -101.2944377014587 41.40403474612011, -101.23686356729512 42.39088066238852, -102.00497561651925 42.411651873621686, -102.01000305829619 42.39582341637062, -102.05659688665465 42.24875409507554, -102.10314720232279 42.10171921499743, -102.14942435360864 41.95467417884772, -102.19548853161172 41.80767008033464, -102.24145980098304 41.66066687400879, -102.2873108809456 41.51363359375377, -102.31320838256893 41.43106385448444))'
S2C_MSIL2A_20250623T172921_N0511_R055_T14TNQ_20250623T225215.SAFE	geography'SRID=4326;POLYGON ((-97.6270101729244 44.16114315744189, -97.60358882685108 45.145299673094094, -99.0002544396381 45.15383725089235, -99.00025015292682 44.16536649550738, -97.62861226213256 44.157125607106614, -97.6270101729244 44.16114315744189))'
S2C_MSIL2A_20250623T172921_N0511_R055_T13TGH_20250623T225215.SAFE	geography'SRID=4326;POLYGON ((-102.03282207734892 42.323797189659054, -101.2421415546785 42.30245161555175, -101.18187629631363 43.28908179915951, -101.71900578263242 43.303852749633435, -101.72751731735619 43.27759739371261, -101.77502244992448 43.130701247165135, -101.82226969735343 42.98374649626243, -101.86960011996707 42.83684106293057, -101.91657089862723 42.68989079631371, -101.96329854438201 42.54286846129049, -102.01000305829619 42.39582341637062, -102.03282207734892 42.323797189659054))'
S2B_MSIL2A_20250623T163839_N0511_R126_T16TDM_20250623T214334.SAFE	geography'SRID=4326;POLYGON ((-88.21648331498238 42.44623570214159, -88.19782479530704 41.4575152063026, -86.88312689683454 41.46369251697452, -86.88130582637642 42.452629745736225, -88.21648331498238 42.44623570214159))'
S2B_MSIL2A_20250623T163839_N0511_R126_T16TFQ_20250623T204252.SAFE	geography'SRID=4326;POLYGON ((-84.63961284558606 45.12797325473896, -85.72795903223155 45.14675285555784, -85.74938307519847 44.158520786393645, -85.03812252909957 44.14645841227227, -84.99991121615088 44.24214228452208, -84.94147382939516 44.38767280625208, -84.88280386750553 44.53324026304741, -84.82364755848894 44.67881191309549, -84.76435676177879 44.82444902722361, -84.70480564503937 44.970100334077856, -84.64472592634361 45.115657381177314, -84.63961284558606 45.12797325473896))'
S2B_MSIL2A_20250623T163839_N0511_R126_T16TBK_20250623T214334.SAFE	geography'SRID=4326;POLYGON ((-90.27513811173816 39.614410244465674, -89.21676465654707 39.64044856303257, -89.24913477999112 40.62894899386581, -89.97423565955184 40.61074355342355, -89.99890041218107 40.53021858866118, -90.04386464917917 40.38301603245191, -90.08852062118024 40.235768376383454, -90.13300434462418 40.08854122592314, -90.17723038987256 39.9412974961034, -90.2214355027948 39.79408158154595, -90.2654528330922 39.64686859846682, -90.27513811173816 39.614410244465674))'
S2B_MSIL2A_20250623T163839_N0511_R126_T16TER_20250623T204252.SAFE	geography'SRID=4326;POLYGON ((-87.00025853973811 46.05357436995249, -87.00025404640141 45.06525999447365, -85.60574612901156 45.05674859305782, -85.58109585564665 46.044766226835556, -87.00025853973811 46.05357436995249))'
S2B_MSIL2A_20250623T163839_N0511_R126_T16TBL_20250623T214334.SAFE	geography'SRID=4326;POLYGON ((-90.00141639620306 40.52198183642998, -89.24618611840131 40.54090999482793, -89.28005188450415 41.52923550071836, -89.69446893778901 41.518642569543545, -89.72733857494755 41.412910339250764, -89.77281504898905 41.265889474654685, -89.81830990238119 41.11889788915246, -89.86369098818204 40.97183979730888, -89.9088257359278 40.8246475619024, -89.95381913119438 40.67739900508239, -89.99890041218107 40.53021858866118, -90.00141639620306 40.52198183642998))'
S2B_MSIL2A_20250623T163839_N0511_R126_T15TYG_20250623T214334.SAFE	geography'SRID=4326;POLYGON ((-89.7265339044379 41.41549873434699, -89.2944377014587 41.40403474612011, -89.23686356729512 42.39088066238852, -89.41824858949566 42.39578565849484, -89.4503988522779 42.29506265522989, -89.49698001854863 42.14798746347642, -89.54338038219457 42.00092877648268, -89.58980566539738 41.853938685107, -89.63583272618521 41.70691866935616, -89.68164015678684 41.55990909222389, -89.7265339044379 41.41549873434699))'
S2B_MSIL2A_20250623T163839_N0511_R126_T16TEN_20250623T204252.SAFE	geography'SRID=4326;POLYGON ((-85.75100318973477 42.66434554375992, -85.66079288986857 42.64193075784822, -85.64555267001921 43.34483481646455, -87.00024679052602 43.35285539234588, -87.00024517613242 42.94424542090326, -86.80169384012444 42.903387356955385, -86.80184778311079 42.902964508295526, -86.80179949603628 42.90295458559402, -86.80187226437694 42.90275244342906, -86.80180037032903 42.90273768940489, -86.80189258697348 42.9024847625399, -86.50284358865629 42.83893245201445, -86.50163261206123 42.83865983814894, -86.50137270586286 42.83936616603761, -86.5003852049966 42.83914167012629, -86.50035152092349 42.83923295474463, -86.23270947473804 42.77862374562725, -86.23283385871872 42.778290726459126, -86.23267510128132 42.77825488380877, -86.23272368060857 42.77812332276882, -86.23252716400754 42.778079083144, -86.2326168168516 42.77783929019973, -85.9405665533337 42.710524417609165, -85.94071553268697 42.7101263821568, -85.92676032468067 42.70668984703102, -85.92632276032111 42.7078521936911, -85.9262779679287 42.70784101448817, -85.92622105584715 42.70799143744555, -85.75100318973477 42.66434554375992))'
S2B_MSIL2A_20250623T163839_N0511_R126_T16TEM_20250623T214334.SAFE	geography'SRID=4326;POLYGON ((-85.70107035062139 42.44512710323327, -87.0002432260192 42.45269119915018, -87.00023949430312 41.463751887157464, -86.07138666947877 41.45844580976979, -86.06041216982617 41.48809418024333, -86.00602579788686 41.63426782171168, -85.9514350817063 41.780404029428055, -85.89676940105618 41.926436757956495, -85.84195469509707 42.07234448491269, -85.78700156174105 42.2182340623388, -85.73182411845218 42.36411369838884, -85.70107035062139 42.44512710323327))'
S2B_MSIL2A_20250623T163839_N0511_R126_T16TGR_20250623T204252.SAFE	geography'SRID=4326;POLYGON ((-84.26637941792012 46.02003817132672, -84.41645116040286 46.024365075689296, -84.43484368259277 45.619398504831494, -84.40228444694894 45.69724860369515, -84.34128626531054 45.84251304265989, -84.28004317477355 45.987792409297406, -84.26637941792012 46.02003817132672))'
S2B_MSIL2A_20250623T163839_N0511_R126_T16TEK_20250623T214334.SAFE	geography'SRID=4326;POLYGON ((-86.36817851800905 40.64730371793762, -87.00023656389149 40.650856515774606, -87.00023315577859 39.66160695799293, -86.72115811042423 39.66006979122658, -86.69528976553977 39.73336970354153, -86.64334597703944 39.87984047225726, -86.5912647186808 40.02622732869402, -86.53905092906824 40.17250586452241, -86.48674576618296 40.31869776553916, -86.43419617783681 40.464812199192025, -86.38137189452668 40.61092295442558, -86.36817851800905 40.64730371793762))'
S2B_MSIL2A_20250623T163839_N0511_R126_T16TBM_20250623T214334.SAFE	geography'SRID=4326;POLYGON ((-89.72207105431431 41.42985444794229, -89.27696656733475 41.441212166985935, -89.31240724139609 42.42936087235922, -89.40832785590264 42.4268661535082, -89.4503988522779 42.29506265522989, -89.49698001854863 42.14798746347642, -89.54338038219457 42.00092877648268, -89.58980566539738 41.853938685107, -89.63583272618521 41.70691866935616, -89.68164015678684 41.55990909222389, -89.72207105431431 41.42985444794229))'
S2B_MSIL2A_20250623T163839_N0511_R126_T16TFN_20250623T204252.SAFE	geography'SRID=4326;POLYGON ((-85.75100318973477 42.66434554375992, -85.6291418903684 42.63406635235639, -85.62749561644446 42.6383845122616, -85.57155621674579 42.78427759574074, -85.51534392643882 42.93019421708215, -85.4589705493725 43.07617456534928, -85.40225288277166 43.222105940702136, -85.35647740264591 43.339352935534684, -85.76618786223797 43.346200009839855, -85.77951488457437 42.67144766427638, -85.75100318973477 42.66434554375992))'
S2B_MSIL2A_20250623T163839_N0511_R126_T16TCL_20250623T214334.SAFE	geography'SRID=4326;POLYGON ((-89.3971826192205 41.52685230149302, -89.36158097735907 40.538607851727775, -88.06541547567338 40.55783709926159, -88.08149180738359 41.546758769895376, -89.3971826192205 41.52685230149302))'
S2B_MSIL2A_20250623T163839_N0511_R126_T16TFN_20250623T214334.SAFE	geography'SRID=4326;POLYGON ((-85.77593219481538 42.852840645940844, -85.78571286582208 42.35764145317536, -85.73458943003641 42.3568026918719, -85.73182411845218 42.36411369838884, -85.67644271308541 42.510002691195126, -85.62079685837264 42.65585625401043, -85.56518522125249 42.80071508625208, -85.64907785277961 42.82163180989374, -85.77593219481538 42.852840645940844))'
S2B_MSIL2A_20250623T163839_N0511_R126_T15TYE_20250623T214334.SAFE	geography'SRID=4326;POLYGON ((-90.27107473029129 39.62802788813555, -89.39224764301619 39.60554763793313, -89.339654308026 40.59281342227294, -89.97465020769029 40.60939014539459, -89.99890041218107 40.53021858866118, -90.04386464917917 40.38301603245191, -90.08852062118024 40.235768376383454, -90.13300434462418 40.08854122592314, -90.17723038987256 39.9412974961034, -90.2214355027948 39.79408158154595, -90.2654528330922 39.64686859846682, -90.27107473029129 39.62802788813555))'
S2B_MSIL2A_20250623T163839_N0511_R126_T16TDN_20250623T204252.SAFE	geography'SRID=4326;POLYGON ((-86.88040160312012 42.919583907823935, -86.8795663539466 43.352791985217806, -88.2343055501801 43.346194685301704, -88.23078183437416 43.16785888536574, -88.20996469851039 43.16451511116351, -88.20978310443907 43.16505203991197, -88.20853815591298 43.16484716054016, -88.2084588764782 43.16508211934401, -87.93697143289745 43.12032853393697, -87.9373697777925 43.1191768923504, -87.64463152078204 43.067132272606486, -87.63484723691381 43.06531883486421, -87.63462278783548 43.06596003227434, -87.63462066358376 43.06595963943994, -87.63459242789484 43.06604039119063, -87.3674581960325 43.01665289118851, -87.36753228544333 43.016443502790445, -87.36729846987677 43.01640026331072, -87.36752128258154 43.015772135115455, -87.35056210676534 43.01262888928192, -87.35047432326385 43.0128783782775, -87.08389256360346 42.96094132519399, -87.08399645769369 42.96064968649205, -87.06810953857257 42.957389388936335, -87.06785135892729 42.9581090089205, -87.0670001961124 42.95793387661019, -87.0669839709887 42.95797898725877, -86.88040160312012 42.919583907823935))'
S2B_MSIL2A_20250623T163839_N0511_R126_T16TDN_20250623T214334.SAFE	geography'SRID=4326;POLYGON ((-88.23427367760927 43.34458160958084, -88.214772743091 42.35763630855867, -86.88147277912853 42.364010656318975, -86.88005512333787 43.0992881746318, -87.00750692418262 43.125417159142174, -87.00747171793287 43.12551514354268, -87.02329508305543 43.12876417683121, -87.02371332925932 43.12760162747245, -87.02386090147233 43.127630358375534, -87.02414650820961 43.12683641259899, -87.29170842650849 43.178934331780795, -87.29152831964063 43.179441226761625, -87.29159972727835 43.17945513067748, -87.2910629987429 43.18096627273585, -87.30790295385836 43.18408471051203, -87.30795328580902 43.18394266821418, -87.59310180953841 43.23673800514768, -87.59332627658537 43.236097720331855, -87.59351488403004 43.23613125761272, -87.59370217280959 43.23559666556791, -87.59396018266318 43.235642632693725, -87.59399975699569 43.23552976372648, -87.59408484405066 43.235544900736016, -87.59409275972556 43.235522322709286, -87.59418795651325 43.2355392715092, -87.59425322900766 43.23535297923405, -87.59428710586465 43.23535901517792, -87.59432064012118 43.2352632485266, -87.86486067757569 43.28349150073333, -87.86464027071771 43.28412946692107, -87.86470071512613 43.284140251515566, -87.86434024515354 43.28518313291171, -88.0297964251895 43.31270569009901, -88.17146381760614 43.33595967277695, -88.17149324833633 43.33587322459368, -88.1715806037208 43.335887234027055, -88.1716231645843 43.3357622427492, -88.17176071089395 43.33578415508267, -88.17181796029814 43.33561610778574, -88.17191226562521 43.33563115802443, -88.1720152145258 43.33532908833026, -88.17236541188556 43.335385420879554, -88.1724227847874 43.33521685911159, -88.17246140734272 43.335223053972456, -88.17249543684567 43.33512310283274, -88.17260704537343 43.33514103666609, -88.17266908197378 43.33495885684202, -88.17269454984908 43.334962970616495, -88.1727293315106 43.334860925109886, -88.17294187853193 43.33489513578119, -88.17297546302474 43.33479658447569, -88.17318958720497 43.33483111172214, -88.1732202434483 43.334741095059606, -88.17337495704035 43.3347660861292, -88.17338684743716 43.33473115063709, -88.23427367760927 43.34458160958084))'
S2B_MSIL2A_20250623T163839_N0511_R126_T16TFR_20250623T204252.SAFE	geography'SRID=4326;POLYGON ((-84.29246192843655 45.95833294455177, -84.28945585240227 46.02142174250963, -85.70746796416668 46.046265456303395, -85.72992432822251 45.05819732058294, -84.6759382276081 45.04003834527196, -84.64472592634361 45.115657381177314, -84.58431245784156 45.26117525479836, -84.52376788870257 45.406621351306974, -84.46304217320503 45.551975076776095, -84.40228444694894 45.69724860369515, -84.34128626531054 45.84251304265989, -84.29246192843655 45.95833294455177))'
S2B_MSIL2A_20250623T163839_N0511_R126_T15TYF_20250623T214334.SAFE	geography'SRID=4326;POLYGON ((-90.00140916408616 40.52200551271509, -89.34444498559898 40.50488583658978, -89.28942535132568 41.49194363396281, -89.69938188584014 41.50283901953011, -89.72733857494755 41.412910339250764, -89.77281504898905 41.265889474654685, -89.81830990238119 41.11889788915246, -89.86369098818204 40.97183979730888, -89.9088257359278 40.8246475619024, -89.95381913119438 40.67739900508239, -89.99890041218107 40.53021858866118, -90.00140916408616 40.52200551271509))'
S2B_MSIL2A_20250623T163839_N0511_R126_T16TEP_20250623T204252.SAFE	geography'SRID=4326;POLYGON ((-87.00025052587905 44.25341758107761, -87.00024643448813 43.26479037737325, -85.64750596751658 43.256794294201605, -85.62505994125075 44.24514241182411, -87.00025052587905 44.25341758107761))'
S2B_MSIL2A_20250623T163839_N0511_R126_T16TEQ_20250623T204252.SAFE	geography'SRID=4326;POLYGON ((-87.0002544396381 45.15383725089235, -87.00025015292682 44.16536649550738, -85.62710599954542 44.157116557384406, -85.60358882685107 45.145299673094094, -87.0002544396381 45.15383725089235))'
S2B_MSIL2A_20250623T163839_N0511_R126_T16TEN_20250623T214334.SAFE	geography'SRID=4326;POLYGON ((-87.00024588604981 43.12392856854052, -87.00024288390156 42.36407192041621, -85.73462239858637 42.35671552871644, -85.73182411845218 42.36411369838884, -85.67644271308541 42.510002691195126, -85.66288270866023 42.54554487070538, -85.65685516341999 42.82354519187789, -85.86293526838878 42.87424523182393, -85.86275658833561 42.87471745440941, -85.86492625719326 42.87524856117391, -85.87490918023444 42.87754729381496, -85.87536427235172 42.8763465914632, -85.87581790461027 42.87645013642711, -85.87590858170228 42.876210745267755, -86.15004710574192 42.938871738550766, -86.14972155355659 42.939742793522015, -86.14995698486018 42.93979693615333, -86.14994396108585 42.93983177647047, -86.15016439721497 42.939882548305675, -86.15005887521454 42.94016491024195, -86.15044784313814 42.94025474825073, -86.1503080959918 42.94062843845924, -86.15045881418459 42.940663300479166, -86.1503999590502 42.9408206631712, -86.15060756758199 42.94086875591888, -86.15055158568323 42.941018502803566, -86.1506645104426 42.94104450559145, -86.15064644170998 42.94109284604404, -86.18827192940675 42.94963686981095, -86.33422973313907 42.982656661748095, -86.41935583219781 43.00189122728339, -86.45348247107852 43.00956638874665, -86.4539832236834 43.00820978326444, -86.45427428994601 43.00827126383934, -86.45432677805903 43.00812900107472, -86.7230842309455 43.06494447072927, -86.72271636270928 43.065953569642026, -86.72277335577171 43.0659656863814, -86.72264017500805 43.066330757586606, -86.72270181710206 43.06634387367071, -86.7226887260349 43.066379755820414, -86.72279832836368 43.06640309637061, -86.72275134314364 43.06653193937216, -86.72296181101031 43.066576624973614, -86.72279364297626 43.06703785919281, -86.7464983587865 43.07190760716168, -87.00024588604981 43.12392856854052))'
S2B_MSIL2A_20250623T163839_N0511_R126_T16TCM_20250623T214334.SAFE	geography'SRID=4326;POLYGON ((-89.42877899362007 42.362795137198404, -89.39393916355972 41.438836285507165, -88.08002716016999 41.458681613653354, -88.09685168418682 42.44744302996699, -89.4082035321378 42.427255645284845, -89.42877899362007 42.362795137198404))'
S2B_MSIL2A_20250623T163839_N0511_R126_T16TFP_20250623T204252.SAFE	geography'SRID=4326;POLYGON ((-85.00319952431462 44.233908124688824, -85.74751912777681 44.24655093494868, -85.76796729995816 43.25815531909012, -85.39063649824324 43.2518595592996, -85.34528492420657 43.3680207825597, -85.28810214879027 43.513899256474055, -85.23076207992777 43.65971947928148, -85.17341201585054 43.80538788090464, -85.11581096949844 43.950980197869626, -85.05804258793701 44.096577154133605, -85.00319952431462 44.233908124688824))'
S2B_MSIL2A_20250623T163839_N0511_R126_T16TFM_20250623T214334.SAFE	geography'SRID=4326;POLYGON ((-85.70116435210062 42.4448794789443, -85.78400297732624 42.44624086265282, -85.78837272798337 42.21459389022381, -85.78700156174105 42.2182340623388, -85.73182411845218 42.36411369838884, -85.70116435210062 42.4448794789443))'
S2B_MSIL2A_20250622T170849_N0511_R112_T14SPH_20250622T204748.SAFE	geography'SRID=4326;POLYGON ((-97.84770947866411 38.84331460585068, -97.86328240873523 37.853955038178526, -96.61590002865951 37.83530211029287, -96.58326779678708 38.82399234658653, -97.84770947866411 38.84331460585068))'
S2B_MSIL2A_20250622T170849_N0511_R112_T15TTE_20250622T204748.SAFE	geography'SRID=4326;POLYGON ((-96.54546370146345 40.59640146890937, -96.49451264760637 39.609013147606916, -95.21676465654708 39.64044856303257, -95.24913477999112 40.62894899386581, -96.54546370146345 40.59640146890937))'
S2B_MSIL2A_20250622T170849_N0511_R112_T14TPM_20250622T204748.SAFE	geography'SRID=4326;POLYGON ((-97.26711716511558 41.44888509243274, -96.48886345311317 41.43633638009555, -96.44978706678563 42.42431413705452, -96.95759766092193 42.43265958059598, -97.00192135617698 42.29343920152496, -97.04836398276676 42.14636064676744, -97.09490360232368 41.999353775563264, -97.1408960414868 41.852258713902415, -97.18706156057448 41.705295633816526, -97.23302689660221 41.558315798556166, -97.26711716511558 41.44888509243274))'
S2B_MSIL2A_20250622T170849_N0511_R112_T15TWH_20250622T204748.SAFE	geography'SRID=4326;POLYGON ((-92.90322855877491 43.352280988074206, -93.00024679052602 43.35285539234588, -93.00024580404039 43.103171632221105, -92.94774010178509 43.238293741831775, -92.90322855877491 43.352280988074206))'
S2B_MSIL2A_20250622T170849_N0511_R112_T15STC_20250622T204748.SAFE	geography'SRID=4326;POLYGON ((-96.4545029640868 38.797894647715, -96.40791466143585 37.81010790673744, -95.16175219508035 37.83959549435291, -95.19134725642267 38.82843976082239, -96.4545029640868 38.797894647715))'
S2B_MSIL2A_20250622T170849_N0511_R112_T15STD_20250622T204748.SAFE	geography'SRID=4326;POLYGON ((-96.49897689950004 39.6975094680204, -96.45026011044494 38.7099201955759, -95.18865192655385 38.74036995699254, -95.21960079191267 39.7290432642928, -96.49897689950004 39.6975094680204))'
S2B_MSIL2A_20250622T170849_N0511_R112_T14SQJ_20250622T204748.SAFE	geography'SRID=4326;POLYGON ((-96.66683353200474 39.72681533153163, -96.69936254729447 38.73821864423846, -95.43792685625729 38.70656329494251, -95.38763948191423 39.69403311805837, -96.66683353200474 39.72681533153163))'
S2B_MSIL2A_20250622T170849_N0511_R112_T15TVE_20250622T204748.SAFE	geography'SRID=4326;POLYGON ((-93.92025558098916 40.646010372256626, -94.18317260660315 40.64479480422486, -94.17112807055273 39.945738587175306, -94.14299507633591 40.024767760979564, -94.09085447692627 40.17112119929547, -94.03853599898136 40.3173583603653, -93.9876689096957 40.45917581913061, -93.98640941856648 40.462693004081295, -93.98500677154408 40.466582792311904, -93.93344436157915 40.60963819401198, -93.92025558098916 40.646010372256626))'
S2B_MSIL2A_20250622T170849_N0511_R112_T14SQH_20250622T204748.SAFE	geography'SRID=4326;POLYGON ((-96.6965295968872 38.82628170870513, -96.72763580740043 37.83751218570364, -95.48163775999416 37.80685703267152, -95.43354720329413 38.79452724007538, -96.6965295968872 38.82628170870513))'
S2B_MSIL2A_20250622T170849_N0511_R112_T15TVF_20250622T204748.SAFE	geography'SRID=4326;POLYGON ((-93.58920314901704 41.54846104461513, -94.19944910163338 41.54558876800179, -94.18162029219913 40.556706911840905, -93.9521410018682 40.55776599896113, -93.93344436157915 40.60963819401198, -93.88045790318544 40.75576488829572, -93.82744871037895 40.90192238079084, -93.77402924881795 41.04805226463894, -93.72032414005344 41.194229443715294, -93.66633676071993 41.34042857830735, -93.61213733603063 41.48661083671156, -93.60196874953928 41.514023651158496, -93.58920314901704 41.54846104461513))'
S2B_MSIL2A_20250622T170849_N0511_R112_T14TQN_20250622T204748.SAFE	geography'SRID=4326;POLYGON ((-96.53371085886852 43.32625697177811, -96.5727044512481 42.33837210189082, -95.2421415546785 42.30245161555175, -95.18187629631362 43.28908179915951, -96.53371085886852 43.32625697177811))'
S2B_MSIL2A_20250622T170849_N0511_R112_T14SPJ_20250622T204748.SAFE	geography'SRID=4326;POLYGON ((-97.83550886463948 39.58241626362155, -97.84912778038333 38.75519833855342, -96.58623972133758 38.73593643111066, -96.55211502393708 39.72445184157785, -97.78732851841936 39.74369099733275, -97.81667912810796 39.64558849600457, -97.83550886463948 39.58241626362155))'
S2B_MSIL2A_20250622T170849_N0511_R112_T14TPN_20250622T204748.SAFE	geography'SRID=4326;POLYGON ((-96.98566021559154 42.344515316533105, -96.45336942769976 42.33578223926217, -96.41246381589345 43.323576596360866, -96.67023661932485 43.32788449111343, -96.67209307310944 43.32217739874237, -96.71949984831357 43.1753161856108, -96.76695969817962 43.028490566054, -96.81434910570319 42.881625545006976, -96.8615779558398 42.7346733766412, -96.90834005555402 42.5875735455456, -96.95510415566842 42.44049166103541, -96.98566021559154 42.344515316533105))'
S2B_MSIL2A_20250622T170849_N0511_R112_T14SPF_20250622T204748.SAFE	geography'SRID=4326;POLYGON ((-97.87551445266065 37.041254047993014, -97.88976030868119 36.05158282608199, -96.67138577052769 36.03410504881955, -96.64153245372125 37.023137802563134, -97.87551445266065 37.041254047993014))'
S2B_MSIL2A_20250622T170849_N0511_R112_T14SQG_20250622T204748.SAFE	geography'SRID=4326;POLYGON ((-96.72492653924301 37.925590547672954, -96.75467671035364 36.93665039764339, -95.52344565573671 36.90697181308603, -95.47744908495345 37.89483865903757, -96.72492653924301 37.925590547672954))'
S2B_MSIL2A_20250622T170849_N0511_R112_T15TUG_20250622T204748.SAFE	geography'SRID=4326;POLYGON ((-95.43119626719711 42.42690168750588, -95.39393916355974 41.438836285507165, -94.08002716017 41.458681613653354, -94.09685168418683 42.44744302996699, -95.43119626719711 42.42690168750588))'
S2B_MSIL2A_20250622T170849_N0511_R112_T15TTF_20250622T204748.SAFE	geography'SRID=4326;POLYGON ((-96.59412455183308 41.49564643575739, -96.54082260253307 40.50846282585221, -95.24618611840133 40.54090999482793, -95.28005188450415 41.52923550071836, -96.59412455183308 41.49564643575739))'
S2B_MSIL2A_20250622T170849_N0511_R112_T15SUB_20250622T204748.SAFE	geography'SRID=4326;POLYGON ((-94.86961388801795 37.931278808869145, -95.27552823620451 37.925581750319026, -95.24577213045468 36.936641907455304, -95.20195292604161 36.937243296018096, -95.19856159448209 36.94754738699529, -95.1498958846008 37.0941073875945, -95.10116083623588 37.240755130742, -95.05233430826728 37.38739976454789, -95.00336375250689 37.534075622654406, -94.95415208394 37.680778331245136, -94.9046565100932 37.82750340607749, -94.86961388801795 37.931278808869145))'
S2B_MSIL2A_20250622T170849_N0511_R112_T14TQK_20250622T204748.SAFE	geography'SRID=4326;POLYGON ((-96.63579176628713 40.62664940733135, -96.6698144654414 39.63822758400475, -95.39224764301619 39.60554763793313, -95.339654308026 40.59281342227294, -96.63579176628713 40.62664940733135))'
S2B_MSIL2A_20250622T170849_N0511_R112_T15TVH_20250622T204748.SAFE	geography'SRID=4326;POLYGON ((-92.90307371893012 43.352677509208355, -94.2343055501801 43.346194685301704, -94.21477274309102 42.35763630855867, -93.2845757670728 42.36208346911592, -93.284234143622 42.36298653914435, -93.22875603163132 42.50883437527423, -93.17313781116674 42.654700215634286, -93.11726425200317 42.80054593029356, -93.0610389995863 42.94644743375555, -93.00444931150236 43.09235401105565, -92.94774010178509 43.238293741831775, -92.90307371893012 43.352677509208355))'
S2B_MSIL2A_20250622T170849_N0511_R112_T14TQQ_20250622T204748.SAFE	geography'SRID=4326;POLYGON ((-96.40473730893397 44.13534494933163, -95.13001323357867 44.099770918209835, -95.0639024439136 45.08595696049961, -96.07627177305118 45.114703514348385, -96.08677549233488 45.083797497143344, -96.13641095883085 44.937181991140704, -96.1858798935623 44.79053098343675, -96.2351380152799 44.643779661056335, -96.284132967156 44.49690360460976, -96.33319515169796 44.350067071239216, -96.38219506318909 44.2032052968215, -96.40473730893397 44.13534494933163))'
S2B_MSIL2A_20250622T170849_N0511_R112_T14SNH_20250622T204748.SAFE	geography'SRID=4326;POLYGON ((-98.3420068152758 37.8559546749364, -97.75213459127728 37.85282950328523, -97.73503988519937 38.84214867288121, -98.05444300152531 38.84387793878774, -98.07853846000528 38.7618470303432, -98.12178968234328 38.61442454894068, -98.1647919078665 38.46701412913108, -98.20779800092669 38.319657855522856, -98.25060503418582 38.17231824182153, -98.29320088695603 38.02495811886093, -98.33576192869725 37.87763491689154, -98.3420068152758 37.8559546749364))'
S2B_MSIL2A_20250622T170849_N0511_R112_T14TPK_20250622T204748.SAFE	geography'SRID=4326;POLYGON ((-97.81373263417174 39.65543696008617, -96.5552421778473 39.63587147039632, -96.51955068002488 40.62420990912828, -97.51613351755014 40.64002141915862, -97.55012842729944 40.52862938479386, -97.5949471913885 40.38142115005951, -97.63965534709459 40.234258162622886, -97.68412959590265 40.087074167263296, -97.72837652872579 39.93988161980355, -97.77265004309044 39.792752845135176, -97.81373263417174 39.65543696008617))'
S2B_MSIL2A_20250622T170849_N0511_R112_T14TQL_20250622T204748.SAFE	geography'SRID=4326;POLYGON ((-96.6032964141397 41.5268622914542, -96.63889095789968 40.53861750192735, -95.34444498559897 40.50488583658978, -95.28942535132568 41.49194363396281, -96.6032964141397 41.5268622914542))'
S2B_MSIL2A_20250622T170849_N0511_R112_T15TUH_20250622T204748.SAFE	geography'SRID=4326;POLYGON ((-95.46678204877878 43.32624633586568, -95.42778068203103 42.33836182515417, -94.09530924716697 42.35883991770658, -94.11292216497772 43.34744038882544, -95.46678204877878 43.32624633586568))'
S2B_MSIL2A_20250622T170849_N0511_R112_T15SUC_20250622T204748.SAFE	geography'SRID=4326;POLYGON ((-94.56016710877682 38.83691920672206, -95.30393084279649 38.82627262441358, -95.27281842761565 37.837503416034735, -94.8995139800181 37.84273252131795, -94.85510948092632 37.97423223526963, -94.80539952755488 38.12097014090562, -94.75535617297818 38.26758572374393, -94.705367872075 38.41417446832773, -94.65527096342748 38.56064354705638, -94.60489218405509 38.70702123128418, -94.56016710877682 38.83691920672206))'
S2B_MSIL2A_20250622T170849_N0511_R112_T15STB_20250622T204748.SAFE	geography'SRID=4326;POLYGON ((-95.1412207069015 37.120211706225255, -95.16432984132963 37.92768043331917, -96.41197247867947 37.8980997878049, -96.36741300313712 36.910119161555244, -95.20198756341402 36.93713805516205, -95.19856159448209 36.94754738699529, -95.1498958846008 37.0941073875945, -95.1412207069015 37.120211706225255))'
S2B_MSIL2A_20250622T170849_N0511_R112_T14TQP_20250622T204748.SAFE	geography'SRID=4326;POLYGON ((-96.5137998549733 43.80581971263788, -96.53726452230805 43.238273156784096, -95.1873683405316 43.201211355403785, -95.1242610537248 44.18762158427181, -96.37572365936632 44.22260128794607, -96.38219506318909 44.2032052968215, -96.43098767166089 44.05632182286304, -96.47964318828284 43.90946108071877, -96.5137998549733 43.80581971263788))'
S2B_MSIL2A_20250622T170849_N0511_R112_T15SUD_20250622T204748.SAFE	geography'SRID=4326;POLYGON ((-94.24328256895367 39.74271431472748, -95.33363283056225 39.72680595308774, -95.301097327331 38.73820958831532, -94.59065891652784 38.748359845566014, -94.55448312723581 38.85342756785974, -94.5036989977788 38.99978543297463, -94.45265323532013 39.14613513272592, -94.40176145679624 39.29258266719759, -94.35032394379206 39.43900807479015, -94.29890604272352 39.585475561577006, -94.24711452801098 39.73192335448757, -94.24328256895367 39.74271431472748))'
S2B_MSIL2A_20250622T170849_N0511_R112_T15TTG_20250622T204748.SAFE	geography'SRID=4326;POLYGON ((-96.64504576622768 42.39470139413761, -96.58926866785168 41.407726190110715, -95.27696656733477 41.441212166985935, -95.3124072413961 42.42936087235922, -96.64504576622768 42.39470139413761))'
S2B_MSIL2A_20250622T170849_N0511_R112_T15TUE_20250622T204748.SAFE	geography'SRID=4326;POLYGON ((-94.06074625742491 40.25527770991455, -94.06681520423501 40.645928490590144, -95.3646807870274 40.62663972727231, -95.33065130260064 39.638218234831534, -94.27481564041531 39.65359456269033, -94.24711452801098 39.73192335448757, -94.1951158233904 39.87835392582102, -94.14299507633591 40.024767760979564, -94.09085447692627 40.17112119929547, -94.06074625742491 40.25527770991455))'
S2B_MSIL2A_20250622T170849_N0511_R112_T15TUJ_20250622T204748.SAFE	geography'SRID=4326;POLYGON ((-95.50407140709622 44.22596415476343, -95.46322767686334 43.23826255332707, -94.1113169858077 43.25939191053712, -94.12976271323852 44.24783068396879, -95.50407140709622 44.22596415476343))'
S2B_MSIL2A_20250622T170849_N0511_R112_T14SPG_20250622T204748.SAFE	geography'SRID=4326;POLYGON ((-97.86192606806475 37.94208532019618, -97.8768196851591 36.952569122489834, -96.64426763054043 36.93451075320804, -96.61305784244583 37.92337349546603, -97.86192606806475 37.94208532019618))'
S2B_MSIL2A_20250622T170849_N0511_R112_T14TQM_20250622T204748.SAFE	geography'SRID=4326;POLYGON ((-96.5692895469665 42.426911995973605, -96.60653922316477 41.43884624479472, -95.2944377014587 41.40403474612011, -95.23686356729512 42.39088066238852, -96.5692895469665 42.426911995973605))'
S2B_MSIL2A_20250622T170849_N0511_R112_T14TPP_20250622T204748.SAFE	geography'SRID=4326;POLYGON ((-96.69851934159017 43.24031159304456, -96.41619172041914 43.235600960154144, -96.37335402628884 44.22320974043625, -96.37550844178158 44.22324633475161, -96.38219506318909 44.2032052968215, -96.43098767166089 44.05632182286304, -96.47964318828284 43.90946108071877, -96.52804389860717 43.762599096803285, -96.57639896164628 43.6158105486345, -96.6243357201257 43.46899259400224, -96.67209307310944 43.32217739874237, -96.69851934159017 43.24031159304456))'
S2B_MSIL2A_20250622T170849_N0511_R112_T14TPL_20250622T204748.SAFE	geography'SRID=4326;POLYGON ((-97.54289198776114 40.55234122070324, -96.52280187838811 40.536185528423594, -96.48546160940654 41.52434469691515, -97.23981400277819 41.536528999749336, -97.27881097912349 41.41134762558471, -97.32412742054385 41.26431248080515, -97.36954149124307 41.117297414976015, -97.41484303288232 40.97018339867053, -97.46009824502313 40.82301438632622, -97.50520132889946 40.67584321550519, -97.54289198776114 40.55234122070324))'
S2B_MSIL2A_20250622T170849_N0511_R112_T14SNJ_20250622T204748.SAFE	geography'SRID=4326;POLYGON ((-98.08028519154236 38.75589326803033, -97.73659678080747 38.754036048213806, -97.71871965132908 39.74319619212293, -97.78736322714491 39.74357498567814, -97.81667912810796 39.64558849600457, -97.86054628717281 39.498417750317856, -97.90446150211844 39.35126972543805, -97.94812322178957 39.20398805783256, -97.99168844803192 39.056644564958965, -98.03523590746887 38.90926683252222, -98.07853846000528 38.7618470303432, -98.08028519154236 38.75589326803033))'
S2B_MSIL2A_20250622T170849_N0511_R112_T15TVG_20250622T204748.SAFE	geography'SRID=4326;POLYGON ((-93.25080844006224 42.45086023131556, -94.2164833149824 42.44623570214159, -94.19782479530706 41.4575152063026, -93.62192172754894 41.46022117561356, -93.61213733603063 41.48661083671156, -93.60196874953928 41.514023651158496, -93.55820640782368 41.63208006202753, -93.50381710711304 41.77827252300609, -93.44916661285436 41.924363574438246, -93.44082262286396 41.94663580162122, -93.3942359668105 42.07120769933555, -93.33940636439152 42.21714064108589, -93.284234143622 42.36298653914435, -93.25080844006224 42.45086023131556))'
S2B_MSIL2A_20250622T170849_N0511_R112_T15TUF_20250622T204748.SAFE	geography'SRID=4326;POLYGON ((-95.3971826192205 41.52685230149302, -95.36158097735908 40.538607851727775, -94.06541547567339 40.55783709926159, -94.0814918073836 41.546758769895376, -95.3971826192205 41.52685230149302))'
S2A_MSIL2A_20250621T175741_N0511_R141_T13TFH_20250622T002915.SAFE	geography'SRID=4326;POLYGON ((-102.9794834916701 43.33305261963936, -103.76618786223798 43.346200009839855, -103.78571286582209 42.35764145317536, -103.35860995397925 42.35063415036905, -103.31506171945225 42.46458531479739, -103.25933091763896 42.6106590305309, -103.20273191371545 42.75649141092191, -103.14646440804952 42.9023599674748, -103.09029525297507 43.04816282829072, -103.03370700345212 43.193862596028815, -102.9794834916701 43.33305261963936))'
S2A_MSIL2A_20250621T175741_N0511_R141_T13TGL_20250622T002915.SAFE	geography'SRID=4326;POLYGON ((-101.89118936656331 46.00922060205514, -102.41645116040287 46.024365075689296, -102.46129313653579 45.03703440306415, -102.29871848945928 45.03242509825025, -102.27619375167993 45.08731888590555, -102.21619164895827 45.23261691509714, -102.15622753901408 45.37801923916646, -102.09576747895628 45.523471506118895, -102.03466077776254 45.66893532084149, -101.97356122258287 45.8144907820657, -101.91211983686765 45.96000954819732, -101.89118936656331 46.00922060205514))'
S2A_MSIL2A_20250621T175741_N0511_R141_T13TEH_20250622T002915.SAFE	geography'SRID=4326;POLYGON ((-105.00024679052603 43.35285539234588, -105.00024288390158 42.36407192041621, -103.66698539119554 42.35632239007374, -103.64555267001923 43.34483481646455, -105.00024679052603 43.35285539234588))'
S2A_MSIL2A_20250621T175741_N0511_R141_T13TFF_20250622T002915.SAFE	geography'SRID=4326;POLYGON ((-103.66145973130382 41.54333942322016, -103.80103038521031 41.545593768972765, -103.8082295254403 41.14613098831606, -103.80660950408182 41.15054177109748, -103.75287257540731 41.296554461688814, -103.69902878171169 41.44254496153012, -103.66145973130382 41.54333942322016))'
S2A_MSIL2A_20250621T175741_N0511_R141_T13TEG_20250622T002915.SAFE	geography'SRID=4326;POLYGON ((-103.68509117610334 41.47993833291668, -103.66510843311784 42.44491772432881, -105.00024322601921 42.45269119915018, -105.00023949430313 41.463751887157464, -103.69390580869464 41.45628944806624, -103.68509117610334 41.47993833291668))'
S2A_MSIL2A_20250621T175741_N0511_R141_T13TEJ_20250622T002915.SAFE	geography'SRID=4326;POLYGON ((-105.00025052587905 44.25341758107761, -105.00024643448815 43.26479037737325, -103.6475059675166 43.256794294201605, -103.62505994125077 44.24514241182411, -105.00025052587905 44.25341758107761))'
S2A_MSIL2A_20250621T175741_N0511_R141_T13TGK_20250622T002915.SAFE	geography'SRID=4326;POLYGON ((-102.26269896412852 45.11999717460945, -102.45736864275568 45.12552488296481, -102.48073210703456 44.586243964177015, -102.45453443811728 44.651062235317305, -102.39517889977488 44.7965537583014, -102.33582164071753 44.9420030686371, -102.27619375167993 45.08731888590555, -102.26269896412852 45.11999717460945))'
S2A_MSIL2A_20250621T175741_N0511_R141_T13TFK_20250622T002915.SAFE	geography'SRID=4326;POLYGON ((-102.34118832219544 44.92885252678006, -102.33237892318715 45.122671880514964, -103.72795903223157 45.14675285555784, -103.74938307519848 44.158520786393645, -102.66045989270434 44.14005357506198, -102.63085169845907 44.214017072104056, -102.57196577251747 44.35966632375976, -102.51340303818614 44.50540954793652, -102.45453443811728 44.651062235317305, -102.39517889977488 44.7965537583014, -102.34118832219544 44.92885252678006))'
S2A_MSIL2A_20250621T175741_N0511_R141_T13TFG_20250622T002915.SAFE	geography'SRID=4326;POLYGON ((-103.32495542402798 42.43869679901348, -103.78400297732625 42.44624086265282, -103.80265404258907 41.457520191909595, -103.69409948284436 41.45576983733741, -103.64468130055504 41.58835447888348, -103.59028105067524 41.73423951301508, -103.53569872314878 41.880222616734095, -103.48132961834378 42.026354340961696, -103.42606346646531 42.172395429991184, -103.37087708218148 42.31853517878002, -103.32495542402798 42.43869679901348))'
S2A_MSIL2A_20250621T175741_N0511_R141_T13TEF_20250622T002915.SAFE	geography'SRID=4326;POLYGON ((-103.68507211585722 41.47998946988252, -103.68379957458713 41.54431153543986, -105.00023981916343 41.551844670066835, -105.00023625343321 40.56274991351036, -104.02256184132725 40.55726417142161, -104.01962620563036 40.56544518554496, -103.96652380077649 40.71180866221072, -103.91345876699212 40.858177428393226, -103.86026585219152 41.004453267314894, -103.80660950408182 41.15054177109748, -103.75287257540731 41.296554461688814, -103.69902878171169 41.44254496153012, -103.68507211585722 41.47998946988252))'
S2A_MSIL2A_20250621T175741_N0511_R141_T13TFJ_20250622T002915.SAFE	geography'SRID=4326;POLYGON ((-102.62540419715687 44.22749099605739, -103.74751912777683 44.24655093494868, -103.76796729995817 43.25815531909012, -103.01356436131313 43.24556811532782, -102.9769778461288 43.339484531748894, -102.92008341715432 43.485132168018566, -102.862807796085 43.63081660491862, -102.80515485824868 43.77658469344375, -102.7471979482267 43.92236348565992, -102.68921864498704 44.0682120479572, -102.63085169845907 44.214017072104056, -102.62540419715687 44.22749099605739))'
S2B_MSIL2A_20250621T173909_N0511_R098_T14TKM_20250621T211257.SAFE	geography'SRID=4326;POLYGON ((-102.64504576622768 42.39470139413761, -102.58926866785167 41.407726190110715, -101.27696656733475 41.441212166985935, -101.3124072413961 42.42936087235922, -102.64504576622768 42.39470139413761))'
S2B_MSIL2A_20250621T173909_N0511_R098_T13TGF_20250621T211257.SAFE	geography'SRID=4326;POLYGON ((-101.31154738720424 41.0950720753619, -101.28942535132569 41.49194363396281, -102.60329641413972 41.5268622914542, -102.63889095789968 40.53861750192735, -101.52441944015288 40.509575748876756, -101.51993279395066 40.52205731830737, -101.4671364482336 40.66819095575694, -101.41418858971468 40.81431997931982, -101.36091255554669 40.960457790843854, -101.31154738720424 41.0950720753619))'
S2B_MSIL2A_20250621T173909_N0511_R098_T13TFK_20250621T211257.SAFE	geography'SRID=4326;POLYGON ((-103.73556120437048 44.79608560220208, -103.74938307519848 44.158520786393645, -102.37725879085306 44.135250725162805, -102.33237892318715 45.122671880514964, -103.61755821125551 45.14484787038543, -103.61867680310905 45.141568956387616, -103.66824203727079 44.99490560383475, -103.71797139567664 44.8483337968055, -103.73556120437048 44.79608560220208))'
S2B_MSIL2A_20250621T173909_N0511_R098_T13TGG_20250621T211257.SAFE	geography'SRID=4326;POLYGON ((-102.56928954696652 42.426911995973605, -102.60653922316479 41.43884624479472, -101.2944377014587 41.40403474612011, -101.23686356729512 42.39088066238852, -102.56928954696652 42.426911995973605))'
S2B_MSIL2A_20250621T173909_N0511_R098_T13TFF_20250621T211257.SAFE	geography'SRID=4326;POLYGON ((-103.80103038521031 41.545593768972765, -103.81885207154319 40.55671174263467, -102.52280187838811 40.536185528423594, -102.48546160940656 41.52434469691515, -103.80103038521031 41.545593768972765))'
S2B_MSIL2A_20250621T173909_N0511_R098_T13TFH_20250621T211257.SAFE	geography'SRID=4326;POLYGON ((-103.76618786223798 43.346200009839855, -103.78571286582209 42.35764145317536, -102.45336942769977 42.33578223926217, -102.41246381589346 43.323576596360866, -103.76618786223798 43.346200009839855))'
S2B_MSIL2A_20250621T173909_N0511_R098_T14TLR_20250621T211257.SAFE	geography'SRID=4326;POLYGON ((-101.58406512039718 46.02435339629007, -101.53921420699882 45.037023116804335, -100.14563453547973 45.05951360004942, -100.1658919102777 46.0476276229589, -101.58406512039718 46.02435339629007))'
S2B_MSIL2A_20250621T173909_N0511_R098_T14TLL_20250621T211257.SAFE	geography'SRID=4326;POLYGON ((-101.1511313355401 41.530575069836374, -101.3971826192205 41.52685230149302, -101.37535136412957 40.92085169177382, -101.36091255554669 40.960457790843854, -101.3073210204752 41.106596989637374, -101.25368453498393 41.2528454457804, -101.19974353196723 41.39909074971602, -101.1511313355401 41.530575069836374))'
S2B_MSIL2A_20250621T173909_N0511_R098_T13TEK_20250621T211257.SAFE	geography'SRID=4326;POLYGON ((-103.94586532203833 44.15903168383359, -103.62710599954544 44.157116557384406, -103.60358882685108 45.145299673094094, -103.61737533008294 45.14538394762826, -103.61867680310905 45.141568956387616, -103.66824203727079 44.99490560383475, -103.71797139567664 44.8483337968055, -103.76734483364892 44.70167654542116, -103.81635480305566 44.55488919467928, -103.86394678115843 44.407658855639085, -103.91255268912694 44.26067629727508, -103.94586532203833 44.15903168383359))'
S2B_MSIL2A_20250621T173909_N0511_R098_T14TLN_20250621T211257.SAFE	geography'SRID=4326;POLYGON ((-100.46137024641085 43.34198559458862, -101.46678204877878 43.32624633586568, -101.42778068203103 42.33836182515417, -100.84470432182754 42.347322836517684, -100.81664334533738 42.421298867033165, -100.76113823158929 42.567184461552834, -100.70524932006147 42.7129911119936, -100.64907207912208 42.85884591516341, -100.59276340019753 43.00479079299751, -100.5360447247191 43.15071747977196, -100.47918123424668 43.29662789820626, -100.46137024641085 43.34198559458862))'
S2B_MSIL2A_20250621T173909_N0511_R098_T13TFL_20250621T211257.SAFE	geography'SRID=4326;POLYGON ((-103.64733333758099 45.056774372254594, -102.33649579223146 45.034190140253024, -102.28945585240228 46.02142174250963, -103.30940182944357 46.039291297874136, -103.31563650018451 46.02150470098887, -103.36659624968861 45.8748132912146, -103.41757021818356 45.72817467561326, -103.46829368408184 45.581504528874895, -103.51854610145357 45.43480069112274, -103.5686609554708 45.28817977105982, -103.61867680310905 45.141568956387616, -103.64733333758099 45.056774372254594))'
S2B_MSIL2A_20250621T173909_N0511_R098_T13TEF_20250621T211257.SAFE	geography'SRID=4326;POLYGON ((-105.00023730435097 40.85426306463601, -105.00023625343321 40.56274991351036, -103.70336265383867 40.5554731412015, -103.68379957458713 41.54431153543986, -104.78517500808738 41.55061399348882, -104.81046851104746 41.468971726934335, -104.85581651141274 41.321900390261405, -104.90118286403276 41.174877623713726, -104.94640872121987 41.02779172408213, -104.9920362057714 40.880767315291415, -105.00023730435097 40.85426306463601))'
S2B_MSIL2A_20250621T173909_N0511_R098_T13TFJ_20250621T211257.SAFE	geography'SRID=4326;POLYGON ((-103.74751912777683 44.24655093494868, -103.76796729995817 43.25815531909012, -102.41619172041914 43.235600960154144, -102.37335402628885 44.22320974043625, -103.74751912777683 44.24655093494868))'
S2B_MSIL2A_20250621T173909_N0511_R098_T13TGH_20250621T211257.SAFE	geography'SRID=4326;POLYGON ((-102.53371085886852 43.32625697177811, -102.57270445124811 42.33837210189082, -101.2421415546785 42.30245161555175, -101.18187629631363 43.28908179915951, -102.53371085886852 43.32625697177811))'
S2B_MSIL2A_20250621T173909_N0511_R098_T13TEH_20250621T211257.SAFE	geography'SRID=4326;POLYGON ((-104.53093304180703 42.36134406710863, -103.66698539119554 42.35632239007374, -103.64555267001923 43.34483481646455, -104.21464866392202 43.34820419522966, -104.25182393606104 43.23318314880882, -104.29902231709976 43.086287683336046, -104.3461541275318 42.93939042020051, -104.39298040884397 42.79237117660392, -104.44006501064999 42.64538308404344, -104.48723459449984 42.49841089180958, -104.53093304180703 42.36134406710863))'
S2B_MSIL2A_20250621T173909_N0511_R098_T14TMS_20250621T211257.SAFE	geography'SRID=4326;POLYGON ((-98.97007324007207 46.95312784581898, -100.31456075291094 46.946162221065514, -100.2910001297497 45.958258688896564, -99.39635037569724 45.96281919534143, -99.3543246832163 46.06215165235942, -99.29267144642024 46.20739414962917, -99.2306706264471 46.35265904119072, -99.16815016379104 46.4978901841937, -99.10538971104528 46.643192778973045, -99.0422321923711 46.788429920290895, -98.97866435369043 46.93361594283588, -98.97007324007207 46.95312784581898))'
S2B_MSIL2A_20250621T173909_N0511_R098_T14TNS_20250621T211257.SAFE	geography'SRID=4326;POLYGON ((-98.96990148167048 46.953517938817086, -99.00026284243779 46.953709179213256, -99.00026251136508 46.88428674316254, -98.97866435369043 46.93361594283588, -98.96990148167048 46.953517938817086))'
S2B_MSIL2A_20250621T173909_N0511_R098_T14TKK_20250621T211257.SAFE	geography'SRID=4326;POLYGON ((-101.48343948665183 40.62306619810223, -102.54546370146345 40.59640146890937, -102.49451264760637 39.609013147606916, -101.83997634677057 39.62511618253393, -101.83323351985344 39.644212299726846, -101.78112500780516 39.79062915781751, -101.72915169859088 39.93712217594796, -101.67692489725334 40.083466613562216, -101.62471972129664 40.22972623064284, -101.59844336656954 40.303237928670605, -101.57274701722926 40.3751553341462, -101.5670641216856 40.39094090908648, -101.51993279395066 40.52205731830737, -101.48343948665183 40.62306619810223))'
S2B_MSIL2A_20250621T173909_N0511_R098_T13TGE_20250621T211257.SAFE	geography'SRID=4326;POLYGON ((-101.49292389058604 40.59681456217701, -102.63579176628713 40.62664940733135, -102.6698144654414 39.63822758400475, -101.84281635050807 39.61707311026376, -101.83323351985344 39.644212299726846, -101.78112500780516 39.79062915781751, -101.72915169859088 39.93712217594796, -101.67692489725334 40.083466613562216, -101.62471972129664 40.22972623064284, -101.59844336656954 40.303237928670605, -101.57274701722926 40.3751553341462, -101.5670641216856 40.39094090908648, -101.51993279395066 40.52205731830737, -101.49292389058604 40.59681456217701))'
S2B_MSIL2A_20250621T173909_N0511_R098_T14TLS_20250621T211257.SAFE	geography'SRID=4326;POLYGON ((-101.62701019239009 46.92356100851489, -101.5799749213695 45.93641922924405, -100.16404448302406 45.95962253249568, -100.18528956021278 46.947573655919015, -101.62701019239009 46.92356100851489))'
S2B_MSIL2A_20250621T173909_N0511_R098_T14SKJ_20250621T211257.SAFE	geography'SRID=4326;POLYGON ((-101.80820611253947 39.71453544274179, -102.49897689950004 39.6975094680204, -102.45026011044494 38.7099201955759, -102.15682848050027 38.7170023651734, -102.14005838044004 38.76561223678911, -102.08940447900743 38.911978270377205, -102.03869435690687 39.0584257515112, -101.98774246409128 39.20481716581494, -101.93644649546982 39.35123872594926, -101.8849580805984 39.497725034685466, -101.83323351985344 39.644212299726846, -101.80820611253947 39.71453544274179))'
S2B_MSIL2A_20250621T173909_N0511_R098_T14TLM_20250621T211257.SAFE	geography'SRID=4326;POLYGON ((-100.81087838578979 42.436451066428674, -101.43119626719712 42.42690168750588, -101.39393916355972 41.438836285507165, -101.1838758268742 41.44200908234383, -101.14567355793476 41.545337047910806, -101.0913366297704 41.691550901344414, -101.03676162302204 41.837685967485285, -100.98201122062964 41.98369852090148, -100.927096415831 42.129591956168255, -100.871971861094 42.27543851283544, -100.81664334533738 42.421298867033165, -100.81087838578979 42.436451066428674))'
S2B_MSIL2A_20250621T173909_N0511_R098_T14TMR_20250621T211257.SAFE	geography'SRID=4326;POLYGON ((-99.35903098031271 46.05102778915943, -100.29304891527646 46.0462596089832, -100.27058357693214 45.058191670236305, -99.7723150124379 45.060693105187006, -99.71930722364787 45.18914762655167, -99.68716359413192 45.26672350939767, -99.65868190390943 45.335500215531205, -99.5982546414358 45.48098353464767, -99.5375515948787 45.62632017858701, -99.47673328336552 45.77161920652082, -99.41577102306438 45.9169163081794, -99.35903098031271 46.05102778915943))'
S2B_MSIL2A_20250621T173909_N0511_R098_T13TEG_20250621T211257.SAFE	geography'SRID=4326;POLYGON ((-104.81240884129625 41.46267890341451, -103.68558188065235 41.45624189757688, -103.66510843311784 42.44491772432881, -104.50273402178777 42.449794581300765, -104.53411708154312 42.351356842316, -104.58117916167251 42.20440878059209, -104.62719770217268 42.05721667153514, -104.673589633132 41.91019472451624, -104.7190775439874 41.76302830080518, -104.764910059984 41.616025111014885, -104.81046851104746 41.468971726934335, -104.81240884129625 41.46267890341451))'
S2B_MSIL2A_20250621T173909_N0511_R098_T14TMP_20250621T211257.SAFE	geography'SRID=4326;POLYGON ((-100.10244798074532 44.24729050586315, -100.25298174570909 44.246545441411556, -100.24558138283392 43.888979852005626, -100.19133902953091 44.02520341900679, -100.19018605447451 44.02809009841024, -100.1335994892432 44.16989718645179, -100.10244798074532 44.24729050586315))'
S2B_MSIL2A_20250621T173909_N0511_R098_T13TEJ_20250621T211257.SAFE	geography'SRID=4326;POLYGON ((-104.24305494042284 43.260314599268554, -103.6475059675166 43.256794294201605, -103.62505994125077 44.24514241182411, -103.91706782623774 44.24689956075942, -103.96075286628621 44.11360631369864, -104.0096916803674 43.966834194876974, -104.05908297595283 43.82022841337656, -104.10827453670845 43.673628329257326, -104.15646360407433 43.52686413140072, -104.204349298686 43.38007064028185, -104.24305494042284 43.260314599268554))'
S2B_MSIL2A_20250621T173909_N0511_R098_T14TKL_20250621T211257.SAFE	geography'SRID=4326;POLYGON ((-101.2691373799209 41.210710792580244, -101.28005188450415 41.52923550071836, -102.59412455183308 41.49564643575739, -102.54082260253305 40.50846282585221, -101.51556070024884 40.534158723191375, -101.4671364482336 40.66819095575694, -101.41418858971468 40.81431997931982, -101.36091255554669 40.960457790843854, -101.3073210204752 41.106596989637374, -101.2691373799209 41.210710792580244))'
S2B_MSIL2A_20250621T173909_N0511_R098_T13TFG_20250621T211257.SAFE	geography'SRID=4326;POLYGON ((-103.78400297732625 42.44624086265282, -103.80265404258907 41.457520191909595, -102.48886345311317 41.43633638009555, -102.44978706678565 42.42431413705452, -103.78400297732625 42.44624086265282))'
S2B_MSIL2A_20250621T173909_N0511_R098_T14TMQ_20250621T211257.SAFE	geography'SRID=4326;POLYGON ((-99.7356902240451 45.14944647088041, -100.27254965833141 45.14674718783555, -100.25111705335956 44.15851530960486, -100.13791807980971 44.15907471030083, -100.1335994892432 44.16989718645179, -100.07503609182368 44.31539305297177, -100.01665211228584 44.46098960357335, -99.97737004449138 44.558152335102726, -99.95747910504436 44.6074325421536, -99.89843273602514 44.75309487010311, -99.83883042615544 44.89870336082228, -99.78413198133192 45.03197306013815, -99.7793971895731 45.043530765559424, -99.7356902240451 45.14944647088041))'
S2B_MSIL2A_20250621T173909_N0511_R098_T13TGL_20250621T211257.SAFE	geography'SRID=4326;POLYGON ((-102.41645116040287 46.024365075689296, -102.46129313653579 45.03703440306415, -101.06996660895842 44.99758761245698, -101.00067944006246 45.98354520692643, -102.41645116040287 46.024365075689296))'
S2B_MSIL2A_20250621T173909_N0511_R098_T13SGD_20250621T211257.SAFE	geography'SRID=4326;POLYGON ((-101.81163565112917 39.70489896982657, -102.66683353200474 39.72681533153163, -102.69936254729447 38.73821864423846, -102.15422850294857 38.724538669342, -102.14005838044004 38.76561223678911, -102.08940447900743 38.911978270377205, -102.03869435690687 39.0584257515112, -101.98774246409128 39.20481716581494, -101.93644649546982 39.35123872594926, -101.8849580805984 39.497725034685466, -101.83323351985344 39.644212299726846, -101.81163565112917 39.70489896982657))'
S2C_MSIL2A_20250621T164901_N0511_R026_T15TYE_20250621T222006.SAFE	geography'SRID=4326;POLYGON ((-90.63579176628713 40.62664940733135, -90.6698144654414 39.63822758400475, -89.39224764301619 39.60554763793313, -89.339654308026 40.59281342227294, -90.63579176628713 40.62664940733135))'
S2C_MSIL2A_20250621T164901_N0511_R026_T16TBK_20250621T222006.SAFE	geography'SRID=4326;POLYGON ((-89.21951623628266 39.72447474102347, -89.24913477999112 40.62894899386581, -90.54546370146343 40.59640146890937, -90.49451264760636 39.609013147606916, -89.24947422444417 39.63964383560398, -89.24105036738274 39.663563838495605, -89.21951623628266 39.72447474102347))'
S2C_MSIL2A_20250621T164901_N0511_R026_T15TYF_20250621T222006.SAFE	geography'SRID=4326;POLYGON ((-90.6032964141397 41.5268622914542, -90.63889095789968 40.53861750192735, -89.34444498559898 40.50488583658978, -89.28942535132568 41.49194363396281, -90.6032964141397 41.5268622914542))'
S2C_MSIL2A_20250621T164901_N0511_R026_T16TBL_20250621T222006.SAFE	geography'SRID=4326;POLYGON ((-90.59412455183306 41.49564643575739, -90.54082260253305 40.50846282585221, -89.24618611840131 40.54090999482793, -89.28005188450415 41.52923550071836, -90.59412455183306 41.49564643575739))'
S2C_MSIL2A_20250621T164901_N0511_R026_T15TWG_20250621T222006.SAFE	geography'SRID=4326;POLYGON ((-92.2338744431367 41.459374022160965, -91.68558188065235 41.45624189757688, -91.66510843311782 42.44491772432881, -91.9235336966471 42.446422338162506, -91.94626127889688 42.3749442007233, -91.99287015611344 42.2279079819596, -92.0393433819556 42.08085128030245, -92.08568468575496 41.93381519346846, -92.13176703486292 41.78678910218844, -92.17763506787432 41.63978173782337, -92.22347422640618 41.492752644295415, -92.2338744431367 41.459374022160965))'
S2C_MSIL2A_20250621T164901_N0511_R026_T15TXF_20250621T222006.SAFE	geography'SRID=4326;POLYGON ((-91.8010303852103 41.545593768972765, -91.81885207154319 40.55671174263467, -90.52280187838811 40.536185528423594, -90.48546160940656 41.52434469691515, -91.8010303852103 41.545593768972765))'
S2C_MSIL2A_20250621T164901_N0511_R026_T15TXE_20250621T222006.SAFE	geography'SRID=4326;POLYGON ((-91.81730037733891 40.64479964997401, -91.83433447991831 39.65575725270223, -90.5552421778473 39.63587147039632, -90.51955068002489 40.62420990912828, -91.81730037733891 40.64479964997401))'
S2C_MSIL2A_20250621T164901_N0511_R026_T15SVD_20250621T222006.SAFE	geography'SRID=4326;POLYGON ((-93.04931864569366 38.76009196553044, -92.88766443792474 38.760810475743604, -92.88678032617403 39.31093882769748, -92.89442011684869 39.2852514674364, -92.93803279380111 39.13795514901892, -92.9814582070379 38.99061769484021, -93.02491217890552 38.84330198098635, -93.04931864569366 38.76009196553044))'
S2C_MSIL2A_20250621T164901_N0511_R026_T16TCM_20250621T222006.SAFE	geography'SRID=4326;POLYGON ((-88.22280502020415 42.44550406259515, -89.43119626719711 42.42690168750588, -89.39393916355972 41.438836285507165, -88.59539509492465 41.4508974958777, -88.55335671427451 41.56460918041402, -88.49907176872205 41.71068123064462, -88.44458387383206 41.85671456681273, -88.42433902491311 41.91076749023125, -88.38873971141084 42.006001887246576, -88.3338330834717 42.15200890748235, -88.32630542695497 42.1718885884006, -88.27991570329651 42.29477629978274, -88.22461766842126 42.44074384391836, -88.22280502020415 42.44550406259515))'
S2C_MSIL2A_20250621T164901_N0511_R026_T15TWF_20250621T222006.SAFE	geography'SRID=4326;POLYGON ((-92.5108630560246 40.560004035012476, -91.70336265383867 40.5554731412015, -91.68379957458711 41.54431153543986, -92.20646727938734 41.5473024240895, -92.22347422640618 41.492752644295415, -92.26928862763032 41.34571517128869, -92.31495983458073 41.19861624489854, -92.36035984873376 41.051510469367166, -92.40556474402669 40.90438079989233, -92.4506541407334 40.75726307970992, -92.49558164085808 40.6101292347802, -92.5108630560246 40.560004035012476))'
S2C_MSIL2A_20250621T164901_N0511_R026_T16TCL_20250621T222006.SAFE	geography'SRID=4326;POLYGON ((-88.56264720887555 41.53947886438091, -89.3971826192205 41.52685230149302, -89.36158097735907 40.538607851727775, -88.92638262889133 40.545064231532756, -88.89858638265187 40.621844369749056, -88.87362501334157 40.69080316318233, -88.87108103900627 40.69780042798881, -88.82178698156966 40.83369079216622, -88.76851751048851 40.979854187755976, -88.71508177034188 41.12607313907806, -88.66127943955436 41.27226766295459, -88.60738522132638 41.418464812937565, -88.56264720887555 41.53947886438091))'
S2C_MSIL2A_20250620T171911_N0511_R012_T14SMH_20250620T220317.SAFE	geography'SRID=4326;POLYGON ((-100.15275135075291 38.843310058483205, -100.13717219597591 37.85395064837389, -98.88904641935848 37.85938968525829, -98.88752596186193 38.84894433319432, -100.15275135075291 38.843310058483205))'
S2C_MSIL2A_20250620T171911_N0511_R012_T14SPF_20250620T220317.SAFE	geography'SRID=4326;POLYGON ((-97.68945226926854 37.038522445601366, -97.87551445266065 37.041254047993014, -97.88407086583221 36.44683305521676, -97.86880558937604 36.493556286870486, -97.82056612992113 36.640321025020285, -97.80757646224069 36.67977612939753, -97.77339388145069 36.783864332723056, -97.72517106536208 36.93052574586231, -97.68945226926854 37.038522445601366))'
S2C_MSIL2A_20250620T171911_N0511_R012_T14TNK_20250620T220317.SAFE	geography'SRID=4326;POLYGON ((-99.00023656389149 40.650856515774606, -99.00023315577859 39.66160695799293, -97.72035792136309 39.6545573069827, -97.70165933840751 40.64355721409192, -99.00023656389149 40.650856515774606))'
S2C_MSIL2A_20250620T171911_N0511_R012_T14TNM_20250620T220317.SAFE	geography'SRID=4326;POLYGON ((-97.69550390231129 42.445094694036825, -99.00024322601921 42.45269119915018, -99.00023949430312 41.463751887157464, -97.68558188065235 41.45624189757688, -97.66522160002992 42.43945282203544, -97.69550390231129 42.445094694036825))'
S2C_MSIL2A_20250620T171911_N0511_R012_T14UQU_20250620T210422.SAFE	geography'SRID=4326;POLYGON ((-96.28118473719852 48.720927698149374, -96.33299058185197 47.73416799677996, -94.8717393439406 47.69085106573984, -94.7917155642128 48.676094448248996, -96.28118473719852 48.720927698149374))'
S2C_MSIL2A_20250620T171911_N0511_R012_T14UPU_20250620T210422.SAFE	geography'SRID=4326;POLYGON ((-97.66566382158969 47.75759354548421, -97.6656686510332 47.75740973734738, -96.20190528469706 47.73104447774509, -96.14756129152693 48.71769475117851, -97.30107490825431 48.73879078665493, -97.35011271362937 48.608634464395145, -97.40488476648856 48.46243001810596, -97.45942293037263 48.31620950639676, -97.51367715289916 48.16998656263656, -97.56774690679529 48.02369441614757, -97.6216480245972 47.87732861286543, -97.66566382158969 47.75759354548421))'
S2C_MSIL2A_20250620T171911_N0511_R012_T14UPV_20250620T210422.SAFE	geography'SRID=4326;POLYGON ((-97.33400025430619 48.65140021282183, -96.15252154805323 48.62982157570405, -96.09542723709784 49.61627372192671, -96.95895586163952 49.632279747566024, -96.9590971254314 49.63191710657907, -97.01575358160832 49.4857855741052, -97.07214369337623 49.33961686925494, -97.1282700571946 49.19345409458094, -97.18411998081916 49.04727722089841, -97.23969531051104 48.90106714291156, -97.29503230632127 48.754829082791325, -97.33400025430619 48.65140021282183))'
S2C_MSIL2A_20250620T171911_N0511_R012_T14TPN_20250620T210422.SAFE	geography'SRID=4326;POLYGON ((-97.76618786223798 43.346200009839855, -97.78571286582209 42.35764145317536, -96.45336942769976 42.33578223926217, -96.41246381589345 43.323576596360866, -97.76618786223798 43.346200009839855))'
S2C_MSIL2A_20250620T171911_N0511_R012_T14SMG_20250620T220317.SAFE	geography'SRID=4326;POLYGON ((-100.13852907879905 37.9420809165272, -100.12362950841454 36.95256487264268, -98.89036811332885 36.957830487987216, -98.88891399416781 37.94753713280259, -100.13852907879905 37.9420809165272))'
S2C_MSIL2A_20250620T171911_N0511_R012_T14TPL_20250620T220317.SAFE	geography'SRID=4326;POLYGON ((-97.8010303852103 41.545593768972765, -97.81885207154318 40.55671174263467, -96.52280187838811 40.536185528423594, -96.48546160940654 41.52434469691515, -97.8010303852103 41.545593768972765))'
S2C_MSIL2A_20250620T171911_N0511_R012_T14TPN_20250620T220317.SAFE	geography'SRID=4326;POLYGON ((-97.7836611780373 42.46151920697563, -97.78571286582209 42.35764145317536, -97.20686828719214 42.34814458689846, -97.34753928326784 42.37719948743066, -97.347388039666 42.37762814476694, -97.35449973917807 42.379098910998, -97.36327511800904 42.38081921106534, -97.36373298413608 42.37951961014824, -97.62728468012477 42.43117383041246, -97.62714967820833 42.43156173879231, -97.62732754395527 42.43159660646808, -97.62700639867107 42.43252033401634, -97.64412148539165 42.4358755264707, -97.64423710779725 42.435543217736175, -97.7836611780373 42.46151920697563))'
S2C_MSIL2A_20250620T171911_N0511_R012_T14TNL_20250620T220317.SAFE	geography'SRID=4326;POLYGON ((-99.00023981916341 41.551844670066835, -99.0002362534332 40.56274991351036, -97.70336265383867 40.5554731412015, -97.68379957458711 41.54431153543986, -99.00023981916341 41.551844670066835))'
S2C_MSIL2A_20250620T171911_N0511_R012_T15TTG_20250620T210422.SAFE	geography'SRID=4326;POLYGON ((-95.98376430572652 41.88939247611805, -95.96825137645784 41.93147552259595, -95.91347380038192 42.077455437077056, -95.85853631695753 42.22345043060757, -95.80335085079695 42.36938494685688, -95.78520333722244 42.41706431505489, -96.64504576622768 42.39470139413761, -96.6252070043569 42.04365469907538, -96.58064106492256 42.03345923228022, -96.58078711008413 42.03305463216932, -96.58071721162999 42.03303866279715, -96.58083994963832 42.032700290659086, -96.58067594052952 42.032662961885954, -96.58072081092529 42.032539054659566, -96.58063924516958 42.03252051332518, -96.58071627158652 42.032306393966834, -96.58064529147184 42.03229029623834, -96.58068913911016 42.03217061346806, -96.58062724926354 42.032156595230845, -96.58063031821798 42.032148237019406, -96.58046211370196 42.032110183806736, -96.5806792273472 42.03151147323733, -96.55445407886339 42.025389022316176, -96.27817900296964 41.96185324815726, -96.2777045991804 41.96314156797087, -96.27763135140528 41.96312313713482, -96.27761659285038 41.96316333110099, -95.98376430572652 41.88939247611805))'
S2C_MSIL2A_20250620T171911_N0511_R012_T15TTG_20250620T220317.SAFE	geography'SRID=4326;POLYGON ((-95.92209871113299 42.054036653732254, -96.21657726874892 42.12705080853318, -96.21633069692776 42.12771552244615, -96.22914831107605 42.13068906550675, -96.22947854698627 42.12979839358792, -96.4997579141409 42.19207980266032, -96.4995391583151 42.19267712368162, -96.50028682813662 42.1928500046098, -96.50003726753914 42.19353227231287, -96.501116656804 42.193782678544565, -96.50097971002958 42.194156337396, -96.63543667544619 42.2246686278103, -96.58926866785168 41.407726190110715, -96.15898143820885 41.41870581760338, -96.1401007833912 41.470007570085485, -96.0857827894448 41.61602396015, -96.0314506510649 41.76206603293991, -95.97684451586429 41.9080587011537, -95.97607330473852 41.9101130193885, -95.97562366006952 41.911318323152095, -95.92209871113299 42.054036653732254))'
S2C_MSIL2A_20250620T171911_N0511_R012_T14SNH_20250620T220317.SAFE	geography'SRID=4326;POLYGON ((-99.00023047979299 38.848998483821255, -99.00022736409076 37.85944195932729, -97.75213459127728 37.85282950328523, -97.73503988519937 38.84214867288121, -99.00023047979299 38.848998483821255))'
S2C_MSIL2A_20250620T171911_N0511_R012_T14SLF_20250620T220317.SAFE	geography'SRID=4326;POLYGON ((-101.2346435776892 36.54792453111911, -101.21991719169928 36.03616769808406, -100.0014519629642 36.05254100905861, -100.01430253846532 37.042247242200354, -101.09916271266752 37.027327871793986, -101.11302625002254 36.97855776484628, -101.15482744158696 36.8310213102482, -101.19655282028248 36.68353272713901, -101.2346435776892 36.54792453111911))'
S2C_MSIL2A_20250620T171911_N0511_R012_T14TPK_20250620T220317.SAFE	geography'SRID=4326;POLYGON ((-96.52735325689056 40.40814762236499, -96.51955068002488 40.62420990912828, -97.81730037733891 40.64479964997401, -97.83433447991831 39.65575725270223, -96.80099540448073 39.639692144758826, -96.77437261367733 39.71492249548936, -96.72269086342986 39.8613140358348, -96.67075262214216 40.007666600091845, -96.61851460158208 40.15398987871528, -96.56616715231648 40.300330303123935, -96.52735325689056 40.40814762236499))'
S2C_MSIL2A_20250620T171911_N0511_R012_T14TPM_20250620T220317.SAFE	geography'SRID=4326;POLYGON ((-97.69368939298312 42.44475663422619, -97.78400297732625 42.44624086265282, -97.80265404258905 41.457520191909595, -96.48886345311317 41.43633638009555, -96.45934073865195 42.18276633316881, -96.4997579141409 42.19207980266032, -96.4995391583151 42.19267712368162, -96.50028682813662 42.1928500046098, -96.50003726753914 42.19353227231287, -96.501116656804 42.193782678544565, -96.50097971002958 42.194156337396, -96.80067682936172 42.26216654060904, -96.80106801391162 42.26108461319808, -97.0656987699115 42.31753137597692, -97.06557096030485 42.3178891458353, -97.06601447657725 42.31798394691402, -97.0658102709364 42.31855616036527, -97.06659879848685 42.31872485129336, -97.06644971553108 42.319141823384285, -97.34753928326784 42.37719948743066, -97.347388039666 42.37762814476694, -97.35449973917807 42.379098910998, -97.36327511800904 42.38081921106534, -97.36373298413608 42.37951961014824, -97.62728468012477 42.43117383041246, -97.62714967820833 42.43156173879231, -97.62732754395527 42.43159660646808, -97.62700639867107 42.43252033401634, -97.64412148539165 42.4358755264707, -97.64423710779725 42.435543217736175, -97.69368939298312 42.44475663422619))'
S2C_MSIL2A_20250620T171911_N0511_R012_T14TNP_20250620T210422.SAFE	geography'SRID=4326;POLYGON ((-99.00024910873752 43.91098521527576, -99.00024643448813 43.26479037737325, -97.64750596751658 43.256794294201605, -97.62505994125075 44.24514241182411, -98.88692844260396 44.25273566874507, -98.90027712304376 44.21251667962788, -98.94915599147245 44.0657332518487, -98.99765427226937 43.91884600690816, -99.00024910873752 43.91098521527576))'
S2C_MSIL2A_20250620T171911_N0511_R012_T14TMN_20250620T210422.SAFE	geography'SRID=4326;POLYGON ((-98.88125972779112 42.47451128678219, -98.8795663539466 43.352791985217806, -99.18319169855604 43.35131339253658, -99.189633469799 43.33136129469269, -99.23726006606408 43.18452287201754, -99.28477519520943 43.03765000188864, -99.28541802253964 43.035657216322605, -99.33161976287718 42.89239620330503, -99.3380602698624 42.872321458027805, -99.37917895811894 42.74385645471259, -99.4258948608723 42.59688088008174, -99.43952044817492 42.55381598381158, -99.15364314294737 42.511900853785214, -99.12003971164596 42.5071057511568, -99.11992407354141 42.50746404546707, -99.11983333681103 42.50745055833673, -99.11981973039153 42.50749212080128, -99.11958960182416 42.50745800021116, -99.11950622548925 42.50771339329893, -99.11931989713713 42.50768583928682, -99.11904152276912 42.50855249225543, -99.11902622511629 42.50855027131183, -99.11890962363393 42.508911462758974, -98.88125972779112 42.47451128678219))'
S2C_MSIL2A_20250620T171911_N0511_R012_T14SMJ_20250620T220317.SAFE	geography'SRID=4326;POLYGON ((-100.16762472753088 39.74439520181332, -100.15133248212537 38.755193805393134, -98.88766443792474 38.760810475743604, -98.88607436984347 39.750212021802014, -100.16762472753088 39.74439520181332))'
S2C_MSIL2A_20250620T171911_N0511_R012_T14TPP_20250620T210422.SAFE	geography'SRID=4326;POLYGON ((-97.74751912777681 44.24655093494868, -97.76796729995816 43.25815531909012, -96.41619172041914 43.235600960154144, -96.37335402628884 44.22320974043625, -97.74751912777681 44.24655093494868))'
S2C_MSIL2A_20250620T171911_N0511_R012_T14TQL_20250620T220317.SAFE	geography'SRID=4326;POLYGON ((-96.12369251845156 41.51411589293835, -96.6032964141397 41.5268622914542, -96.63889095789968 40.53861750192735, -96.48177991356461 40.53452338190863, -96.460756482082 40.592777941263606, -96.40784783811962 40.73894971543861, -96.35479742154956 40.88515836564455, -96.30126001439777 41.03132635618415, -96.24774819859152 41.17760869385435, -96.19390581693385 41.3238107066952, -96.1401007833912 41.470007570085485, -96.12369251845156 41.51411589293835))'
S2C_MSIL2A_20250620T171911_N0511_R012_T14SPG_20250620T220317.SAFE	geography'SRID=4326;POLYGON ((-97.38969508725756 37.93500987127071, -97.86192606806475 37.94208532019618, -97.8768196851591 36.952569122489834, -97.71864690881661 36.95025170117297, -97.67666559339224 37.077183289367134, -97.62798006861837 37.223843916690186, -97.57918992617152 37.370554636674434, -97.53023043304596 37.51724361013886, -97.48109930982825 37.66391137942918, -97.43173634082127 37.81050452342093, -97.38969508725756 37.93500987127071))'
S2C_MSIL2A_20250620T171911_N0511_R012_T14SNJ_20250620T220317.SAFE	geography'SRID=4326;POLYGON ((-99.00023345437725 39.7502679270046, -99.00023019602958 38.760864457162924, -97.73659678080747 38.754036048213806, -97.71871965132908 39.74319619212293, -99.00023345437725 39.7502679270046))'
S2C_MSIL2A_20250620T171911_N0511_R012_T15TTF_20250620T220317.SAFE	geography'SRID=4326;POLYGON ((-96.12611296682213 41.50760929894012, -96.59412455183308 41.49564643575739, -96.54082260253307 40.50846282585221, -96.49073181741433 40.50971823939014, -96.460756482082 40.592777941263606, -96.40784783811962 40.73894971543861, -96.35479742154956 40.88515836564455, -96.30126001439777 41.03132635618415, -96.24774819859152 41.17760869385435, -96.19390581693385 41.3238107066952, -96.1401007833912 41.470007570085485, -96.12611296682213 41.50760929894012))'
S2C_MSIL2A_20250620T171911_N0511_R012_T14SNF_20250620T220317.SAFE	geography'SRID=4326;POLYGON ((-97.76942099317849 36.795947190081996, -97.76556196865786 37.04016090428803, -99.00022491682881 37.046583050483974, -99.00022206668982 36.05672396511734, -98.01263948652768 36.05170452042219, -97.96561146230472 36.19667193194128, -97.91784846822279 36.343564361389326, -97.90163050279072 36.39308735413344, -97.86880558937604 36.493556286870486, -97.82056612992113 36.640321025020285, -97.80757646224069 36.67977612939753, -97.77339388145069 36.783864332723056, -97.76942099317849 36.795947190081996))'
S2C_MSIL2A_20250620T171911_N0511_R012_T14TQM_20250620T210422.SAFE	geography'SRID=4326;POLYGON ((-95.98376430572652 41.88939247611805, -95.96825137645784 41.93147552259595, -95.91347380038192 42.077455437077056, -95.85853631695753 42.22345043060757, -95.80335085079695 42.36938494685688, -95.7894813868354 42.405824499648304, -96.5692895469665 42.426911995973605, -96.5840927859989 42.034248891559635, -96.58064106492256 42.03345923228022, -96.58078711008413 42.03305463216932, -96.58071721162999 42.03303866279715, -96.58083994963832 42.032700290659086, -96.58067594052952 42.032662961885954, -96.58072081092529 42.032539054659566, -96.58063924516958 42.03252051332518, -96.58071627158652 42.032306393966834, -96.58064529147184 42.03229029623834, -96.58068913911016 42.03217061346806, -96.58062724926354 42.032156595230845, -96.58063031821798 42.032148237019406, -96.58046211370196 42.032110183806736, -96.5806792273472 42.03151147323733, -96.55445407886339 42.025389022316176, -96.27817900296964 41.96185324815726, -96.2777045991804 41.96314156797087, -96.27763135140528 41.96312313713482, -96.27761659285038 41.96316333110099, -95.98376430572652 41.88939247611805))'
S2C_MSIL2A_20250620T171911_N0511_R012_T14TNN_20250620T220317.SAFE	geography'SRID=4326;POLYGON ((-99.00024407303592 42.665046943983526, -99.00024288390156 42.36407192041621, -97.66698539119554 42.35632239007374, -97.66518312983182 42.439445654682984, -97.90875392555768 42.48482513871273, -97.90871945237639 42.484925517030334, -97.92307932392097 42.48749409245289, -97.9261016231378 42.48805717465096, -97.92610889320865 42.48803599682781, -97.9263795461228 42.48808440898952, -97.92674006465859 42.487033299526914, -98.19327368534312 42.534858832782106, -98.19296532233666 42.53576907459816, -98.1931262032662 42.53579785165235, -98.19292353252558 42.536395646653446, -98.497212366863 42.58715229735987, -98.49733629960804 42.58678146511557, -98.49792378717112 42.58687616486159, -98.49814109211745 42.58622444724312, -98.49843465160552 42.58627202903349, -98.49859934711662 42.58577878906128, -98.77221636448813 42.63031563035346, -98.77185295131959 42.631420022230174, -99.00024407303592 42.665046943983526))'
S2C_MSIL2A_20250620T171911_N0511_R012_T15TUJ_20250620T210422.SAFE	geography'SRID=4326;POLYGON ((-95.07678608817147 44.232762661494164, -95.50407140709622 44.22596415476343, -95.4638357910121 43.25296824536751, -95.41020089959235 43.390729988381416, -95.35316710493251 43.53644932766409, -95.2958257789944 43.68213966507096, -95.23827631524512 43.827831155046006, -95.18051647640816 43.973523085911815, -95.12231602749128 44.11915145351886, -95.07678608817147 44.232762661494164))'
S2C_MSIL2A_20250620T171911_N0511_R012_T14TQK_20250620T220317.SAFE	geography'SRID=4326;POLYGON ((-96.4502495038462 40.62180578123318, -96.63579176628713 40.62664940733135, -96.65564089242446 40.049995880839035, -96.61851460158208 40.15398987871528, -96.56616715231648 40.300330303123935, -96.51352034749037 40.44657270679591, -96.460756482082 40.592777941263606, -96.4502495038462 40.62180578123318))'
S2C_MSIL2A_20250620T171911_N0511_R012_T14TMP_20250620T210422.SAFE	geography'SRID=4326;POLYGON ((-99.21176964284783 43.26311285811616, -98.87974009973617 43.26472716389879, -98.87774350913473 44.25335216097235, -98.8867386054108 44.25330763988782, -98.90027712304376 44.21251667962788, -98.94915599147245 44.0657332518487, -98.99765427226937 43.91884600690816, -99.04613139751571 43.77198951511103, -99.09428045663205 43.62510070200913, -99.14219940521264 43.47827882126507, -99.189633469799 43.33136129469269, -99.21176964284783 43.26311285811616))'
S2C_MSIL2A_20250620T171911_N0511_R012_T15TTE_20250620T220317.SAFE	geography'SRID=4326;POLYGON ((-96.45865599840641 40.598580989735346, -96.54546370146345 40.59640146890937, -96.53469683096935 40.38774862705327, -96.51352034749037 40.44657270679591, -96.460756482082 40.592777941263606, -96.45865599840641 40.598580989735346))'
S2C_MSIL2A_20250620T171911_N0511_R012_T14SPH_20250620T220317.SAFE	geography'SRID=4326;POLYGON ((-97.0831928325488 38.83163182991904, -97.84770947866411 38.84331460585068, -97.86328240873523 37.853955038178526, -97.41930635688414 37.84731597271599, -97.38222795046238 37.95712382804692, -97.33259915512932 38.10373032984598, -97.28283676368768 38.25033454155172, -97.23276000599162 38.396880382531485, -97.18259499241069 38.54339194093072, -97.1321356361047 38.68981718086468, -97.0831928325488 38.83163182991904))'
S2C_MSIL2A_20250620T171911_N0511_R012_T14TPM_20250620T210422.SAFE	geography'SRID=4326;POLYGON ((-96.46636654060421 42.00513127767908, -96.44978706678563 42.42431413705452, -97.78400297732625 42.44624086265282, -97.78701804732512 42.28640752393404, -97.70153992311437 42.27046218799034, -97.70158751666717 42.27032449642367, -97.70157659151432 42.27032245832106, -97.702098566558 42.268808379575766, -97.40612364839053 42.21070474450004, -97.40558179592797 42.21225011939386, -97.1431636273528 42.157803408055926, -97.14321311059571 42.1576639397904, -97.14317629786557 42.15765630686317, -97.14331085084433 42.15727599194163, -97.14331061734195 42.1572759435518, -97.14335183298621 42.15716015563533, -97.14341154602116 42.15699137633061, -97.14336303123052 42.15698133865832, -97.14344423634397 42.15675234048308, -97.14341187938135 42.15674564844325, -97.14356905930438 42.15629987155108, -97.14350505227895 42.1562866594205, -97.1436389132616 42.155909623719495, -96.84654014276703 42.09266269388318, -96.84598351266509 42.09421099235667, -96.63387694500771 42.04563814412654, -96.58064106492256 42.03345923228022, -96.58078711008413 42.03305463216932, -96.58071721162999 42.03303866279715, -96.58083994963832 42.032700290659086, -96.58067594052952 42.032662961885954, -96.58072081092529 42.032539054659566, -96.58063924516958 42.03252051332518, -96.58071627158652 42.032306393966834, -96.58064529147184 42.03229029623834, -96.58068913911016 42.03217061346806, -96.58062724926354 42.032156595230845, -96.58063031821798 42.032148237019406, -96.58046211370196 42.032110183806736, -96.5806792273472 42.03151147323733, -96.55445407886339 42.025389022316176, -96.46636654060421 42.00513127767908))'
S2C_MSIL2A_20250620T171911_N0511_R012_T14TMM_20250620T220317.SAFE	geography'SRID=4326;POLYGON ((-99.78355161906615 41.459461732660984, -98.88312689683454 41.46369251697452, -98.88130582637643 42.452629745736225, -99.47257852026748 42.44979819456545, -99.48001183665603 42.42636098216806, -99.52650305028051 42.2793067849594, -99.5731293209002 42.1322738722598, -99.61947943036112 41.985175786416974, -99.66568071187095 41.83812179038786, -99.71165315389558 41.69109062514608, -99.75728815516922 41.54401555726149, -99.78355161906615 41.459461732660984))'
S2C_MSIL2A_20250620T171911_N0511_R012_T14TNN_20250620T210422.SAFE	geography'SRID=4326;POLYGON ((-98.1928769088236 42.35937912314669, -97.66698539119554 42.35632239007374, -97.64555267001921 43.34483481646455, -99.00024679052602 43.35285539234588, -99.0002433882882 42.491734348652024, -98.8404459417331 42.46860343053131, -98.8410076697851 42.46688957000224, -98.53395577397954 42.41672617098673, -98.53350624790976 42.41807772186622, -98.26442346279585 42.373523623228905, -98.26482390043486 42.37233113093016, -98.1928769088236 42.35937912314669))'
S2C_MSIL2A_20250620T171911_N0511_R012_T14TNM_20250620T210422.SAFE	geography'SRID=4326;POLYGON ((-97.66889029562189 42.26228917427312, -97.66510843311782 42.44491772432881, -98.74500265533307 42.451205127361646, -98.53395577397954 42.41672617098673, -98.53350624790976 42.41807772186622, -98.26442346279585 42.373523623228905, -98.26482390043486 42.37233113093016, -97.96565929809069 42.318475060352014, -97.96525636847704 42.31965661468152, -97.70153992311437 42.27046218799034, -97.70158751666717 42.27032449642367, -97.70157659151432 42.27032245832106, -97.702098566558 42.268808379575766, -97.66889029562189 42.26228917427312))'
S2C_MSIL2A_20250620T171911_N0511_R012_T14SMF_20250620T220317.SAFE	geography'SRID=4326;POLYGON ((-100.12493526264659 37.04124978452211, -100.11068371215597 36.05157871290146, -98.8916315425469 36.05667498554276, -98.8902406792213 37.04653228101576, -100.12493526264659 37.04124978452211))'
S2C_MSIL2A_20250620T171911_N0511_R012_T14SNG_20250620T220317.SAFE	geography'SRID=4326;POLYGON ((-99.00022763545476 37.947589571993284, -99.00022465569249 36.95788109520145, -97.76699475177708 36.95147947183065, -97.75064570841931 37.94095623057468, -99.00022763545476 37.947589571993284))'
S2C_MSIL2A_20250620T171911_N0511_R012_T14TMN_20250620T220317.SAFE	geography'SRID=4326;POLYGON ((-99.50065979104386 42.361050397225526, -98.88147277912853 42.364010656318975, -98.8809262358592 42.64747931024905, -99.06569805380094 42.674683990612536, -99.06562476200928 42.674909841044204, -99.08749536861667 42.67805586711238, -99.08786128629747 42.67692512920672, -99.08851056677328 42.67701926678232, -99.08858531395776 42.67678874703592, -99.31482011716471 42.709831330602114, -99.38663766772362 42.7202439802152, -99.43339398504912 42.57334685395241, -99.48001183665603 42.42636098216806, -99.50065979104386 42.361050397225526))'
S2C_MSIL2A_20250620T171911_N0511_R012_T14SPJ_20250620T220317.SAFE	geography'SRID=4326;POLYGON ((-96.76981133311043 39.72784258594566, -97.83284204446889 39.744399896499196, -97.84912778038333 38.75519833855342, -97.11344393221663 38.743977491156045, -97.08160459716787 38.836233835255854, -97.0308914330008 38.982681250815816, -96.97998667765206 39.129145878900495, -96.92892412943569 39.27566154218225, -96.8776725515816 39.42215755970159, -96.82615599500473 39.56859366136971, -96.77437261367733 39.71492249548936, -96.76981133311043 39.72784258594566))'
S2C_MSIL2A_20250620T171911_N0511_R012_T14TQM_20250620T220317.SAFE	geography'SRID=4326;POLYGON ((-95.92209871113299 42.054036653732254, -96.21657726874892 42.12705080853318, -96.21633069692776 42.12771552244615, -96.22914831107605 42.13068906550675, -96.22947854698627 42.12979839358792, -96.4997579141409 42.19207980266032, -96.4995391583151 42.19267712368162, -96.50028682813662 42.1928500046098, -96.50003726753914 42.19353227231287, -96.501116656804 42.193782678544565, -96.50097971002958 42.194156337396, -96.57741046309339 42.211500751847424, -96.60653922316477 41.43884624479472, -96.15596862551813 41.426892110527426, -96.1401007833912 41.470007570085485, -96.0857827894448 41.61602396015, -96.0314506510649 41.76206603293991, -95.97684451586429 41.9080587011537, -95.97607330473852 41.9101130193885, -95.97562366006952 41.911318323152095, -95.92209871113299 42.054036653732254))'
S2B_MSIL2A_20250620T162829_N0511_R083_T17TLM_20250620T213540.SAFE	geography'SRID=4326;POLYGON ((-83.62701019239009 46.92356100851489, -83.5799749213695 45.93641922924405, -82.16404448302406 45.95962253249568, -82.18528956021278 46.947573655919015, -83.62701019239009 46.92356100851489))'
S2C_MSIL2A_20250619T174921_N0511_R141_T13TGK_20250619T231918.SAFE	geography'SRID=4326;POLYGON ((-102.26857971830059 45.120164160522215, -102.45736864275568 45.12552488296481, -102.47995162613957 44.6042592058006, -102.42056347484659 44.74971007639121, -102.36105234057209 44.89534193843652, -102.30134491680025 45.04096284724852, -102.26857971830059 45.120164160522215))'
S2C_MSIL2A_20250619T174921_N0511_R141_T13TFJ_20250619T231918.SAFE	geography'SRID=4326;POLYGON ((-102.6315224925193 44.22759491975767, -103.74751912777683 44.24655093494868, -103.76796729995817 43.25815531909012, -103.01922834804506 43.24566261887686, -103.00077686795646 43.29307207742488, -102.94394189303226 43.43889050225433, -102.88668697050888 43.584569572741614, -102.88631689368819 43.58550693805413, -102.88541117606604 43.587813093318026, -102.87963202877064 43.60243899146098, -102.82917942780664 43.73023007543553, -102.77163672474023 43.875930967580736, -102.71392241693984 44.021637778776615, -102.65572491424513 44.16729546187156, -102.6315224925193 44.22759491975767))'
S2C_MSIL2A_20250619T174921_N0511_R141_T13TEH_20250619T231918.SAFE	geography'SRID=4326;POLYGON ((-105.00024679052603 43.35285539234588, -105.00024288390158 42.36407192041621, -103.66698539119554 42.35632239007374, -103.64555267001923 43.34483481646455, -105.00024679052603 43.35285539234588))'
S2C_MSIL2A_20250619T174921_N0511_R141_T13TEK_20250619T231918.SAFE	geography'SRID=4326;POLYGON ((-105.00025443963811 45.15383725089235, -105.00025015292684 44.16536649550738, -103.62710599954544 44.157116557384406, -103.60358882685108 45.145299673094094, -105.00025443963811 45.15383725089235))'
S2C_MSIL2A_20250619T174921_N0511_R141_T13TEL_20250619T231918.SAFE	geography'SRID=4326;POLYGON ((-105.00025853973813 46.05357436995249, -105.00025404640142 45.06525999447365, -103.60574612901158 45.05674859305782, -103.58109585564667 46.044766226835556, -105.00025853973813 46.05357436995249))'
S2C_MSIL2A_20250619T174921_N0511_R141_T13TFH_20250619T231918.SAFE	geography'SRID=4326;POLYGON ((-102.98515688135288 43.333147433232256, -103.76618786223798 43.346200009839855, -103.78571286582209 42.35764145317536, -103.3637406031902 42.35071832683243, -103.33822513292499 42.41780082603848, -103.2830002537369 42.56379686229658, -103.22658707376156 42.70946090365127, -103.1704812643984 42.85534734240533, -103.16980029044066 42.85711476308872, -103.16924895536351 42.85854907994159, -103.16844895715549 42.86062205491861, -103.11423862843453 43.001321203754514, -103.05753961378296 43.147225184253614, -103.00077686795646 43.29307207742488, -102.98515688135288 43.333147433232256))'
S2C_MSIL2A_20250619T174921_N0511_R141_T13TFG_20250619T231918.SAFE	geography'SRID=4326;POLYGON ((-103.33028781383393 42.438784432392104, -103.78400297732625 42.44624086265282, -103.80265404258907 41.457520191909595, -103.69937754421527 41.455854941812746, -103.66740556485395 41.54205355777485, -103.61291719219096 41.68801386218692, -103.55803292044278 41.83390332449064, -103.50367626579636 41.97998519538492, -103.47753351441433 42.04932609534631, -103.44751264061904 42.12911352780384, -103.41033783860944 42.227741737241175, -103.39371220615855 42.27192024819888, -103.33822513292499 42.41780082603848, -103.33028781383393 42.438784432392104))'
S2C_MSIL2A_20250619T174921_N0511_R141_T13TEF_20250619T231918.SAFE	geography'SRID=4326;POLYGON ((-103.68477046805504 41.49523660580158, -103.68379957458713 41.54431153543986, -105.00023981916343 41.551844670066835, -105.00023625343321 40.56274991351036, -104.02778060159754 40.557293453944, -103.98884071910727 40.66501600504292, -103.93593381825328 40.81120845860342, -103.88293755288004 40.95745988335143, -103.82944341126594 41.10365604454846, -103.77550531002016 41.24981210833949, -103.72158730369775 41.395975930050405, -103.68477046805504 41.49523660580158))'
S2C_MSIL2A_20250619T174921_N0511_R141_T13TEJ_20250619T231918.SAFE	geography'SRID=4326;POLYGON ((-105.00025052587905 44.25341758107761, -105.00024643448815 43.26479037737325, -103.6475059675166 43.256794294201605, -103.62505994125077 44.24514241182411, -105.00025052587905 44.25341758107761))'
S2C_MSIL2A_20250619T174921_N0511_R141_T13TFF_20250619T231918.SAFE	geography'SRID=4326;POLYGON ((-103.6668927793949 41.54342717783437, -103.80103038521031 41.545593768972765, -103.80794515777505 41.161909858383936, -103.77550531002016 41.24981210833949, -103.72158730369775 41.395975930050405, -103.66740556485395 41.54205355777485, -103.6668927793949 41.54342717783437))'
S2C_MSIL2A_20250619T174921_N0511_R141_T13TFK_20250619T231918.SAFE	geography'SRID=4326;POLYGON ((-102.34042482527688 44.94565054889172, -102.33237892318715 45.122671880514964, -103.72795903223157 45.14675285555784, -103.74938307519848 44.158520786393645, -102.66656801671806 44.14015716365189, -102.65572491424513 44.16729546187156, -102.59727654357091 44.31291746226088, -102.53861209915338 44.45848480316584, -102.4799999934928 44.60414074658806, -102.42056347484659 44.74971007639121, -102.36105234057209 44.89534193843652, -102.34042482527688 44.94565054889172))'
S2C_MSIL2A_20250619T174921_N0511_R141_T13TEG_20250619T231918.SAFE	geography'SRID=4326;POLYGON ((-103.6847746115993 41.49522543452637, -103.66510843311784 42.44491772432881, -105.00024322601921 42.45269119915018, -105.00023949430313 41.463751887157464, -103.69920515284117 41.456319720601776, -103.6847746115993 41.49522543452637))'
S2B_MSIL2A_20250619T165849_N0511_R069_T15TVJ_20250619T210543.SAFE	geography'SRID=4326;POLYGON ((-94.1740404638943 43.2584343607261, -92.87974009973617 43.26472716389879, -92.87774350913473 44.25335216097235, -93.84894425912418 44.24854521846115, -93.89091054304488 44.122286006873246, -93.93953644072032 43.97539846205936, -93.98797272199036 43.828536834809526, -94.03621113509635 43.681639918202336, -94.08429921613656 43.53474738128959, -94.13208999685153 43.387883257664, -94.1740404638943 43.2584343607261))'
S2B_MSIL2A_20250619T165849_N0511_R069_T14SQF_20250619T210543.SAFE	geography'SRID=4326;POLYGON ((-96.34338709052109 36.02585904902319, -95.56341398032555 36.007451011934776, -95.51941449107781 36.995510653879045, -96.06665450564206 37.00872873407601, -96.094159245785 36.91186516242602, -96.13592731922755 36.76431495387117, -96.17750093119797 36.61673955429681, -96.21911583643332 36.46920980746043, -96.26063779798403 36.321688365104, -96.30207689033139 36.174238115729246, -96.34315619489543 36.02668773021338, -96.34338709052109 36.02585904902319))'
S2B_MSIL2A_20250619T165849_N0511_R069_T15TWF_20250619T210543.SAFE	geography'SRID=4326;POLYGON ((-93.00023981916341 41.551844670066835, -93.00023625343321 40.56274991351036, -91.70336265383867 40.5554731412015, -91.68379957458711 41.54431153543986, -93.00023981916341 41.551844670066835))'
S2B_MSIL2A_20250619T165849_N0511_R069_T15TXE_20250619T210543.SAFE	geography'SRID=4326;POLYGON ((-91.40420748887554 40.638245631478554, -91.81730037733891 40.64479964997401, -91.83433447991831 39.65575725270223, -91.7556950718539 39.65453466216134, -91.70501582705592 39.79773489390439, -91.65302106843096 39.94411825444736, -91.60098409174584 40.09040625427989, -91.5487930366192 40.23658407053188, -91.49622212534969 40.382706062892574, -91.4436439262663 40.52889164544381, -91.40420748887554 40.638245631478554))'
S2B_MSIL2A_20250619T165849_N0511_R069_T15TVH_20250619T210543.SAFE	geography'SRID=4326;POLYGON ((-94.22920032427258 43.087818415417814, -94.21477274309102 42.35763630855867, -92.88147277912854 42.364010656318975, -92.8795663539466 43.352791985217806, -94.14545978842088 43.34662734580066, -94.1796755181316 43.241045959437024, -94.22714659368717 43.09417780310235, -94.22920032427258 43.087818415417814))'
S2B_MSIL2A_20250619T165849_N0511_R069_T15TXF_20250619T210543.SAFE	geography'SRID=4326;POLYGON ((-91.07584898715928 41.5338806361701, -91.8010303852103 41.545593768972765, -91.81885207154319 40.55671174263467, -91.43579894427256 40.55064513303412, -91.39092268158888 40.675083305635205, -91.33792799357268 40.82126549430758, -91.2846255820029 40.967482164121485, -91.2310404021996 41.11371307710239, -91.17720421029024 41.25997086786367, -91.12309029120034 41.406189419463296, -91.07584898715928 41.5338806361701))'
S2B_MSIL2A_20250619T165849_N0511_R069_T15SWD_20250619T210543.SAFE	geography'SRID=4326;POLYGON ((-91.72430642302415 39.74322702141886, -93.00023345437725 39.7502679270046, -93.00023019602958 38.760864457162924, -92.06955854608144 38.75583530349649, -92.0638855691379 38.772323259122174, -92.01332634602647 38.91878835082744, -91.96252011869414 39.065246141934125, -91.91138880276382 39.2117370041411, -91.8600292408324 39.35825898845893, -91.8084801625486 39.50475960912582, -91.75685495208589 39.6512572826606, -91.72430642302415 39.74322702141886))'
S2B_MSIL2A_20250619T165849_N0511_R069_T15SUC_20250619T210543.SAFE	geography'SRID=4326;POLYGON ((-95.30393084279649 38.82627262441358, -95.27281842761565 37.837503416034735, -94.025336559118 37.85497766278228, -94.03938428014581 38.84437393595428, -95.30393084279649 38.82627262441358))'
S2B_MSIL2A_20250619T165849_N0511_R069_T15SUA_20250619T210543.SAFE	geography'SRID=4326;POLYGON ((-95.24837990395393 37.02527578563511, -95.2199171916993 36.03616769808406, -94.00145196296421 36.05254100905861, -94.01430253846532 37.042247242200354, -95.24837990395393 37.02527578563511))'
S2B_MSIL2A_20250619T165849_N0511_R069_T15TVG_20250619T210543.SAFE	geography'SRID=4326;POLYGON ((-94.2164833149824 42.44623570214159, -94.19782479530706 41.4575152063026, -92.88312689683454 41.46369251697452, -92.88130582637643 42.452629745736225, -94.2164833149824 42.44623570214159))'
S2B_MSIL2A_20250619T165849_N0511_R069_T15TUE_20250619T210543.SAFE	geography'SRID=4326;POLYGON ((-95.30063139767202 39.638655420197594, -94.0514493575497 39.656847486720984, -94.06681520423501 40.645928490590144, -95.00048215665976 40.63205241505368, -95.01185552252684 40.59487142924999, -95.0566930265812 40.44760034035424, -95.1014698184288 40.30036003219742, -95.14605204911405 40.15307176201082, -95.1905647673302 40.00581711923087, -95.23488232380222 39.85857488311304, -95.27893132661848 39.71134894477605, -95.30063139767202 39.638655420197594))'
S2B_MSIL2A_20250619T165849_N0511_R069_T15SUD_20250619T210543.SAFE	geography'SRID=4326;POLYGON ((-95.32774209794145 39.547815119186055, -95.301097327331 38.73820958831532, -94.03810488537859 38.75625435897602, -94.05279562809639 39.74549354563108, -95.2740465844129 39.72767532468866, -95.27893132661848 39.71134894477605, -95.32288440811129 39.564109592337424, -95.32774209794145 39.547815119186055))'
S2B_MSIL2A_20250619T165849_N0511_R069_T15STB_20250619T210543.SAFE	geography'SRID=4326;POLYGON ((-96.09284753807061 36.91648460960184, -95.1360250458418 36.93866731150362, -95.16432984132963 37.92768043331917, -95.80766979279696 37.912427338819334, -95.84124753883324 37.7961615409582, -95.8837884424816 37.64886211089051, -95.92604905766099 37.50155584361556, -95.96815497435696 37.35419621535795, -96.01021766214738 37.20680913430522, -96.05227216970566 37.05937907362584, -96.09284753807061 36.91648460960184))'
S2B_MSIL2A_20250619T165849_N0511_R069_T14SQG_20250619T210543.SAFE	geography'SRID=4326;POLYGON ((-96.091659508963 36.92066849725136, -95.52344565573671 36.90697181308603, -95.47744908495345 37.89483865903757, -95.81037919455632 37.903045805081504, -95.84124753883324 37.7961615409582, -95.8837884424816 37.64886211089051, -95.92604905766099 37.50155584361556, -95.96815497435696 37.35419621535795, -96.01021766214738 37.20680913430522, -96.05227216970566 37.05937907362584, -96.091659508963 36.92066849725136))'
S2B_MSIL2A_20250619T165849_N0511_R069_T15TVF_20250619T210543.SAFE	geography'SRID=4326;POLYGON ((-94.19944910163338 41.54558876800179, -94.18162029219913 40.556706911840905, -92.88470843547175 40.5626923872254, -92.88296836561119 41.55178511688993, -94.19944910163338 41.54558876800179))'
S2B_MSIL2A_20250619T165849_N0511_R069_T14SQJ_20250619T210543.SAFE	geography'SRID=4326;POLYGON ((-95.57557253124716 38.71001747176012, -95.43792685625729 38.70656329494251, -95.40899922708165 39.274601718868986, -95.41044648888585 39.26972489593924, -95.454115575278 39.12254591338064, -95.4975514095685 38.97525453236527, -95.540885505617 38.82788596630395, -95.57557253124716 38.71001747176012))'
S2B_MSIL2A_20250619T165849_N0511_R069_T14SQH_20250619T210543.SAFE	geography'SRID=4326;POLYGON ((-95.83564332921918 37.81556659278793, -95.48163775999416 37.80685703267152, -95.43354720329413 38.79452724007538, -95.54984203238382 38.797451176719996, -95.58424956231504 38.68053242452704, -95.62741343308222 38.53312932628648, -95.67036643251352 38.38569613641125, -95.7132953917756 38.23826912709488, -95.756097973637 38.090893917046415, -95.798692823416 37.943510857835854, -95.83564332921918 37.81556659278793))'
S2B_MSIL2A_20250619T165849_N0511_R069_T15STA_20250619T210543.SAFE	geography'SRID=4326;POLYGON ((-96.33123847446156 36.06949430308869, -96.32869364809063 36.01049725766069, -95.11143123293884 36.03812799310683, -95.1385056246128 37.02730768000537, -96.0675071572326 37.00572594699265, -96.094159245785 36.91186516242602, -96.13592731922755 36.76431495387117, -96.17750093119797 36.61673955429681, -96.21911583643332 36.46920980746043, -96.26063779798403 36.321688365104, -96.30207689033139 36.174238115729246, -96.33123847446156 36.06949430308869))'
S2B_MSIL2A_20250619T165849_N0511_R069_T15TVE_20250619T210543.SAFE	geography'SRID=4326;POLYGON ((-94.18317260660315 40.64479480422486, -94.16613169555373 39.655752572676114, -92.88622008547372 39.66155122739065, -92.8845569323803 40.65079881136531, -94.18317260660315 40.64479480422486))'
S2B_MSIL2A_20250619T165849_N0511_R069_T15STD_20250619T210543.SAFE	geography'SRID=4326;POLYGON ((-95.56934420118714 38.73118169308957, -95.18865192655385 38.74036995699254, -95.21960079191267 39.7290432642928, -95.2740387563284 39.72770148866545, -95.27893132661848 39.71134894477605, -95.32288440811129 39.564109592337424, -95.36676214860755 39.41692755942526, -95.41044648888585 39.26972489593924, -95.454115575278 39.12254591338064, -95.4975514095685 38.97525453236527, -95.540885505617 38.82788596630395, -95.56934420118714 38.73118169308957))'
S2B_MSIL2A_20250619T165849_N0511_R069_T15TWE_20250619T210543.SAFE	geography'SRID=4326;POLYGON ((-91.71836402317902 39.76001797870962, -91.70165933840751 40.64355721409192, -93.0002365638915 40.650856515774606, -93.00023315577859 39.66160695799293, -91.75561832342116 39.65475152398316, -91.71836402317902 39.76001797870962))'
S2B_MSIL2A_20250619T165849_N0511_R069_T15SUB_20250619T210543.SAFE	geography'SRID=4326;POLYGON ((-95.27552823620451 37.925581750319026, -95.24577213045468 36.936641907455304, -94.01312514326094 36.95355914294569, -94.0265600589798 37.943111174604404, -95.27552823620451 37.925581750319026))'
S2B_MSIL2A_20250619T165849_N0511_R069_T15TUH_20250619T210543.SAFE	geography'SRID=4326;POLYGON ((-94.46450833951266 42.353165879985774, -94.09530924716697 42.35883991770658, -94.11292216497772 43.34744038882544, -94.14536087262321 43.34693257579692, -94.1796755181316 43.241045959437024, -94.22714659368717 43.09417780310235, -94.27456219106746 42.94735515354156, -94.321790323732 42.800526868684194, -94.36878345011486 42.653627586913366, -94.41564843794568 42.50664804396212, -94.46246469075277 42.359607035097305, -94.46450833951266 42.353165879985774))'
S2B_MSIL2A_20250619T165849_N0511_R069_T15TUG_20250619T210543.SAFE	geography'SRID=4326;POLYGON ((-94.74872174697863 41.44858164997956, -94.08002716017 41.458681613653354, -94.09685168418683 42.44744302996699, -94.43616175841083 42.44221957830099, -94.46246469075277 42.359607035097305, -94.50912850501554 42.212532414613946, -94.5556191402704 42.065445584602, -94.60194973462129 41.91836716874704, -94.64809748529652 41.77129157016283, -94.6939632130047 41.62423623129786, -94.73981841535769 41.47723961788208, -94.74872174697863 41.44858164997956))'
S2B_MSIL2A_20250619T165849_N0511_R069_T15STC_20250619T210543.SAFE	geography'SRID=4326;POLYGON ((-95.83329293947445 37.82370501692938, -95.16175219508035 37.83959549435291, -95.19134725642267 38.82843976082239, -95.54322661036267 38.81993075864551, -95.58424956231504 38.68053242452704, -95.62741343308222 38.53312932628648, -95.67036643251352 38.38569613641125, -95.7132953917756 38.23826912709488, -95.756097973637 38.090893917046415, -95.798692823416 37.943510857835854, -95.83329293947445 37.82370501692938))'
S2B_MSIL2A_20250619T165849_N0511_R069_T15TUF_20250619T210543.SAFE	geography'SRID=4326;POLYGON ((-95.02747621570116 40.54356445885533, -94.06541547567339 40.55783709926159, -94.0814918073836 41.546758769895376, -94.7211511516273 41.537080691725414, -94.73981841535769 41.47723961788208, -94.78548582297283 41.33024575565784, -94.830945196599 41.18323236461119, -94.87640561603494 41.03625179774853, -94.92163901824138 40.88919761482889, -94.96683152900704 40.742060615235, -95.01185552252684 40.59487142924999, -95.02747621570116 40.54356445885533))'
S2B_MSIL2A_20250619T165849_N0511_R069_T15SVD_20250619T210543.SAFE	geography'SRID=4326;POLYGON ((-94.16762472753088 39.74439520181332, -94.15133248212537 38.755193805393134, -92.88766443792474 38.760810475743604, -92.88607436984347 39.750212021802014, -94.16762472753088 39.74439520181332))'
S2B_MSIL2A_20250618T172859_N0511_R055_T14TKK_20250618T212758.SAFE	geography'SRID=4326;POLYGON ((-102.54546370146345 40.59640146890937, -102.49451264760637 39.609013147606916, -101.21676465654707 39.64044856303257, -101.24913477999112 40.62894899386581, -102.54546370146345 40.59640146890937))'
S2B_MSIL2A_20250618T172859_N0511_R055_T14SMG_20250618T212758.SAFE	geography'SRID=4326;POLYGON ((-99.89969109710277 37.94312375899841, -100.13852907879905 37.9420809165272, -100.12827946364226 37.261379501684644, -100.1093532694169 37.318465701322246, -100.06049060970624 37.465184620613925, -100.01135247705623 37.61191028565476, -99.9620544155208 37.75865173710798, -99.91246697370681 37.90534889306299, -99.89969109710277 37.94312375899841))'
S2B_MSIL2A_20250618T172859_N0511_R055_T14SKG_20250618T212758.SAFE	geography'SRID=4326;POLYGON ((-102.41197247867947 37.8980997878049, -102.36741300313712 36.910119161555244, -101.13602504584179 36.93866731150362, -101.16432984132963 37.92768043331917, -102.41197247867947 37.8980997878049))'
S2B_MSIL2A_20250618T172859_N0511_R055_T13SGC_20250618T212758.SAFE	geography'SRID=4326;POLYGON ((-102.6965295968872 38.82628170870513, -102.72763580740045 37.83751218570364, -101.48163775999417 37.80685703267152, -101.43354720329414 38.79452724007538, -102.6965295968872 38.82628170870513))'
S2B_MSIL2A_20250618T172859_N0511_R055_T14SLJ_20250618T212758.SAFE	geography'SRID=4326;POLYGON ((-101.33363283056225 39.72680595308774, -101.301097327331 38.73820958831532, -100.03810488537859 38.75625435897602, -100.05279562809639 39.74549354563108, -101.33363283056225 39.72680595308774))'
S2B_MSIL2A_20250618T172859_N0511_R055_T14TNK_20250618T212758.SAFE	geography'SRID=4326;POLYGON ((-98.95197053618912 40.65058521246641, -99.00023656389149 40.650856515774606, -99.00023610244017 40.516914206730874, -98.99164464701232 40.540781856662434, -98.95197053618912 40.65058521246641))'
S2B_MSIL2A_20250618T172859_N0511_R055_T14SMH_20250618T212758.SAFE	geography'SRID=4326;POLYGON ((-99.59081372220643 38.84581246714299, -100.15275135075291 38.843310058483205, -100.13717219597591 37.85395064837389, -99.92953505570921 37.85485548191362, -99.91246697370681 37.90534889306299, -99.86284828724395 38.05205813949028, -99.81300016549747 38.19868013901364, -99.76301277753032 38.34520511653725, -99.7128788108112 38.49161918065754, -99.66267529612176 38.63802486396592, -99.61206129167961 38.78436510752445, -99.59081372220643 38.84581246714299))'
S2B_MSIL2A_20250618T172859_N0511_R055_T14SLG_20250618T212758.SAFE	geography'SRID=4326;POLYGON ((-100.02164611802236 37.58117364111835, -100.0265600589798 37.943111174604404, -101.27552823620451 37.925581750319026, -101.24577213045467 36.936641907455304, -100.23146073611822 36.950562636501694, -100.20667231109839 37.025126382160536, -100.15799032774792 37.17176400373797, -100.1093532694169 37.318465701322246, -100.06049060970624 37.465184620613925, -100.02164611802236 37.58117364111835))'
S2B_MSIL2A_20250618T172859_N0511_R055_T14SLF_20250618T212758.SAFE	geography'SRID=4326;POLYGON ((-100.2018446304481 37.03966809881984, -101.24837990395392 37.02527578563511, -101.21991719169928 36.03616769808406, -100.52753672522974 36.04547166542171, -100.49538610867283 36.144849345281735, -100.4475069862952 36.291710296515184, -100.39971538067745 36.43855673822469, -100.35174947421065 36.585285906436695, -100.30351836703531 36.731896933540845, -100.25540016628051 36.87855267296391, -100.20667231109839 37.025126382160536, -100.2018446304481 37.03966809881984))'
S2B_MSIL2A_20250618T172859_N0511_R055_T14SKH_20250618T212758.SAFE	geography'SRID=4326;POLYGON ((-102.4545029640868 38.797894647715, -102.40791466143585 37.81010790673744, -101.16175219508035 37.83959549435291, -101.19134725642266 38.82843976082239, -102.4545029640868 38.797894647715))'
S2B_MSIL2A_20250618T172859_N0511_R055_T13SGD_20250618T212758.SAFE	geography'SRID=4326;POLYGON ((-102.66683353200474 39.72681533153163, -102.69936254729447 38.73821864423846, -101.43792685625729 38.70656329494251, -101.38763948191425 39.69403311805837, -102.66683353200474 39.72681533153163))'
S2B_MSIL2A_20250618T172859_N0511_R055_T13SGB_20250618T212758.SAFE	geography'SRID=4326;POLYGON ((-102.72492653924301 37.925590547672954, -102.75467671035365 36.93665039764339, -101.52344565573672 36.90697181308603, -101.47744908495345 37.89483865903757, -102.72492653924301 37.925590547672954))'
S2B_MSIL2A_20250618T172859_N0511_R055_T14SKF_20250618T212758.SAFE	geography'SRID=4326;POLYGON ((-102.37131820920371 36.99866808026183, -102.32869364809063 36.01049725766069, -101.11143123293883 36.03812799310683, -101.13850562461279 37.02730768000537, -102.37131820920371 36.99866808026183))'
S2B_MSIL2A_20250618T172859_N0511_R055_T13TGE_20250618T212758.SAFE	geography'SRID=4326;POLYGON ((-102.64660059109613 40.31263321839581, -102.6698144654414 39.63822758400475, -101.39224764301619 39.60554763793313, -101.33965430802601 40.59281342227294, -102.55164594557166 40.62445276012058, -102.55734025044207 40.60583305236087, -102.60220756594691 40.45860324721679, -102.64660059109613 40.31263321839581))'
S2B_MSIL2A_20250618T172859_N0511_R055_T14SLH_20250618T212758.SAFE	geography'SRID=4326;POLYGON ((-101.30393084279649 38.82627262441358, -101.27281842761563 37.837503416034735, -100.02533655911799 37.85497766278228, -100.03938428014581 38.84437393595428, -101.30393084279649 38.82627262441358))'
S2B_MSIL2A_20250618T172859_N0511_R055_T14SKJ_20250618T212758.SAFE	geography'SRID=4326;POLYGON ((-102.49897689950004 39.6975094680204, -102.45026011044494 38.7099201955759, -101.18865192655385 38.74036995699254, -101.21960079191267 39.7290432642928, -102.49897689950004 39.6975094680204))'
S2B_MSIL2A_20250618T172859_N0511_R055_T13SGA_20250618T212758.SAFE	geography'SRID=4326;POLYGON ((-102.75206945697532 37.02528430302893, -102.78052649213598 36.03617591535172, -101.56341398032555 36.007451011934776, -101.51941449107781 36.995510653879045, -102.75206945697532 37.02528430302893))'
S2B_MSIL2A_20250617T175909_N0511_R041_T13UFP_20250617T212607.SAFE	geography'SRID=4326;POLYGON ((-103.19609139735202 48.73687079556135, -103.63972075371633 48.74498411169783, -103.6656686510332 47.75740973734738, -103.6447360479152 47.75703269996002, -103.64274771158335 47.761458370315474, -103.5773492945557 47.906262786098495, -103.55928017309736 47.94607578013824, -103.5120255300356 48.050231113784776, -103.49886651473177 48.079212061051365, -103.44588483639984 48.1960440233682, -103.37952149302306 48.340953446363606, -103.312640297617 48.48580701332228, -103.24549809194905 48.63066132403712, -103.22475898183502 48.67523004259713, -103.19609139735202 48.73687079556135))'
S2B_MSIL2A_20250617T175909_N0511_R041_T13TFN_20250617T212607.SAFE	geography'SRID=4326;POLYGON ((-103.60507670296921 47.84486908027228, -103.66339978002995 47.84592105208886, -103.66685561782734 47.70779861251345, -103.64274771158335 47.761458370315474, -103.60507670296921 47.84486908027228))'
S2B_MSIL2A_20250617T161829_N0511_R040_T17TNF_20250617T201118.SAFE	geography'SRID=4326;POLYGON ((-80.99740036483497 41.55182842170933, -81.00023981916341 41.551844670066835, -81.00023979154066 41.544182419971676, -80.99740036483497 41.55182842170933))'
S2C_MSIL2A_20250616T173921_N0511_R098_T14TMQ_20250616T225811.SAFE	geography'SRID=4326;POLYGON ((-99.74295721124977 45.14940993309399, -100.27254965833141 45.14674718783555, -100.25111705335956 44.15851530960486, -100.14479902868051 44.1590407063919, -100.08766868275981 44.300963596845605, -100.02931577479455 44.44662244031354, -99.97047247437469 44.592188787096525, -99.91150869158528 44.73779047841279, -99.8520743722514 44.883355866528895, -99.79257136469153 45.0290015079122, -99.74295721124977 45.14940993309399))'
S2C_MSIL2A_20250616T173921_N0511_R098_T13SGD_20250616T225811.SAFE	geography'SRID=4326;POLYGON ((-101.8176918617438 39.705054173792064, -102.66683353200474 39.72681533153163, -102.69936254729447 38.73821864423846, -102.15976251905364 38.72467754381183, -102.15096202393767 38.75023304548952, -102.10039485078696 38.89665124028269, -102.04979184145664 39.043071726806325, -101.99889171147801 39.18950104514328, -101.94769413694432 39.33593018193985, -101.89630034764366 39.48236443158428, -101.84475001044237 39.62876303311021, -101.8176918617438 39.705054173792064))'
S2C_MSIL2A_20250616T173921_N0511_R098_T14SKJ_20250616T225811.SAFE	geography'SRID=4326;POLYGON ((-101.81438314233354 39.714383192595854, -102.49897689950004 39.6975094680204, -102.45026011044494 38.7099201955759, -102.16245234746364 38.71686662936456, -102.15096202393767 38.75023304548952, -102.10039485078696 38.89665124028269, -102.04979184145664 39.043071726806325, -101.99889171147801 39.18950104514328, -101.94769413694432 39.33593018193985, -101.89630034764366 39.48236443158428, -101.84475001044237 39.62876303311021, -101.81438314233354 39.714383192595854))'
S2B_MSIL2A_20250616T164839_N0511_R026_T16TDM_20250616T204826.SAFE	geography'SRID=4326;POLYGON ((-88.2128644740819 42.44625303244163, -88.21648331498238 42.44623570214159, -88.21631195680062 42.437155381227264, -88.2128644740819 42.44625303244163))'
S2B_MSIL2A_20250614T174909_N0511_R141_T13TFF_20250614T215236.SAFE	geography'SRID=4326;POLYGON ((-103.65676363073852 41.5432635717853, -103.80103038521031 41.545593768972765, -103.80846702252498 41.13295285275953, -103.7703842462223 41.23611965800305, -103.71650947235985 41.38238029008164, -103.66225262028193 41.52856616872926, -103.65676363073852 41.5432635717853))'
S2B_MSIL2A_20250614T174909_N0511_R141_T13TEJ_20250614T215236.SAFE	geography'SRID=4326;POLYGON ((-105.00025052587905 44.25341758107761, -105.00024643448815 43.26479037737325, -103.6475059675166 43.256794294201605, -103.62505994125077 44.24514241182411, -105.00025052587905 44.25341758107761))'
S2B_MSIL2A_20250614T174909_N0511_R141_T13TEL_20250614T215236.SAFE	geography'SRID=4326;POLYGON ((-105.00025853973813 46.05357436995249, -105.00025404640142 45.06525999447365, -103.60574612901158 45.05674859305782, -103.58109585564667 46.044766226835556, -105.00025853973813 46.05357436995249))'
S2B_MSIL2A_20250614T174909_N0511_R141_T13TEF_20250614T215236.SAFE	geography'SRID=4326;POLYGON ((-103.68534183512847 41.46635619836868, -103.68379957458713 41.54431153543986, -105.00023981916343 41.551844670066835, -105.00023625343321 40.56274991351036, -104.01811442924654 40.557239216942556, -103.98411061253272 40.651138753658586, -103.93109465109731 40.79737106030688, -103.87796922406329 40.94365735158327, -103.8243598712512 41.089898890089565, -103.7703842462223 41.23611965800305, -103.71650947235985 41.38238029008164, -103.68534183512847 41.46635619836868))'
S2B_MSIL2A_20250614T174909_N0511_R141_T13TEM_20250614T215236.SAFE	geography'SRID=4326;POLYGON ((-105.00026284243779 46.953709179213256, -105.00025812995321 45.965551148516354, -103.58334389839345 45.956769859075806, -103.55749190205454 46.94462144140276, -105.00026284243779 46.953709179213256))'
S2B_MSIL2A_20250614T174909_N0511_R141_T13TEK_20250614T215236.SAFE	geography'SRID=4326;POLYGON ((-105.00025443963811 45.15383725089235, -105.00025015292684 44.16536649550738, -103.62710599954544 44.157116557384406, -103.60358882685108 45.145299673094094, -105.00025443963811 45.15383725089235))'
S2B_MSIL2A_20250614T174909_N0511_R141_T13TEG_20250614T215236.SAFE	geography'SRID=4326;POLYGON ((-103.68537424236952 41.46626888255833, -103.66510843311784 42.44491772432881, -105.00024322601921 42.45269119915018, -105.00023949430313 41.463751887157464, -103.68908832098455 41.45626192813852, -103.68537424236952 41.46626888255833))'
S2B_MSIL2A_20250614T174909_N0511_R141_T13TFG_20250614T215236.SAFE	geography'SRID=4326;POLYGON ((-103.32009341398846 42.43861689593396, -103.78400297732625 42.44624086265282, -103.80265404258907 41.457520191909595, -103.68929968470474 41.45569244447027, -103.66225262028193 41.52856616872926, -103.60770339000524 41.674628029010165, -103.55267729122772 41.820489173843846, -103.49840432801538 41.966478402819845, -103.44354657715891 42.112360162510846, -103.38856258319409 42.25827210867014, -103.33319362036144 42.40413975390821, -103.32009341398846 42.43861689593396))'
S2B_MSIL2A_20250614T174909_N0511_R141_T13TFH_20250614T215236.SAFE	geography'SRID=4326;POLYGON ((-102.97446332954435 43.3329687227744, -103.76618786223798 43.346200009839855, -103.78571286582209 42.35764145317536, -103.35353507354036 42.35055088888112, -103.33319362036144 42.40413975390821, -103.27775165181596 42.550052006685576, -103.22134678143728 42.69584252306588, -103.16508920723776 42.84177661038454, -103.10880143818011 42.9877402697095, -103.05207407492927 43.13364911982013, -102.99530326846909 43.279587024054365, -102.97446332954435 43.3329687227744))'
S2B_MSIL2A_20250614T174909_N0511_R141_T13TFJ_20250614T215236.SAFE	geography'SRID=4326;POLYGON ((-102.62101529842968 44.2274164474178, -103.74751912777683 44.24655093494868, -103.76796729995817 43.25815531909012, -103.00856926914045 43.24548477227629, -102.99530326846909 43.279587024054365, -102.93834996799008 43.42547343659436, -102.88106144535551 43.57117317149607, -102.82369587234822 43.71680274152463, -102.80319940175632 43.76874250603717, -102.76660063568349 43.86160939607648, -102.70902312951928 44.00726878412832, -102.65096952797437 44.15286316943018, -102.62101529842968 44.2274164474178))'
S2C_MSIL2A_20250614T165901_N0511_R069_T15TYH_20250614T223716.SAFE	geography'SRID=4326;POLYGON ((-90.4063086055804 43.32275343599853, -90.53371085886852 43.32625697177811, -90.54827045883512 42.957396150271876, -90.54565877076033 42.96419619389185, -90.4891401286864 43.110066600129485, -90.4324523827707 43.25589450314151, -90.4063086055804 43.32275343599853))'
S2C_MSIL2A_20250613T172921_N0511_R055_T14TKM_20250613T222916.SAFE	geography'SRID=4326;POLYGON ((-102.32044054599329 41.41458586995761, -101.27696656733475 41.441212166985935, -101.3124072413961 42.42936087235922, -102.00698321877395 42.411296228036996, -102.02590482100413 42.35156288670112, -102.07243841460912 42.204535186741, -102.11900600654128 42.057495839679135, -102.16531116362727 41.91039218416873, -102.21157871051773 41.763317930213695, -102.25758133772695 41.61624346954496, -102.30347964718717 41.46921565535417, -102.32044054599329 41.41458586995761))'
S2C_MSIL2A_20250613T172921_N0511_R055_T13TGG_20250613T222916.SAFE	geography'SRID=4326;POLYGON ((-102.3153073400196 41.43111954213765, -101.2944377014587 41.40403474612011, -101.23686356729512 42.39088066238852, -102.00685446743886 42.41170268132529, -102.02590482100413 42.35156288670112, -102.07243841460912 42.204535186741, -102.11900600654128 42.057495839679135, -102.16531116362727 41.91039218416873, -102.21157871051773 41.763317930213695, -102.25758133772695 41.61624346954496, -102.30347964718717 41.46921565535417, -102.3153073400196 41.43111954213765))'
S2B_MSIL2A_20250612T170849_N0511_R112_T15TWH_20250612T211233.SAFE	geography'SRID=4326;POLYGON ((-92.89228510683998 43.35221619648375, -93.00024679052602 43.35285539234588, -93.00024569022179 43.07436365114168, -92.94582454448728 43.214783392654006, -92.89228510683998 43.35221619648375))'
S2C_MSIL2A_20250612T161851_N0511_R040_T16TGR_20250612T213805.SAFE	geography'SRID=4326;POLYGON ((-83.53513223489409 45.01077595515026, -83.06996660895842 44.99758761245698, -83.00067944006244 45.98354520692643, -83.19898304438216 45.989262743862106, -83.2443358787075 45.85854260637573, -83.29511109073202 45.71190213251539, -83.34576096187546 45.56519230423464, -83.39622171866195 45.4184533759852, -83.44637923985418 45.27172604591956, -83.4963312442458 45.12501390706484, -83.53513223489409 45.01077595515026))'
S2C_MSIL2A_20250612T161851_N0511_R040_T17TLL_20250612T213805.SAFE	geography'SRID=4326;POLYGON ((-83.52614573546872 45.03723402418623, -82.14563453547973 45.05951360004942, -82.1658919102777 46.0476276229589, -83.18450027792667 46.030910820056214, -83.19347084767821 46.00515050747624, -83.2443358787075 45.85854260637573, -83.29511109073202 45.71190213251539, -83.34576096187546 45.56519230423464, -83.39622171866195 45.4184533759852, -83.44637923985418 45.27172604591956, -83.4963312442458 45.12501390706484, -83.52614573546872 45.03723402418623))'
S2B_MSIL2A_20250611T173859_N0511_R098_T13TEG_20250611T213816.SAFE	geography'SRID=4326;POLYGON ((-104.80186392288802 41.46261866550424, -103.68558188065235 41.45624189757688, -103.66510843311784 42.44491772432881, -104.49188393317884 42.44973140948391, -104.50970430521576 42.39373692285843, -104.55663226211175 42.246851501387, -104.60288257351294 42.09968725609287, -104.64960627108816 41.95268824628548, -104.69525681642253 41.80541367193247, -104.74122177363678 41.65826583603505, -104.78688027327873 41.511085363581536, -104.80186392288802 41.46261866550424))'
S2B_MSIL2A_20250611T173859_N0511_R098_T13TEF_20250611T213816.SAFE	geography'SRID=4326;POLYGON ((-105.00023718677527 40.821648842617755, -105.00023625343321 40.56274991351036, -103.70336265383867 40.5554731412015, -103.68379957458713 41.54431153543986, -104.77463636326532 41.550553687652254, -104.78688027327873 41.511085363581536, -104.83236815559928 41.36394848330911, -104.87791451991028 41.21689581140927, -104.92322912912674 41.06983269823529, -104.96889306193128 40.922902052625176, -105.00023718677527 40.821648842617755))'
S2B_MSIL2A_20250611T173859_N0511_R098_T13TEH_20250611T213816.SAFE	geography'SRID=4326;POLYGON ((-104.5200735620066 42.36128094661714, -103.66698539119554 42.35632239007374, -103.64555267001923 43.34483481646455, -104.20412590351357 43.34814189437734, -104.22763320087945 43.27506477474497, -104.2752932889268 43.12822804781396, -104.32249508512547 42.98133212698638, -104.36914742388328 42.83431647552703, -104.41615396714612 42.6874746454945, -104.46295943565156 42.54061685152656, -104.50970430521576 42.39373692285843, -104.5200735620066 42.36128094661714))'
S2C_MSIL2A_20250611T164911_N0511_R026_T15TWH_20250611T235727.SAFE	geography'SRID=4326;POLYGON ((-91.95798009171617 42.35801379047728, -91.66698539119554 42.35632239007374, -91.64586570550648 43.33039710384219, -91.68230803972466 43.217751846886856, -91.72985604649632 43.07091557688563, -91.77707725402112 42.92401893071204, -91.82411925261246 42.77707673801109, -91.8712043524443 42.630156051939466, -91.91622266046951 42.48937677778217, -91.917668327961 42.484840668582095, -91.94705034748637 42.39240731429566, -91.95798009171617 42.35801379047728))'
S2C_MSIL2A_20250611T164911_N0511_R026_T16SCJ_20250611T235727.SAFE	geography'SRID=4326;POLYGON ((-89.2245073618138 39.72839810882162, -89.33363283056224 39.72680595308774, -89.32435675341934 39.44495089531766, -89.3124961271586 39.47875552215709, -89.26094587790261 39.625169754499694, -89.2245073618138 39.72839810882162))'
S2A_MSIL2A_20250611T161701_N0511_R140_T17TME_20250612T023314.SAFE	geography'SRID=4326;POLYGON ((-82.18317260660315 40.64479480422486, -82.16613169555372 39.655752572676114, -80.88622008547372 39.66155122739065, -80.88455693238029 40.65079881136531, -82.18317260660315 40.64479480422486))'
S2A_MSIL2A_20250611T161701_N0511_R140_T17TNG_20250612T023314.SAFE	geography'SRID=4326;POLYGON ((-81.00024322601921 42.45269119915018, -81.00023949430312 41.463751887157464, -79.68558188065235 41.45624189757688, -79.66510843311782 42.44491772432881, -81.00024322601921 42.45269119915018))'
S2A_MSIL2A_20250611T161701_N0511_R140_T17SLD_20250612T023314.SAFE	geography'SRID=4326;POLYGON ((-82.98188096270708 38.74277033301929, -82.03810488537859 38.75625435897602, -82.05279562809639 39.74549354563108, -82.68676020652687 39.73624391444781, -82.71806069860426 39.63164444494047, -82.76217965575638 39.484424229056174, -82.80582540568673 39.33701436690012, -82.85008890037788 39.189715964380255, -82.89369016927799 39.04225168229217, -82.93690111898722 38.89474314309162, -82.98052089754015 38.7474424086589, -82.98188096270708 38.74277033301929))'
S2A_MSIL2A_20250611T161701_N0511_R140_T17TNE_20250612T023314.SAFE	geography'SRID=4326;POLYGON ((-81.00023656389149 40.650856515774606, -81.00023315577859 39.66160695799293, -79.72035792136309 39.6545573069827, -79.70165933840751 40.64355721409192, -81.00023656389149 40.650856515774606))'
S2A_MSIL2A_20250611T161701_N0511_R140_T17TLF_20250612T023314.SAFE	geography'SRID=4326;POLYGON ((-82.43990602547467 40.552281349265286, -82.06541547567339 40.55783709926159, -82.08149180738359 41.546758769895376, -82.13414341650214 41.54596214839143, -82.13452700644302 41.544730306588455, -82.18010835628374 41.39762243688474, -82.22567190337503 41.25047704303887, -82.27106646392812 41.103256938350405, -82.31633302200538 40.95599672141358, -82.36147404004856 40.80874744984092, -82.4065487464838 40.66155566219695, -82.43990602547467 40.552281349265286))'
S2A_MSIL2A_20250611T161701_N0511_R140_T17SMD_20250612T023314.SAFE	geography'SRID=4326;POLYGON ((-82.16762472753088 39.74439520181332, -82.15133248212537 38.755193805393134, -80.88766443792474 38.760810475743604, -80.88607436984347 39.750212021802014, -82.16762472753088 39.74439520181332))'
S2A_MSIL2A_20250611T161701_N0511_R140_T17TLE_20250612T023314.SAFE	geography'SRID=4326;POLYGON ((-82.71340364040171 39.6472073254296, -82.05144935754969 39.656847486720984, -82.066815204235 40.645928490590144, -82.41288918544986 40.640785169738884, -82.4514768954805 40.51437661278322, -82.49642312954532 40.36730736914178, -82.54103918316898 40.2201999932474, -82.58546656508646 40.07311348400373, -82.62969187761112 39.92599938696588, -82.67401032811954 39.77885124836424, -82.71340364040171 39.6472073254296))'
S2A_MSIL2A_20250611T161701_N0511_R140_T17TNF_20250612T023314.SAFE	geography'SRID=4326;POLYGON ((-81.00023981916341 41.551844670066835, -81.0002362534332 40.56274991351036, -79.70336265383867 40.5554731412015, -79.68379957458711 41.54431153543986, -81.00023981916341 41.551844670066835))'
S2A_MSIL2A_20250611T161701_N0511_R140_T17TMG_20250612T023314.SAFE	geography'SRID=4326;POLYGON ((-82.16149770349728 41.4576858947415, -80.88312689683454 41.46369251697452, -80.88130582637643 42.452629745736225, -81.85027468375444 42.447989441979765, -81.85711466104277 42.42654906428681, -81.90399268263593 42.27956724502283, -81.95052626228421 42.13258346116494, -81.9968149291749 41.985625679639085, -82.04285111402184 41.83869198520414, -82.08875291743793 41.691726956709566, -82.13452700644302 41.544730306588455, -82.16149770349728 41.4576858947415))'
S2A_MSIL2A_20250611T161701_N0511_R140_T17TMF_20250612T023314.SAFE	geography'SRID=4326;POLYGON ((-82.19586401013838 41.34674027252876, -82.18162029219911 40.556706911840905, -80.88470843547175 40.5626923872254, -80.88296836561119 41.55178511688993, -82.13416399961037 41.54589604881363, -82.13452700644302 41.544730306588455, -82.18010835628374 41.39762243688474, -82.19586401013838 41.34674027252876))'
S2C_MSIL2A_20250610T171921_N0511_R012_T14TQP_20250610T205705.SAFE	geography'SRID=4326;POLYGON ((-96.5062014572911 43.98960430983737, -96.53726452230805 43.238273156784096, -95.48895770189687 43.20949158106871, -95.46358268607459 43.27478981588538, -95.406793513044 43.42056726407216, -95.34961761531017 43.56629552083045, -95.29219262764246 43.71204372838802, -95.59425533550312 43.786239653160095, -95.59400641484272 43.786879217952944, -95.60719490699816 43.78991099636266, -95.60753509497938 43.78903635099044, -95.884762941987 43.85234432433352, -95.8845350228393 43.85293877180728, -95.88514854720128 43.853079350816834, -95.88489222615868 43.853748221023594, -95.88616871518785 43.85404166107976, -95.8860180213435 43.85443460465878, -96.1934182189678 43.92351318735293, -96.19381673115565 43.92246033118422, -96.46537467802816 43.97984203873565, -96.46524572979321 43.98018709476907, -96.46554611474151 43.98025069451788, -96.46533790645977 43.98080805503988, -96.46631544031769 43.98101519620454, -96.46616506040418 43.98141746086689, -96.5062014572911 43.98960430983737))'
S2C_MSIL2A_20250610T171921_N0511_R012_T14TPK_20250610T205705.SAFE	geography'SRID=4326;POLYGON ((-96.52638256724158 40.43502713011052, -96.51955068002488 40.62420990912828, -97.81730037733891 40.64479964997401, -97.83433447991831 39.65575725270223, -96.80942178275538 39.63982314791139, -96.78912486919772 39.69723489675461, -96.7628269215803 39.771673216207205, -96.75180027322716 39.8027047705731, -96.71204611059149 39.914805029849774, -96.66017647724445 40.06112802594168, -96.60799982709791 40.207381571712766, -96.55573468516404 40.35362076624446, -96.52638256724158 40.43502713011052))'
S2C_MSIL2A_20250610T171921_N0511_R012_T14TQM_20250610T205705.SAFE	geography'SRID=4326;POLYGON ((-95.79740687550803 42.40603881994117, -96.5692895469665 42.426911995973605, -96.60653922316477 41.43884624479472, -96.16405337315366 41.42710660778769, -96.12868507298548 41.52308600464663, -96.0743182062456 41.66910564347963, -96.019842193242 41.8151794410973, -95.9651208219191 41.96120131015447, -95.91042490385693 42.10726502873685, -95.85548370742586 42.25328253934888, -95.79999091266829 42.39926331470111, -95.79740687550803 42.40603881994117))'
S2C_MSIL2A_20250610T171921_N0511_R012_T14SPJ_20250610T205705.SAFE	geography'SRID=4326;POLYGON ((-96.77826511138038 39.72797425837118, -97.83284204446889 39.744399896499196, -97.84912778038333 38.75519833855342, -97.12175349581064 38.744104230849, -97.07130344321776 38.88989403551692, -97.02048811109968 39.03641237958861, -96.96950030355904 39.18288501993756, -96.91849653771912 39.32933960393534, -96.86718930424122 39.47574826119331, -96.81567425468992 39.62213743686301, -96.78912486919772 39.69723489675461, -96.77826511138038 39.72797425837118))'
S2C_MSIL2A_20250610T171921_N0511_R012_T14TMK_20250610T205705.SAFE	geography'SRID=4326;POLYGON ((-100.17565566605519 40.208516976565804, -100.16613169555372 39.655752572676114, -98.88622008547372 39.66155122739065, -98.88455693238029 40.65079881136531, -100.04263307230727 40.64544457334761, -100.06639710969563 40.56799621516135, -100.11128299864835 40.42085910390088, -100.15601495825267 40.27371651158809, -100.17565566605519 40.208516976565804))'
S2C_MSIL2A_20250610T171921_N0511_R012_T14TPL_20250610T205705.SAFE	geography'SRID=4326;POLYGON ((-97.8010303852103 41.545593768972765, -97.81885207154318 40.55671174263467, -96.52280187838811 40.536185528423594, -96.48546160940654 41.52434469691515, -97.8010303852103 41.545593768972765))'
S2C_MSIL2A_20250610T171921_N0511_R012_T14TNM_20250610T205705.SAFE	geography'SRID=4326;POLYGON ((-99.00024322601921 42.45269119915018, -99.00023949430312 41.463751887157464, -97.68558188065235 41.45624189757688, -97.66510843311782 42.44491772432881, -99.00024322601921 42.45269119915018))'
S2C_MSIL2A_20250610T171921_N0511_R012_T14TQL_20250610T205705.SAFE	geography'SRID=4326;POLYGON ((-96.13191006994344 41.514334290218024, -96.6032964141397 41.5268622914542, -96.63889095789968 40.53861750192735, -96.4903853103243 40.53474762793342, -96.450101845078 40.64610209750487, -96.39695555767752 40.79238623104571, -96.34358042446749 40.93859395929186, -96.28999389850904 41.084745282204175, -96.2364048842963 41.23086128490672, -96.18253479558784 41.37695334144768, -96.13191006994344 41.514334290218024))'
S2C_MSIL2A_20250610T171921_N0511_R012_T14TMM_20250610T205705.SAFE	geography'SRID=4326;POLYGON ((-99.79199861817911 41.45942204313396, -98.88312689683454 41.46369251697452, -98.88130582637643 42.452629745736225, -99.48051600375372 42.44976018267873, -99.51759270895066 42.33276047426346, -99.56412566796656 42.18578455486576, -99.61059872574589 42.038820587713374, -99.65691993329037 41.8918001718638, -99.70287799137856 41.74469146145268, -99.74903856295592 41.59763787190339, -99.79199861817911 41.45942204313396))'
S2C_MSIL2A_20250610T171921_N0511_R012_T14TPP_20250610T205705.SAFE	geography'SRID=4326;POLYGON ((-97.7480085248254 44.22289513368955, -97.76796729995816 43.25815531909012, -96.41619172041914 43.235600960154144, -96.38465001555184 43.962784467680365, -96.46537467802816 43.97984203873565, -96.46524572979321 43.98018709476907, -96.46554611474151 43.98025069451788, -96.46533790645977 43.98080805503988, -96.46631544031769 43.98101519620454, -96.46616506040418 43.98141746086689, -96.75463454064102 44.04040518830802, -96.7544803314284 44.0408230967378, -96.76634409572186 44.04325204079224, -96.7708158747767 44.04412007677583, -96.77128349971072 44.04285180101908, -97.04188922132865 44.095368826023055, -97.04175441007264 44.0957391264823, -97.04178110433728 44.09574430802467, -97.0414500331091 44.09665402018844, -97.05913844077376 44.10008759196312, -97.05927441026361 44.099713833785465, -97.33089425838423 44.149819593426905, -97.33084860698416 44.149946670089975, -97.34890753236289 44.15314488131588, -97.34908709891795 44.15264434838894, -97.34921372427208 44.15266680633091, -97.3494016072085 44.152143277513794, -97.62320071742118 44.200793737148544, -97.62289129662368 44.20166703488803, -97.62306804698157 44.201698337137024, -97.62287506946345 44.20224280289537, -97.7480085248254 44.22289513368955))'
S2C_MSIL2A_20250610T171921_N0511_R012_T14TQS_20250610T212107.SAFE	geography'SRID=4326;POLYGON ((-96.37351464472056 46.92357305830357, -96.42054054444473 45.93643087306754, -95.00699783345478 45.895735251937936, -94.93434286730421 46.881459661637656, -96.37351464472056 46.92357305830357))'
S2C_MSIL2A_20250610T171921_N0511_R012_T14TPM_20250610T205705.SAFE	geography'SRID=4326;POLYGON ((-97.78400297732625 42.44624086265282, -97.80265404258905 41.457520191909595, -96.48886345311317 41.43633638009555, -96.44978706678563 42.42431413705452, -97.78400297732625 42.44624086265282))'
S2C_MSIL2A_20250610T171921_N0511_R012_T15TUL_20250610T212107.SAFE	geography'SRID=4326;POLYGON ((-94.33798039029726 46.04480340779076, -95.58406512039718 46.02435339629007, -95.53921420699882 45.037023116804335, -94.75348150948155 45.04970377542026, -94.72640257347257 45.115722342733946, -94.66635033434989 45.261108018375886, -94.60610024919626 45.40650407593211, -94.54550890698329 45.551911091490176, -94.48467850276664 45.6973048809442, -94.42351579707609 45.84267205479968, -94.36206021517394 45.98801053163099, -94.36201450091825 45.98811821373474, -94.36068417822922 45.991265786674525, -94.33798039029726 46.04480340779076))'
S2C_MSIL2A_20250610T171921_N0511_R012_T14UPU_20250610T212107.SAFE	geography'SRID=4326;POLYGON ((-97.66507200594002 47.780117989866476, -97.6656686510332 47.75740973734738, -96.20190528469706 47.73104447774509, -96.14756129152693 48.71769475117851, -97.30883571005097 48.738932720090006, -97.31141375915443 48.732126241254015, -97.3665362455776 48.58587408835341, -97.42143249714361 48.43960131183811, -97.476014578618 48.293301100862735, -97.53025480423187 48.14701443966776, -97.58420126012189 48.00071587675418, -97.63791148979996 47.85440304965282, -97.66507200594002 47.780117989866476))'
S2C_MSIL2A_20250610T171921_N0511_R012_T14SMJ_20250610T205705.SAFE	geography'SRID=4326;POLYGON ((-100.16762472753088 39.74439520181332, -100.15133248212537 38.755193805393134, -98.88766443792474 38.760810475743604, -98.88607436984347 39.750212021802014, -100.16762472753088 39.74439520181332))'
S2C_MSIL2A_20250610T171921_N0511_R012_T14TMP_20250610T205705.SAFE	geography'SRID=4326;POLYGON ((-99.21970477237618 43.26307427803873, -98.87974009973617 43.26472716389879, -98.87774350913473 44.25335216097235, -98.89472082974342 44.25326813199671, -98.89826008758824 44.24261649204806, -98.94701966022416 44.09587575629722, -98.99546471962816 43.949101457950256, -99.04377972322595 43.80229021566593, -99.09190204825826 43.6553894218377, -99.14002033646096 43.50845448858991, -99.18776531734508 43.361462741826976, -99.21970477237618 43.26307427803873))'
S2C_MSIL2A_20250610T171921_N0511_R012_T14TNK_20250610T205705.SAFE	geography'SRID=4326;POLYGON ((-99.00023656389149 40.650856515774606, -99.00023315577859 39.66160695799293, -97.72035792136309 39.6545573069827, -97.70165933840751 40.64355721409192, -99.00023656389149 40.650856515774606))'
S2C_MSIL2A_20250610T171921_N0511_R012_T14SLJ_20250610T205705.SAFE	geography'SRID=4326;POLYGON ((-100.61050418406359 38.74807630998061, -100.03810488537859 38.75625435897602, -100.05279562809639 39.74549354563108, -100.31598536252093 39.74165357087937, -100.33305700857146 39.68471672195852, -100.37697061867104 39.53742695287367, -100.42080172883472 39.39017141901122, -100.46440879784386 39.242929798997295, -100.50793922648931 39.09565481877605, -100.551494908558 38.948390497491935, -100.59495674500073 38.801086072573945, -100.61050418406359 38.74807630998061))'
S2C_MSIL2A_20250610T171921_N0511_R012_T14SLH_20250610T205705.SAFE	geography'SRID=4326;POLYGON ((-100.87375996685346 37.84309327364, -100.02533655911799 37.85497766278228, -100.03938428014581 38.84437393595428, -100.5844869738176 38.83657108078765, -100.59495674500073 38.801086072573945, -100.63817993377907 38.65371447224782, -100.68130944588624 38.50634929447264, -100.72424056519928 38.35897131672815, -100.76706468728464 38.21161624187192, -100.80979398375408 38.06421690053614, -100.85250738414928 37.91683517099296, -100.87375996685346 37.84309327364))'
S2C_MSIL2A_20250610T171921_N0511_R012_T14TMN_20250610T205705.SAFE	geography'SRID=4326;POLYGON ((-99.50863984394493 42.36101224554645, -98.88147277912853 42.364010656318975, -98.8795663539466 43.352791985217806, -99.19107251865734 43.351275014571335, -99.23546422012633 43.21452780619756, -99.28286365670156 43.067612583261074, -99.3302659493269 42.920705418674494, -99.37743340142562 42.77375264932196, -99.42432836152828 42.62673510032754, -99.47101470296589 42.479742604682976, -99.50863984394493 42.36101224554645))'
S2C_MSIL2A_20250610T171921_N0511_R012_T15TTG_20250610T205705.SAFE	geography'SRID=4326;POLYGON ((-95.79328211353106 42.41685420093443, -96.64504576622768 42.39470139413761, -96.58926866785168 41.407726190110715, -96.16722658382595 41.41849542644775, -96.12868507298548 41.52308600464663, -96.0743182062456 41.66910564347963, -96.019842193242 41.8151794410973, -95.9651208219191 41.96120131015447, -95.91042490385693 42.10726502873685, -95.85548370742586 42.25328253934888, -95.79999091266829 42.39926331470111, -95.79328211353106 42.41685420093443))'
S2C_MSIL2A_20250610T171921_N0511_R012_T14TNQ_20250610T212107.SAFE	geography'SRID=4326;POLYGON ((-98.4706186917062 44.16218443572706, -97.62710599954542 44.157116557384406, -97.60358882685108 45.145299673094094, -98.5932239510348 45.151349143194345, -98.62078493733256 45.07026832311115, -98.67043110516134 44.9235836824875, -98.71993487572976 44.77685827096542, -98.76924038800544 44.630135816796006, -98.8182323094296 44.4833393790294, -98.86698933834668 44.336528689451285, -98.90456840104913 44.22308825025713, -98.57747317283726 44.175707855915725, -98.57647981870977 44.17556770767145, -98.57639290635151 44.17582514898611, -98.57629324194981 44.17581048965357, -98.57628149530947 44.175845170792186, -98.57609932724195 44.17581844275277, -98.57601955714209 44.17605384180965, -98.57575254728116 44.176014767403, -98.57535545938676 44.17719145466735, -98.4706186917062 44.16218443572706))'
S2C_MSIL2A_20250610T171921_N0511_R012_T14TPP_20250610T212107.SAFE	geography'SRID=4326;POLYGON ((-96.39231505902225 43.786069441666115, -96.37335402628884 44.22320974043625, -97.74751912777681 44.24655093494868, -97.75161764336643 44.04844252680439, -97.69717670151536 44.039522508794846, -97.69751283138999 44.03856895309288, -97.3902097066684 43.983796706998575, -97.38985928593257 43.9847764699306, -97.11904012757299 43.934793018636874, -97.11909830204804 43.9346324294969, -97.11908754447828 43.93463044385686, -97.11957204746979 43.93329152943587, -96.81569583992177 43.87424105797011, -96.81519426157132 43.87560659648912, -96.5458353799452 43.82026748474262, -96.54589546723604 43.82010595406326, -96.54585218936845 43.82009706853109, -96.54609336360045 43.81944785927062, -96.5460580610907 43.8194406265036, -96.54629776004847 43.818796372294365, -96.54621521908376 43.818779500431205, -96.54629817400232 43.81855680906904, -96.39231505902225 43.786069441666115))'
S2C_MSIL2A_20250610T171921_N0511_R012_T15TUJ_20250610T212107.SAFE	geography'SRID=4326;POLYGON ((-95.35687686682765 43.547648798436505, -95.31291790822553 43.659588922922914, -95.25539120388088 43.80529676696998, -95.19766968972247 43.951004177122726, -95.1396742124641 44.09663698086067, -95.08508124148416 44.2326306778918, -95.50407140709622 44.22596415476343, -95.47725937894047 43.5775835343795, -95.35687686682765 43.547648798436505))'
S2C_MSIL2A_20250610T171921_N0511_R012_T14TNQ_20250610T205705.SAFE	geography'SRID=4326;POLYGON ((-98.92408107436671 44.16490886679924, -97.62710599954542 44.157116557384406, -97.62601971593334 44.20276180302159, -97.9356690339152 44.2538670819948, -97.93576262952755 44.25359887522148, -97.93619512624863 44.25366785198474, -97.93641533314702 44.25303627240784, -97.93687624071104 44.25311017985779, -97.93703630495635 44.2526513299122, -98.21821636710477 44.29792878210604, -98.21789213625092 44.298871574994045, -98.51996149150797 44.34288121505622, -98.51984336585261 44.343230333173935, -98.54220831398855 44.3464101986544, -98.54258374773468 44.34529947940758, -98.54341160642525 44.345418086096586, -98.543475291548 44.34522979509866, -98.73571910423432 44.37296983598738, -98.84952924060643 44.3892753282229, -98.89826008758824 44.24261649204806, -98.92408107436671 44.16490886679924))'
S2C_MSIL2A_20250610T171921_N0511_R012_T14SNJ_20250610T205705.SAFE	geography'SRID=4326;POLYGON ((-99.00023345437725 39.7502679270046, -99.00023019602958 38.760864457162924, -97.73659678080747 38.754036048213806, -97.71871965132908 39.74319619212293, -99.00023345437725 39.7502679270046))'
S2C_MSIL2A_20250610T171921_N0511_R012_T14TQP_20250610T212107.SAFE	geography'SRID=4326;POLYGON ((-95.35687686682765 43.547648798436505, -95.31291790822553 43.659588922922914, -95.25539120388088 43.80529676696998, -95.19766968972247 43.951004177122726, -95.1396742124641 44.09663698086067, -95.12826342314281 44.125061801821886, -95.1242610537248 44.18762158427181, -96.49642893280087 44.22597512802537, -96.51355882966216 43.81164946011557, -96.24147933542876 43.754246111098325, -96.24094014004794 43.75567447907377, -95.96882427974872 43.69398193512056, -95.96883091480551 43.69396454561573, -95.96876767740093 43.69395022267032, -95.96891335464665 43.69356764590234, -95.96889015995393 43.69356239912632, -95.96902411841684 43.693211664301806, -95.96898907903356 43.693203757808064, -95.9689918616569 43.69319649279392, -95.96883163250858 43.693160380643874, -95.96887505454748 43.693046559018015, -95.96882531344912 43.69303536202104, -95.9689044181575 43.692827745382495, -95.968857781042 43.69281727061568, -95.96890105642595 43.69270432647794, -95.96878647403555 43.69267862265615, -95.96879406899667 43.69265879095128, -95.9686277844147 43.692621532014606, -95.96883570583684 43.69207707840253, -95.95909360732097 43.68982350831902, -95.6586271187378 43.621327579760525, -95.65815029157619 43.62255737168604, -95.65805229193624 43.62253294720778, -95.65804975608678 43.622539501038816, -95.35687686682765 43.547648798436505))'
S2C_MSIL2A_20250610T171921_N0511_R012_T15TUH_20250610T205705.SAFE	geography'SRID=4326;POLYGON ((-95.4433946194479 43.32661245530076, -95.46678204877878 43.32624633586568, -95.4646428547583 43.27206165428979, -95.46358268607459 43.27478981588538, -95.4433946194479 43.32661245530076))'
S2C_MSIL2A_20250610T171921_N0511_R012_T14TQN_20250610T205705.SAFE	geography'SRID=4326;POLYGON ((-95.45508821448708 43.296595070754194, -96.53371085886852 43.32625697177811, -96.5727044512481 42.33837210189082, -95.83075214781068 42.31834201714355, -95.79999091266829 42.39926331470111, -95.74430423914868 42.54527721652728, -95.6885665580402 42.69134677767404, -95.632542524128 42.837299005784445, -95.5765011084801 42.98320013835411, -95.52022997914744 43.1290177592015, -95.46358268607459 43.27478981588538, -95.45508821448708 43.296595070754194))'
S2C_MSIL2A_20250610T171921_N0511_R012_T14TPN_20250610T205705.SAFE	geography'SRID=4326;POLYGON ((-97.76618786223798 43.346200009839855, -97.78571286582209 42.35764145317536, -96.45336942769976 42.33578223926217, -96.41246381589345 43.323576596360866, -97.76618786223798 43.346200009839855))'
S2C_MSIL2A_20250610T171921_N0511_R012_T15TUK_20250610T212107.SAFE	geography'SRID=4326;POLYGON ((-94.71684163312858 45.138869252690846, -95.54313948300324 45.12551356202371, -95.50034838689312 44.137996748196564, -95.12064941482484 44.144028660041926, -95.08121761722384 44.24225515037732, -95.02263160899513 44.387945806892745, -94.963606430852 44.53358706761786, -94.90472055269912 44.67924912663456, -94.84549629691777 44.8248028768954, -94.78606123921848 44.97027424835217, -94.72640257347257 45.115722342733946, -94.71684163312858 45.138869252690846))'
S2C_MSIL2A_20250610T171921_N0511_R012_T14TQQ_20250610T212107.SAFE	geography'SRID=4326;POLYGON ((-95.1283287162435 44.1248991535909, -95.0639024439136 45.08595696049961, -96.45736864275568 45.12552488296481, -96.50015121099591 44.13800768802703, -95.13832303761818 44.100002821908234, -95.1283287162435 44.1248991535909))'
S2C_MSIL2A_20250610T171921_N0511_R012_T14TML_20250610T205705.SAFE	geography'SRID=4326;POLYGON ((-100.06968344578628 40.55722351999384, -98.88470843547175 40.5626923872254, -98.88296836561119 41.55178511688993, -99.76458020450886 41.54763558823505, -99.79476305106208 41.45052800470658, -99.84048200587308 41.30346776073547, -99.88584647140115 41.156400945639966, -99.9311157584308 41.00932555899048, -99.97640650231014 40.86227628362456, -100.02126311395085 40.71509049092322, -100.06639710969563 40.56799621516135, -100.06968344578628 40.55722351999384))'
S2C_MSIL2A_20250610T171921_N0511_R012_T14TNL_20250610T205705.SAFE	geography'SRID=4326;POLYGON ((-99.00023981916341 41.551844670066835, -99.0002362534332 40.56274991351036, -97.70336265383867 40.5554731412015, -97.68379957458711 41.54431153543986, -99.00023981916341 41.551844670066835))'
S2C_MSIL2A_20250610T171921_N0511_R012_T14TNN_20250610T205705.SAFE	geography'SRID=4326;POLYGON ((-99.00024679052602 43.35285539234588, -99.00024288390156 42.36407192041621, -97.66698539119554 42.35632239007374, -97.64555267001921 43.34483481646455, -99.00024679052602 43.35285539234588))'
S2C_MSIL2A_20250610T171921_N0511_R012_T14TQK_20250610T205705.SAFE	geography'SRID=4326;POLYGON ((-96.45881040512965 40.62202926565303, -96.63579176628713 40.62664940733135, -96.65473244678155 40.076387893262584, -96.60799982709791 40.207381571712766, -96.55573468516404 40.35362076624446, -96.50301179436198 40.49984458709588, -96.45881040512965 40.62202926565303))'
S2C_MSIL2A_20250610T171921_N0511_R012_T15TUJ_20250610T205705.SAFE	geography'SRID=4326;POLYGON ((-95.4847757608913 43.75934809034683, -95.46462703116951 43.27210237357141, -95.46358268607459 43.27478981588538, -95.406793513044 43.42056726407216, -95.34961761531017 43.56629552083045, -95.29219262764246 43.71204372838802, -95.4847757608913 43.75934809034683))'
S2C_MSIL2A_20250610T171921_N0511_R012_T14TNP_20250610T205705.SAFE	geography'SRID=4326;POLYGON ((-99.00024920631395 43.93456319070969, -99.00024643448813 43.26479037737325, -97.64750596751658 43.256794294201605, -97.6260224221984 44.20276224967018, -97.89255889185065 44.24675207896123, -98.89488185076794 44.252783528146836, -98.89826008758824 44.24261649204806, -98.94701966022416 44.09587575629722, -98.99546471962816 43.949101457950256, -99.00024920631395 43.93456319070969))'
S2C_MSIL2A_20250610T171921_N0511_R012_T15TTE_20250610T205705.SAFE	geography'SRID=4326;POLYGON ((-96.46737219440422 40.59836214820364, -96.54546370146345 40.59640146890937, -96.53579012880643 40.40893581425171, -96.50301179436198 40.49984458709588, -96.46737219440422 40.59836214820364))'
S2C_MSIL2A_20250610T171921_N0511_R012_T14TNP_20250610T212107.SAFE	geography'SRID=4326;POLYGON ((-97.63002454002867 44.02654016130537, -97.62505994125075 44.24514241182411, -98.89473163781093 44.252782624244745, -98.90456840104913 44.22308825025713, -98.57747317283726 44.175707855915725, -98.57647981870977 44.17556770767145, -98.57639290635151 44.17582514898611, -98.57629324194981 44.17581048965357, -98.57628149530947 44.175845170792186, -98.57609932724195 44.17581844275277, -98.57601955714209 44.17605384180965, -98.57575254728116 44.176014767403, -98.57535545938676 44.17719145466735, -98.28913724945043 44.13618119444364, -98.28930787127533 44.13568263313396, -98.28930716184554 44.13568253118756, -98.28962110690995 44.13476361689312, -97.97407402893616 44.08376022328925, -97.9737017835415 44.084830481579615, -97.69717670151536 44.039522508794846, -97.69751283138999 44.03856895309288, -97.63002454002867 44.02654016130537))'
S2C_MSIL2A_20250610T171921_N0511_R012_T15TTF_20250610T205705.SAFE	geography'SRID=4326;POLYGON ((-96.13446690927076 41.507395763477, -96.59412455183308 41.49564643575739, -96.54082260253307 40.50846282585221, -96.49951958911427 40.509497993539846, -96.450101845078 40.64610209750487, -96.39695555767752 40.79238623104571, -96.34358042446749 40.93859395929186, -96.28999389850904 41.084745282204175, -96.2364048842963 41.23086128490672, -96.18253479558784 41.37695334144768, -96.13446690927076 41.507395763477))'
S2C_MSIL2A_20250610T171921_N0511_R012_T14TLK_20250610T205705.SAFE	geography'SRID=4326;POLYGON ((-100.34263035077406 39.652606964660194, -100.05144935754969 39.656847486720984, -100.06564268626744 40.5704549242997, -100.06639710969563 40.56799621516135, -100.11128299864835 40.42085910390088, -100.15601495825267 40.27371651158809, -100.20036448876269 40.12649326501347, -100.24476640273568 39.979270548378, -100.28890111474404 39.831984152900816, -100.33305700857146 39.68471672195852, -100.34263035077406 39.652606964660194))'
S2A_MSIL2A_20250610T164711_N0511_R126_T16TBM_20250611T010715.SAFE	geography'SRID=4326;POLYGON ((-89.72424088994916 41.42979908030563, -89.27696656733475 41.441212166985935, -89.31240724139609 42.42936087235922, -89.41095669348164 42.4267977822754, -89.41173974492179 42.42433436926402, -89.45840399579028 42.27737839563628, -89.50482324137222 42.13043487727683, -89.55096932836572 41.98350961369276, -89.59719301522294 41.836603124168896, -89.64323775914049 41.68966278151606, -89.68914146041446 41.54265295545302, -89.72424088994916 41.42979908030563))'
S2A_MSIL2A_20250610T164711_N0511_R126_T15SXB_20250611T010715.SAFE	geography'SRID=4326;POLYGON ((-91.05571419765775 36.94053894002651, -90.64426763054043 36.93451075320804, -90.61305784244584 37.92337349546603, -90.77326171908119 37.925773834268156, -90.79177272568002 37.86150205654767, -90.834166907102 37.71401741610862, -90.87671076056856 37.56654172815395, -90.91914421650527 37.41897739067469, -90.9613670136064 37.271434115144125, -91.00347319836224 37.123949965739406, -91.04554656137641 36.976555189468975, -91.05571419765775 36.94053894002651))'
S2A_MSIL2A_20250610T164711_N0511_R126_T16TBK_20250611T010715.SAFE	geography'SRID=4326;POLYGON ((-90.27764753953281 39.614348507013716, -89.21676465654707 39.64044856303257, -89.24913477999112 40.62894899386581, -89.9768648526785 40.61067754106551, -90.00685858759519 40.51252333041361, -90.0516598542897 40.36544627758138, -90.09614403924152 40.21833151352581, -90.14053100180472 40.07126596413288, -90.18472475469852 39.92406656203507, -90.22895497362664 39.77688910128845, -90.27308014573421 39.62965870351475, -90.27764753953281 39.614348507013716))'
S2A_MSIL2A_20250610T164711_N0511_R126_T16TCL_20250611T010715.SAFE	geography'SRID=4326;POLYGON ((-89.3971826192205 41.52685230149302, -89.36158097735907 40.538607851727775, -88.06541547567338 40.55783709926159, -88.08149180738359 41.546758769895376, -89.3971826192205 41.52685230149302))'
S2A_MSIL2A_20250610T164711_N0511_R126_T16SCF_20250611T010715.SAFE	geography'SRID=4326;POLYGON ((-89.24837990395392 37.02527578563511, -89.21991719169928 36.03616769808406, -88.0014519629642 36.05254100905861, -88.01430253846532 37.042247242200354, -89.24837990395392 37.02527578563511))'
S2A_MSIL2A_20250610T164711_N0511_R126_T15TYE_20250611T010715.SAFE	geography'SRID=4326;POLYGON ((-90.27354778449278 39.628091148449236, -89.39224764301619 39.60554763793313, -89.339654308026 40.59281342227294, -89.97723761185894 40.60945769021264, -90.00685858759519 40.51252333041361, -90.0516598542897 40.36544627758138, -90.09614403924152 40.21833151352581, -90.14053100180472 40.07126596413288, -90.18472475469852 39.92406656203507, -90.22895497362664 39.77688910128845, -90.27308014573421 39.62965870351475, -90.27354778449278 39.628091148449236))'
S2A_MSIL2A_20250610T164711_N0511_R126_T16SDG_20250611T010715.SAFE	geography'SRID=4326;POLYGON ((-87.31815740828787 37.945662919750085, -88.13852907879904 37.9420809165272, -88.12362950841452 36.95256487264268, -87.64954124845688 36.95458907158886, -87.60864583783555 37.07804310087893, -87.55988776496984 37.224712347951765, -87.51103607342894 37.3713590297263, -87.46203835389029 37.51789817066752, -87.41289013276328 37.66443045732701, -87.36363138883277 37.810952965584434, -87.31815740828787 37.945662919750085))'
S2A_MSIL2A_20250610T164711_N0511_R126_T16SDJ_20250611T010715.SAFE	geography'SRID=4326;POLYGON ((-86.88695652007473 39.20130420272236, -86.88607436984346 39.750212021802014, -88.16762472753088 39.74439520181332, -88.15133248212535 38.755193805393134, -87.03986409687977 38.76013398850019, -87.01320915320595 38.837460583096025, -86.96252870104723 38.983912375096665, -86.91167383356814 39.130285546729, -86.88695652007473 39.20130420272236))'
S2A_MSIL2A_20250610T164711_N0511_R126_T16TEK_20250611T010715.SAFE	geography'SRID=4326;POLYGON ((-86.37285841930618 40.647330023659556, -87.00023656389149 40.650856515774606, -87.00023315577859 39.66160695799293, -86.7263648410235 39.660098470298294, -86.70680784074699 39.71556172812699, -86.65499907926558 39.86195806340103, -86.60290285295284 40.00838245994203, -86.55048683787602 40.154806325803264, -86.49788828240341 40.30123135540201, -86.4451059813644 40.44758730935008, -86.39223992928521 40.593843214004, -86.37285841930618 40.647330023659556))'
S2A_MSIL2A_20250610T164711_N0511_R126_T15TYG_20250611T010715.SAFE	geography'SRID=4326;POLYGON ((-89.7286709013812 41.41555543122984, -89.2944377014587 41.40403474612011, -89.23686356729512 42.39088066238852, -89.42078330832267 42.39585420211451, -89.45840399579028 42.27737839563628, -89.50482324137222 42.13043487727683, -89.55096932836572 41.98350961369276, -89.59719301522294 41.836603124168896, -89.64323775914049 41.68966278151606, -89.68914146041446 41.54265295545302, -89.7286709013812 41.41555543122984))'
S2A_MSIL2A_20250610T164711_N0511_R126_T16TDK_20250611T010715.SAFE	geography'SRID=4326;POLYGON ((-88.18317260660315 40.64479480422486, -88.16613169555372 39.655752572676114, -86.88622008547372 39.66155122739065, -86.88455693238029 40.65079881136531, -88.18317260660315 40.64479480422486))'
S2A_MSIL2A_20250610T164711_N0511_R126_T15TYF_20250611T010715.SAFE	geography'SRID=4326;POLYGON ((-90.0039408843973 40.52207148622352, -89.34444498559898 40.50488583658978, -89.28942535132568 41.49194363396281, -89.70150669238032 41.502895490361915, -89.7348823862658 41.39558387759093, -89.78045821564415 41.248419069082814, -89.82605313001542 41.10122106946518, -89.87157205158779 40.95402831099164, -89.91688430781714 40.8068370614567, -89.96190287454944 40.65964047139506, -90.0039408843973 40.52207148622352))'
S2A_MSIL2A_20250610T164711_N0511_R126_T16SBJ_20250611T010715.SAFE	geography'SRID=4326;POLYGON ((-90.46393246526203 38.98708688099008, -90.45026011044493 38.7099201955759, -89.18865192655385 38.74036995699254, -89.21960079191267 39.7290432642928, -90.25091272414367 39.703623702233294, -90.27308014573421 39.62965870351475, -90.31702599328985 39.48234940829101, -90.36088690372893 39.3349584109887, -90.40463738782113 39.18754181158384, -90.44825199644244 39.04015084174524, -90.46393246526203 38.98708688099008))'
S2A_MSIL2A_20250610T164711_N0511_R126_T16SCJ_20250611T010715.SAFE	geography'SRID=4326;POLYGON ((-89.33363283056224 39.72680595308774, -89.301097327331 38.73820958831532, -88.03810488537859 38.75625435897602, -88.05279562809639 39.74549354563108, -89.33363283056224 39.72680595308774))'
S2A_MSIL2A_20250610T164711_N0511_R126_T15SYA_20250611T010715.SAFE	geography'SRID=4326;POLYGON ((-90.75206945697532 37.02528430302893, -90.78052649213598 36.03617591535172, -89.56341398032555 36.007451011934776, -89.51941449107781 36.995510653879045, -90.75206945697532 37.02528430302893))'
S2A_MSIL2A_20250610T164711_N0511_R126_T16TDL_20250611T010715.SAFE	geography'SRID=4326;POLYGON ((-88.19944910163338 41.54558876800179, -88.18162029219911 40.556706911840905, -86.88470843547175 40.5626923872254, -86.88296836561118 41.55178511688993, -88.19944910163338 41.54558876800179))'
S2A_MSIL2A_20250610T164711_N0511_R126_T16TCK_20250611T010715.SAFE	geography'SRID=4326;POLYGON ((-89.36468078702738 40.62663972727231, -89.33065130260064 39.638218234831534, -88.05144935754969 39.656847486720984, -88.066815204235 40.645928490590144, -89.36468078702738 40.62663972727231))'
S2A_MSIL2A_20250610T164711_N0511_R126_T15SYV_20250611T010715.SAFE	geography'SRID=4326;POLYGON ((-90.7780477118352 36.124284255378335, -90.80526871562567 35.1350099026398, -89.60167165206713 35.10721816203458, -89.559581263597 36.09546699375022, -90.7780477118352 36.124284255378335))'
S2A_MSIL2A_20250610T164711_N0511_R126_T15SYB_20250611T010715.SAFE	geography'SRID=4326;POLYGON ((-90.72492653924301 37.925590547672954, -90.75467671035364 36.93665039764339, -89.52344565573671 36.90697181308603, -89.47744908495345 37.89483865903757, -90.72492653924301 37.925590547672954))'
S2A_MSIL2A_20250610T164711_N0511_R126_T16SBF_20250611T010715.SAFE	geography'SRID=4326;POLYGON ((-90.37131820920371 36.99866808026183, -90.32869364809062 36.01049725766069, -89.11143123293883 36.03812799310683, -89.13850562461279 37.02730768000537, -90.37131820920371 36.99866808026183))'
S2A_MSIL2A_20250610T164711_N0511_R126_T15SXC_20250611T010715.SAFE	geography'SRID=4326;POLYGON ((-90.7985188818132 37.83803292992994, -90.61590002865951 37.83530211029287, -90.5923205320384 38.54971288603038, -90.62120917802048 38.45095965421568, -90.66412670301763 38.30370608184595, -90.70686648594256 38.15636207255907, -90.74930754613929 38.00894474507628, -90.79177272568002 37.86150205654767, -90.7985188818132 37.83803292992994))'
S2A_MSIL2A_20250610T164711_N0511_R126_T15SYD_20250611T010715.SAFE	geography'SRID=4326;POLYGON ((-90.53834301044594 38.734177907387085, -89.43792685625729 38.70656329494251, -89.38763948191423 39.69403311805837, -90.24718527579736 39.716060904775425, -90.27308014573421 39.62965870351475, -90.31702599328985 39.48234940829101, -90.36088690372893 39.3349584109887, -90.40463738782113 39.18754181158384, -90.44825199644244 39.04015084174524, -90.4917893101932 38.892817089493576, -90.53503324800116 38.745487684368335, -90.53834301044594 38.734177907387085))'
S2A_MSIL2A_20250610T164711_N0511_R126_T16SBE_20250611T010715.SAFE	geography'SRID=4326;POLYGON ((-90.33240658759655 36.09852303080595, -90.29163167735423 35.11016547706432, -89.0878912416572 35.13689854165628, -89.11378957265575 36.12624261200447, -90.33240658759655 36.09852303080595))'
S2A_MSIL2A_20250610T164711_N0511_R126_T16SDH_20250611T010715.SAFE	geography'SRID=4326;POLYGON ((-87.00942298706246 38.84840150396209, -88.15275135075291 38.843310058483205, -88.13717219597591 37.85395064837389, -87.34795570419956 37.85738986715213, -87.31415587989564 37.95751685687744, -87.2645279179822 38.104163161818335, -87.2147058954052 38.25087846593198, -87.16454804935526 38.397607339063626, -87.11415081666141 38.54431712200638, -87.06371871576236 38.69093119947371, -87.01320915320595 38.837460583096025, -87.00942298706246 38.84840150396209))'
S2A_MSIL2A_20250610T164711_N0511_R126_T15SXA_20250611T010715.SAFE	geography'SRID=4326;POLYGON ((-91.30827890671442 36.04324138253769, -90.67138577052769 36.03410504881955, -90.64153245372125 37.023137802563134, -91.03061916692903 37.028850033694575, -91.04554656137641 36.976555189468975, -91.08716908567217 36.82911804911673, -91.12892275351021 36.68178296237909, -91.17057973401587 36.53442932441608, -91.21191274166688 36.386956054253226, -91.2534435296736 36.23951682489394, -91.29466067706413 36.0919678682531, -91.30827890671442 36.04324138253769))'
S2A_MSIL2A_20250610T164711_N0511_R126_T16TCM_20250611T010715.SAFE	geography'SRID=4326;POLYGON ((-89.42904454984796 42.369837738352075, -89.39393916355972 41.438836285507165, -88.08002716016999 41.458681613653354, -88.09685168418682 42.44744302996699, -89.41082397435282 42.42721530532946, -89.41173974492179 42.42433436926402, -89.42904454984796 42.369837738352075))'
S2A_MSIL2A_20250610T164711_N0511_R126_T16TBL_20250611T010715.SAFE	geography'SRID=4326;POLYGON ((-90.00398797411304 40.5219173855791, -89.24618611840131 40.54090999482793, -89.28005188450415 41.52923550071836, -89.69662623956634 41.518587426664965, -89.7348823862658 41.39558387759093, -89.78045821564415 41.248419069082814, -89.82605313001542 41.10122106946518, -89.87157205158779 40.95402831099164, -89.91688430781714 40.8068370614567, -89.96190287454944 40.65964047139506, -90.00398797411304 40.5219173855791))'
S2B_MSIL2A_20250610T162829_N0511_R083_T16TDM_20250610T202931.SAFE	geography'SRID=4326;POLYGON ((-87.18552822379405 41.462271637739526, -86.88312689683454 41.46369251697452, -86.88134753564793 42.42997941323349, -86.92597572726997 42.289325937162246, -86.97248950014753 42.1422918096455, -87.01887843264504 41.99520968372758, -87.06513131397713 41.84810130984707, -87.11122725058864 41.70096115345847, -87.15709589994226 41.55384208404763, -87.18552822379405 41.462271637739526))'
S2B_MSIL2A_20250610T162829_N0511_R083_T16SEG_20250610T202931.SAFE	geography'SRID=4326;POLYGON ((-87.00022763545476 37.947589571993284, -87.00022465569248 36.95788109520145, -85.76699475177708 36.95147947183065, -85.75064570841931 37.94095623057468, -87.00022763545476 37.947589571993284))'
S2B_MSIL2A_20250610T162829_N0511_R083_T16TDK_20250610T202931.SAFE	geography'SRID=4326;POLYGON ((-87.73586741798958 39.657701890083615, -86.88622008547372 39.66155122739065, -86.88455693238029 40.65079881136531, -87.43609006615232 40.64824885841226, -87.47383844646366 40.52429872591178, -87.51867865034697 40.37714796427988, -87.56342386350006 40.229927528012034, -87.60804268230723 40.08269686886848, -87.65249160424969 39.93540353345779, -87.69678415167324 39.78811388459992, -87.73586741798958 39.657701890083615))'
S2B_MSIL2A_20250610T162829_N0511_R083_T16SCH_20250610T202931.SAFE	geography'SRID=4326;POLYGON ((-88.26694131257456 37.85159335621728, -88.02533655911799 37.85497766278228, -88.03651987774644 38.64263095905641, -88.04605534461773 38.61018880778396, -88.08930433442535 38.4628275847404, -88.13241611363325 38.31541709006852, -88.17531785080355 38.16796800729304, -88.21810245232777 38.02049466067548, -88.26075899915918 37.87304397729797, -88.26694131257456 37.85159335621728))'
S2B_MSIL2A_20250610T162829_N0511_R083_T16SDG_20250610T202931.SAFE	geography'SRID=4326;POLYGON ((-88.13852907879904 37.9420809165272, -88.12362950841452 36.95256487264268, -86.89036811332885 36.957830487987216, -86.8889139941678 37.94753713280259, -88.13852907879904 37.9420809165272))'
S2B_MSIL2A_20250610T162829_N0511_R083_T16SCG_20250610T202931.SAFE	geography'SRID=4326;POLYGON ((-88.52553407878312 36.94652668132475, -88.01312514326092 36.95355914294569, -88.0265600589798 37.943111174604404, -88.24136115468431 37.94009641441097, -88.26075899915918 37.87304397729797, -88.3032543694276 37.72559883434475, -88.34541383346875 37.578138402970566, -88.3877211510819 37.43078060644514, -88.42963650955046 37.28336580952807, -88.47173170807908 37.13604920065217, -88.51358449710054 36.98867408821162, -88.52553407878312 36.94652668132475))'
S2B_MSIL2A_20250610T162829_N0511_R083_T16TDL_20250610T202931.SAFE	geography'SRID=4326;POLYGON ((-87.46295859966229 40.56002366143198, -86.88470843547175 40.5626923872254, -86.88296836561118 41.55178511688993, -87.15813672113738 41.550489967567074, -87.2027797246255 41.40671066288372, -87.24849523678233 41.25965370178491, -87.29392451409225 41.11259863963571, -87.33917779322823 40.965534616198326, -87.38426796244822 40.81847745409252, -87.42904230919811 40.671390789300425, -87.46295859966229 40.56002366143198))'
S2B_MSIL2A_20250610T162829_N0511_R083_T16SDJ_20250610T202931.SAFE	geography'SRID=4326;POLYGON ((-88.00324169714952 38.75585202977806, -86.88766443792474 38.760810475743604, -86.88607436984346 39.750212021802014, -87.70926274240163 39.74647565783377, -87.74091862939875 39.64084714336767, -87.78493929038393 39.493598154959344, -87.82878258958462 39.34637679974932, -87.87253996487206 39.19919242203701, -87.91613568170358 39.05199430414452, -87.9595540006831 38.90477823477783, -88.0027564405118 38.75750299972631, -88.00324169714952 38.75585202977806))'
S2B_MSIL2A_20250610T162829_N0511_R083_T16SDH_20250610T202931.SAFE	geography'SRID=4326;POLYGON ((-88.14382151458904 38.27621784032857, -88.13717219597591 37.85395064837389, -86.88904641935846 37.85938968525829, -86.88752596186193 38.84894433319432, -87.97735625537345 38.844091124180295, -88.0027564405118 38.75750299972631, -88.04605534461773 38.61018880778396, -88.08930433442535 38.4628275847404, -88.13241611363325 38.31541709006852, -88.14382151458904 38.27621784032857))'
S2C_MSIL2A_20250609T174931_N0511_R141_T13TEG_20250609T232515.SAFE	geography'SRID=4326;POLYGON ((-103.68419749350086 41.52309483522886, -103.66510843311784 42.44491772432881, -105.00024322601921 42.45269119915018, -105.00023949430313 41.463751887157464, -103.70901520156937 41.45637576056455, -103.70203601112193 41.47508955792888, -103.68419749350086 41.52309483522886))'
S2C_MSIL2A_20250609T174931_N0511_R141_T13TGN_20250609T232515.SAFE	geography'SRID=4326;POLYGON ((-101.13041908801777 47.787043708566756, -102.32846057360035 47.82260755999096, -102.37780434448764 46.835655727197015, -101.56218441022943 46.81182289072738, -101.50310723631816 46.94738233931204, -101.43965904890814 47.09246404707751, -101.37557709637825 47.23748586265169, -101.31126756730802 47.38253239574109, -101.24671488648313 47.52755203579851, -101.18183674662868 47.67254664484744, -101.13041908801777 47.787043708566756))'
S2C_MSIL2A_20250609T174931_N0511_R141_T13TFG_20250609T232515.SAFE	geography'SRID=4326;POLYGON ((-103.34047225725307 42.43895180522469, -103.78400297732625 42.44624086265282, -103.80265404258907 41.457520191909595, -103.70915066773952 41.456012525533644, -103.70203601112193 41.47508955792888, -103.6706108048576 41.55965800542958, -103.61646080657155 41.70576454506259, -103.56153810746868 41.851658844584605, -103.5072541463611 41.99777875977189, -103.45231359146574 42.14377433105779, -103.39732672812059 42.28986638729678, -103.341657203371 42.43583136441519, -103.34047225725307 42.43895180522469))'
S2C_MSIL2A_20250609T174931_N0511_R141_T13TGK_20250609T232515.SAFE	geography'SRID=4326;POLYGON ((-102.27845147312496 45.12044447218662, -102.45736864275568 45.12552488296481, -102.478795445397 44.630946438725196, -102.42292544424988 44.767568580493865, -102.36371410888873 44.913076496357874, -102.30406619765648 45.05851456068966, -102.27845147312496 45.12044447218662))'
S2C_MSIL2A_20250609T174931_N0511_R141_T13UEP_20250609T232515.SAFE	geography'SRID=4326;POLYGON ((-105.00027006455566 48.36654191688174, -105.00026690365507 47.765166566721895, -103.53521313306013 47.75581864580811, -103.5067305244228 48.7433372246506, -104.85531101320494 48.75207388664582, -104.8847466938606 48.67400406407638, -104.939828756217 48.527767215023566, -104.99466601719786 48.38150614281008, -105.00027006455566 48.36654191688174))'
S2C_MSIL2A_20250609T174931_N0511_R141_T13UFP_20250609T232515.SAFE	geography'SRID=4326;POLYGON ((-103.63972075371633 48.74498411169783, -103.6656686510332 47.75740973734738, -102.20190528469708 47.73104447774509, -102.14756129152694 48.71769475117851, -103.63972075371633 48.74498411169783))'
S2C_MSIL2A_20250609T174931_N0511_R141_T13TGL_20250609T232515.SAFE	geography'SRID=4326;POLYGON ((-101.90689209465258 46.00967334686605, -102.41645116040287 46.024365075689296, -102.46129313653579 45.03703440306415, -102.31458170563647 45.03287485102539, -102.30406619765648 45.05851456068966, -102.24394723291209 45.20386697942551, -102.18384749994378 45.349331425026, -102.12351337124807 45.494811791871776, -102.06263154675308 45.64014166983964, -102.0015002276249 45.78546809419024, -101.97271668795528 45.85398772636228, -101.93907959043162 45.93412243963609, -101.90689209465258 46.00967334686605))'
S2C_MSIL2A_20250609T174931_N0511_R141_T13TFM_20250609T232515.SAFE	geography'SRID=4326;POLYGON ((-103.68596471962562 46.94616825397537, -103.70951593127273 45.95826451839171, -102.29374566695488 45.93349650488509, -102.24441508393578 46.920536388192055, -103.68596471962562 46.94616825397537))'
S2C_MSIL2A_20250609T174931_N0511_R141_T14TLS_20250609T232515.SAFE	geography'SRID=4326;POLYGON ((-101.51265861192718 46.925465596769, -101.62701019239009 46.92356100851489, -101.61580224149564 46.68833675344298, -101.5663355662854 46.80229758021097, -101.51265861192718 46.925465596769))'
S2C_MSIL2A_20250609T174931_N0511_R141_T13TGM_20250609T232515.SAFE	geography'SRID=4326;POLYGON ((-101.5243128861633 46.89872350867461, -102.37351464472057 46.92357305830357, -102.42054054444475 45.93643087306754, -101.94387102700168 45.92270764989566, -101.93907959043162 45.93412243963609, -101.87717157682376 46.0794337314802, -101.8557552327612 46.129758066061, -101.81672554898674 46.22159675340704, -101.75446838586612 46.36688680930055, -101.69190066729423 46.5120715444151, -101.62930787707172 46.65722260660097, -101.5663355662854 46.80229758021097, -101.5243128861633 46.89872350867461))'
S2C_MSIL2A_20250609T174931_N0511_R141_T13TEK_20250609T232515.SAFE	geography'SRID=4326;POLYGON ((-105.00025443963811 45.15383725089235, -105.00025015292684 44.16536649550738, -103.62710599954544 44.157116557384406, -103.60358882685108 45.145299673094094, -105.00025443963811 45.15383725089235))'
S2C_MSIL2A_20250609T174931_N0511_R141_T13TEL_20250609T232515.SAFE	geography'SRID=4326;POLYGON ((-105.00025853973813 46.05357436995249, -105.00025404640142 45.06525999447365, -103.60574612901158 45.05674859305782, -103.58109585564667 46.044766226835556, -105.00025853973813 46.05357436995249))'
S2C_MSIL2A_20250609T174931_N0511_R141_T13TFF_20250609T232515.SAFE	geography'SRID=4326;POLYGON ((-103.67658393176592 41.543583709365706, -103.80103038521031 41.545593768972765, -103.80744566875319 41.189625289283406, -103.8023249351442 41.203524215831365, -103.77764067827296 41.27069406083027, -103.72377672159864 41.41679465202517, -103.70203601112193 41.47508955792888, -103.67658393176592 41.543583709365706))'
S2C_MSIL2A_20250609T174931_N0511_R141_T13TFJ_20250609T232515.SAFE	geography'SRID=4326;POLYGON ((-102.64135098888869 44.22776186392273, -103.74751912777683 44.24655093494868, -103.76796729995817 43.25815531909012, -103.02915057816003 43.24582817116441, -103.00388522515252 43.310868288383375, -102.94697375558177 43.45663749319268, -102.88973016666189 43.602381792350506, -102.83229925884808 43.74808604425207, -102.77466589852598 43.89377130200542, -102.71676777808896 44.0394565559065, -102.65850710384392 44.18516152910236, -102.64135098888869 44.22776186392273))'
S2C_MSIL2A_20250609T174931_N0511_R141_T13UEQ_20250609T232515.SAFE	geography'SRID=4326;POLYGON ((-104.88839898896161 48.664307620179144, -103.50933035947723 48.65538534877128, -103.47940434627488 49.64273706516441, -104.51182964938798 49.6495157653667, -104.54977680027659 49.551256210074826, -104.6060618262385 49.40514698048612, -104.6620980207532 49.258961350810175, -104.7182849566536 49.11280743010872, -104.77397661996552 48.96654348618007, -104.8295880961101 48.82029665332999, -104.8847466938606 48.67400406407638, -104.88839898896161 48.664307620179144))'
S2C_MSIL2A_20250609T174931_N0511_R141_T13TFN_20250609T232515.SAFE	geography'SRID=4326;POLYGON ((-103.66339978002995 47.84592105208886, -103.68811311448758 46.85818197246455, -102.24891500137986 46.83262831925138, -102.19715331707549 47.81947440295927, -103.66339978002995 47.84592105208886))'
S2C_MSIL2A_20250609T174931_N0511_R141_T13TFK_20250609T232515.SAFE	geography'SRID=4326;POLYGON ((-102.33918721045615 44.97287984166208, -102.33237892318715 45.122671880514964, -103.72795903223157 45.14675285555784, -103.74938307519848 44.158520786393645, -102.67643535419955 44.140324505306, -102.65850710384392 44.18516152910236, -102.59984196286477 44.33083289202556, -102.54116010816988 44.47651826353458, -102.48239011207448 44.62215619261208, -102.42292544424988 44.767568580493865, -102.36371410888873 44.913076496357874, -102.33918721045615 44.97287984166208))'
S2C_MSIL2A_20250609T174931_N0511_R141_T13TEJ_20250609T232515.SAFE	geography'SRID=4326;POLYGON ((-105.00025052587905 44.25341758107761, -105.00024643448815 43.26479037737325, -103.6475059675166 43.256794294201605, -103.62505994125077 44.24514241182411, -105.00025052587905 44.25341758107761))'
S2C_MSIL2A_20250609T174931_N0511_R141_T13TEN_20250609T232515.SAFE	geography'SRID=4326;POLYGON ((-105.0002673576574 47.85370184248753, -105.00026241255061 46.86569987335423, -103.55985017558999 46.85663988190739, -103.53272262323178 47.844325046514086, -105.0002673576574 47.85370184248753))'
S2C_MSIL2A_20250609T174931_N0511_R141_T13TFH_20250609T232515.SAFE	geography'SRID=4326;POLYGON ((-102.99512194294232 43.33331396917382, -103.76618786223798 43.346200009839855, -103.78571286582209 42.35764145317536, -103.3740538976175 42.35088753283636, -103.341657203371 42.43583136441519, -103.28618337317641 42.5819163221848, -103.22952624613917 42.72765742992349, -103.1733370459428 42.87349085688198, -103.11717725909168 43.01933841458466, -103.06051928474368 43.16507630703646, -103.00388522515252 43.310868288383375, -102.99512194294232 43.33331396917382))'
S2C_MSIL2A_20250609T174931_N0511_R141_T13TEM_20250609T232515.SAFE	geography'SRID=4326;POLYGON ((-105.00026284243779 46.953709179213256, -105.00025812995321 45.965551148516354, -103.58334389839345 45.956769859075806, -103.55749190205454 46.94462144140276, -105.00026284243779 46.953709179213256))'
S2C_MSIL2A_20250609T174931_N0511_R141_T13TFL_20250609T232515.SAFE	geography'SRID=4326;POLYGON ((-103.7074679641667 46.046265456303395, -103.72992432822252 45.05819732058294, -102.33649579223146 45.034190140253024, -102.28945585240228 46.02142174250963, -103.7074679641667 46.046265456303395))'
S2C_MSIL2A_20250609T174931_N0511_R141_T13TEH_20250609T232515.SAFE	geography'SRID=4326;POLYGON ((-105.00024679052603 43.35285539234588, -105.00024288390158 42.36407192041621, -103.66698539119554 42.35632239007374, -103.64555267001923 43.34483481646455, -105.00024679052603 43.35285539234588))'
S2C_MSIL2A_20250609T174931_N0511_R141_T13TEF_20250609T232515.SAFE	geography'SRID=4326;POLYGON ((-103.68422055125467 41.523032784452624, -103.68379957458713 41.54431153543986, -105.00023981916343 41.551844670066835, -105.00023625343321 40.56274991351036, -104.03764290725279 40.557348791451616, -103.9921777820612 40.68278730587743, -103.93913583506496 40.829077588796586, -103.88611330608707 40.975352546394646, -103.83255932838138 41.12146065953, -103.8023249351442 41.203524215831365, -103.77764067827296 41.27069406083027, -103.72377672159864 41.41679465202517, -103.70203601112193 41.47508955792888, -103.68422055125467 41.523032784452624))'
S2A_MSIL2A_20250609T171721_N0511_R112_T15SUC_20250609T224613.SAFE	geography'SRID=4326;POLYGON ((-94.56731921575005 38.83681682811433, -95.30393084279649 38.82627262441358, -95.27281842761565 37.837503416034735, -94.90720086133926 37.8426248464376, -94.90017227917747 37.86347821646565, -94.85047748633912 38.0101792185807, -94.80055346995088 38.156933306827824, -94.7503909413264 38.303671658409726, -94.7002991549715 38.450335246313614, -94.65007751663208 38.59691319835445, -94.59957222815416 38.7433746509404, -94.56731921575005 38.83681682811433))'
S2A_MSIL2A_20250609T171721_N0511_R112_T14SNF_20250609T224613.SAFE	geography'SRID=4326;POLYGON ((-98.85747851740321 36.05599846290049, -97.78119997991008 36.05052821595199, -97.76556196865786 37.04016090428803, -98.57926461494806 37.04439340949299, -98.58358778143244 37.02919415457973, -98.62551057295833 36.8816748921032, -98.6672175199328 36.734203849901085, -98.70879726972925 36.58678237224123, -98.75040981239424 36.439400278207536, -98.79149270382568 36.29193691427796, -98.83278212297884 36.14447540460885, -98.85747851740321 36.05599846290049))'
S2A_MSIL2A_20250609T171721_N0511_R112_T15SUA_20250609T224613.SAFE	geography'SRID=4326;POLYGON ((-95.17967890170611 37.02622058545742, -95.24837990395393 37.02527578563511, -95.24289540541854 36.83468390496736, -95.24210197987252 36.83709961501339, -95.19374999631216 36.98382924235113, -95.17967890170611 37.02622058545742))'
S2A_MSIL2A_20250609T171721_N0511_R112_T15SUD_20250609T224613.SAFE	geography'SRID=4326;POLYGON ((-94.25070643311135 39.742605999519114, -95.33363283056225 39.72680595308774, -95.301097327331 38.73820958831532, -94.59788715711929 38.74825657341693, -94.54903298795642 38.88979497836976, -94.4982895438675 39.036090588975306, -94.44726028334335 39.18234679919851, -94.39631767277216 39.32870537842359, -94.34504649322736 39.47504622998368, -94.29348003489808 39.62145457662132, -94.25070643311135 39.742605999519114))'
S2A_MSIL2A_20250609T171721_N0511_R112_T15TTE_20250609T224613.SAFE	geography'SRID=4326;POLYGON ((-96.54546370146345 40.59640146890937, -96.49451264760637 39.609013147606916, -95.21676465654708 39.64044856303257, -95.24913477999112 40.62894899386581, -96.54546370146345 40.59640146890937))'
S2A_MSIL2A_20250609T171721_N0511_R112_T14SQJ_20250609T224613.SAFE	geography'SRID=4326;POLYGON ((-96.66683353200474 39.72681533153163, -96.69936254729447 38.73821864423846, -95.43792685625729 38.70656329494251, -95.38763948191423 39.69403311805837, -96.66683353200474 39.72681533153163))'
S2A_MSIL2A_20250609T171721_N0511_R112_T14SPF_20250609T224613.SAFE	geography'SRID=4326;POLYGON ((-97.87551445266065 37.041254047993014, -97.88976030868119 36.05158282608199, -96.67138577052769 36.03410504881955, -96.64153245372125 37.023137802563134, -97.87551445266065 37.041254047993014))'
S2A_MSIL2A_20250609T171721_N0511_R112_T14SNH_20250609T224613.SAFE	geography'SRID=4326;POLYGON ((-98.34660703404263 37.85597904711853, -97.75213459127728 37.85282950328523, -97.73503988519937 38.84214867288121, -98.05910379450454 38.84390317257534, -98.07255193624192 38.79804810645248, -98.11591470409162 38.6507096004592, -98.15897663249281 38.50338036950584, -98.20193902586142 38.356082346739015, -98.24474039024174 38.20882657678271, -98.28729445536096 38.061502412865785, -98.32983852355336 37.91415530596322, -98.34660703404263 37.85597904711853))'
S2A_MSIL2A_20250609T171721_N0511_R112_T14SNG_20250609T224613.SAFE	geography'SRID=4326;POLYGON ((-98.60443775797562 36.95582658886307, -97.76699475177708 36.95147947183065, -97.75064570841931 37.94095623057468, -98.32122565102222 37.943985124866444, -98.32983852355336 37.91415530596322, -98.37232313390382 37.76676024125272, -98.41473653666318 37.61933821091451, -98.4570340801297 37.47185969478279, -98.49928507336432 37.32433747293003, -98.54160675709437 37.176789740532406, -98.58358778143244 37.02919415457973, -98.60443775797562 36.95582658886307))'
S2A_MSIL2A_20250609T171721_N0511_R112_T14SPJ_20250609T224613.SAFE	geography'SRID=4326;POLYGON ((-97.83523819233865 39.598856998205505, -97.84912778038333 38.75519833855342, -96.58623972133758 38.73593643111066, -96.55211502393708 39.72445184157785, -97.79181745753571 39.74376091512366, -97.81032115376928 39.68211324800702, -97.83523819233865 39.598856998205505))'
S2A_MSIL2A_20250609T171721_N0511_R112_T14SQF_20250609T224613.SAFE	geography'SRID=4326;POLYGON ((-96.75206945697532 37.02528430302893, -96.78052649213598 36.03617591535172, -95.56341398032555 36.007451011934776, -95.51941449107781 36.995510653879045, -96.75206945697532 37.02528430302893))'
S2A_MSIL2A_20250609T171721_N0511_R112_T14SNJ_20250609T224613.SAFE	geography'SRID=4326;POLYGON ((-98.08495098397348 38.75591848099036, -97.73659678080747 38.754036048213806, -97.71871965132908 39.74319619212293, -97.79186580699016 39.743599832114334, -97.81032115376928 39.68211324800702, -97.8543719053056 39.5349247944658, -97.89838077051698 39.38769592982808, -97.94203289156717 39.24033705542936, -97.98574027234163 39.092943081630814, -98.02930736302584 38.945502141589934, -98.07255193624192 38.79804810645248, -98.08495098397348 38.75591848099036))'
S2A_MSIL2A_20250609T171721_N0511_R112_T15TUE_20250609T224613.SAFE	geography'SRID=4326;POLYGON ((-94.0610356092688 40.27390293884432, -94.06681520423501 40.645928490590144, -95.3646807870274 40.62663972727231, -95.33065130260064 39.638218234831534, -94.2821705395527 39.653487451949, -94.24176870493184 39.767921110736985, -94.18965059527518 39.91436773064719, -94.13734531247677 40.060834768931166, -94.0849288628891 40.20724749041315, -94.0610356092688 40.27390293884432))'
S2A_MSIL2A_20250609T171721_N0511_R112_T14SPG_20250609T224613.SAFE	geography'SRID=4326;POLYGON ((-97.86192606806475 37.94208532019618, -97.8768196851591 36.952569122489834, -96.64426763054043 36.93451075320804, -96.61305784244583 37.92337349546603, -97.86192606806475 37.94208532019618))'
S2A_MSIL2A_20250609T171721_N0511_R112_T15STA_20250609T224613.SAFE	geography'SRID=4326;POLYGON ((-95.1796352164265 37.02635219410112, -96.37131820920371 36.99866808026183, -96.32869364809063 36.01049725766069, -95.50587075235553 36.02917457938532, -95.48214213424434 36.10244249478082, -95.43434463290004 36.24940544754168, -95.38649394725152 36.39646958453704, -95.33841261230904 36.54341184580814, -95.2903212032843 36.690288533632334, -95.24210197987252 36.83709961501339, -95.19374999631216 36.98382924235113, -95.1796352164265 37.02635219410112))'
S2A_MSIL2A_20250609T171721_N0511_R112_T15STD_20250609T224613.SAFE	geography'SRID=4326;POLYGON ((-96.49897689950004 39.6975094680204, -96.45026011044494 38.7099201955759, -95.18865192655385 38.74036995699254, -95.21960079191267 39.7290432642928, -96.49897689950004 39.6975094680204))'
S2B_MSIL2A_20250609T165849_N0511_R069_T15SVA_20250609T210107.SAFE	geography'SRID=4326;POLYGON ((-92.8913070539634 36.28760881330724, -92.8902406792213 37.04653228101576, -94.12493526264659 37.04124978452211, -94.11068371215597 36.05157871290146, -92.96662057913187 36.05636149233462, -92.95164903771621 36.10258064929176, -92.903775369836 36.24925965284915, -92.90012536178152 36.26048419377396, -92.8913070539634 36.28760881330724))'
S2B_MSIL2A_20250609T165849_N0511_R069_T15TWE_20250609T210107.SAFE	geography'SRID=4326;POLYGON ((-91.71865177772217 39.74479815070907, -91.70165933840751 40.64355721409192, -93.0002365638915 40.650856515774606, -93.00023315577859 39.66160695799293, -91.7504380780477 39.654722990794106, -91.71865177772217 39.74479815070907))'
S2B_MSIL2A_20250609T165849_N0511_R069_T15SWA_20250609T210107.SAFE	geography'SRID=4326;POLYGON ((-92.64337276555564 37.04472687047209, -93.00022491682881 37.046583050483974, -93.00022206668983 36.05672396511734, -92.96655858758133 36.056552868568026, -92.95164903771621 36.10258064929176, -92.903775369836 36.24925965284915, -92.90012536178152 36.26048419377396, -92.85632489059472 36.39521198291721, -92.84924757375956 36.41687241115808, -92.80819469621021 36.54268743821255, -92.76029552224777 36.689448477272975, -92.71214832977918 36.836184531427314, -92.66378035934127 36.98293910490311, -92.64337276555564 37.04472687047209))'
S2B_MSIL2A_20250609T165849_N0511_R069_T14SQF_20250609T210107.SAFE	geography'SRID=4326;POLYGON ((-96.33857330780894 36.02574543960571, -95.56341398032555 36.007451011934776, -95.51941449107781 36.995510653879045, -96.0617313524749 37.0086098198306, -96.09783214845648 36.881626212575945, -96.13948315742893 36.73408422233692, -96.18114565710152 36.58654840456104, -96.22275888758803 36.4390346018218, -96.26411621749308 36.29141548411119, -96.30559491666048 36.14388061614984, -96.33857330780894 36.02574543960571))'
S2B_MSIL2A_20250609T165849_N0511_R069_T15SVB_20250609T210107.SAFE	geography'SRID=4326;POLYGON ((-94.13852907879905 37.9420809165272, -94.12362950841454 36.95256487264268, -92.89036811332885 36.957830487987216, -92.88891399416781 37.94753713280259, -94.13852907879905 37.9420809165272))'
S2B_MSIL2A_20250609T165849_N0511_R069_T15SVD_20250609T210107.SAFE	geography'SRID=4326;POLYGON ((-94.16762472753088 39.74439520181332, -94.15133248212537 38.755193805393134, -92.88766443792474 38.760810475743604, -92.88607436984347 39.750212021802014, -94.16762472753088 39.74439520181332))'
S2B_MSIL2A_20250609T165849_N0511_R069_T15TXE_20250609T210107.SAFE	geography'SRID=4326;POLYGON ((-91.39935169060765 40.63816859071473, -91.81730037733891 40.64479964997401, -91.83433447991831 39.65575725270223, -91.75053285786963 39.65445440629291, -91.71062281673869 39.76755040363348, -91.65886994704765 39.91377084062339, -91.60684539981293 40.059981250487134, -91.55463248928847 40.2062016166468, -91.50216509971582 40.35241144978042, -91.44970227923939 40.49869497524208, -91.39935169060765 40.63816859071473))'
S2B_MSIL2A_20250609T165849_N0511_R069_T15SWC_20250609T210107.SAFE	geography'SRID=4326;POLYGON ((-92.03410608527015 38.843767833613036, -93.00023047979299 38.848998483821255, -93.00022736409076 37.85944195932729, -92.37165281185932 37.85611174086411, -92.36921099271476 37.86336474857824, -92.31963369391958 38.00985540703368, -92.26991081108346 38.156302916493566, -92.21993449959666 38.30271804855213, -92.169842258652 38.44918567239826, -92.11958087509298 38.595635505530005, -92.06924514828704 38.74217595619887, -92.03410608527015 38.843767833613036))'
S2B_MSIL2A_20250609T165849_N0511_R069_T15SWD_20250609T210107.SAFE	geography'SRID=4326;POLYGON ((-91.71921612036098 39.74319893177143, -93.00023345437725 39.7502679270046, -93.00023019602958 38.760864457162924, -92.06452998960764 38.75580813023594, -92.01856073121736 38.88871159612976, -91.96769788464847 39.03528706392933, -91.91653073340308 39.1818369104429, -91.86523888086668 39.3283676486824, -91.81369051047776 39.47481543621885, -91.7622501435505 39.621250278393006, -91.71921612036098 39.74319893177143))'
S2B_MSIL2A_20250609T165849_N0511_R069_T15SUA_20250609T210107.SAFE	geography'SRID=4326;POLYGON ((-95.24837990395393 37.02527578563511, -95.2199171916993 36.03616769808406, -94.00145196296421 36.05254100905861, -94.01430253846532 37.042247242200354, -95.24837990395393 37.02527578563511))'
S2B_MSIL2A_20250609T165849_N0511_R069_T15SVC_20250609T210107.SAFE	geography'SRID=4326;POLYGON ((-94.15275135075291 38.843310058483205, -94.13717219597592 37.85395064837389, -92.88904641935848 37.85938968525829, -92.88752596186193 38.84894433319432, -94.15275135075291 38.843310058483205))'
S2B_MSIL2A_20250609T165849_N0511_R069_T15STA_20250609T210107.SAFE	geography'SRID=4326;POLYGON ((-96.33058561398295 36.05435895249863, -96.32869364809063 36.01049725766069, -95.11143123293884 36.03812799310683, -95.1385056246128 37.02730768000537, -96.06251827389853 37.00584184426985, -96.09783214845648 36.881626212575945, -96.13948315742893 36.73408422233692, -96.18114565710152 36.58654840456104, -96.22275888758803 36.4390346018218, -96.26411621749308 36.29141548411119, -96.30559491666048 36.14388061614984, -96.33058561398295 36.05435895249863))'
S2B_MSIL2A_20250609T165849_N0511_R069_T15STD_20250609T210107.SAFE	geography'SRID=4326;POLYGON ((-95.56437276499851 38.73130168204317, -95.18865192655385 38.74036995699254, -95.21960079191267 39.7290432642928, -95.26886354240067 39.72782904626224, -95.28287053371328 39.68109323979184, -95.32696107513459 39.53385999740052, -95.3708606952696 39.386636263655326, -95.41463620681728 39.2394244497556, -95.45830698098733 39.092240471651365, -95.50153822020432 38.94497188793841, -95.54484893048125 38.7977302630144, -95.56437276499851 38.73130168204317))'
S2B_MSIL2A_20250609T165849_N0511_R069_T15SWB_20250609T210107.SAFE	geography'SRID=4326;POLYGON ((-92.341889259406 37.94409481656923, -93.00022763545478 37.947589571993284, -93.00022465569249 36.95788109520145, -92.67259959809697 36.956180412937016, -92.66378035934127 36.98293910490311, -92.61528830165133 37.12975778053805, -92.5663434389299 37.276522269328055, -92.51715314031549 37.423269732810205, -92.46787264343668 37.57000804165092, -92.41857836545907 37.71672737941112, -92.36921099271476 37.86336474857824, -92.341889259406 37.94409481656923))'
S2B_MSIL2A_20250609T165849_N0511_R069_T15SUD_20250609T210107.SAFE	geography'SRID=4326;POLYGON ((-95.32725084175812 39.532888223064, -95.301097327331 38.73820958831532, -94.03810488537859 38.75625435897602, -94.05279562809639 39.74549354563108, -95.26888705230628 39.727750602978155, -95.28287053371328 39.68109323979184, -95.32696107513459 39.53385999740052, -95.32725084175812 39.532888223064))'
S2B_MSIL2A_20250609T165849_N0511_R069_T15TUE_20250609T210107.SAFE	geography'SRID=4326;POLYGON ((-95.29555685410463 39.63872932170369, -94.0514493575497 39.656847486720984, -94.06681520423501 40.645928490590144, -94.99522490584211 40.63213054784961, -95.01584899036672 40.56463506444271, -95.06051539248752 40.41744348680444, -95.10525675993625 40.270229184114775, -95.14977821450131 40.1229510962081, -95.1944510629238 39.975729306053054, -95.23872550577607 39.82838778979604, -95.28287053371328 39.68109323979184, -95.29555685410463 39.63872932170369))'
S2A_MSIL2A_20250608T174731_N0511_R098_T14TMQ_20250608T225513.SAFE	geography'SRID=4326;POLYGON ((-99.74421516287688 45.14940360822144, -100.27254965833141 45.14674718783555, -100.25111705335956 44.15851530960486, -100.14578955059088 44.15903581148315, -100.12510949866896 44.210777782725245, -100.06667900983676 44.35617716578996, -100.0083840982564 44.50168513521312, -99.94957580967315 44.647216429549886, -99.89046280606814 44.79287988949064, -99.83099587466617 44.93857561881609, -99.7711201880552 45.08422722903352, -99.74421516287688 45.14940360822144))'
S2A_MSIL2A_20250608T174731_N0511_R098_T13TFL_20250608T225513.SAFE	geography'SRID=4326;POLYGON ((-103.65210824798599 45.0568566385009, -102.33649579223146 45.034190140253024, -102.28945585240228 46.02142174250963, -103.31436380615534 46.03937823220161, -103.357764698982 45.914998198451855, -103.40865885196307 45.76828328217298, -103.45946881684368 45.62162901390441, -103.50975530762298 45.47498040098232, -103.55974814584502 45.32839124469675, -103.60975729601952 45.18189986726024, -103.65210824798599 45.0568566385009))'
S2A_MSIL2A_20250608T174731_N0511_R098_T14TLR_20250608T225513.SAFE	geography'SRID=4326;POLYGON ((-101.58406512039718 46.02435339629007, -101.53921420699882 45.037023116804335, -100.14563453547973 45.05951360004942, -100.1658919102777 46.0476276229589, -101.58406512039718 46.02435339629007))'
S2A_MSIL2A_20250608T174731_N0511_R098_T13TGL_20250608T225513.SAFE	geography'SRID=4326;POLYGON ((-102.41645116040287 46.024365075689296, -102.46129313653579 45.03703440306415, -101.06996660895842 44.99758761245698, -101.00067944006246 45.98354520692643, -102.41645116040287 46.024365075689296))'
S2A_MSIL2A_20250608T174731_N0511_R098_T13TFM_20250608T225513.SAFE	geography'SRID=4326;POLYGON ((-103.3448932653848 45.951885673362156, -102.29374566695488 45.93349650488509, -102.24441508393578 46.920536388192055, -102.99879121779506 46.933949778431625, -103.04847611429432 46.79444002545644, -103.10039362215366 46.64798610264151, -103.15226133580639 46.50149801244676, -103.20375283735683 46.35489833036005, -103.25522318559165 46.20829905801215, -103.30657713539102 46.06169358816288, -103.3448932653848 45.951885673362156))'
S2B_MSIL2A_20250608T172859_N0511_R055_T14SKH_20250608T205926.SAFE	geography'SRID=4326;POLYGON ((-102.4545029640868 38.797894647715, -102.40791466143585 37.81010790673744, -101.16175219508035 37.83959549435291, -101.19134725642266 38.82843976082239, -102.4545029640868 38.797894647715))'
S2B_MSIL2A_20250608T172859_N0511_R055_T14SMH_20250608T205926.SAFE	geography'SRID=4326;POLYGON ((-99.58823936106909 38.84582393123309, -100.15275135075291 38.843310058483205, -100.13717219597591 37.85395064837389, -99.92720079071303 37.854865654088286, -99.89163012170094 37.96013359011878, -99.84186212943949 38.10655271256645, -99.79199558015472 38.253053521813136, -99.7419180769868 38.39956180509765, -99.69170306168638 38.54612458717895, -99.64131755778115 38.69272235699054, -99.590500697676 38.839295960573686, -99.58823936106909 38.84582393123309))'
S2B_MSIL2A_20250608T172859_N0511_R055_T14TLR_20250608T205926.SAFE	geography'SRID=4326;POLYGON ((-101.13022728709414 45.04362361023687, -100.14563453547973 45.05951360004942, -100.1658919102777 46.0476276229589, -100.78832426427572 46.03741262835204, -100.81890943810372 45.949213105631074, -100.86981800295902 45.80271629792992, -100.9207631772862 45.65618620782694, -100.96333528246056 45.531957878822425, -100.97108230387944 45.50932438516856, -101.01011830674032 45.395859230746105, -101.0215069337011 45.362748121710894, -101.07186435276972 45.216065050435205, -101.121508042254 45.06921066958878, -101.13022728709414 45.04362361023687))'
S2B_MSIL2A_20250608T172859_N0511_R055_T14TMQ_20250608T205926.SAFE	geography'SRID=4326;POLYGON ((-100.27254965833141 45.14674718783555, -100.25111705335956 44.15851530960486, -98.87792550906389 44.165301274896635, -98.87583360281221 45.153769755990965, -100.27254965833141 45.14674718783555))'
S2B_MSIL2A_20250608T172859_N0511_R055_T14TPP_20250608T205926.SAFE	geography'SRID=4326;POLYGON ((-97.58157962000107 44.24373233162067, -97.74751912777681 44.24655093494868, -97.75668231931922 43.80363318819486, -97.75564260256445 43.80626917485655, -97.72202606264386 43.891094476169286, -97.69759034004352 43.95284697626894, -97.63959097764936 44.09862028961624, -97.58157962000107 44.24373233162067))'
S2C_MSIL2A_20250608T163901_N0511_R126_T15SYV_20250608T221712.SAFE	geography'SRID=4326;POLYGON ((-90.7780477118352 36.124284255378335, -90.80526871562567 35.1350099026398, -89.60167165206713 35.10721816203458, -89.559581263597 36.09546699375022, -90.7780477118352 36.124284255378335))'
S2C_MSIL2A_20250608T163901_N0511_R126_T16SBE_20250608T221712.SAFE	geography'SRID=4326;POLYGON ((-90.33240658759655 36.09852303080595, -90.29163167735423 35.11016547706432, -89.0878912416572 35.13689854165628, -89.11378957265575 36.12624261200447, -90.33240658759655 36.09852303080595))'
S2C_MSIL2A_20250608T163901_N0511_R126_T15SXB_20250608T221712.SAFE	geography'SRID=4326;POLYGON ((-91.06447170806904 36.94066724808166, -90.64426763054043 36.93451075320804, -90.61305784244584 37.92337349546603, -90.78227480845551 37.92590887761796, -90.80931848725928 37.83219010039079, -90.85175811839923 37.68474310994248, -90.89407520580592 37.53727423860628, -90.93638561806769 37.38984540001922, -90.9787360016995 37.24250102201391, -91.02049790427009 37.09505283990378, -91.0624898102322 36.94767348034918, -91.06447170806904 36.94066724808166))'
S2C_MSIL2A_20250608T163901_N0511_R126_T15SXA_20250608T221712.SAFE	geography'SRID=4326;POLYGON ((-91.3172103729763 36.04336950584711, -90.67138577052769 36.03410504881955, -90.64153245372125 37.023137802563134, -91.03932425441224 37.02897783418232, -91.0624898102322 36.94767348034918, -91.1042121940156 36.80018015041664, -91.13451193166803 36.69358815884372, -91.14566548871524 36.654261102375806, -91.15432988750197 36.623693537132816, -91.1878000068144 36.50522766132062, -91.22923771398904 36.357683042855854, -91.27051481574856 36.21010394972964, -91.31184432176562 36.06258156556102, -91.3172103729763 36.04336950584711))'
S2C_MSIL2A_20250608T163901_N0511_R126_T16TFM_20250608T221712.SAFE	geography'SRID=4326;POLYGON ((-85.7135461027283 42.44508296268804, -85.78400297732624 42.44624086265282, -85.78771080145395 42.24968359866322, -85.76168554116003 42.318385844304814, -85.75380793564288 42.339070742234, -85.7135461027283 42.44508296268804))'
S2C_MSIL2A_20250608T163901_N0511_R126_T15SXC_20250608T221712.SAFE	geography'SRID=4326;POLYGON ((-90.80759331193342 37.838168625842705, -90.61590002865951 37.83530211029287, -90.59119216620823 38.58390007505299, -90.59545726367081 38.569261702082485, -90.638585996728 38.42189839457945, -90.6816349784467 38.27454568199533, -90.7242578895193 38.1270778052985, -90.76677618108008 37.97961874515725, -90.80759331193342 37.838168625842705))'
S2C_MSIL2A_20250607T170911_N0511_R112_T14SNF_20250607T222913.SAFE	geography'SRID=4326;POLYGON ((-98.86580640984076 36.05604078988798, -97.78119997991008 36.05052821595199, -97.76556196865786 37.04016090428803, -98.58761279951004 37.044436832891904, -98.58943025616192 37.03805533439675, -98.63135126770327 36.89067568241125, -98.672983139739 36.74317693856802, -98.71446822439248 36.595631319344285, -98.75607353291284 36.44812778816453, -98.79731710469072 36.3005515326944, -98.83867814413 36.15302676607335, -98.86580640984076 36.05604078988798))'
S2A_MSIL2A_20250607T163701_N0511_R083_T16TGS_20250608T012716.SAFE	geography'SRID=4326;POLYGON ((-84.37351464472057 46.92357305830357, -84.42054054444473 45.93643087306754, -83.00699783345478 45.895735251937936, -82.93434286730421 46.881459661637656, -84.37351464472057 46.92357305830357))'
S2B_MSIL2A_20250607T161829_N0511_R040_T17TNG_20250607T201757.SAFE	geography'SRID=4326;POLYGON ((-80.65988784376137 42.45070956852504, -81.00024322601921 42.45269119915018, -81.00023980340578 41.54566695200734, -80.99607598476001 41.55691189074307, -80.94178390100478 41.702885958540406, -80.8870864114496 41.84879780776416, -80.83229967411992 41.99481939693954, -80.77733768344233 42.14091411418256, -80.72212986484716 42.28697874243135, -80.66662991398395 42.43304058981595, -80.65988784376137 42.45070956852504))'
S2B_MSIL2A_20250607T161829_N0511_R040_T17TNF_20250607T201757.SAFE	geography'SRID=4326;POLYGON ((-80.99795713126177 41.551831607722875, -81.00023981916341 41.551844670066835, -81.00023979689253 41.5456669695972, -80.99795713126177 41.551831607722875))'
S2C_MSIL2A_20250606T173921_N0511_R098_T13UFP_20250606T230016.SAFE	geography'SRID=4326;POLYGON ((-102.71581239771253 47.74030095646134, -102.20190528469708 47.73104447774509, -102.14756129152694 48.71769475117851, -102.35114496391732 48.72141799147051, -102.39178614839683 48.61325136921467, -102.44672392984883 48.46694683103368, -102.50151834207232 48.32066011107347, -102.555870988755 48.17433675280015, -102.61049607308045 48.0281347542038, -102.66433218630412 47.881756267233136, -102.71581239771253 47.74030095646134))'
S2C_MSIL2A_20250606T173921_N0511_R098_T13TFN_20250606T230016.SAFE	geography'SRID=4326;POLYGON ((-103.0385653164402 46.846648939572475, -102.24891500137986 46.83262831925138, -102.19715331707549 47.81947440295927, -102.6838040979017 47.82825211037363, -102.71762748943075 47.735313518452486, -102.77145593297949 47.58909268574544, -102.8242434805103 47.44264426573048, -102.87706340835744 47.296249519241854, -102.92989585612585 47.149859004516415, -102.98243994469584 47.003366853084046, -103.03494141497136 46.856847649553146, -103.0385653164402 46.846648939572475))'
S2B_MSIL2A_20250606T164839_N0511_R026_T16TDM_20250606T205311.SAFE	geography'SRID=4326;POLYGON ((-88.21560154754597 42.44623992484567, -88.21648331498238 42.44623570214159, -88.21644186164364 42.44403907741751, -88.21560154754597 42.44623992484567))'
S2A_MSIL2A_20250605T173731_N0511_R055_T15UUP_20250605T223214.SAFE	geography'SRID=4326;POLYGON ((-95.6648340458117 48.72184893061349, -95.7193584952283 48.7209148694678, -95.7138733575816 48.61645884974563, -95.67728308367566 48.695156042797166, -95.6648340458117 48.72184893061349))'
S2C_MSIL2A_20250605T162851_N0511_R083_T16TER_20250605T214612.SAFE	geography'SRID=4326;POLYGON ((-86.0399903446144 45.05939900958497, -85.60574612901156 45.05674859305782, -85.58109585564665 46.044766226835556, -85.70097074822901 46.04551023964101, -85.71269717842404 46.01195593765452, -85.76375237402429 45.86536696031081, -85.8144639776163 45.71873139677369, -85.86496984638745 45.57210897614932, -85.91529303469223 45.42549539373053, -85.96542071924151 45.278872059809935, -86.0152171954312 45.13218594786686, -86.0399903446144 45.05939900958497))'
S2C_MSIL2A_20250605T162851_N0511_R083_T16TGR_20250605T214612.SAFE	geography'SRID=4326;POLYGON ((-84.41645116040286 46.024365075689296, -84.46129313653577 45.03703440306415, -83.06996660895842 44.99758761245698, -83.00067944006244 45.98354520692643, -84.41645116040286 46.024365075689296))'
S2C_MSIL2A_20250605T162851_N0511_R083_T16TEP_20250605T214612.SAFE	geography'SRID=4326;POLYGON ((-86.63611606040811 43.26263799350691, -85.64750596751658 43.256794294201605, -85.62505994125075 44.24514241182411, -86.31232961725591 44.249278037064215, -86.3602093538838 44.10478180745015, -86.40877677940203 43.95799813631199, -86.45718271598798 43.81120687633893, -86.50531904034679 43.66440513040786, -86.55328426937683 43.51759674338598, -86.60106294890879 43.37076120898749, -86.63611606040811 43.26263799350691))'
S2C_MSIL2A_20250604T165911_N0511_R069_T15TYH_20250604T235503.SAFE	geography'SRID=4326;POLYGON ((-90.41271570351189 43.32292962987475, -90.53371085886852 43.32625697177811, -90.54756266266259 42.975327843330604, -90.53240508869376 43.01468004972927, -90.47575219513833 43.16045012100405, -90.41923331669229 43.3062954217832, -90.41271570351189 43.32292962987475))'
S2B_MSIL2A_20250602T170849_N0511_R112_T15TWH_20250602T204156.SAFE	geography'SRID=4326;POLYGON ((-92.90767483783239 43.352307312628234, -93.00024679052602 43.35285539234588, -93.00024584759734 43.11419608180559, -92.9471182223914 43.25123634154579, -92.90767483783239 43.352307312628234))'
S2B_MSIL2A_20250602T170849_N0511_R112_T14SNH_20250602T204156.SAFE	geography'SRID=4326;POLYGON ((-98.34640321120686 37.855977967255264, -97.75213459127728 37.85282950328523, -97.73503988519937 38.84214867288121, -98.05878234511431 38.843901432230794, -98.07899957266376 38.77503943787484, -98.12236196542014 38.62773677073161, -98.16537778506616 38.48036704166925, -98.2083427638858 38.33307393688411, -98.25112857954366 38.18577621963305, -98.29371829794256 38.0384512552515, -98.33627194054957 37.8911485674593, -98.34640321120686 37.855977967255264))'
S2B_MSIL2A_20250602T170849_N0511_R112_T14SNG_20250602T204156.SAFE	geography'SRID=4326;POLYGON ((-97.7619453934496 37.25707672313636, -97.75064570841931 37.94095623057468, -98.32100854670617 37.94398397237934, -98.33627194054957 37.8911485674593, -98.378709919828 37.74382556591713, -98.42106148321712 37.59640752655613, -98.46336560281931 37.44893026890156, -98.48621368248803 37.36908863390751, -98.18957967246936 37.32488545011893, -98.18921290210332 37.326145401652575, -98.18803723864364 37.32596999731109, -98.18802775618525 37.32600263141455, -98.14682807282061 37.31982175264572, -97.93069695183448 37.287575843632894, -97.93074723900286 37.28740476957631, -97.93020958894836 37.28732410998052, -97.93082133875008 37.285238982034315, -97.7619453934496 37.25707672313636))'
S2B_MSIL2A_20250602T170849_N0511_R112_T14TPK_20250602T204156.SAFE	geography'SRID=4326;POLYGON ((-97.81783932975596 39.6555008060293, -96.5552421778473 39.63587147039632, -96.51955068002488 40.62420990912828, -97.52014099327988 40.64008500066967, -97.5502563893926 40.54158061829094, -97.59508035803226 40.394402678663134, -97.63972973927494 40.247260916675714, -97.68420427788256 40.100144745602776, -97.7285221895649 39.9530136711429, -97.77282294037664 39.80591682504662, -97.81685799823897 39.65879637649202, -97.81783932975596 39.6555008060293))'
S2B_MSIL2A_20250602T170849_N0511_R112_T14SPJ_20250602T204156.SAFE	geography'SRID=4326;POLYGON ((-97.83526931996838 39.5969662945869, -97.84912778038333 38.75519833855342, -96.58623972133758 38.73593643111066, -96.55211502393708 39.72445184157785, -97.79142882195721 39.743754861902524, -97.81685799823897 39.65879637649202, -97.83526931996838 39.5969662945869))'
S2B_MSIL2A_20250602T170849_N0511_R112_T14SPH_20250602T204156.SAFE	geography'SRID=4326;POLYGON ((-97.84770947866411 38.84331460585068, -97.86328240873523 37.853955038178526, -96.61590002865951 37.83530211029287, -96.58326779678708 38.82399234658653, -97.84770947866411 38.84331460585068))'
S2B_MSIL2A_20250602T170849_N0511_R112_T14SNJ_20250602T204156.SAFE	geography'SRID=4326;POLYGON ((-98.0846288388802 38.755916740186095, -97.73659678080747 38.754036048213806, -97.71871965132908 39.74319619212293, -97.7914758684401 39.74359768032944, -97.81685799823897 39.65879637649202, -97.86068894317901 39.511600484993735, -97.90473436775136 39.364408869898, -97.948442209384 39.21708826598516, -97.99212139371984 39.06976549022541, -98.0357281882104 38.92242630507574, -98.07899957266376 38.77503943787484, -98.0846288388802 38.755916740186095))'
S2B_MSIL2A_20250602T170849_N0511_R112_T14SNG_20250602T205925.SAFE	geography'SRID=4326;POLYGON ((-98.60442669741592 36.95582653144835, -97.76699475177708 36.95147947183065, -97.75904362463044 37.43269756791511, -97.86932303230348 37.451239573319015, -97.86927237414478 37.45141167087763, -97.86953590700028 37.45145606380768, -97.86905178790624 37.45310158221592, -98.06142962336132 37.482569673540986, -98.15931495722222 37.49720113671151, -98.1593683418337 37.497017120042536, -98.15945037079682 37.49702932961888, -98.15958077840605 37.49657976434892, -98.15978804293628 37.49661023739407, -98.15985826761249 37.4963679919812, -98.16005633429585 37.49639720818084, -98.1601417253218 37.49610268552031, -98.16031311186227 37.49612804942594, -98.160385935984 37.495876738805165, -98.16074965620366 37.49593120182137, -98.16075784769738 37.495902962105255, -98.16097658165437 37.49593552473891, -98.16104700510733 37.495692611864335, -98.16115634748718 37.495708941460855, -98.16116234080371 37.495688267303976, -98.16130167886416 37.49570929096482, -98.1613308316828 37.49560867649798, -98.16159154968769 37.49564773621428, -98.16168816279108 37.495314319534174, -98.16201992740605 37.49536418170932, -98.16207166113752 37.49518571808207, -98.16239734349858 37.4952348247592, -98.1624608010228 37.495015943634016, -98.16279632749868 37.49506668229129, -98.16287856911842 37.49478287250899, -98.43828538702633 37.5365577539338, -98.48036882527511 37.389985211067454, -98.52271268807556 37.242504870843646, -98.56481811834404 37.09497724936492, -98.60442669741592 36.95582653144835))'
S2C_MSIL2A_20250602T161921_N0511_R040_T16TGQ_20250602T215512.SAFE	geography'SRID=4326;POLYGON ((-83.83908537679426 44.11955916491987, -83.13001323357865 44.099770918209835, -83.0639024439136 45.08595696049961, -83.5106699344868 45.09864306759116, -83.52700161059639 45.05052982803219, -83.576550120507 44.903861029049445, -83.6260193137072 44.757159381193134, -83.67509176159622 44.610331499607646, -83.72453705611585 44.46358308209869, -83.77352672954787 44.31674095400968, -83.82237698397273 44.16993329661759, -83.83908537679426 44.11955916491987))'
S2C_MSIL2A_20250602T161921_N0511_R040_T17TKG_20250602T215512.SAFE	geography'SRID=4326;POLYGON ((-84.60748868851576 41.73012927553262, -84.58926866785167 41.407726190110715, -83.27696656733475 41.441212166985935, -83.3124072413961 42.42936087235922, -84.3959500419459 42.4011799160098, -84.44074547746013 42.26013574301015, -84.48717484257926 42.11316083016506, -84.53334677723015 41.966132639279046, -84.57951676792705 41.81911021208983, -84.60748868851576 41.73012927553262))'
S2C_MSIL2A_20250602T161921_N0511_R040_T17TLH_20250602T215512.SAFE	geography'SRID=4326;POLYGON ((-83.46678204877878 43.32624633586568, -83.42778068203103 42.33836182515417, -82.09530924716697 42.35883991770658, -82.1129221649777 43.34744038882544, -83.46678204877878 43.32624633586568))'
S2C_MSIL2A_20250602T161921_N0511_R040_T17SKC_20250602T215512.SAFE	geography'SRID=4326;POLYGON ((-84.4545029640868 38.797894647715, -84.40791466143585 37.81010790673744, -83.16175219508035 37.83959549435291, -83.19134725642266 38.82843976082239, -84.4545029640868 38.797894647715))'
S2C_MSIL2A_20250602T161921_N0511_R040_T16SGJ_20250602T215512.SAFE	geography'SRID=4326;POLYGON ((-84.66683353200473 39.72681533153163, -84.69936254729447 38.73821864423846, -83.43792685625728 38.70656329494251, -83.38763948191423 39.69403311805837, -84.66683353200473 39.72681533153163))'
S2C_MSIL2A_20250602T161921_N0511_R040_T17SKD_20250602T215512.SAFE	geography'SRID=4326;POLYGON ((-84.49897689950004 39.6975094680204, -84.45026011044494 38.7099201955759, -83.18865192655385 38.74036995699254, -83.21960079191267 39.7290432642928, -84.49897689950004 39.6975094680204))'
S2C_MSIL2A_20250602T161921_N0511_R040_T16TFK_20250602T215512.SAFE	geography'SRID=4326;POLYGON ((-85.24392435286227 39.646578269106726, -84.5552421778473 39.63587147039632, -84.51955068002488 40.62420990912828, -84.9469026313295 40.63099015800485, -84.98824620608265 40.495105236160704, -85.03289473337564 40.34791492506338, -85.07747050881731 40.200769925468656, -85.12185249177897 40.05357359431032, -85.16621590549326 39.906374885419375, -85.21031338640594 39.759104452967335, -85.24392435286227 39.646578269106726))'
S2C_MSIL2A_20250602T161921_N0511_R040_T16TFM_20250602T215512.SAFE	geography'SRID=4326;POLYGON ((-84.69809850748584 41.439710126301556, -84.48886345311317 41.43633638009555, -84.45850407751018 42.20391983982236, -84.48717484257926 42.11316083016506, -84.53334677723015 41.966132639279046, -84.57951676792705 41.81911021208983, -84.62573334746841 41.67209154317075, -84.65251125134412 41.58632187033487, -84.67111792664302 41.52663817927946, -84.68192762344577 41.49186963171747, -84.69809850748584 41.439710126301556))'
S2C_MSIL2A_20250602T161921_N0511_R040_T16TGN_20250602T215512.SAFE	geography'SRID=4326;POLYGON ((-84.41723075480797 42.334174862659616, -83.24214155467848 42.30245161555175, -83.18187629631362 43.28908179915951, -84.10292804849585 43.314410533034554, -84.11120411213659 43.288937527933406, -84.15868480613669 43.14204955117423, -84.20600665852038 42.99514110289604, -84.2532185702551 42.848170650128125, -84.30028943711258 42.70117770709968, -84.34718043121164 42.554141549538095, -84.3940578801628 42.4071376300227, -84.41723075480797 42.334174862659616))'
S2C_MSIL2A_20250602T161921_N0511_R040_T16TFL_20250602T215512.SAFE	geography'SRID=4326;POLYGON ((-84.97357523852142 40.54332465821935, -84.52280187838811 40.536185528423594, -84.48546160940654 41.52434469691515, -84.67089916651683 41.527339885069274, -84.67111792664302 41.52663817927946, -84.68192762344577 41.49186963171747, -84.71724543385956 41.37795133764074, -84.76277543568403 41.23089165426868, -84.8080753745121 41.08379997634716, -84.85331542341673 40.936671693924296, -84.89846447462557 40.78950141698344, -84.94346004392449 40.6423049928556, -84.97357523852142 40.54332465821935))'
S2C_MSIL2A_20250602T161921_N0511_R040_T16SFH_20250602T215512.SAFE	geography'SRID=4326;POLYGON ((-85.77114272320203 37.85257721295259, -84.61590002865951 37.83530211029287, -84.58326779678708 38.82399234658653, -85.48415460826018 38.83775903016588, -85.51644105616961 38.72801970587032, -85.55965822582044 38.580672898500566, -85.60285661384286 38.43338724117785, -85.64562759012077 38.28605732460867, -85.6884463858438 38.13877495304192, -85.73108681820689 37.99143258565962, -85.77114272320203 37.85257721295259))'
S2C_MSIL2A_20250602T161921_N0511_R040_T17TLG_20250602T215512.SAFE	geography'SRID=4326;POLYGON ((-83.43119626719712 42.42690168750588, -83.39393916355972 41.438836285507165, -82.08002716017 41.458681613653354, -82.09685168418683 42.44744302996699, -83.43119626719712 42.42690168750588))'
S2C_MSIL2A_20250602T161921_N0511_R040_T17TKE_20250602T215512.SAFE	geography'SRID=4326;POLYGON ((-84.54546370146345 40.59640146890937, -84.49451264760637 39.609013147606916, -83.21676465654707 39.64044856303257, -83.24913477999112 40.62894899386581, -84.54546370146345 40.59640146890937))'
S2C_MSIL2A_20250602T161921_N0511_R040_T16SFJ_20250602T215512.SAFE	geography'SRID=4326;POLYGON ((-85.50996676328386 38.75002536374162, -84.58623972133756 38.73593643111066, -84.55211502393708 39.72445184157785, -85.21756802200106 39.73481665214259, -85.25430024994 39.611840794246966, -85.29833366263901 39.46459230640511, -85.34220925282914 39.31732120960647, -85.3859557731313 39.170037644255856, -85.4295565818016 39.02272365693041, -85.47308350611449 38.87538891351763, -85.50996676328386 38.75002536374162))'
S2C_MSIL2A_20250602T161921_N0511_R040_T17TLJ_20250602T215512.SAFE	geography'SRID=4326;POLYGON ((-83.50407140709622 44.22596415476343, -83.46322767686333 43.23826255332707, -82.1113169858077 43.25939191053712, -82.12976271323852 44.24783068396879, -83.50407140709622 44.22596415476343))'
S2C_MSIL2A_20250602T161921_N0511_R040_T16TGL_20250602T215512.SAFE	geography'SRID=4326;POLYGON ((-84.6032964141397 41.5268622914542, -84.63889095789966 40.53861750192735, -83.34444498559897 40.50488583658978, -83.28942535132568 41.49194363396281, -84.6032964141397 41.5268622914542))'
S2C_MSIL2A_20250602T161921_N0511_R040_T16SGH_20250602T215512.SAFE	geography'SRID=4326;POLYGON ((-84.69652959688719 38.82628170870513, -84.72763580740043 37.83751218570364, -83.48163775999416 37.80685703267152, -83.43354720329413 38.79452724007538, -84.69652959688719 38.82628170870513))'
S2C_MSIL2A_20250602T161921_N0511_R040_T16TGP_20250602T215512.SAFE	geography'SRID=4326;POLYGON ((-84.13118494054308 43.22712412102331, -83.1873683405316 43.201211355403785, -83.1242610537248 44.18762158427181, -83.81011229803192 44.20679185207073, -83.82237698397273 44.16993329661759, -83.87105755814643 44.023166238843615, -83.91940440488294 43.8763235542782, -83.9675492125281 43.72948343175037, -84.01563492121853 43.582648262595455, -84.06349353319825 43.43578654619037, -84.11120411213659 43.288937527933406, -84.13118494054308 43.22712412102331))'
S2C_MSIL2A_20250602T161921_N0511_R040_T16TGM_20250602T215512.SAFE	geography'SRID=4326;POLYGON ((-84.59393220416874 41.77325354616662, -84.60653922316477 41.43884624479472, -83.2944377014587 41.40403474612011, -83.2368635672951 42.39088066238852, -84.38930418101016 42.422044849235135, -84.3940578801628 42.4071376300227, -84.44074547746013 42.26013574301015, -84.48717484257926 42.11316083016506, -84.53334677723015 41.966132639279046, -84.57951676792705 41.81911021208983, -84.59393220416874 41.77325354616662))'
S2C_MSIL2A_20250602T161921_N0511_R040_T16TGK_20250602T215512.SAFE	geography'SRID=4326;POLYGON ((-84.63579176628713 40.62664940733135, -84.66981446544139 39.63822758400475, -83.39224764301618 39.60554763793313, -83.339654308026 40.59281342227294, -84.63579176628713 40.62664940733135))'
S2C_MSIL2A_20250602T161921_N0511_R040_T17TKF_20250602T215512.SAFE	geography'SRID=4326;POLYGON ((-84.59412455183308 41.49564643575739, -84.54082260253305 40.50846282585221, -83.24618611840133 40.54090999482793, -83.28005188450415 41.52923550071836, -84.59412455183308 41.49564643575739))'
S2A_MSIL2A_20250601T175741_N0511_R141_T13TFG_20250602T014714.SAFE	geography'SRID=4326;POLYGON ((-103.34327705507394 42.438997899737345, -103.78400297732625 42.44624086265282, -103.80265404258907 41.457520191909595, -103.71195418874721 41.45605773004487, -103.67384136390437 41.55863644006845, -103.61968647616541 41.70456355148648, -103.56492228038941 41.85034173614336, -103.51068506621283 41.996357891557935, -103.45583841573874 42.14237740415116, -103.40073848043532 42.28845903870357, -103.34498722888983 42.43449433966051, -103.34327705507394 42.438997899737345))'
S2A_MSIL2A_20250601T175741_N0511_R141_T13TEJ_20250602T014714.SAFE	geography'SRID=4326;POLYGON ((-104.40952031360595 44.2498628792462, -105.00025052587905 44.25341758107761, -105.00024643448815 43.26479037737325, -103.6475059675166 43.256794294201605, -103.62856844716674 44.09065514638753, -103.67991732714893 44.10216787097509, -103.68039231843696 44.10092747210944, -103.68290439494542 44.101455413787285, -103.68294825471827 44.10134101073693, -103.68321807824445 44.10139763955896, -103.68325701374371 44.10129593674318, -103.95633416609162 44.15866022584488, -103.95576306798317 44.16017767749628, -103.95583770118701 44.16019346966174, -103.95581098408599 44.160264454043286, -103.95599713355256 44.16030387990413, -103.95583258681351 44.16074145415735, -104.24211582661572 44.21906508346111, -104.24205004169376 44.219242917136704, -104.2584038444167 44.222413849513565, -104.25888035932292 44.22112803678263, -104.26164300552156 44.22166399449491, -104.26180400146626 44.221230017334165, -104.40952031360595 44.2498628792462))'
S2A_MSIL2A_20250601T175741_N0511_R141_T13TEG_20250602T014714.SAFE	geography'SRID=4326;POLYGON ((-103.68402931914693 41.53121608193785, -103.66510843311784 42.44491772432881, -105.00024322601921 42.45269119915018, -105.00023949430313 41.463751887157464, -103.71183005100183 41.45639184040898, -103.68402931914693 41.53121608193785))'
S2A_MSIL2A_20250601T175741_N0511_R141_T13TEJ_20250602T001611.SAFE	geography'SRID=4326;POLYGON ((-103.63265252959364 43.91082397578173, -103.62505994125077 44.24514241182411, -105.00025052587905 44.25341758107761, -105.00025022873771 44.1816175441152, -104.9674530179712 44.17579894427802, -104.8828678478132 44.160839387332295, -104.88249657028611 44.16187390093624, -104.88246603248878 44.16186827787386, -104.88243771897837 44.16194691372915, -104.61101990545949 44.11198403207268, -104.61120875580109 44.11146655556034, -104.61120090853262 44.11146510997305, -104.61122054417562 44.11141101506725, -104.6083322570312 44.11087889528154, -104.60856148272173 44.11024758370394, -104.59160122020573 44.10711860768629, -104.59152749188944 44.1073217959517, -104.3207626636115 44.05477223801408, -104.32082745151676 44.054595822724416, -104.30711730300447 44.05180025104124, -104.306739167094 44.052828039805576, -104.30672675771375 44.05282550488101, -104.3066674855962 44.052986050002026, -104.03697943632889 43.99787829058961, -104.03714032969012 43.99744701746327, -104.03448569871216 43.99690471287988, -104.03465194717566 43.99645659586196, -104.03461484665489 43.996449021975856, -104.03468894231264 43.99625066963716, -104.03455424849425 43.99622320485628, -104.03473938312179 43.99572391034551, -103.73240727094243 43.931766457627006, -103.7318154695438 43.93331052748701, -103.64747931626266 43.91418102003328, -103.63265252959364 43.91082397578173))'
S2A_MSIL2A_20250601T175741_N0511_R141_T13TEK_20250602T001611.SAFE	geography'SRID=4326;POLYGON ((-104.90523759358676 44.16479565395842, -103.62710599954544 44.157116557384406, -103.60358882685108 45.145299673094094, -105.00025443963811 45.15383725089235, -105.00025022340293 44.18161754316875, -104.9674530179712 44.17579894427802, -104.90523759358676 44.16479565395842))'
S2A_MSIL2A_20250601T175741_N0511_R141_T13TEH_20250602T014714.SAFE	geography'SRID=4326;POLYGON ((-105.00024679052603 43.35285539234588, -105.00024288390158 42.36407192041621, -103.66698539119554 42.35632239007374, -103.64555267001923 43.34483481646455, -105.00024679052603 43.35285539234588))'
S2A_MSIL2A_20250601T175741_N0511_R141_T13TFJ_20250602T001611.SAFE	geography'SRID=4326;POLYGON ((-102.84432256292015 43.72480197141344, -102.82170722836432 43.78158502628086, -102.76394178310672 43.92725775952656, -102.70589892957844 44.073042520701605, -102.64738254328137 44.21881259337778, -102.64374447445077 44.22780251901724, -103.74751912777683 44.24655093494868, -103.753937239954 43.936321058080004, -103.73240727094243 43.931766457627006, -103.7318154695438 43.93331052748701, -103.64747931626266 43.91418102003328, -103.45872075031984 43.87144277385261, -103.45874784319972 43.87137209432054, -103.45874778635032 43.8713720814257, -103.45877017863319 43.8713138259492, -103.45886470331808 43.87106723125242, -103.45617214082945 43.87045834588788, -103.45629197532624 43.870146599912495, -103.45615621024926 43.87011600543234, -103.45618040297157 43.8700535720632, -103.45593131055892 43.869997652303205, -103.45604426636011 43.8697040537858, -103.15845031060579 43.80125050735256, -103.15847338496879 43.80119120169198, -103.146982316778 43.79858365186422, -103.1465616844101 43.79966414619733, -103.14653662296915 43.79965791499766, -103.14648956637667 43.79977908860002, -102.84432256292015 43.72480197141344))'
S2A_MSIL2A_20250601T175741_N0511_R141_T13TGK_20250602T001611.SAFE	geography'SRID=4326;POLYGON ((-102.28072005445682 45.12050888928574, -102.45736864275568 45.12552488296481, -102.47851706211289 44.637372146464344, -102.4709708850904 44.65598134154996, -102.41157816293288 44.80155896429402, -102.35215527731347 44.94711695341798, -102.29228830907488 45.092496265490254, -102.28072005445682 45.12050888928574))'
S2A_MSIL2A_20250601T175741_N0511_R141_T13TFH_20250602T014714.SAFE	geography'SRID=4326;POLYGON ((-102.99780644045437 43.33335883245106, -103.76618786223798 43.346200009839855, -103.78571286582209 42.35764145317536, -103.37688768076855 42.35093402555761, -103.34498722888983 42.43449433966051, -103.28949014543521 42.580639981175686, -103.23281508811812 42.72646846642781, -103.17658212169918 42.872414233205205, -103.12030589485208 43.01833434508914, -103.06357031625059 43.164117137446496, -103.00696816536842 43.30986665580247, -102.99780644045437 43.33335883245106))'
S2A_MSIL2A_20250601T175741_N0511_R141_T13TFK_20250602T001611.SAFE	geography'SRID=4326;POLYGON ((-102.33889454221868 44.97931896067462, -102.33237892318715 45.122671880514964, -103.72795903223157 45.14675285555784, -103.74938307519848 44.158520786393645, -102.67887336811879 44.14036585194918, -102.64738254328137 44.21881259337778, -102.58841400772336 44.364528019451285, -102.53003063962144 44.510337462470325, -102.4709708850904 44.65598134154996, -102.41157816293288 44.80155896429402, -102.35215527731347 44.94711695341798, -102.33889454221868 44.97931896067462))'
S2A_MSIL2A_20250601T175741_N0511_R141_T13TFJ_20250602T014714.SAFE	geography'SRID=4326;POLYGON ((-103.75023312736175 44.11536535672746, -103.76796729995817 43.25815531909012, -103.03182035463922 43.24587271635217, -103.00696816536842 43.30986665580247, -102.95016787318212 43.45551199117866, -102.89311510165689 43.601081763637886, -102.83587865766592 43.74668851115307, -102.77856448323955 43.89132638327864, -103.0784528649085 43.9648109606053, -103.07833948686131 43.96510130135676, -103.09154488587212 43.96813880405488, -103.09181622101735 43.96744520437457, -103.09439092492816 43.96803159897208, -103.09444848269824 43.96788444485734, -103.37361405745865 44.031345461398274, -103.37326118537817 44.032259204177485, -103.37357436150897 44.03233084428512, -103.37353555322198 44.032431328992764, -103.37367668854696 44.03246366578739, -103.37355987719032 44.03276641873384, -103.3738348192211 44.03282959348766, -103.37371251931204 44.033146408640334, -103.37401222291145 44.03321538196738, -103.37394170068323 44.03339801180601, -103.37425262679209 44.033469685109495, -103.37419355696785 44.0336227816336, -103.67991732714893 44.10216787097509, -103.68039231843696 44.10092747210944, -103.68290439494542 44.101455413787285, -103.68294825471827 44.10134101073693, -103.68321807824445 44.10139763955896, -103.68325701374371 44.10129593674318, -103.75023312736175 44.11536535672746))'
S2A_MSIL2A_20250601T175741_N0511_R141_T13TFF_20250602T014714.SAFE	geography'SRID=4326;POLYGON ((-103.67941715987202 41.54362947167725, -103.80103038521031 41.545593768972765, -103.80730310421427 41.19753584878328, -103.78186077214252 41.266577166313134, -103.72806346514815 41.41270044022348, -103.67941715987202 41.54362947167725))'
S2A_MSIL2A_20250601T175741_N0511_R141_T13TEL_20250602T001611.SAFE	geography'SRID=4326;POLYGON ((-105.00025853973813 46.05357436995249, -105.00025404640142 45.06525999447365, -103.60574612901158 45.05674859305782, -103.58109585564667 46.044766226835556, -105.00025853973813 46.05357436995249))'
S2A_MSIL2A_20250601T175741_N0511_R141_T13TEF_20250602T014714.SAFE	geography'SRID=4326;POLYGON ((-103.68406030355875 41.53113268898524, -103.68379957458713 41.54431153543986, -105.00023981916343 41.551844670066835, -105.00023625343321 40.56274991351036, -104.04065052416243 40.55736566722382, -103.99568404493587 40.6814407934268, -103.94255842726265 40.827813085358464, -103.88937969173391 40.974190474210886, -103.83571971349917 41.120423415094926, -103.78186077214252 41.266577166313134, -103.72806346514815 41.41270044022348, -103.68406030355875 41.53113268898524))'
S2A_MSIL2A_20250601T175741_N0511_R141_T13TEK_20250602T014714.SAFE	geography'SRID=4326;POLYGON ((-105.0002509929054 44.35905676071083, -105.00025015292684 44.16536649550738, -103.95617106372582 44.15909360139048, -103.95576306798317 44.16017767749628, -103.95583770118701 44.16019346966174, -103.95581098408599 44.160264454043286, -103.95599713355256 44.16030387990413, -103.95583258681351 44.16074145415735, -104.24211582661572 44.21906508346111, -104.24205004169376 44.219242917136704, -104.2584038444167 44.222413849513565, -104.25888035932292 44.22112803678263, -104.26164300552156 44.22166399449491, -104.26180400146626 44.221230017334165, -104.53369485497514 44.27393247890323, -104.53347576403996 44.27453024694496, -104.53351840932626 44.274538513367965, -104.53310181610127 44.27567661090492, -104.54719305338128 44.278408841522975, -104.54726601355009 44.27820902093481, -104.83733005248419 44.33163720774065, -104.8374068651495 44.33142394402511, -104.83762812592741 44.33146302261024, -104.83781716944573 44.33093899604952, -104.83788241137024 44.33095054260086, -104.83805953494976 44.33045922354495, -104.84121732638019 44.33101918675305, -104.84125896923454 44.330903640126095, -105.0002509929054 44.35905676071083))'
S2B_MSIL2A_20250601T173909_N0511_R098_T13TGF_20250601T213451.SAFE	geography'SRID=4326;POLYGON ((-101.3107297412505 41.109740726377055, -101.28942535132569 41.49194363396281, -102.60329641413972 41.5268622914542, -102.63889095789968 40.53861750192735, -101.5286495088435 40.50968597924904, -101.50683024698725 40.57040922609918, -101.45393546633908 40.716497457181845, -101.40108608446236 40.86266899049273, -101.34774784915048 41.00876215746192, -101.3107297412505 41.109740726377055))'
S2B_MSIL2A_20250601T173909_N0511_R098_T13TGJ_20250601T213451.SAFE	geography'SRID=4326;POLYGON ((-102.49642893280087 44.22597512802537, -102.53726452230806 43.238273156784096, -101.1873683405316 43.201211355403785, -101.12426105372481 44.18762158427181, -102.49642893280087 44.22597512802537))'
S2B_MSIL2A_20250601T173909_N0511_R098_T13TFH_20250601T213451.SAFE	geography'SRID=4326;POLYGON ((-103.76618786223798 43.346200009839855, -103.78571286582209 42.35764145317536, -102.45336942769977 42.33578223926217, -102.41246381589346 43.323576596360866, -103.76618786223798 43.346200009839855))'
S2B_MSIL2A_20250601T173909_N0511_R098_T13TFJ_20250601T213451.SAFE	geography'SRID=4326;POLYGON ((-103.74751912777683 44.24655093494868, -103.76796729995817 43.25815531909012, -102.41619172041914 43.235600960154144, -102.37335402628885 44.22320974043625, -103.74751912777683 44.24655093494868))'
S2B_MSIL2A_20250601T173909_N0511_R098_T13TEH_20250601T213451.SAFE	geography'SRID=4326;POLYGON ((-104.53563574632275 42.36137140147692, -103.66698539119554 42.35632239007374, -103.64555267001923 43.34483481646455, -104.21912246589291 43.34823068273532, -104.24053153743203 43.281639468588175, -104.28805257209443 43.13481083993107, -104.33532892447457 42.98788646160334, -104.38204796465276 42.84077018039629, -104.42933219085889 42.693809279784666, -104.47638140237488 42.54676808750159, -104.52335576368014 42.39975632544931, -104.53563574632275 42.36137140147692))'
S2B_MSIL2A_20250601T173909_N0511_R098_T13TGK_20250601T213451.SAFE	geography'SRID=4326;POLYGON ((-102.45736864275568 45.12552488296481, -102.50015121099592 44.13800768802703, -101.13001323357867 44.099770918209835, -101.06390244391362 45.08595696049961, -102.45736864275568 45.12552488296481))'
S2B_MSIL2A_20250601T173909_N0511_R098_T14TLM_20250601T213451.SAFE	geography'SRID=4326;POLYGON ((-100.81536645496726 42.43638197560525, -101.43119626719712 42.42690168750588, -101.39393916355972 41.438836285507165, -101.18848438998768 41.44193947460219, -101.18654582571936 41.44718228753344, -101.13231046384077 41.5933714008507, -101.07788385104992 41.739565000173485, -101.02310774969646 41.88571528416329, -100.96836419337976 42.03182708241105, -100.9132904008063 42.17779653209289, -100.85809388438393 42.323677871987535, -100.81536645496726 42.43638197560525))'
S2B_MSIL2A_20250601T173909_N0511_R098_T14TLL_20250601T213451.SAFE	geography'SRID=4326;POLYGON ((-101.15563282698143 41.53050696204362, -101.3971826192205 41.52685230149302, -101.37575482725505 40.93205118071871, -101.34774784915048 41.00876215746192, -101.29420389237613 41.15482019326796, -101.24059703037904 41.301001756214326, -101.18654582571936 41.44718228753344, -101.15563282698143 41.53050696204362))'
S2B_MSIL2A_20250601T173909_N0511_R098_T14UNV_20250601T213451.SAFE	geography'SRID=4326;POLYGON ((-97.73904500232966 49.644441814323905, -99.00027707744741 49.652722814505665, -99.00027162195117 48.66503141156509, -98.20575728719946 48.65989107816867, -98.17769125432912 48.72017242247932, -98.10989504069141 48.86493109464217, -98.04152015387744 49.00958011299089, -97.97307068035408 49.154208393507126, -97.90442458738691 49.29877785060948, -97.83550837601801 49.443272545841324, -97.76633052920704 49.58772149437704, -97.73904500232966 49.644441814323905))'
S2B_MSIL2A_20250601T173909_N0511_R098_T14TLT_20250601T213451.SAFE	geography'SRID=4326;POLYGON ((-101.67207324053518 47.82259512731069, -101.62271963783216 46.835643714163524, -100.18335153308469 46.859583083848264, -100.20564501110893 47.84737115234881, -101.67207324053518 47.82259512731069))'
S2B_MSIL2A_20250601T173909_N0511_R098_T14TMP_20250601T213451.SAFE	geography'SRID=4326;POLYGON ((-100.10741427853837 44.247265925251995, -100.25298174570909 44.246545441411556, -100.24581657989242 43.90034393999274, -100.23530922391257 43.9268519534608, -100.17756566655687 44.0725062971508, -100.11920807335424 44.21800160144028, -100.10741427853837 44.247265925251995))'
S2B_MSIL2A_20250601T173909_N0511_R098_T13TEF_20250601T213451.SAFE	geography'SRID=4326;POLYGON ((-105.00023736128433 40.87005575867755, -105.00023625343321 40.56274991351036, -103.70336265383867 40.5554731412015, -103.68379957458713 41.54431153543986, -104.78962770955262 41.55063947341449, -104.79989054412728 41.517554268050006, -104.8451638880524 41.37043299554971, -104.89073990401631 41.223366794284274, -104.93616404274202 41.07620131160618, -104.98192037980672 40.92913201258048, -105.00023736128433 40.87005575867755))'
S2B_MSIL2A_20250601T173909_N0511_R098_T13TEG_20250601T213451.SAFE	geography'SRID=4326;POLYGON ((-104.81676956797125 41.46270381409205, -103.68558188065235 41.45624189757688, -103.66510843311784 42.44491772432881, -104.50735854098119 42.449821506360095, -104.52335576368014 42.39975632544931, -104.5703624121909 42.25282235316328, -104.61662060159775 42.10572104297689, -104.66309734650936 41.95877750187969, -104.70853500419912 41.81162571336032, -104.7542821742013 41.664585994456814, -104.79989054412728 41.517554268050006, -104.81676956797125 41.46270381409205))'
S2B_MSIL2A_20250601T173909_N0511_R098_T13TFK_20250601T213451.SAFE	geography'SRID=4326;POLYGON ((-103.73521654347789 44.81198385948152, -103.74938307519848 44.158520786393645, -102.37725879085306 44.135250725162805, -102.33237892318715 45.122671880514964, -103.62251655709666 45.14493342749655, -103.65695999824666 45.04337271412238, -103.70667820589432 44.89674944673271, -103.73521654347789 44.81198385948152))'
S2B_MSIL2A_20250601T173909_N0511_R098_T13TGH_20250601T213451.SAFE	geography'SRID=4326;POLYGON ((-102.53371085886852 43.32625697177811, -102.57270445124811 42.33837210189082, -101.2421415546785 42.30245161555175, -101.18187629631363 43.28908179915951, -102.53371085886852 43.32625697177811))'
S2B_MSIL2A_20250601T173909_N0511_R098_T14TLN_20250601T213451.SAFE	geography'SRID=4326;POLYGON ((-100.466283531201 43.341908679378044, -101.46678204877878 43.32624633586568, -101.42778068203103 42.33836182515417, -100.849155740457 42.34725442487275, -100.80279718785508 42.469536508942525, -100.75387558842972 42.59773665083548, -100.74746863467828 42.61454881253546, -100.6916254037552 42.760369000358814, -100.63553778968966 42.90617196851719, -100.57915371973981 43.05203417924396, -100.56953925676503 43.07673684642936, -100.52214438562606 43.19866773109061, -100.466283531201 43.341908679378044))'
S2B_MSIL2A_20250601T173909_N0511_R098_T14TLP_20250601T213451.SAFE	geography'SRID=4326;POLYGON ((-100.12876157054403 44.19418312462562, -100.12976271323852 44.24783068396879, -101.50407140709622 44.22596415476343, -101.46322767686333 43.23826255332707, -100.50083743058056 43.253303996096705, -100.46525258559859 43.34455227706808, -100.4242992258911 43.44835591353192, -100.40807140430552 43.48954366302207, -100.3507451200134 43.63541219261544, -100.29305632178745 43.781167268260894, -100.23530922391257 43.9268519534608, -100.17756566655687 44.0725062971508, -100.12876157054403 44.19418312462562))'
S2B_MSIL2A_20250601T173909_N0511_R098_T14TKK_20250601T213451.SAFE	geography'SRID=4326;POLYGON ((-101.48780419404609 40.62295661139125, -102.54546370146345 40.59640146890937, -102.49451264760637 39.609013147606916, -101.84459745950898 39.62500249298037, -101.82073278976736 39.69236844444045, -101.76872273154304 39.8387710238416, -101.71669466613935 39.98522807092943, -101.66439892689843 40.13164159110392, -101.61199250043464 40.278002486073646, -101.55935745926735 40.42422541389474, -101.50683024698725 40.57040922609918, -101.48780419404609 40.62295661139125))'
S2B_MSIL2A_20250601T173909_N0511_R098_T13TGE_20250601T213451.SAFE	geography'SRID=4326;POLYGON ((-101.497228865053 40.59692694458739, -102.63579176628713 40.62664940733135, -102.6698144654414 39.63822758400475, -101.84736525536663 39.61718947049076, -101.82073278976736 39.69236844444045, -101.76872273154304 39.8387710238416, -101.71669466613935 39.98522807092943, -101.66439892689843 40.13164159110392, -101.61199250043464 40.278002486073646, -101.55935745926735 40.42422541389474, -101.50683024698725 40.57040922609918, -101.497228865053 40.59692694458739))'
S2B_MSIL2A_20250601T173909_N0511_R098_T14UNU_20250601T213451.SAFE	geography'SRID=4326;POLYGON ((-98.16484547611384 48.747600765414205, -99.00027209589379 48.7530130044756, -99.00026690365507 47.765166566721895, -98.61546857907445 47.76271132284066, -98.57566924890406 47.851227703928565, -98.51025783985368 47.996110818307656, -98.44449294576195 48.140936199060015, -98.37839473967927 48.2857435935085, -98.31194077157043 48.43058596876257, -98.24508532677328 48.57542074687661, -98.17769125432912 48.72017242247932, -98.16484547611384 48.747600765414205))'
S2B_MSIL2A_20250601T173909_N0511_R098_T14TKM_20250601T213451.SAFE	geography'SRID=4326;POLYGON ((-102.64504576622768 42.39470139413761, -102.58926866785167 41.407726190110715, -101.27696656733475 41.441212166985935, -101.3124072413961 42.42936087235922, -102.64504576622768 42.39470139413761))'
S2B_MSIL2A_20250601T173909_N0511_R098_T14TMT_20250601T213451.SAFE	geography'SRID=4326;POLYGON ((-98.87115437315151 47.18843756292002, -98.86952963808321 47.85362771191058, -100.33713470955433 47.84591482730969, -100.31241149952399 46.858175957972115, -99.0133791255765 46.864896524675515, -98.9625131712368 46.9809520021624, -98.89868974408333 47.1261541694678, -98.87115437315151 47.18843756292002))'
S2B_MSIL2A_20250601T173909_N0511_R098_T13SGD_20250601T213451.SAFE	geography'SRID=4326;POLYGON ((-101.81623936127458 39.70501695021332, -102.66683353200474 39.72681533153163, -102.69936254729447 38.73821864423846, -102.15870038652882 38.72465088991555, -102.14366298350409 38.76818281366779, -102.12805641783324 38.81343429708734, -102.093618321931 38.913087017519786, -102.07723405105122 38.960532116007855, -102.0264781259705 39.10691052290485, -101.9754370122336 39.25324417520668, -101.92411708833906 39.39958073611829, -101.87259599244351 39.54596734055449, -101.82073278976736 39.69236844444045, -101.81623936127458 39.70501695021332))'
S2B_MSIL2A_20250601T173909_N0511_R098_T13TEK_20250601T213451.SAFE	geography'SRID=4326;POLYGON ((-103.95078208855517 44.1590612240821, -103.62710599954544 44.157116557384406, -103.60358882685108 45.145299673094094, -103.62235344687471 45.14541437800402, -103.65695999824666 45.04337271412238, -103.70667820589432 44.89674944673271, -103.75608306094412 44.75000538572726, -103.8053372417247 44.603199993356, -103.85373131302678 44.45615911944976, -103.90145820273209 44.308971734448015, -103.94980999008192 44.16198983073247, -103.95078208855517 44.1590612240821))'
S2B_MSIL2A_20250601T173909_N0511_R098_T13TFF_20250601T213451.SAFE	geography'SRID=4326;POLYGON ((-103.80103038521031 41.545593768972765, -103.81885207154319 40.55671174263467, -102.52280187838811 40.536185528423594, -102.48546160940656 41.52434469691515, -103.80103038521031 41.545593768972765))'
S2B_MSIL2A_20250601T173909_N0511_R098_T13TGG_20250601T213451.SAFE	geography'SRID=4326;POLYGON ((-102.56928954696652 42.426911995973605, -102.60653922316479 41.43884624479472, -101.2944377014587 41.40403474612011, -101.23686356729512 42.39088066238852, -102.56928954696652 42.426911995973605))'
S2B_MSIL2A_20250601T173909_N0511_R098_T14TKL_20250601T213451.SAFE	geography'SRID=4326;POLYGON ((-101.26952796398261 41.22210944776513, -101.28005188450415 41.52923550071836, -102.59412455183308 41.49564643575739, -102.54082260253305 40.50846282585221, -101.51989492039002 40.53405009565382, -101.50683024698725 40.57040922609918, -101.45393546633908 40.716497457181845, -101.40108608446236 40.86266899049273, -101.34774784915048 41.00876215746192, -101.29420389237613 41.15482019326796, -101.26952796398261 41.22210944776513))'
S2B_MSIL2A_20250601T173909_N0511_R098_T14UMU_20250601T213451.SAFE	geography'SRID=4326;POLYGON ((-100.36082319775264 48.74497768846318, -100.33486493191529 47.757403531734624, -98.86975119015602 47.765092664464426, -98.86721739002927 48.75293650976542, -100.36082319775264 48.74497768846318))'
S2B_MSIL2A_20250601T173909_N0511_R098_T14TNT_20250601T213451.SAFE	geography'SRID=4326;POLYGON ((-98.57577631558976 47.85098958043469, -99.00026735765739 47.85370184248753, -99.00026255831754 46.89482321131666, -98.9625131712368 46.9809520021624, -98.89868974408333 47.1261541694678, -98.83452109022515 47.27129989949791, -98.77020822405392 47.41640230940301, -98.7055594865097 47.56139377531585, -98.64081236877048 47.706345033826665, -98.57577631558976 47.85098958043469))'
S2B_MSIL2A_20250601T173909_N0511_R098_T13TEJ_20250601T213451.SAFE	geography'SRID=4326;POLYGON ((-104.24742496368275 43.26034043058676, -103.6475059675166 43.256794294201605, -103.62505994125077 44.24514241182411, -103.92186822440543 44.24692844701545, -103.94980999008192 44.16198983073247, -103.99854555377651 44.01516592361629, -104.04751268418029 43.86848127206496, -104.09706143552046 43.722063266743966, -104.14542279731933 43.57535426118236, -104.19329667073518 43.42855976439236, -104.24053153743203 43.281639468588175, -104.24742496368275 43.26034043058676))'
S2B_MSIL2A_20250601T173909_N0511_R098_T13TFG_20250601T213451.SAFE	geography'SRID=4326;POLYGON ((-103.78400297732625 42.44624086265282, -103.80265404258907 41.457520191909595, -102.48886345311317 41.43633638009555, -102.44978706678565 42.42431413705452, -103.78400297732625 42.44624086265282))'
S2B_MSIL2A_20250601T173909_N0511_R098_T14SKJ_20250601T213451.SAFE	geography'SRID=4326;POLYGON ((-101.81289897329042 39.71441977408582, -102.49897689950004 39.6975094680204, -102.45026011044494 38.7099201955759, -102.16138039700684 38.71689250160927, -102.14366298350409 38.76818281366779, -102.12805641783324 38.81343429708734, -102.093618321931 38.913087017519786, -102.07723405105122 38.960532116007855, -102.0264781259705 39.10691052290485, -101.9754370122336 39.25324417520668, -101.92411708833906 39.39958073611829, -101.87259599244351 39.54596734055449, -101.82073278976736 39.69236844444045, -101.81289897329042 39.71441977408582))'
S2C_MSIL2A_20250601T164911_N0511_R026_T15TXJ_20250601T220112.SAFE	geography'SRID=4326;POLYGON ((-91.67404539325399 43.25658823323074, -90.41619172041914 43.235600960154144, -90.37335402628884 44.22320974043625, -91.35130761506113 44.23982099400028, -91.35973921125914 44.214439151460965, -91.40872721487362 44.067689289750334, -91.4568318412628 43.92077499382879, -91.50559631675168 43.774107220751446, -91.55337834876056 43.6271757193268, -91.60135716441451 43.480324384925645, -91.64927116751056 43.33351045624486, -91.67404539325399 43.25658823323074))'
S2C_MSIL2A_20250601T164911_N0511_R026_T15TYE_20250601T220112.SAFE	geography'SRID=4326;POLYGON ((-90.63579176628713 40.62664940733135, -90.6698144654414 39.63822758400475, -89.39224764301619 39.60554763793313, -89.339654308026 40.59281342227294, -90.63579176628713 40.62664940733135))'
S2C_MSIL2A_20250601T164911_N0511_R026_T15TXL_20250601T220112.SAFE	geography'SRID=4326;POLYGON ((-91.08011003145492 45.04700176329348, -90.33649579223145 45.034190140253024, -90.28945585240228 46.02142174250963, -90.74221690788566 46.02935416141217, -90.76134742314589 45.974554266964624, -90.8122756689964 45.8279722422047, -90.86299592694614 45.681378616867775, -90.91351234288948 45.5347497160988, -90.96394589187152 45.388130292677616, -91.01405191293672 45.24149051571125, -91.06389022863983 45.09483912379302, -91.08011003145492 45.04700176329348))'
S2C_MSIL2A_20250601T164911_N0511_R026_T16TDT_20250601T222713.SAFE	geography'SRID=4326;POLYGON ((-88.33713470955432 47.84591482730969, -88.31241149952398 46.858175957972115, -86.87194283884885 46.86562824777826, -86.8695296380832 47.85362771191058, -88.33713470955432 47.84591482730969))'
S2C_MSIL2A_20250601T164911_N0511_R026_T16TDN_20250601T220112.SAFE	geography'SRID=4326;POLYGON ((-87.88573152818546 43.34789216875273, -88.2343055501801 43.346194685301704, -88.21735463100556 42.488306053778295, -88.20637557483178 42.5172340684958, -88.15063402529027 42.6631459419058, -88.09469000749468 42.809030146232544, -88.03847756078923 42.95485421059414, -87.98203448723548 43.100678352439886, -87.92534105445021 43.24654970564541, -87.88573152818546 43.34789216875273))'
S2C_MSIL2A_20250601T164911_N0511_R026_T16TDP_20250601T220112.SAFE	geography'SRID=4326;POLYGON ((-87.52888409353135 44.25012935110947, -88.25298174570908 44.246545441411556, -88.23252540128632 43.25815001081029, -87.92021361587018 43.25966845015294, -87.86833280657201 43.39240745256196, -87.81115916411747 43.53826986404544, -87.75378107944854 43.684047294427295, -87.69612048687635 43.82972241819782, -87.63841102192981 43.97534653957944, -87.58049081860709 44.12096396439673, -87.52888409353135 44.25012935110947))'
S2C_MSIL2A_20250601T164911_N0511_R026_T16TDQ_20250601T220112.SAFE	geography'SRID=4326;POLYGON ((-87.16231348427215 45.15232935979536, -88.2725496583314 45.14674718783555, -88.25111705335956 44.15851530960486, -87.56413115587239 44.1619102201515, -87.52231353035562 44.266574675478886, -87.46385269487978 44.41217081195301, -87.40506093852309 44.5577706520928, -87.34606196262726 44.70335292519341, -87.28687462271557 44.848919238013366, -87.22739247769006 44.994463738885145, -87.1674088423469 45.14002730951599, -87.16231348427215 45.15232935979536))'
S2C_MSIL2A_20250601T164911_N0511_R026_T16TBL_20250601T220112.SAFE	geography'SRID=4326;POLYGON ((-90.59412455183306 41.49564643575739, -90.54082260253305 40.50846282585221, -89.24618611840131 40.54090999482793, -89.28005188450415 41.52923550071836, -90.59412455183306 41.49564643575739))'
S2C_MSIL2A_20250601T164911_N0511_R026_T16SCJ_20250601T220112.SAFE	geography'SRID=4326;POLYGON ((-89.22897309344427 39.72833295317736, -89.33363283056224 39.72680595308774, -89.32473588522879 39.45647087476684, -89.27645484835053 39.593864757206894, -89.22897309344427 39.72833295317736))'
S2C_MSIL2A_20250601T164911_N0511_R026_T15TYF_20250601T220112.SAFE	geography'SRID=4326;POLYGON ((-90.6032964141397 41.5268622914542, -90.63889095789968 40.53861750192735, -89.34444498559898 40.50488583658978, -89.28942535132568 41.49194363396281, -90.6032964141397 41.5268622914542))'
S2C_MSIL2A_20250601T164911_N0511_R026_T15TYL_20250601T222713.SAFE	geography'SRID=4326;POLYGON ((-89.01127510909583 45.83276865596598, -89.00067944006244 45.98354520692643, -90.09634599247286 46.0151357269479, -90.08074517420603 46.012926668708, -90.080925077286 46.01243264543011, -90.08084041482829 46.01242062274276, -90.08118489316051 46.01145807807107, -89.75542149975789 45.9594455083034, -89.75500040789302 45.96058260068067, -89.46954069367453 45.91434048563536, -89.46959483858211 45.91419592425103, -89.46953976580987 45.91418699429029, -89.46985823252561 45.913323573056005, -89.1527230391285 45.85749148109212, -89.15233722214171 45.85850544418891, -89.01127510909583 45.83276865596598))'
S2C_MSIL2A_20250601T164911_N0511_R026_T15TYK_20250601T220112.SAFE	geography'SRID=4326;POLYGON ((-90.45736864275568 45.12552488296481, -90.50015121099592 44.13800768802703, -89.13001323357867 44.099770918209835, -89.0639024439136 45.08595696049961, -90.45736864275568 45.12552488296481))'
S2C_MSIL2A_20250601T164911_N0511_R026_T15TXM_20250601T220112.SAFE	geography'SRID=4326;POLYGON ((-90.77270127499669 45.94187553308482, -90.29374566695486 45.93349650488509, -90.27968970764006 46.214737706443245, -90.31775676837944 46.22021778828745, -90.31762759939532 46.220579258330766, -90.33852863336264 46.22355030697488, -90.34074512013875 46.22386170749386, -90.3411412132224 46.22275105326853, -90.34202289365757 46.22287588081787, -90.3420930322863 46.22267896589696, -90.54346957429068 46.25139652669386, -90.6587313074068 46.267715182642554, -90.71015346208664 46.12120079604324, -90.76134742314589 45.974554266964624, -90.77270127499669 45.94187553308482))'
S2C_MSIL2A_20250601T164911_N0511_R026_T16TDS_20250601T222713.SAFE	geography'SRID=4326;POLYGON ((-88.31456075291094 46.946162221065514, -88.2910001297497 45.958258688896564, -86.87403273692426 45.96548172662488, -86.87173305487556 46.95363733424615, -88.31456075291094 46.946162221065514))'
S2C_MSIL2A_20250601T164911_N0511_R026_T16TBK_20250601T220112.SAFE	geography'SRID=4326;POLYGON ((-89.22043302190202 39.752471019174735, -89.24913477999112 40.62894899386581, -90.54546370146343 40.59640146890937, -90.49451264760636 39.609013147606916, -89.26038468508914 39.639375414236646, -89.22474165084304 39.74031638668908, -89.22043302190202 39.752471019174735))'
S2C_MSIL2A_20250601T164911_N0511_R026_T16TCK_20250601T220112.SAFE	geography'SRID=4326;POLYGON ((-88.90542509844659 40.633465144632055, -89.36468078702738 40.62663972727231, -89.33065130260064 39.638218234831534, -89.26043220130525 39.63924084844664, -89.22474165084304 39.74031638668908, -89.17284675596889 39.88671176761228, -89.12085560894249 40.03306777719136, -89.06883479997411 40.17938175851424, -89.0164485863187 40.325630134299786, -88.96394025898651 40.471871323252415, -88.91323644355886 40.61188568913373, -88.90983961163826 40.621289853219366, -88.90542509844659 40.633465144632055))'
S2C_MSIL2A_20250601T164911_N0511_R026_T16TER_20250601T220112.SAFE	geography'SRID=4326;POLYGON ((-87.00025638668362 45.58000765275652, -87.0002562162167 45.542513267614304, -86.98607203933089 45.57656169803067, -87.00025638668362 45.58000765275652))'
S2C_MSIL2A_20250601T164911_N0511_R026_T15SWA_20250601T220112.SAFE	geography'SRID=4326;POLYGON ((-93.00022491682881 37.046583050483974, -93.00022206668983 36.05672396511734, -91.7811999799101 36.05052821595199, -91.76556196865788 37.04016090428803, -93.00022491682881 37.046583050483974))'
S2C_MSIL2A_20250601T164911_N0511_R026_T15TYJ_20250601T220112.SAFE	geography'SRID=4326;POLYGON ((-90.49642893280087 44.22597512802537, -90.53726452230805 43.238273156784096, -89.1873683405316 43.201211355403785, -89.12426105372481 44.18762158427181, -90.49642893280087 44.22597512802537))'
S2C_MSIL2A_20250601T164911_N0511_R026_T15TWH_20250601T220112.SAFE	geography'SRID=4326;POLYGON ((-91.9623746738958 42.358039333891156, -91.66698539119554 42.35632239007374, -91.64555267001921 43.34483481646455, -91.64557532025076 43.34483495056707, -91.64927116751056 43.33351045624486, -91.69659514694558 43.18657283899231, -91.74418259997961 43.03972469394815, -91.79136786242888 42.892801800918654, -91.8385684068912 42.7458653926146, -91.8856659383018 42.59889970708593, -91.93253489303075 42.45185752836678, -91.9623746738958 42.358039333891156))'
S2C_MSIL2A_20250601T164911_N0511_R026_T16TCN_20250601T220112.SAFE	geography'SRID=4326;POLYGON ((-88.10294626823263 42.78750044429244, -88.1129221649777 43.34744038882544, -89.46678204877877 43.32624633586568, -89.42778068203101 42.33836182515417, -88.26748794176697 42.35619378875303, -88.26176589137754 42.3712896569836, -88.20637557483178 42.5172340684958, -88.15063402529027 42.6631459419058, -88.10294626823263 42.78750044429244))'
S2C_MSIL2A_20250601T164911_N0511_R026_T16TCL_20250601T220112.SAFE	geography'SRID=4326;POLYGON ((-88.57355902064347 41.53931376811801, -89.3971826192205 41.52685230149302, -89.36158097735907 40.538607851727775, -88.93749439220412 40.54489938310329, -88.91323644355886 40.61188568913373, -88.90983961163826 40.621289853219366, -88.89872813224515 40.65193547455133, -88.858035491504 40.764259383488735, -88.80485713436265 40.91043747545852, -88.75150880796524 41.05658373609162, -88.69800187573436 41.20268818450059, -88.6783383075906 41.2559744508452, -88.64293697260673 41.35206161191131, -88.59510824495544 41.481222503811566, -88.59001612114089 41.4949907669781, -88.57355902064347 41.53931376811801))'
S2C_MSIL2A_20250601T164911_N0511_R026_T16UCU_20250601T222713.SAFE	geography'SRID=4326;POLYGON ((-89.7193584952283 48.7209148694678, -89.66754232973864 47.734155602346505, -88.2035982977648 47.75885537254857, -88.22700553578841 48.74648044472784, -89.7193584952283 48.7209148694678))'
S2C_MSIL2A_20250601T164911_N0511_R026_T16TDR_20250601T222713.SAFE	geography'SRID=4326;POLYGON ((-87.05443856933933 45.41246271986402, -87.0394469543382 45.44859308671104, -86.97878815316419 45.59404568530744, -86.918014530291 45.739429471127785, -86.87429843365821 45.843617378010705, -86.87383276277595 46.05350473573164, -88.29304891527646 46.0462596089832, -88.2849815003805 45.6914394907596, -88.28128911244217 45.690689592733975, -88.2813506552991 45.690534414744235, -88.281227164287 45.69050935105325, -88.28136391455732 45.69015918763134, -88.28131918976739 45.690150114805846, -88.28150745232145 45.68966813501122, -88.28144685607674 45.68965586683535, -88.28154361685108 45.68940818099422, -88.28154262237251 45.68940797983944, -88.28156729025892 45.68934557593007, -88.28156673184192 45.689345463042685, -88.28161838357028 45.689215669194354, -88.28153136696476 45.68919808529397, -88.28164731992905 45.688905152890015, -87.96717387023534 45.623323414213374, -87.96660648962849 45.62473414938128, -87.68587003401589 45.56179652007821, -87.68587315363747 45.56178885647174, -87.68574147834735 45.56175936517076, -87.68589072891302 45.56138682386565, -87.68576758425891 45.56135927845534, -87.68589856234995 45.56103167042246, -87.68578632342202 45.561006655972314, -87.68582918572798 45.560901022481126, -87.68571130058622 45.56087478131948, -87.68579577374406 45.560664097180315, -87.68566727468848 45.56063555704596, -87.68570938411418 45.56053161354448, -87.68564329012851 45.56051695160957, -87.6856523153765 45.56049483738834, -87.68550078923647 45.56046126220311, -87.68572847168574 45.55990070164175, -87.67159469739134 45.55666673913232, -87.36578215387469 45.48770232261637, -87.36529722340708 45.488875035052914, -87.36512679289686 45.488833038292775, -87.3651202083781 45.4888492138015, -87.05443856933933 45.41246271986402))'
S2C_MSIL2A_20250601T164911_N0511_R026_T16SBJ_20250601T220112.SAFE	geography'SRID=4326;POLYGON ((-89.22880236137284 39.72881646592207, -90.49897689950002 39.6975094680204, -90.45026011044493 38.7099201955759, -89.57699839900265 38.730996953881075, -89.53187713038568 38.86181146285964, -89.48117051655099 39.00826563639389, -89.43026240070577 39.15466447355524, -89.37918159974913 39.301031676266966, -89.3279127902714 39.44743032083159, -89.27645484835053 39.593864757206894, -89.22880236137284 39.72881646592207))'
S2C_MSIL2A_20250601T164911_N0511_R026_T15TXN_20250601T222713.SAFE	geography'SRID=4326;POLYGON ((-90.45863608650122 46.83635201776924, -90.24891500137984 46.83262831925138, -90.2128898833306 47.51945385709464, -90.23542266572719 47.45751793442753, -90.28848172393053 47.31107729462089, -90.3412848734124 47.16466999414029, -90.39378383134095 47.0182452365786, -90.4460476016556 46.871800124366665, -90.45863608650122 46.83635201776924))'
S2C_MSIL2A_20250601T164911_N0511_R026_T15SWB_20250601T220112.SAFE	geography'SRID=4326;POLYGON ((-93.00022763545478 37.947589571993284, -93.00022465569249 36.95788109520145, -91.76699475177709 36.95147947183065, -91.75064570841931 37.94095623057468, -93.00022763545478 37.947589571993284))'
S2C_MSIL2A_20250601T164911_N0511_R026_T16TER_20250601T222713.SAFE	geography'SRID=4326;POLYGON ((-86.78634079580662 46.05224667290626, -87.00025853973811 46.05357436995249, -87.00025621646472 45.542567820043715, -86.97878815316419 45.59404568530744, -86.918014530291 45.739429471127785, -86.857046484049 45.88473368659911, -86.79576737342428 46.03002744833192, -86.78634079580662 46.05224667290626))'
S2C_MSIL2A_20250601T164911_N0511_R026_T15TXM_20250601T222713.SAFE	geography'SRID=4326;POLYGON ((-90.28830699337853 46.04231718778791, -90.24441508393578 46.920536388192055, -90.42749271033037 46.9237916497741, -90.4460476016556 46.871800124366665, -90.49805451842293 46.72535305373182, -90.54980049856096 46.57881324790871, -90.60138098397952 46.43219594204028, -90.65255086657248 46.285454374082654, -90.70403046962163 46.1388391696628, -90.7168358195406 46.1017177837325, -90.38427106798302 46.05410922285847, -90.37747186711552 46.05316146234709, -90.37737289796958 46.05343644704248, -90.37724542425022 46.05341792284223, -90.37722928890611 46.05346251370213, -90.37698474905748 46.05342706483706, -90.37690363657421 46.0536531835103, -90.37686480640113 46.053647569146605, -90.37644911040739 46.05479801197132, -90.28830699337853 46.04231718778791))'
S2C_MSIL2A_20250601T164911_N0511_R026_T16TCM_20250601T220112.SAFE	geography'SRID=4326;POLYGON ((-88.23366271804241 42.44533691559843, -89.43119626719711 42.42690168750588, -89.39393916355972 41.438836285507165, -88.60639924783368 41.45073128914172, -88.59510824495544 41.481222503811566, -88.59001612114089 41.4949907669781, -88.53573559115416 41.641181524751865, -88.48140197668165 41.78732763481066, -88.42689252384241 41.93342606978664, -88.3720992642211 42.079408899629904, -88.31707273925582 42.22537956689431, -88.26176589137754 42.3712896569836, -88.23366271804241 42.44533691559843))'
S2C_MSIL2A_20250601T164911_N0511_R026_T16TCS_20250601T220112.SAFE	geography'SRID=4326;POLYGON ((-89.58818995361217 46.10883030222949, -89.57997492136948 45.93641922924405, -88.70305728433807 45.95078955797469, -88.79156335504406 45.9677694716515, -88.79106982477998 45.969055167007674, -88.79865728708431 45.97051112225664, -88.80933467601452 45.97245548930068, -88.80946573104481 45.97211495062195, -89.08986816266254 46.02323899207417, -89.0897966741124 46.02342716833534, -89.10847158404054 46.02669432903988, -89.10866242023664 46.026190288860086, -89.10883367722154 46.026220291779865, -89.10903301288359 46.02569310841385, -89.39166468080262 46.075295895341405, -89.39133431588972 46.07618093999713, -89.39148353629005 46.076207045988006, -89.39129363808405 46.07671543471663, -89.58818995361217 46.10883030222949))'
S2C_MSIL2A_20250601T164911_N0511_R026_T16TCR_20250601T220112.SAFE	geography'SRID=4326;POLYGON ((-89.14267418828922 46.03159724529959, -89.58406512039718 46.02435339629007, -89.53921420699882 45.037023116804335, -88.14563453547973 45.05951360004942, -88.16168984712321 45.84265942893046, -88.19646627413621 45.84992503345224, -88.19633162930286 45.850265891779934, -88.19659948677946 45.850321965421536, -88.19637771603345 45.85088269491317, -88.19739321862579 45.85109546019949, -88.19727149898166 45.851403398348026, -88.49503035288934 45.911603770899134, -88.49487400380993 45.91200410140024, -88.51175781897882 45.915421986408894, -88.51224042444734 45.91418129163567, -88.79156335504406 45.9677694716515, -88.79106982477998 45.969055167007674, -88.79865728708431 45.97051112225664, -88.80933467601452 45.97245548930068, -88.80946573104481 45.97211495062195, -89.08986816266254 46.02323899207417, -89.0897966741124 46.02342716833534, -89.10847158404054 46.02669432903988, -89.10866242023664 46.026190288860086, -89.10883367722154 46.026220291779865, -89.10903301288359 46.02569310841385, -89.14267418828922 46.03159724529959))'
S2C_MSIL2A_20250601T164911_N0511_R026_T15TYM_20250601T220112.SAFE	geography'SRID=4326;POLYGON ((-90.40646681015079 46.23185907129131, -90.42054054444473 45.93643087306754, -89.00699783345478 45.895735251937936, -88.99882340412567 46.00663936423717, -89.08986816266254 46.02323899207417, -89.0897966741124 46.02342716833534, -89.10847158404054 46.02669432903988, -89.10866242023664 46.026190288860086, -89.10883367722154 46.026220291779865, -89.10903301288359 46.02569310841385, -89.39166468080262 46.075295895341405, -89.39133431588972 46.07618093999713, -89.39148353629005 46.076207045988006, -89.39129363808405 46.07671543471663, -89.71426798910785 46.12939432037968, -89.71435421853386 46.12915952355092, -89.7148001752419 46.12922977919981, -89.7150337516952 46.12859414476657, -89.71554750876308 46.12867551681951, -89.71571915686476 46.128207911348326, -90.0061086574185 46.17439331394545, -90.00577846950057 46.175305820348086, -90.31775676837944 46.22021778828745, -90.31762759939532 46.220579258330766, -90.33852863336264 46.22355030697488, -90.34074512013875 46.22386170749386, -90.3411412132224 46.22275105326853, -90.34202289365757 46.22287588081787, -90.3420930322863 46.22267896589696, -90.40646681015079 46.23185907129131))'
S2C_MSIL2A_20250601T164911_N0511_R026_T15TYN_20250601T222713.SAFE	geography'SRID=4326;POLYGON ((-90.36460704448078 47.0996221650168, -90.37780434448764 46.835655727197015, -88.940970134955 46.79367068819608, -88.86474152472253 47.779157072334634, -90.10417867562123 47.81594975373562, -90.12863464508057 47.750314003944936, -90.1821562684636 47.60393143115454, -90.23542266572719 47.45751793442753, -90.28848172393053 47.31107729462089, -90.3412848734124 47.16466999414029, -90.36460704448078 47.0996221650168))'
S2C_MSIL2A_20250601T164911_N0511_R026_T15TXK_20250601T220112.SAFE	geography'SRID=4326;POLYGON ((-91.38049425647723 44.152264745671275, -90.37725879085306 44.135250725162805, -90.33237892318715 45.122671880514964, -91.05022203015712 45.135058386908696, -91.06389022863983 45.09483912379302, -91.11360634686393 44.94821046885576, -91.1630007486536 44.801527519714845, -91.21238804901728 44.65481686048908, -91.26167654971229 44.50806929195401, -91.31095340614225 44.36130026702564, -91.35973921125914 44.214439151460965, -91.38049425647723 44.152264745671275))'
S2C_MSIL2A_20250601T164911_N0511_R026_T15SWD_20250601T220112.SAFE	geography'SRID=4326;POLYGON ((-93.00023086197838 38.9630810762342, -93.00023019602958 38.760864457162924, -91.73659678080747 38.754036048213806, -91.71871965132908 39.74319619212293, -92.76660513415645 39.74897870363649, -92.79419908486973 39.65689432554922, -92.8382263057927 39.50966087223342, -92.88200376443972 39.36236915846799, -92.92576950388975 39.21509049710992, -92.96928643374899 39.06777817799525, -93.00023086197838 38.9630810762342))'
S2C_MSIL2A_20250601T164911_N0511_R026_T15TYL_20250601T220112.SAFE	geography'SRID=4326;POLYGON ((-90.41645116040287 46.024365075689296, -90.46129313653579 45.03703440306415, -89.06996660895844 44.99758761245698, -89.00067944006244 45.98354520692643, -90.41645116040287 46.024365075689296))'
S2C_MSIL2A_20250601T164911_N0511_R026_T15TYG_20250601T220112.SAFE	geography'SRID=4326;POLYGON ((-90.5692895469665 42.426911995973605, -90.60653922316479 41.43884624479472, -89.2944377014587 41.40403474612011, -89.23686356729512 42.39088066238852, -90.5692895469665 42.426911995973605))'
S2C_MSIL2A_20250601T164911_N0511_R026_T16TBM_20250601T220112.SAFE	geography'SRID=4326;POLYGON ((-90.64504576622768 42.39470139413761, -90.58926866785167 41.407726190110715, -89.27696656733475 41.441212166985935, -89.31240724139609 42.42936087235922, -90.64504576622768 42.39470139413761))'
S2C_MSIL2A_20250601T164911_N0511_R026_T15TXH_20250601T220112.SAFE	geography'SRID=4326;POLYGON ((-91.77407970936663 42.946632707672066, -91.78571286582209 42.35764145317536, -90.45336942769976 42.33578223926217, -90.41246381589345 43.323576596360866, -91.64578650247086 43.34418786434181, -91.64927116751056 43.33351045624486, -91.69659514694558 43.18657283899231, -91.74418259997961 43.03972469394815, -91.77407970936663 42.946632707672066))'
S2C_MSIL2A_20250601T164911_N0511_R026_T16TCP_20250601T220112.SAFE	geography'SRID=4326;POLYGON ((-89.5040714070962 44.22596415476343, -89.46322767686333 43.23826255332707, -88.1113169858077 43.25939191053712, -88.1297627132385 44.24783068396879, -89.5040714070962 44.22596415476343))'
S2C_MSIL2A_20250601T164911_N0511_R026_T15TXG_20250601T220112.SAFE	geography'SRID=4326;POLYGON ((-91.78400297732625 42.44624086265282, -91.80265404258907 41.457520191909595, -90.48886345311317 41.43633638009555, -90.44978706678563 42.42431413705452, -91.78400297732625 42.44624086265282))'
S2C_MSIL2A_20250601T164911_N0511_R026_T15TWE_20250601T220112.SAFE	geography'SRID=4326;POLYGON ((-92.79312873578485 39.660466210954176, -91.7203579213631 39.6545573069827, -91.70165933840751 40.64355721409192, -92.494620681822 40.64801444925261, -92.52763382371536 40.53996951946915, -92.57228860030752 40.392747851532256, -92.61689272364275 40.2455896866094, -92.66137872637984 40.09844529155388, -92.70586004003145 39.95130959516194, -92.75008319082428 39.80411444307239, -92.79312873578485 39.660466210954176))'
S2C_MSIL2A_20250601T164911_N0511_R026_T15TYM_20250601T222713.SAFE	geography'SRID=4326;POLYGON ((-89.4409120562115 45.90822755844892, -89.00699783345478 45.895735251937936, -88.93434286730422 46.881459661637656, -90.37351464472057 46.92357305830357, -90.41472683346548 46.05846914121466, -90.38427106798302 46.05410922285847, -90.37747186711552 46.05316146234709, -90.37737289796958 46.05343644704248, -90.37724542425022 46.05341792284223, -90.37722928890611 46.05346251370213, -90.37698474905748 46.05342706483706, -90.37690363657421 46.0536531835103, -90.37686480640113 46.053647569146605, -90.37644911040739 46.05479801197132, -90.08074517420603 46.012926668708, -90.080925077286 46.01243264543011, -90.08084041482829 46.01242062274276, -90.08118489316051 46.01145807807107, -89.75542149975789 45.9594455083034, -89.75500040789302 45.96058260068067, -89.46954069367453 45.91434048563536, -89.46959483858211 45.91419592425103, -89.46953976580987 45.91418699429029, -89.46985823252561 45.913323573056005, -89.4409120562115 45.90822755844892))'
S2C_MSIL2A_20250601T164911_N0511_R026_T16TCS_20250601T222713.SAFE	geography'SRID=4326;POLYGON ((-89.62701019239007 46.92356100851489, -89.57997492136948 45.93641922924405, -88.16404448302406 45.95962253249568, -88.18528956021277 46.947573655919015, -89.62701019239007 46.92356100851489))'
S2C_MSIL2A_20250601T164911_N0511_R026_T16TCQ_20250601T220112.SAFE	geography'SRID=4326;POLYGON ((-89.54313948300323 45.12551356202371, -89.50034838689311 44.137996748196564, -88.12808129589992 44.15979663371134, -88.14740738161733 45.148073182871244, -89.54313948300323 45.12551356202371))'
S2C_MSIL2A_20250601T164911_N0511_R026_T15TYH_20250601T220112.SAFE	geography'SRID=4326;POLYGON ((-90.53371085886852 43.32625697177811, -90.57270445124811 42.33837210189082, -89.2421415546785 42.30245161555175, -89.18187629631363 43.28908179915951, -90.53371085886852 43.32625697177811))'
S2C_MSIL2A_20250601T164911_N0511_R026_T15SYD_20250601T220112.SAFE	geography'SRID=4326;POLYGON ((-89.41251775157518 39.2055100869306, -89.38763948191423 39.69403311805837, -90.66683353200474 39.72681533153163, -90.69936254729447 38.73821864423846, -89.58415257801697 38.7102327854534, -89.58240920539029 38.71531007267243, -89.53187713038568 38.86181146285964, -89.48117051655099 39.00826563639389, -89.43026240070577 39.15466447355524, -89.41251775157518 39.2055100869306))'
S2C_MSIL2A_20250601T164911_N0511_R026_T16TCT_20250601T222713.SAFE	geography'SRID=4326;POLYGON ((-89.67207324053517 47.82259512731069, -89.62271963783216 46.835643714163524, -88.18335153308469 46.859583083848264, -88.20564501110891 47.84737115234881, -89.67207324053517 47.82259512731069))'
S2C_MSIL2A_20250601T164911_N0511_R026_T16TCR_20250601T222713.SAFE	geography'SRID=4326;POLYGON ((-88.1580091223845 45.66312107487098, -88.1658919102777 46.0476276229589, -89.58406512039718 46.02435339629007, -89.57987957584179 45.9322144728532, -89.46954069367453 45.91434048563536, -89.46959483858211 45.91419592425103, -89.46953976580987 45.91418699429029, -89.46985823252561 45.913323573056005, -89.1527230391285 45.85749148109212, -89.15233722214171 45.85850544418891, -88.87280091594813 45.807504033833006, -88.87286017119989 45.807350351721375, -88.87276616995516 45.80733319995362, -88.87292723873814 45.806908827202605, -88.87292205900121 45.80690788148894, -88.87328388884043 45.80595587998836, -88.5597737069787 45.745730608240486, -88.5592239000232 45.74713619367096, -88.28128911244217 45.690689592733975, -88.2813506552991 45.690534414744235, -88.281227164287 45.69050935105325, -88.28136391455732 45.69015918763134, -88.28131918976739 45.690150114805846, -88.28150745232145 45.68966813501122, -88.28144685607674 45.68965586683535, -88.28154361685108 45.68940818099422, -88.28154262237251 45.68940797983944, -88.28156729025892 45.68934557593007, -88.28156673184192 45.689345463042685, -88.28161838357028 45.689215669194354, -88.28153136696476 45.68919808529397, -88.28164731992905 45.688905152890015, -88.1580091223845 45.66312107487098))'
S2C_MSIL2A_20250601T164911_N0511_R026_T15SVB_20250601T220112.SAFE	geography'SRID=4326;POLYGON ((-93.58017851132985 36.95488522737093, -92.89036811332885 36.957830487987216, -92.88891399416781 37.94753713280259, -93.29695040287946 37.94575551626999, -93.31336933187923 37.8889676479689, -93.35568890019184 37.741509153497454, -93.39800071101928 37.59406733940484, -93.44031071572223 37.44664268794874, -93.482451325613 37.29917196821633, -93.52447660733152 37.1517266178603, -93.56621751184804 37.00419103181476, -93.58017851132985 36.95488522737093))'
S2C_MSIL2A_20250601T164911_N0511_R026_T15UYP_20250601T222713.SAFE	geography'SRID=4326;POLYGON ((-90.13666596511513 47.728348203671125, -88.8717393439406 47.69085106573984, -88.7917155642128 48.676094448248996, -89.77265024636621 48.70562073220207, -89.80198182331405 48.628024980987576, -89.85655765174033 48.48175920450077, -89.9111121120811 48.335460663068815, -89.96589784720987 48.18923083362909, -90.01991160442928 48.04282746552862, -90.07416273619248 47.89650753711659, -90.12863464508057 47.750314003944936, -90.13666596511513 47.728348203671125))'
S2C_MSIL2A_20250531T171921_N0511_R012_T14TQQ_20250531T224825.SAFE	geography'SRID=4326;POLYGON ((-95.72758233365526 44.116447422697775, -95.14208747324281 44.10010787691791, -95.12755903515512 44.1363806190253, -95.0639024439136 45.08595696049961, -96.45736864275568 45.12552488296481, -96.49379774201006 44.28465993750855, -96.38425707116073 44.26222568469333, -96.3843147922554 44.26207379035687, -96.38426291610574 44.26206317241149, -96.38439610931513 44.2617081127832, -96.38439294926515 44.261707466278075, -96.38448921747283 44.261450257971134, -96.38444859032556 44.26144195891359, -96.38453566544969 44.261212228803366, -96.3845337964819 44.26121184715877, -96.38463819433905 44.260933247105015, -96.38463571271802 44.260932741081206, -96.3846804275512 44.26081542774197, -96.38459617311274 44.260798254102795, -96.38464998526749 44.26065636877354, -96.07760910899513 44.19606735003956, -96.07713100045315 44.19730911266676, -95.80304972934074 44.13532898047134, -95.80305184944892 44.135323562130566, -95.80299300324744 44.13531026761383, -95.80314028788301 44.134929368039714, -95.80306501127059 44.13491238337748, -95.8031848824919 44.13460085605254, -95.8030215289985 44.13456413454482, -95.80307165679737 44.13443572633936, -95.8030190414041 44.13442391292498, -95.80309229518016 44.13423413988993, -95.80298826116176 44.134210834282136, -95.80302571028449 44.13411413543546, -95.80294535973722 44.13409615772275, -95.80294884408526 44.134087272846735, -95.80280025783976 44.134054066836235, -95.80298249595636 44.133587615396266, -95.72758233365526 44.116447422697775))'
S2C_MSIL2A_20250531T171921_N0511_R012_T14SMJ_20250531T222712.SAFE	geography'SRID=4326;POLYGON ((-100.16762472753088 39.74439520181332, -100.15133248212537 38.755193805393134, -98.88766443792474 38.760810475743604, -98.88607436984347 39.750212021802014, -100.16762472753088 39.74439520181332))'
S2C_MSIL2A_20250531T171921_N0511_R012_T14UQU_20250531T224825.SAFE	geography'SRID=4326;POLYGON ((-96.28118473719852 48.720927698149374, -96.33299058185197 47.73416799677996, -94.8717393439406 47.69085106573984, -94.7917155642128 48.676094448248996, -96.28118473719852 48.720927698149374))'
S2C_MSIL2A_20250531T171921_N0511_R012_T15TTE_20250531T222712.SAFE	geography'SRID=4326;POLYGON ((-96.47091614371588 40.59827316864239, -96.54546370146345 40.59640146890937, -96.53621213773431 40.41711399027224, -96.50514544375106 40.50357804439568, -96.47091614371588 40.59827316864239))'
S2C_MSIL2A_20250531T171921_N0511_R012_T14SNF_20250531T222712.SAFE	geography'SRID=4326;POLYGON ((-97.76881690539858 36.834176156923434, -97.76556196865786 37.04016090428803, -99.00022491682881 37.046583050483974, -99.00022206668982 36.05672396511734, -98.0245094621157 36.05176485024898, -98.00663789464157 36.10698784474487, -97.9589686215274 36.25381826923388, -97.91118770281984 36.40066089830045, -97.86312019026845 36.547453741129054, -97.81487385979838 36.69422872872, -97.76881690539858 36.834176156923434))'
S2C_MSIL2A_20250531T171921_N0511_R012_T15TUH_20250531T222712.SAFE	geography'SRID=4326;POLYGON ((-95.44725412566875 43.326552036508374, -95.46678204877878 43.32624633586568, -95.46499750987321 43.28104488549141, -95.44725412566875 43.326552036508374))'
S2C_MSIL2A_20250531T171921_N0511_R012_T14TQK_20250531T222712.SAFE	geography'SRID=4326;POLYGON ((-96.59316890471267 40.2579834061394, -96.55768930830082 40.35733926048338, -96.50514544375106 40.50357804439568, -96.46229617162096 40.62212026243903, -96.63579176628713 40.62664940733135, -96.65437782204505 40.08669039239865, -96.636382061493 40.137038810715886, -96.60880455990822 40.21429304108637, -96.59316890471267 40.2579834061394))'
S2C_MSIL2A_20250531T171921_N0511_R012_T15TUM_20250531T224825.SAFE	geography'SRID=4326;POLYGON ((-94.17432470827 46.43767963676274, -94.18528956021278 46.947573655919015, -95.62701019239009 46.92356100851489, -95.5799749213695 45.93641922924405, -94.37959320248103 45.956090266949566, -94.34238231497032 46.04408349422161, -94.28070694133184 46.1894013945793, -94.21856154489222 46.334665558896646, -94.17432470827 46.43767963676274))'
S2C_MSIL2A_20250531T171921_N0511_R012_T15UUP_20250531T224825.SAFE	geography'SRID=4326;POLYGON ((-95.7193584952283 48.7209148694678, -95.66754232973864 47.734155602346505, -94.20359829776481 47.75885537254857, -94.22700553578841 48.74648044472784, -95.7193584952283 48.7209148694678))'
S2C_MSIL2A_20250531T171921_N0511_R012_T15TUJ_20250531T224825.SAFE	geography'SRID=4326;POLYGON ((-95.1867502250164 43.98835260249238, -95.17936386041036 44.00704097115264, -95.12106421579561 44.1525960515611, -95.0889735982263 44.232568746876765, -95.50407140709622 44.22596415476343, -95.49737864822137 44.06411682541759, -95.49044114211272 44.0625397705689, -95.49004677837137 44.06353485526111, -95.48994902929405 44.063510563184806, -95.48994084637472 44.06353146284875, -95.1867502250164 43.98835260249238))'
S2C_MSIL2A_20250531T171921_N0511_R012_T14TPQ_20250531T224825.SAFE	geography'SRID=4326;POLYGON ((-96.37168288499267 44.25792861378292, -96.33237892318714 45.122671880514964, -97.72795903223157 45.14675285555784, -97.74166029927545 44.51475115999246, -97.54389620461345 44.482445586232345, -97.5441877156291 44.48163533071323, -97.23467869470439 44.42665270340345, -97.23438769123844 44.42745032936746, -96.96159019105218 44.37722276216485, -96.96164448726131 44.377075919494935, -96.96162029653556 44.377071465165486, -96.96204344919148 44.37591127682335, -96.65597438646168 44.31658145869435, -96.65552412167713 44.31778197757103, -96.38425707116073 44.26222568469333, -96.3843147922554 44.26207379035687, -96.38426291610574 44.26206317241149, -96.38439610931513 44.2617081127832, -96.38439294926515 44.261707466278075, -96.38448921747283 44.261450257971134, -96.38444859032556 44.26144195891359, -96.38453566544969 44.261212228803366, -96.3845337964819 44.26121184715877, -96.38463819433905 44.260933247105015, -96.38463571271802 44.260932741081206, -96.3846804275512 44.26081542774197, -96.38459617311274 44.260798254102795, -96.38464998526749 44.26065636877354, -96.37168288499267 44.25792861378292))'
S2C_MSIL2A_20250531T171921_N0511_R012_T15UVP_20250531T224825.SAFE	geography'SRID=4326;POLYGON ((-93.13940789905558 48.75148611662266, -94.36082319775265 48.74497768846318, -94.33486493191529 47.757403531734624, -93.59287599480537 47.761297598972455, -93.58199219518909 47.785568632155886, -93.51664861553984 47.93041698511955, -93.4508817369163 48.07528035788035, -93.38478445646064 48.220166205960695, -93.31841477453597 48.3650351813002, -93.25159085120026 48.50982353814206, -93.1844625119501 48.65460442616138, -93.13940789905558 48.75148611662266))'
S2C_MSIL2A_20250531T171921_N0511_R012_T14SMH_20250531T222712.SAFE	geography'SRID=4326;POLYGON ((-100.15275135075291 38.843310058483205, -100.13717219597591 37.85395064837389, -98.88904641935848 37.85938968525829, -98.88752596186193 38.84894433319432, -100.15275135075291 38.843310058483205))'
S2C_MSIL2A_20250531T171921_N0511_R012_T14SPG_20250531T222712.SAFE	geography'SRID=4326;POLYGON ((-97.4013972294954 37.93518520476869, -97.86192606806475 37.94208532019618, -97.8768196851591 36.952569122489834, -97.73047395356072 36.95042498159606, -97.71815852852656 36.98775791224456, -97.6696478019756 37.13444978759364, -97.62096143169529 37.28108620525381, -97.57209608902744 37.42776395243192, -97.52295561320808 37.57445489720219, -97.4736075253153 37.721155780062375, -97.42415619260876 37.86784877005962, -97.4013972294954 37.93518520476869))'
S2C_MSIL2A_20250531T171921_N0511_R012_T14SMF_20250531T222712.SAFE	geography'SRID=4326;POLYGON ((-100.12493526264659 37.04124978452211, -100.11068371215597 36.05157871290146, -98.8916315425469 36.05667498554276, -98.8902406792213 37.04653228101576, -100.12493526264659 37.04124978452211))'
S2C_MSIL2A_20250531T171921_N0511_R012_T14TQQ_20250531T222712.SAFE	geography'SRID=4326;POLYGON ((-96.48617888521059 44.4605201629396, -96.50015121099591 44.13800768802703, -95.14205268183852 44.10010690598583, -95.127566132939 44.136274740160026, -95.12638160431156 44.15394455782511, -95.42516408500349 44.22714141961957, -95.4248516670478 44.22793312239454, -95.43812644594456 44.23097701548184, -95.43845541424538 44.23014384883056, -95.71769052143388 44.2937501911942, -95.7174668073032 44.294324617893, -95.71817119523685 44.29448561134803, -95.71791929760643 44.29513322732323, -95.7191371106787 44.29541247060261, -95.7190435056499 44.29565283859712, -96.02881470910984 44.36509301240915, -96.02916090183822 44.36419072875695, -96.30273480840579 44.421834104010095, -96.30260845553022 44.42216747808775, -96.30299612285441 44.42224932851588, -96.30279102233152 44.422791126672166, -96.30370089679231 44.42298339731428, -96.30358845345977 44.42328004790345, -96.48617888521059 44.4605201629396))'
S2C_MSIL2A_20250531T171921_N0511_R012_T14TQP_20250531T224825.SAFE	geography'SRID=4326;POLYGON ((-95.1867502250164 43.98835260249238, -95.17936386041036 44.00704097115264, -95.12753552754894 44.136439309803436, -95.1242610537248 44.18762158427181, -96.17739233863631 44.217057717728956, -96.07760910899513 44.19606735003956, -96.07713100045315 44.19730911266676, -95.80304972934074 44.13532898047134, -95.80305184944892 44.135323562130566, -95.80299300324744 44.13531026761383, -95.80314028788301 44.134929368039714, -95.80306501127059 44.13491238337748, -95.8031848824919 44.13460085605254, -95.8030215289985 44.13456413454482, -95.80307165679737 44.13443572633936, -95.8030190414041 44.13442391292498, -95.80309229518016 44.13423413988993, -95.80298826116176 44.134210834282136, -95.80302571028449 44.13411413543546, -95.80294535973722 44.13409615772275, -95.80294884408526 44.134087272846735, -95.80280025783976 44.134054066836235, -95.80298249595636 44.133587615396266, -95.49044114211272 44.0625397705689, -95.49004677837137 44.06353485526111, -95.48994902929405 44.063510563184806, -95.48994084637472 44.06353146284875, -95.1867502250164 43.98835260249238))'
S2C_MSIL2A_20250531T171921_N0511_R012_T15TVM_20250531T224825.SAFE	geography'SRID=4326;POLYGON ((-93.95303765845576 46.948035227836975, -94.31456075291095 46.946162221065514, -94.29567176510653 46.154141668664884, -94.28070694133184 46.1894013945793, -94.21856154489222 46.334665558896646, -94.15617889472547 46.47993569284974, -94.09350722598312 46.625158909006885, -94.03053703614182 46.77036008206486, -93.96726243980845 46.91555329890056, -93.95303765845576 46.948035227836975))'
S2C_MSIL2A_20250531T171921_N0511_R012_T14SLF_20250531T222712.SAFE	geography'SRID=4326;POLYGON ((-101.23574775330056 36.58629575229817, -101.21991719169928 36.03616769808406, -100.0014519629642 36.05254100905861, -100.01430253846532 37.042247242200354, -101.11087775857497 37.02716676245163, -101.15029749595024 36.88850064630363, -101.19211261336275 36.74101604431044, -101.23373259591433 36.59348953165895, -101.23574775330056 36.58629575229817))'
S2C_MSIL2A_20250531T171921_N0511_R012_T14UPU_20250531T224825.SAFE	geography'SRID=4326;POLYGON ((-97.66473968667626 47.79276602777822, -97.6656686510332 47.75740973734738, -96.20190528469706 47.73104447774509, -96.14756129152693 48.71769475117851, -97.3132944208112 48.7390142632283, -97.34967879701703 48.64229149003624, -97.40439148106755 48.49608051498081, -97.45894731857608 48.349853622983325, -97.51333428531137 48.203577203077394, -97.56748633403289 48.057228618748695, -97.62137005400572 47.91081891837607, -97.66473968667626 47.79276602777822))'
S2C_MSIL2A_20250531T171921_N0511_R012_T15TUK_20250531T224825.SAFE	geography'SRID=4326;POLYGON ((-94.72058372610874 45.138808768161816, -95.54313948300324 45.12551356202371, -95.50034838689312 44.137996748196564, -95.12452037113405 44.143967165887524, -95.12106421579561 44.1525960515611, -95.06263450333904 44.29820813215064, -95.00401027896842 44.44385828933336, -94.94514988344258 44.589458418070095, -94.8860314396811 44.7350514739255, -94.83455768329645 44.86118196890536, -94.82529227047453 44.88389835185754, -94.81537466216076 44.90805987540235, -94.76690376971683 45.02628044666599, -94.72058372610874 45.138808768161816))'
S2C_MSIL2A_20250531T171921_N0511_R012_T14SLG_20250531T222712.SAFE	geography'SRID=4326;POLYGON ((-101.13618443181286 36.93814592354753, -100.01312514326092 36.95355914294569, -100.0265600589798 37.943111174604404, -100.85182192021813 37.93152852135832, -100.85497376320119 37.920630359546415, -100.8974494708203 37.77321370018958, -100.93986642999256 37.62577811375685, -100.98220921276253 37.4783393155387, -101.02452409551331 37.33092553202465, -101.06644992853528 37.18342726060201, -101.10837713803389 37.03596315130352, -101.13618443181286 36.93814592354753))'
S2C_MSIL2A_20250531T171921_N0511_R012_T14SNH_20250531T222712.SAFE	geography'SRID=4326;POLYGON ((-99.00023047979299 38.848998483821255, -99.00022736409076 37.85944195932729, -97.75213459127728 37.85282950328523, -97.73503988519937 38.84214867288121, -99.00023047979299 38.848998483821255))'
S2C_MSIL2A_20250531T171921_N0511_R012_T14TPR_20250531T224825.SAFE	geography'SRID=4326;POLYGON ((-97.7074679641667 46.046265456303395, -97.72992432822251 45.05819732058294, -96.33649579223145 45.034190140253024, -96.28945585240228 46.02142174250963, -97.7074679641667 46.046265456303395))'
S2C_MSIL2A_20250531T171921_N0511_R012_T14SPJ_20250531T222712.SAFE	geography'SRID=4326;POLYGON ((-96.78166192466509 39.72802716567841, -97.83284204446889 39.744399896499196, -97.84912778038333 38.75519833855342, -97.12515975596791 38.74415618404264, -97.12299044182696 38.750460414489154, -97.1106125534758 38.7862063153406, -97.07345409894408 38.89367595802556, -97.02281744971773 39.0400997567595, -96.97189076844472 39.186463073391735, -96.92081174291363 39.332900141271246, -96.86932962780898 39.479305463343856, -96.81781350256641 39.6257761406339, -96.78166192466509 39.72802716567841))'
S2C_MSIL2A_20250531T171921_N0511_R012_T14UQV_20250531T224825.SAFE	geography'SRID=4326;POLYGON ((-96.23148519495957 49.61961011420237, -96.28591334225759 48.63304460468163, -94.79901938142156 48.5883487810417, -94.71495435702141 49.57334356268714, -96.23148519495957 49.61961011420237))'
S2C_MSIL2A_20250531T171921_N0511_R012_T15TUK_20250531T222712.SAFE	geography'SRID=4326;POLYGON ((-95.504998116684 44.24530146262679, -95.50034838689312 44.137996748196564, -95.1244848069897 44.14396773086083, -95.1210152902368 44.15262989791344, -95.42516408500349 44.22714141961957, -95.4248516670478 44.22793312239454, -95.43812644594456 44.23097701548184, -95.43845541424538 44.23014384883056, -95.504998116684 44.24530146262679))'
S2C_MSIL2A_20250531T171921_N0511_R012_T15TUL_20250531T224825.SAFE	geography'SRID=4326;POLYGON ((-94.34210550405834 46.04473570884395, -95.58406512039718 46.02435339629007, -95.53921420699882 45.037023116804335, -94.75728730516303 45.0496423550467, -94.70697978351772 45.17185771859987, -94.64675207687488 45.31738460947221, -94.58631780248298 45.46282736714705, -94.52572747684673 45.608204930691855, -94.46487303392256 45.75349473766486, -94.40381766033806 45.89880627378646, -94.34238231497032 46.04408349422161, -94.34210550405834 46.04473570884395))'
S2C_MSIL2A_20250531T171921_N0511_R012_T14SLH_20250531T222712.SAFE	geography'SRID=4326;POLYGON ((-100.8773292164397 37.84304327696306, -100.02533655911799 37.85497766278228, -100.03938428014581 38.84437393595428, -100.5881217942612 38.83651905026605, -100.59746240356952 38.804816726226704, -100.64057292392592 38.65740626911692, -100.68371137953417 38.510022875433016, -100.72672136586904 38.36264483602656, -100.76966220004137 38.215316543072326, -100.81235777947511 38.06798411064278, -100.85497376320119 37.920630359546415, -100.8773292164397 37.84304327696306))'
S2C_MSIL2A_20250531T171921_N0511_R012_T14SPF_20250531T222712.SAFE	geography'SRID=4326;POLYGON ((-97.7013132079722 37.038696577539085, -97.87551445266065 37.041254047993014, -97.88351920448866 36.48515741811703, -97.86312019026845 36.547453741129054, -97.81487385979838 36.69422872872, -97.76656638337016 36.841014532888494, -97.71815852852656 36.98775791224456, -97.7013132079722 37.038696577539085))'
S2C_MSIL2A_20250531T171921_N0511_R012_T14UPV_20250531T224825.SAFE	geography'SRID=4326;POLYGON ((-97.34616874982818 48.65162245935725, -96.15252154805323 48.62982157570405, -96.09542723709784 49.61627372192671, -96.9711139358251 49.63250510482878, -97.01507368877812 49.519343109497534, -97.07151976897958 49.373193849990734, -97.12770466107662 49.22701747521696, -97.18362889731245 49.080816456660735, -97.23931101302824 48.93463542879389, -97.29468731618132 48.78847864735561, -97.34616874982818 48.65162245935725))'
S2C_MSIL2A_20250531T171921_N0511_R012_T14TQR_20250531T224825.SAFE	geography'SRID=4326;POLYGON ((-96.41645116040286 46.024365075689296, -96.46129313653579 45.03703440306415, -95.06996660895842 44.99758761245698, -95.00067944006244 45.98354520692643, -96.41645116040286 46.024365075689296))'
S2C_MSIL2A_20250531T171921_N0511_R012_T14SPH_20250531T222712.SAFE	geography'SRID=4326;POLYGON ((-97.09484476854318 38.83180988615638, -97.84770947866411 38.84331460585068, -97.86328240873523 37.853955038178526, -97.43101891326181 37.84749111826314, -97.42415619260876 37.86784877005962, -97.37458861692375 38.01450324667952, -97.32491397419696 38.16111085502372, -97.27495111996589 38.30768079556224, -97.22485015336666 38.45424756889615, -97.17454319048431 38.600763812437606, -97.1362422057362 38.71194954511823, -97.12299044182696 38.750460414489154, -97.1106125534758 38.7862063153406, -97.09484476854318 38.83180988615638))'
S2B_MSIL2A_20250531T162829_N0511_R083_T16SDG_20250531T202832.SAFE	geography'SRID=4326;POLYGON ((-88.13852907879904 37.9420809165272, -88.12362950841452 36.95256487264268, -86.89036811332885 36.957830487987216, -86.8889139941678 37.94753713280259, -88.13852907879904 37.9420809165272))'
S2B_MSIL2A_20250531T162829_N0511_R083_T16TGS_20250531T202832.SAFE	geography'SRID=4326;POLYGON ((-84.37351464472057 46.92357305830357, -84.42054054444473 45.93643087306754, -83.00699783345478 45.895735251937936, -82.93434286730421 46.881459661637656, -84.37351464472057 46.92357305830357))'
S2B_MSIL2A_20250531T162829_N0511_R083_T16SCH_20250531T202832.SAFE	geography'SRID=4326;POLYGON ((-88.28079048536088 37.85139936232556, -88.02533655911799 37.85497766278228, -88.03717762260666 38.68895664505927, -88.03830555709014 38.68511576822045, -88.08154920528982 38.537682580907344, -88.12463367071443 38.390280557547854, -88.16758343825846 38.24293832721423, -88.21024645781732 38.095566171935886, -88.25283279305462 37.94822969715053, -88.28079048536088 37.85139936232556))'
S2B_MSIL2A_20250531T162829_N0511_R083_T17TLM_20250531T202832.SAFE	geography'SRID=4326;POLYGON ((-83.62701019239009 46.92356100851489, -83.5799749213695 45.93641922924405, -82.16404448302406 45.95962253249568, -82.18528956021278 46.947573655919015, -83.62701019239009 46.92356100851489))'
S2B_MSIL2A_20250531T162829_N0511_R083_T17TLL_20250531T202832.SAFE	geography'SRID=4326;POLYGON ((-82.14609362383823 45.081907007354616, -82.1658919102777 46.0476276229589, -83.58406512039718 46.02435339629007, -83.53921420699882 45.037023116804335, -82.15540505836229 45.05935591707967, -82.14609362383823 45.081907007354616))'
S2C_MSIL2A_20250530T174931_N0511_R141_T13TFK_20250530T224314.SAFE	geography'SRID=4326;POLYGON ((-102.33883568317036 44.98061394375996, -102.33237892318715 45.122671880514964, -103.72795903223157 45.14675285555784, -103.74938307519848 44.158520786393645, -102.67945852421958 44.14037577569913, -102.67222367536952 44.158474626306166, -102.61369501935704 44.304063038724365, -102.55505989229476 44.449687097056014, -102.49633615590093 44.59535248570096, -102.43697465709992 44.74087104980227, -102.400168318634 44.83088597936426, -102.3761693504006 44.88969579861942, -102.33883568317036 44.98061394375996))'
S2C_MSIL2A_20250530T174931_N0511_R141_T13TEG_20250530T224314.SAFE	geography'SRID=4326;POLYGON ((-103.68401160173701 41.532071666951545, -103.66510843311784 42.44491772432881, -105.00024322601921 42.45269119915018, -105.00023949430313 41.463751887157464, -103.71214662888563 41.45639364886206, -103.68401160173701 41.532071666951545))'
S2C_MSIL2A_20250530T174931_N0511_R141_T13TFH_20250530T224314.SAFE	geography'SRID=4326;POLYGON ((-102.99835945849814 43.3333680744793, -103.76618786223798 43.346200009839855, -103.78571286582209 42.35764145317536, -103.37709650069066 42.35093745158068, -103.35493674676124 42.40923849874295, -103.29969205094608 42.55524216033415, -103.24330134502873 42.70091931621517, -103.18722219486445 42.846736230525, -103.1310101123821 42.99266880920238, -103.07425369950157 43.13854060076889, -103.01745493442098 43.28444536518723, -102.99835945849814 43.3333680744793))'
S2C_MSIL2A_20250530T174931_N0511_R141_T13TEF_20250530T224314.SAFE	geography'SRID=4326;POLYGON ((-103.6840434201299 41.53198608136106, -103.68379957458713 41.54431153543986, -105.00023981916343 41.551844670066835, -105.00023625343321 40.56274991351036, -104.0406525062103 40.55736567834511, -104.00498888166494 40.65621334659761, -103.95215290419104 40.80245381980205, -103.89904585752328 40.94862000702548, -103.84557907626888 41.09479374621153, -103.79171433731682 41.24095945580904, -103.73786442301692 41.387217540404535, -103.6840434201299 41.53198608136106))'
S2C_MSIL2A_20250530T174931_N0511_R141_T13TEJ_20250530T224314.SAFE	geography'SRID=4326;POLYGON ((-105.00025052587905 44.25341758107761, -105.00024643448815 43.26479037737325, -103.6475059675166 43.256794294201605, -103.62505994125077 44.24514241182411, -105.00025052587905 44.25341758107761))'
S2C_MSIL2A_20250530T174931_N0511_R141_T13TFF_20250530T224314.SAFE	geography'SRID=4326;POLYGON ((-103.679694082393 41.5436339445309, -103.80103038521031 41.545593768972765, -103.8072818360599 41.19871596693841, -103.79171433731682 41.24095945580904, -103.73786442301692 41.387217540404535, -103.68355001113105 41.533313260288, -103.679694082393 41.5436339445309))'
S2C_MSIL2A_20250530T174931_N0511_R141_T13TFG_20250530T224314.SAFE	geography'SRID=4326;POLYGON ((-103.34367395115866 42.43900442239344, -103.78400297732625 42.44624086265282, -103.80265404258907 41.457520191909595, -103.71226962347333 41.45606281617498, -103.68355001113105 41.533313260288, -103.62900056526077 41.67931896856193, -103.57428509188404 41.82524141157377, -103.5199793769959 41.97133000655895, -103.46536567526503 42.1173712357772, -103.41039029387716 42.263343382938906, -103.35493674676124 42.40923849874295, -103.34367395115866 42.43900442239344))'
S2C_MSIL2A_20250530T174931_N0511_R141_T13TGK_20250530T224314.SAFE	geography'SRID=4326;POLYGON ((-102.28112415561135 45.120520363868444, -102.45736864275568 45.12552488296481, -102.47843650301829 44.63923163023077, -102.43697465709992 44.74087104980227, -102.400168318634 44.83088597936426, -102.3761693504006 44.88969579861942, -102.33563596405932 44.98840617388707, -102.31771418999021 45.032106634039486, -102.28112415561135 45.120520363868444))'
S2C_MSIL2A_20250530T174931_N0511_R141_T13TEH_20250530T224314.SAFE	geography'SRID=4326;POLYGON ((-105.00024679052603 43.35285539234588, -105.00024288390158 42.36407192041621, -103.66698539119554 42.35632239007374, -103.64555267001923 43.34483481646455, -105.00024679052603 43.35285539234588))'
S2C_MSIL2A_20250530T174931_N0511_R141_T13TGL_20250530T224314.SAFE	geography'SRID=4326;POLYGON ((-101.90987730082388 46.00975941704417, -102.41645116040287 46.024365075689296, -102.46129313653579 45.03703440306415, -102.31736362181043 45.0329537237146, -102.25749626090477 45.177613239961005, -102.19751258228973 45.32315384968162, -102.13714100559571 45.468567748068686, -102.07651642536064 45.61387320556408, -102.01541810861924 45.759113065117006, -101.95452230106694 45.904466804001686, -101.90987730082388 46.00975941704417))'
S2C_MSIL2A_20250530T174931_N0511_R141_T14TLT_20250530T224314.SAFE	geography'SRID=4326;POLYGON ((-101.1136874156779 47.83202933002173, -101.67207324053518 47.82259512731069, -101.62271963783216 46.835643714163524, -101.55433002771768 46.836781160626124, -101.51767719600288 46.92120130342487, -101.454085492333 47.06637234446468, -101.39003725767613 47.21139952002248, -101.32582823217668 47.356353268424506, -101.26168612708156 47.50129400881532, -101.19694522279886 47.646174294546086, -101.13210041168854 47.79111637836235, -101.1136874156779 47.83202933002173))'
S2C_MSIL2A_20250530T174931_N0511_R141_T14TLS_20250530T224314.SAFE	geography'SRID=4326;POLYGON ((-101.5158323917428 46.925412735726475, -101.62701019239009 46.92356100851489, -101.61609913797294 46.694567799007224, -101.58074533117436 46.775940467409406, -101.51767719600288 46.92120130342487, -101.5158323917428 46.925412735726475))'
S2C_MSIL2A_20250530T174931_N0511_R141_T13TGM_20250530T224314.SAFE	geography'SRID=4326;POLYGON ((-101.52739723088173 46.89881376352439, -102.37351464472057 46.92357305830357, -102.42054054444475 45.93643087306754, -101.94675284219343 45.92279061679741, -101.89293377866136 46.04971971971912, -101.831229743928 46.19505428826389, -101.76890074587581 46.34025190839693, -101.70651114076936 46.48549084820897, -101.64383473045056 46.63072971835928, -101.58074533117436 46.775940467409406, -101.52739723088173 46.89881376352439))'
S2C_MSIL2A_20250530T174931_N0511_R141_T13TFL_20250530T224314.SAFE	geography'SRID=4326;POLYGON ((-103.7074679641667 46.046265456303395, -103.72992432822252 45.05819732058294, -102.33649579223146 45.034190140253024, -102.28945585240228 46.02142174250963, -103.7074679641667 46.046265456303395))'
S2B_MSIL2A_20250530T165849_N0511_R069_T14SQJ_20250530T210011.SAFE	geography'SRID=4326;POLYGON ((-95.58406674308746 38.71023063145166, -95.43792685625729 38.70656329494251, -95.40724602490627 39.309028536029736, -95.44440669483782 39.18358642382536, -95.48796471155097 39.03626059627192, -95.53157959041012 38.88891956129629, -95.57488368470712 38.741531022235385, -95.58406674308746 38.71023063145166))'
S2B_MSIL2A_20250530T165849_N0511_R069_T15TXE_20250530T210011.SAFE	geography'SRID=4326;POLYGON ((-91.41225230399341 40.638373268309266, -91.81730037733891 40.64479964997401, -91.83433447991831 39.65575725270223, -91.76391717658828 39.654662489515616, -91.7437688849304 39.71167646913852, -91.69175522814467 39.858142733445376, -91.63961031492428 40.004583017348914, -91.58737247627182 40.15097099894424, -91.53488199620271 40.29718488318941, -91.48246079112 40.44334697372568, -91.42987809606628 40.58949497155848, -91.41225230399341 40.638373268309266))'
S2B_MSIL2A_20250530T165849_N0511_R069_T15TXG_20250530T210011.SAFE	geography'SRID=4326;POLYGON ((-90.74849694193267 42.42922318469375, -91.78400297732625 42.44624086265282, -91.80265404258907 41.457520191909595, -91.11676719629445 41.446460820656654, -91.10935069552264 41.466541913813, -91.05506426703033 41.61277936614925, -91.00065495895991 41.75897328098293, -90.94598996937415 41.90506933134362, -90.89125260851779 42.05109436607541, -90.83629406610355 42.196994074401445, -90.78128572019244 42.342880355874286, -90.74849694193267 42.42922318469375))'
S2B_MSIL2A_20250530T165849_N0511_R069_T14SQH_20250530T210011.SAFE	geography'SRID=4326;POLYGON ((-95.84412342007371 37.81577522753131, -95.48163775999416 37.80685703267152, -95.43354720329413 38.79452724007538, -95.5583906847594 38.79766611076426, -95.57488368470712 38.741531022235385, -95.61812825574596 38.594132201850165, -95.66120616460381 38.44677192296858, -95.70413194991032 38.29946030029007, -95.74696236761042 38.15215125930244, -95.78959574065382 38.00483083497259, -95.83209673929024 37.857536764480656, -95.84412342007371 37.81577522753131))'
S2B_MSIL2A_20250530T165849_N0511_R069_T15TUF_20250530T210011.SAFE	geography'SRID=4326;POLYGON ((-95.03586562003069 40.54343999794945, -94.06541547567339 40.55783709926159, -94.0814918073836 41.546758769895376, -94.72952079636744 41.536954058577976, -94.77471554003785 41.39116135642031, -94.82021633937296 41.24417278852572, -94.86552981214393 41.097118433636055, -94.91096541632096 40.95002194189684, -94.95623434785466 40.802796828221126, -95.00152484540943 40.65561924560123, -95.03586562003069 40.54343999794945))'
S2B_MSIL2A_20250530T165849_N0511_R069_T15STD_20250530T210011.SAFE	geography'SRID=4326;POLYGON ((-95.57798117917758 38.73097323382105, -95.18865192655385 38.74036995699254, -95.21960079191267 39.7290432642928, -95.282558815125 39.72749148802785, -95.31307743896312 39.625209931743775, -95.35694869482889 39.47802842752407, -95.40077977852717 39.33085644185931, -95.44440669483782 39.18358642382536, -95.48796471155097 39.03626059627192, -95.53157959041012 38.88891956129629, -95.57488368470712 38.741531022235385, -95.57798117917758 38.73097323382105))'
S2B_MSIL2A_20250530T165849_N0511_R069_T15TXF_20250530T210011.SAFE	geography'SRID=4326;POLYGON ((-91.08430245398297 41.53401717659959, -91.8010303852103 41.545593768972765, -91.81885207154319 40.55671174263467, -91.44381025789359 40.55077201233276, -91.42987809606628 40.58949497155848, -91.37716808418584 40.73566574174448, -91.32412983681068 40.88177487088922, -91.27082105571864 41.02791760237737, -91.21710296154998 41.17408023397377, -91.16335977219812 41.32030565855226, -91.10935069552264 41.466541913813, -91.08430245398297 41.53401717659959))'
S2B_MSIL2A_20250530T165849_N0511_R069_T15TWE_20250530T210011.SAFE	geography'SRID=4326;POLYGON ((-91.71790079462616 39.78451892601909, -91.70165933840751 40.64355721409192, -93.0002365638915 40.650856515774606, -93.00023315577859 39.66160695799293, -91.76386965120817 39.65479697292983, -91.7437688849304 39.71167646913852, -91.71790079462616 39.78451892601909))'
S2B_MSIL2A_20250530T165849_N0511_R069_T15STC_20250530T210011.SAFE	geography'SRID=4326;POLYGON ((-95.84189840453182 37.82350138826, -95.16175219508035 37.83959549435291, -95.19134725642267 38.82843976082239, -95.55191082793915 38.819720760458814, -95.57488368470712 38.741531022235385, -95.61812825574596 38.594132201850165, -95.66120616460381 38.44677192296858, -95.70413194991032 38.29946030029007, -95.74696236761042 38.15215125930244, -95.78959574065382 38.00483083497259, -95.83209673929024 37.857536764480656, -95.84189840453182 37.82350138826))'
S2B_MSIL2A_20250530T165849_N0511_R069_T15SUC_20250530T210011.SAFE	geography'SRID=4326;POLYGON ((-95.30393084279649 38.82627262441358, -95.27281842761565 37.837503416034735, -94.025336559118 37.85497766278228, -94.03938428014581 38.84437393595428, -95.30393084279649 38.82627262441358))'
S2B_MSIL2A_20250530T165849_N0511_R069_T15SWD_20250530T210011.SAFE	geography'SRID=4326;POLYGON ((-91.73254838131858 39.74327250274245, -93.00023345437725 39.7502679270046, -93.00023019602958 38.760864457162924, -92.07779091686592 38.75587978949508, -92.05118027761075 38.83303912264029, -92.00048728741338 38.979429324686606, -91.9495462446843 39.12581185346264, -91.89840872854211 39.27223894904897, -91.84702814785788 39.41870186997669, -91.7955397069873 39.56517965224042, -91.7437688849304 39.71167646913852, -91.73254838131858 39.74327250274245))'
S2B_MSIL2A_20250530T165849_N0511_R069_T15SUD_20250530T210011.SAFE	geography'SRID=4326;POLYGON ((-95.3285778142478 39.573208490131314, -95.301097327331 38.73820958831532, -94.03810488537859 38.75625435897602, -94.05279562809639 39.74549354563108, -95.28254094140961 39.7275513908412, -95.31307743896312 39.625209931743775, -95.3285778142478 39.573208490131314))'
S2B_MSIL2A_20250530T165849_N0511_R069_T15TVE_20250530T210011.SAFE	geography'SRID=4326;POLYGON ((-94.18317260660315 40.64479480422486, -94.16613169555373 39.655752572676114, -92.88622008547372 39.66155122739065, -92.8845569323803 40.65079881136531, -94.18317260660315 40.64479480422486))'
S2B_MSIL2A_20250528T175909_N0511_R041_T13UFQ_20250528T215851.SAFE	geography'SRID=4326;POLYGON ((-102.78485909172683 49.62905275857718, -103.61482626682331 49.64443670244057, -103.64208923014807 48.657027178567795, -103.24774839962019 48.64982490091552, -103.23415573644844 48.679167696097934, -103.1707729563896 48.81494728757135, -103.16623333219336 48.82468035362856, -103.09836511900782 48.969241123793154, -103.0302068999558 49.11377202158037, -102.96181850653872 49.258314643765296, -102.89316923790525 49.40281621573472, -102.82415715511588 49.5473228324221, -102.78485909172683 49.62905275857718))'
S2B_MSIL2A_20250528T175909_N0511_R041_T13UFP_20250528T215851.SAFE	geography'SRID=4326;POLYGON ((-103.20712536222085 48.73707259024409, -103.63972075371633 48.74498411169783, -103.6656686510332 47.75740973734738, -103.65604209738086 47.757236344166515, -103.63194105277977 47.81075920385943, -103.60645968518044 47.866961582910236, -103.56667540683264 47.95479096600176, -103.50104138423455 48.09979242819168, -103.50077696868003 48.10037008610064, -103.50065852387634 48.1006318952938, -103.43442455608664 48.24554929896758, -103.36789239082535 48.39045990698496, -103.30084537587015 48.5352800833867, -103.27480849276007 48.591409654352894, -103.23415573644844 48.679167696097934, -103.20712536222085 48.73707259024409))'
S2B_MSIL2A_20250528T175909_N0511_R041_T13UEQ_20250528T215851.SAFE	geography'SRID=4326;POLYGON ((-105.00027707744742 49.652722814505665, -105.00027162195119 48.66503141156509, -103.50933035947723 48.65538534877128, -103.47940434627488 49.64273706516441, -105.00027707744742 49.652722814505665))'
S2C_MSIL2A_20250526T162851_N0511_R083_T17TLJ_20250526T232114.SAFE	geography'SRID=4326;POLYGON ((-82.49405833060516 44.24203440196015, -83.50407140709622 44.22596415476343, -83.46322767686333 43.23826255332707, -82.8870322419992 43.24726805882872, -82.8468953187321 43.3503074925862, -82.78990779791418 43.496069930066966, -82.73271013739182 43.64185410753089, -82.67515164715574 43.787573085875856, -82.61729532187563 43.933242715460814, -82.55932533368531 44.078898134955, -82.50105460275107 44.22460983208428, -82.49405833060516 44.24203440196015))'
S2C_MSIL2A_20250526T162851_N0511_R083_T16TEQ_20250526T232114.SAFE	geography'SRID=4326;POLYGON ((-86.33948492630891 44.16139657565593, -85.62710599954542 44.157116557384406, -85.60358882685107 45.145299673094094, -86.00828217931092 45.147773494278944, -86.04064428346871 45.05265230597462, -86.09033128098352 44.905981397930674, -86.13986825031434 44.75927895661716, -86.18915782132554 44.612534339997005, -86.23803241705856 44.465705315437305, -86.28716006136422 44.31900291085651, -86.33589428193906 44.17224597820852, -86.33948492630891 44.16139657565593))'
S2C_MSIL2A_20250526T162851_N0511_R083_T16TER_20250526T232114.SAFE	geography'SRID=4326;POLYGON ((-86.03835232325906 45.05938901189539, -85.60574612901156 45.05674859305782, -85.58109585564665 46.044766226835556, -85.69924942991395 46.04549955614557, -85.73857405445392 45.93259120664168, -85.78929914365321 45.786043929595294, -85.83990198702287 45.63943019358289, -85.89035157942537 45.49278058996608, -85.9406364880091 45.34609250116135, -85.99072710770602 45.19937271241646, -86.03835232325906 45.05938901189539))'
S2C_MSIL2A_20250526T162851_N0511_R083_T17TLK_20250526T232114.SAFE	geography'SRID=4326;POLYGON ((-82.14644383648813 45.0988004501948, -82.14740738161733 45.148073182871244, -83.54313948300323 45.12551356202371, -83.50034838689311 44.137996748196564, -82.52952400098546 44.15341930012297, -82.50105460275107 44.22460983208428, -82.44255272396956 44.3703117220964, -82.38379943580237 44.51597772614762, -82.32483607249975 44.66157950578031, -82.26566812928013 44.80711415792796, -82.20633275905982 44.952555934379866, -82.14677887472811 45.0979860993436, -82.14644383648813 45.0988004501948))'
S2B_MSIL2A_20250525T174909_N0511_R141_T13UGQ_20250525T215302.SAFE	geography'SRID=4326;POLYGON ((-102.23148519495959 49.61961011420237, -102.28591334225759 48.63304460468163, -100.79901938142157 48.5883487810417, -100.71495435702143 49.57334356268714, -102.23148519495959 49.61961011420237))'
S2B_MSIL2A_20250525T174909_N0511_R141_T14ULU_20250525T215302.SAFE	geography'SRID=4326;POLYGON ((-100.68918930042162 48.73856275089813, -101.7193584952283 48.7209148694678, -101.66754232973864 47.734155602346505, -101.14476656750577 47.74297591303622, -101.12406755198992 47.78902878870561, -101.11366367931944 47.81208768126887, -101.05910200126142 47.933176022020085, -100.9929351812831 48.07791939584197, -100.99193898138468 48.08010571110014, -100.92665219329392 48.22362906595572, -100.860386144744 48.36838413455855, -100.79370076243754 48.51311419847008, -100.72672280843705 48.657789494639374, -100.68918930042162 48.73856275089813))'
S2C_MSIL2A_20250524T172921_N0511_R055_T14UMV_20250524T225013.SAFE	geography'SRID=4326;POLYGON ((-98.86627468407292 49.100499285130006, -98.86478640421906 49.652643868751746, -99.47673407676086 49.64933906458199, -99.51008512628692 49.5634202810048, -99.56615334938736 49.41725902707624, -99.62230597588889 49.27115130761736, -99.64534072088637 49.21082939150294, -99.28507855891418 49.16030450239466, -99.28489733469459 49.160770789642285, -99.2848406839639 49.160762885419686, -99.28470751578166 49.16110504940979, -98.97124887658606 49.11749124334182, -98.97145725218724 49.11696714259604, -98.86627468407292 49.100499285130006))'
S2B_MSIL2A_20250523T170849_N0511_R112_T15TWH_20250523T210711.SAFE	geography'SRID=4326;POLYGON ((-92.91227875339666 43.35233457048193, -93.00024679052602 43.35285539234588, -93.00024589407634 43.12596011971724, -92.98073269033952 43.17638062455138, -92.92403674658752 43.322216596649774, -92.91227875339666 43.35233457048193))'
S2B_MSIL2A_20250522T173909_N0511_R098_T13TFH_20250522T213012.SAFE	geography'SRID=4326;POLYGON ((-103.76618786223798 43.346200009839855, -103.78571286582209 42.35764145317536, -102.45336942769977 42.33578223926217, -102.41246381589346 43.323576596360866, -103.76618786223798 43.346200009839855))'
S2B_MSIL2A_20250522T173909_N0511_R098_T14UNV_20250522T210530.SAFE	geography'SRID=4326;POLYGON ((-97.74217114840613 49.644462339980315, -99.00027707744741 49.652722814505665, -99.00027162195117 48.66503141156509, -98.20904306816652 48.65991233645049, -98.20313827794403 48.67264379921972, -98.13556325551929 48.817401728443926, -98.06749636644798 48.962108155777, -97.99882390406668 49.10674035129598, -97.93014267489076 49.25139041156357, -97.8612601696437 49.39596845716693, -97.7921900371286 49.54045940273272, -97.74217114840613 49.644462339980315))'
S2C_MSIL2A_20250522T164901_N0511_R026_T16SBG_20250522T234013.SAFE	geography'SRID=4326;POLYGON ((-89.8503517003466 37.91141538368146, -90.41197247867947 37.8980997878049, -90.36741300313712 36.910119161555244, -90.1832541456654 36.91438864839429, -90.15802349532001 36.990946239007705, -90.10955350825539 37.13772815633567, -90.06086540497901 37.28446537800637, -90.01199057686067 37.43111952770669, -89.96275856817381 37.577674815966255, -89.9134802996672 37.72427997153511, -89.86400767040931 37.87093893288655, -89.8503517003466 37.91141538368146))'
S2C_MSIL2A_20250522T164901_N0511_R026_T15SYC_20250522T234013.SAFE	geography'SRID=4326;POLYGON ((-89.54768089719651 38.79739684049183, -90.6965295968872 38.82628170870513, -90.72763580740043 37.83751218570364, -89.88229927040436 37.816714463781686, -89.86400767040931 37.87093893288655, -89.81450795141593 38.017656663739416, -89.7645949758934 38.16430329396242, -89.71461618314417 38.31091358255506, -89.66451953469216 38.45745450507942, -89.6143337060549 38.60396666413893, -89.5639212074102 38.75044538362095, -89.54768089719651 38.79739684049183))'
S2C_MSIL2A_20250522T164901_N0511_R026_T15SYA_20250522T234013.SAFE	geography'SRID=4326;POLYGON ((-90.15147486458481 37.01077749198296, -90.75206945697532 37.02528430302893, -90.78052649213598 36.03617591535172, -90.47259558793709 36.02890848083242, -90.4463187584251 36.11010126461685, -90.39871070704365 36.2569978672784, -90.35084728111708 36.40384602301671, -90.30275698560976 36.55062762766232, -90.25464330606864 36.69739134908567, -90.2063981703436 36.84416252492122, -90.15802349532001 36.990946239007705, -90.15147486458481 37.01077749198296))'
S2C_MSIL2A_20250522T164901_N0511_R026_T15SVD_20250522T234013.SAFE	geography'SRID=4326;POLYGON ((-93.05369440358702 38.76007251644353, -92.88766443792474 38.760810475743604, -92.88675724686907 39.32529965933818, -92.90895391529608 39.25061815517057, -92.95258157017152 39.103290639522605, -92.9961065005036 38.955914490242655, -93.03952642193491 38.808552081147845, -93.05369440358702 38.76007251644353))'
S2C_MSIL2A_20250522T164901_N0511_R026_T15SXC_20250522T234013.SAFE	geography'SRID=4326;POLYGON ((-91.84770947866411 38.84331460585068, -91.86328240873523 37.853955038178526, -90.61590002865951 37.83530211029287, -90.5832677967871 38.82399234658653, -91.84770947866411 38.84331460585068))'
S2C_MSIL2A_20250522T164901_N0511_R026_T15SYB_20250522T234013.SAFE	geography'SRID=4326;POLYGON ((-89.8528224395757 37.904092084466896, -90.72492653924301 37.925590547672954, -90.75467671035364 36.93665039764339, -90.18047894252773 36.92280947238313, -90.15802349532001 36.990946239007705, -90.10955350825539 37.13772815633567, -90.06086540497901 37.28446537800637, -90.01199057686067 37.43111952770669, -89.96275856817381 37.577674815966255, -89.9134802996672 37.72427997153511, -89.86400767040931 37.87093893288655, -89.8528224395757 37.904092084466896))'
S2C_MSIL2A_20250522T164901_N0511_R026_T16SBH_20250522T234013.SAFE	geography'SRID=4326;POLYGON ((-89.53985833699895 38.820012208850144, -90.4545029640868 38.797894647715, -90.40791466143584 37.81010790673744, -89.88031648935973 37.82259231205769, -89.86400767040931 37.87093893288655, -89.81450795141593 38.017656663739416, -89.7645949758934 38.16430329396242, -89.71461618314417 38.31091358255506, -89.66451953469216 38.45745450507942, -89.6143337060549 38.60396666413893, -89.5639212074102 38.75044538362095, -89.53985833699895 38.820012208850144))'
S2C_MSIL2A_20250522T164901_N0511_R026_T15SXB_20250522T234013.SAFE	geography'SRID=4326;POLYGON ((-91.86192606806475 37.94208532019618, -91.8768196851591 36.952569122489834, -90.64426763054043 36.93451075320804, -90.61305784244584 37.92337349546603, -91.86192606806475 37.94208532019618))'
S2C_MSIL2A_20250522T164901_N0511_R026_T15TXN_20250522T234013.SAFE	geography'SRID=4326;POLYGON ((-90.45227205917749 46.83623902140981, -90.24891500137984 46.83262831925138, -90.21396126187315 47.49902782704767, -90.2226957146328 47.47501977087355, -90.27564379936152 47.32862398539464, -90.32837223585454 47.182246394632685, -90.38091956346503 47.035855702662815, -90.43329697515188 46.88945773285078, -90.45227205917749 46.83623902140981))'
S2C_MSIL2A_20250522T164901_N0511_R026_T15SWD_20250522T234013.SAFE	geography'SRID=4326;POLYGON ((-93.00023079228022 38.941917100289416, -93.00023019602958 38.760864457162924, -91.73659678080747 38.754036048213806, -91.71871965132908 39.74319619212293, -92.76025659030746 39.748943670678685, -92.77722599268755 39.692292467320016, -92.8213499773018 39.54510502337519, -92.86518682265638 39.39787414190222, -92.90895391529608 39.25061815517057, -92.95258157017152 39.103290639522605, -92.9961065005036 38.955914490242655, -93.00023079228022 38.941917100289416))'
S2C_MSIL2A_20250521T171911_N0511_R012_T14SLF_20250521T203212.SAFE	geography'SRID=4326;POLYGON ((-101.23511213044927 36.564207214241215, -101.21991719169928 36.03616769808406, -100.0014519629642 36.05254100905861, -100.01430253846532 37.042247242200354, -101.1039949827531 37.02726141675303, -101.1044938397345 37.025507119119936, -101.146397653039 36.87802123698743, -101.18822886354398 36.730537914392855, -101.22981814468329 36.58305391532696, -101.23511213044927 36.564207214241215))'
S2C_MSIL2A_20250521T171911_N0511_R012_T14SPF_20250521T203212.SAFE	geography'SRID=4326;POLYGON ((-97.69436717596582 37.03859460196675, -97.87551445266065 37.041254047993014, -97.88383987779082 36.462879982606694, -97.85957947241154 36.536985614932966, -97.81138545773972 36.68372822752004, -97.76312876382592 36.83046529176934, -97.71470623117827 36.9772164528994, -97.69436717596582 37.03859460196675))'
S2C_MSIL2A_20250521T171911_N0511_R012_T14SMH_20250521T203212.SAFE	geography'SRID=4326;POLYGON ((-100.15275135075291 38.843310058483205, -100.13717219597591 37.85395064837389, -98.88904641935848 37.85938968525829, -98.88752596186193 38.84894433319432, -100.15275135075291 38.843310058483205))'
S2C_MSIL2A_20250521T171911_N0511_R012_T14SNF_20250521T203212.SAFE	geography'SRID=4326;POLYGON ((-97.76916561199522 36.81210868036814, -97.76556196865786 37.04016090428803, -99.00022491682881 37.046583050483974, -99.00022206668982 36.05672396511734, -98.01758236064839 36.05172964286135, -98.00306919769936 36.09659174957625, -97.9553936093376 36.243437756593565, -97.90762182704107 36.390235838389486, -97.85957947241154 36.536985614932966, -97.81138545773972 36.68372822752004, -97.76916561199522 36.81210868036814))'
S2C_MSIL2A_20250521T171911_N0511_R012_T14SNH_20250521T203212.SAFE	geography'SRID=4326;POLYGON ((-99.00023047979299 38.848998483821255, -99.00022736409076 37.85944195932729, -97.75213459127728 37.85282950328523, -97.73503988519937 38.84214867288121, -99.00023047979299 38.848998483821255))'
S2C_MSIL2A_20250521T171911_N0511_R012_T14SMF_20250521T203212.SAFE	geography'SRID=4326;POLYGON ((-100.12493526264659 37.04124978452211, -100.11068371215597 36.05157871290146, -98.8916315425469 36.05667498554276, -98.8902406792213 37.04653228101576, -100.12493526264659 37.04124978452211))'
S2C_MSIL2A_20250521T171911_N0511_R012_T14SPH_20250521T203212.SAFE	geography'SRID=4326;POLYGON ((-97.14110501230712 38.67756329555994, -97.1207949866628 38.73658741817523, -97.08791998219236 38.83170406671121, -97.84770947866411 38.84331460585068, -97.86328240873523 37.853955038178526, -97.42424638409787 37.847389844187035, -97.42093103505984 37.85721236412048, -97.37130878895488 38.00389702586215, -97.32161877870446 38.15053422043335, -97.2717073466432 38.297099756315646, -97.22641934635853 38.42932711268181, -97.22045474072895 38.44679722713392, -97.17017063517439 38.593301833176206, -97.14110501230712 38.67756329555994))'
S2C_MSIL2A_20250521T171911_N0511_R012_T14SLG_20250521T203212.SAFE	geography'SRID=4326;POLYGON ((-101.12928808498417 36.9382405711835, -100.01312514326092 36.95355914294569, -100.0265600589798 37.943111174604404, -100.84487648498109 37.93162600140892, -100.85113264825767 37.91003298154512, -100.89366308388706 37.76263914508026, -100.93602896679644 37.61524561170513, -100.9783006359241 37.46782890320664, -101.02060216038899 37.32044836976278, -101.06255744954701 37.17298207243891, -101.1044938397345 37.025507119119936, -101.12928808498417 36.9382405711835))'
S2C_MSIL2A_20250521T171911_N0511_R012_T14SNG_20250521T203212.SAFE	geography'SRID=4326;POLYGON ((-99.00022763545476 37.947589571993284, -99.00022465569249 36.95788109520145, -97.76699475177708 36.95147947183065, -97.75064570841931 37.94095623057468, -99.00022763545476 37.947589571993284))'
S2C_MSIL2A_20250521T171911_N0511_R012_T14SMG_20250521T203212.SAFE	geography'SRID=4326;POLYGON ((-100.13852907879905 37.9420809165272, -100.12362950841454 36.95256487264268, -98.89036811332885 36.957830487987216, -98.88891399416781 37.94753713280259, -100.13852907879905 37.9420809165272))'
S2C_MSIL2A_20250521T171911_N0511_R012_T14SPG_20250521T203212.SAFE	geography'SRID=4326;POLYGON ((-97.39458796135303 37.93508318132906, -97.86192606806475 37.94208532019618, -97.8768196851591 36.952569122489834, -97.72357976888337 36.95032397350286, -97.71470623117827 36.9772164528994, -97.68662970044495 37.0619443554811, -97.66506323325065 37.12710473177878, -97.64312297729776 37.19312362195592, -97.617419640939 37.27056331071185, -97.56871880320952 37.41720884444926, -97.51974558864563 37.5638647725372, -97.47044324162412 37.710520528555605, -97.42093103505984 37.85721236412048, -97.39458796135303 37.93508318132906))'
S2A_MSIL2A_20250521T164711_N0511_R126_T15SYB_20250521T214256.SAFE	geography'SRID=4326;POLYGON ((-90.72492653924301 37.925590547672954, -90.75467671035364 36.93665039764339, -89.52344565573671 36.90697181308603, -89.47744908495345 37.89483865903757, -90.72492653924301 37.925590547672954))'
S2A_MSIL2A_20250521T164711_N0511_R126_T16SCF_20250521T214256.SAFE	geography'SRID=4326;POLYGON ((-89.24837990395392 37.02527578563511, -89.21991719169928 36.03616769808406, -88.0014519629642 36.05254100905861, -88.01430253846532 37.042247242200354, -89.24837990395392 37.02527578563511))'
S2A_MSIL2A_20250521T164711_N0511_R126_T15SYA_20250521T214256.SAFE	geography'SRID=4326;POLYGON ((-90.75206945697532 37.02528430302893, -90.78052649213598 36.03617591535172, -89.56341398032555 36.007451011934776, -89.51941449107781 36.995510653879045, -90.75206945697532 37.02528430302893))'
S2A_MSIL2A_20250521T164711_N0511_R126_T15SYV_20250521T214256.SAFE	geography'SRID=4326;POLYGON ((-90.7780477118352 36.124284255378335, -90.80526871562567 35.1350099026398, -89.60167165206713 35.10721816203458, -89.559581263597 36.09546699375022, -90.7780477118352 36.124284255378335))'
S2A_MSIL2A_20250521T164711_N0511_R126_T15SXC_20250521T214256.SAFE	geography'SRID=4326;POLYGON ((-90.8071827776696 37.83816248685426, -90.61590002865951 37.83530211029287, -90.59127101886557 38.581510999959136, -90.63295749193551 38.43893153724572, -90.67596996564829 38.29158039408591, -90.71884078220614 38.14412934977068, -90.76147468010272 37.99659571603296, -90.80403209809565 37.84907372566855, -90.8071827776696 37.83816248685426))'
S2A_MSIL2A_20250521T164711_N0511_R126_T16SBE_20250521T214256.SAFE	geography'SRID=4326;POLYGON ((-90.33240658759655 36.09852303080595, -90.29163167735423 35.11016547706432, -89.0878912416572 35.13689854165628, -89.11378957265575 36.12624261200447, -90.33240658759655 36.09852303080595))'
S2A_MSIL2A_20250521T164711_N0511_R126_T16SBG_20250521T214256.SAFE	geography'SRID=4326;POLYGON ((-90.41197247867947 37.8980997878049, -90.36741300313712 36.910119161555244, -89.13602504584179 36.93866731150362, -89.16432984132963 37.92768043331917, -90.41197247867947 37.8980997878049))'
S2A_MSIL2A_20250521T164711_N0511_R126_T16SBF_20250521T214256.SAFE	geography'SRID=4326;POLYGON ((-90.37131820920371 36.99866808026183, -90.32869364809062 36.01049725766069, -89.11143123293883 36.03812799310683, -89.13850562461279 37.02730768000537, -90.37131820920371 36.99866808026183))'
S2A_MSIL2A_20250521T164711_N0511_R126_T15SXA_20250521T214256.SAFE	geography'SRID=4326;POLYGON ((-91.31750348714705 36.043373710616684, -90.67138577052769 36.03410504881955, -90.64153245372125 37.023137802563134, -91.03948831374422 37.028980242758074, -91.05780774327528 36.964791992448085, -91.09940187225364 36.81732045087305, -91.14124006991014 36.66990920794078, -91.18303410724387 36.522464226607134, -91.22443789135339 36.374874707279794, -91.26606988082062 36.227291654344015, -91.30739192553112 36.07962280567011, -91.31750348714705 36.043373710616684))'
S2A_MSIL2A_20250521T164711_N0511_R126_T15SXB_20250521T214256.SAFE	geography'SRID=4326;POLYGON ((-91.06461151381873 36.940669296403954, -90.64426763054043 36.93451075320804, -90.61305784244584 37.92337349546603, -90.78186830767174 37.925902787006265, -90.80403209809565 37.84907372566855, -90.84661422847007 37.70160592298273, -90.88902735607171 37.554161631601126, -90.93153977899937 37.40681459468878, -90.97384907436616 37.259496667367785, -91.01576609368676 37.112098977234766, -91.05780774327528 36.964791992448085, -91.06461151381873 36.940669296403954))'
S2A_MSIL2A_20250520T171721_N0511_R112_T14SPF_20250520T233114.SAFE	geography'SRID=4326;POLYGON ((-97.87551445266065 37.041254047993014, -97.88976030868119 36.05158282608199, -96.67138577052769 36.03410504881955, -96.64153245372125 37.023137802563134, -97.87551445266065 37.041254047993014))'
S2A_MSIL2A_20250520T171721_N0511_R112_T15SUA_20250520T233114.SAFE	geography'SRID=4326;POLYGON ((-95.18700800451373 37.026119793113736, -95.24837990395393 37.02527578563511, -95.24349522346044 36.855528189622795, -95.2272665078198 36.90479781485942, -95.18700800451373 37.026119793113736))'
S2A_MSIL2A_20250520T171721_N0511_R112_T14SNH_20250520T233114.SAFE	geography'SRID=4326;POLYGON ((-98.35427541522914 37.85601967457397, -97.75213459127728 37.85282950328523, -97.73503988519937 38.84214867288121, -98.06635961203145 38.84394245596749, -98.10310638100218 38.71885960775186, -98.14622693847795 38.57163909363213, -98.189229126353 38.42436483310356, -98.23223435687498 38.27707573353296, -98.27503702635472 38.12971234505535, -98.31776352346908 37.98228074250586, -98.35427541522914 37.85601967457397))'
S2A_MSIL2A_20250520T171721_N0511_R112_T14SNG_20250520T233114.SAFE	geography'SRID=4326;POLYGON ((-98.61214384096246 36.955866590683314, -97.76699475177708 36.95147947183065, -97.75064570841931 37.94095623057468, -98.32882609674856 37.94402547144185, -98.36041552523712 37.83478667870728, -98.40297452782931 37.6872845729872, -98.44534045629845 37.53977392142408, -98.4876385698875 37.392309134384725, -98.5299185871486 37.24491427031813, -98.5718878706808 37.09752074963133, -98.61214384096246 36.955866590683314))'
S2A_MSIL2A_20250520T171721_N0511_R112_T14SNF_20250520T233114.SAFE	geography'SRID=4326;POLYGON ((-98.86473616829764 36.0560353503244, -97.78119997991008 36.05052821595199, -97.76556196865786 37.04016090428803, -98.58697446082536 37.044433512549006, -98.61376678303098 36.95015572364596, -98.65545444163207 36.802796507370346, -98.6970352819319 36.65532561135768, -98.73852041394137 36.50785437887807, -98.77991419997456 36.36033567144796, -98.82103364843456 36.21269728847479, -98.86222649566541 36.06502851671576, -98.86473616829764 36.0560353503244))'
S2B_MSIL2A_20250520T165849_N0511_R069_T15STA_20250520T210407.SAFE	geography'SRID=4326;POLYGON ((-96.33269976808594 36.103371665931974, -96.32869364809063 36.01049725766069, -95.11143123293884 36.03812799310683, -95.1385056246128 37.02730768000537, -96.07855247669693 37.00546935200615, -96.10723999295342 36.904614733019, -96.14896643344665 36.75706107274361, -96.1907310628116 36.60951341806664, -96.23221780490992 36.4619497415731, -96.27358799555056 36.314441430496906, -96.31498836082194 36.166997285260365, -96.33269976808594 36.103371665931974))'
S2B_MSIL2A_20250520T165849_N0511_R069_T14SQF_20250520T210407.SAFE	geography'SRID=4326;POLYGON ((-96.35420581026621 36.02611438012591, -95.56341398032555 36.007451011934776, -95.51941449107781 36.995510653879045, -96.07755050337492 37.00899191689894, -96.10723999295342 36.904614733019, -96.14896643344665 36.75706107274361, -96.1907310628116 36.60951341806664, -96.23221780490992 36.4619497415731, -96.27358799555056 36.314441430496906, -96.31498836082194 36.166997285260365, -96.35420581026621 36.02611438012591))'
S2B_MSIL2A_20250519T172859_N0511_R055_T14SMH_20250519T213057.SAFE	geography'SRID=4326;POLYGON ((-99.60265688213512 38.84575972743584, -100.15275135075291 38.843310058483205, -100.13717219597591 37.85395064837389, -99.94100065839363 37.854805517529364, -99.91860425344743 37.9210947391827, -99.86888683874605 38.06769315745602, -99.81921902853482 38.21421953279695, -99.80234148049696 38.26370757144584, -99.76908713854776 38.36142397760965, -99.71904686508115 38.507815606030185, -99.66885683428848 38.654241370950935, -99.61824268607266 38.80062772667331, -99.60265688213512 38.84575972743584))'
S2B_MSIL2A_20250519T172859_N0511_R055_T14TMK_20250519T213057.SAFE	geography'SRID=4326;POLYGON ((-98.96399816064708 40.65043152355936, -100.18317260660315 40.64479480422486, -100.16613169555372 39.655752572676114, -99.31788999595356 39.65959554174657, -99.31079210201992 39.67963832931398, -99.25902891804672 39.8261088927789, -99.20717611854813 39.97249437490345, -99.15501833819104 40.11871427385926, -99.10295115055557 40.26494077354005, -99.0504720575191 40.41109464085187, -98.997729742008 40.557242250065656, -98.96399816064708 40.65043152355936))'
S2B_MSIL2A_20250519T172859_N0511_R055_T14SLF_20250519T213057.SAFE	geography'SRID=4326;POLYGON ((-100.21352836189236 37.03950742012475, -101.24837990395392 37.02527578563511, -101.21991719169928 36.03616769808406, -100.53919211434163 36.045315044366006, -100.50164437199528 36.16139947208229, -100.45381598086125 36.308227732036094, -100.40599244110106 36.45496206117543, -100.35797466874376 36.60156800351796, -100.30969755644657 36.74814375796648, -100.26156437180852 36.8948199826302, -100.21352836189236 37.03950742012475))'
S2B_MSIL2A_20250519T172859_N0511_R055_T14SMG_20250519T213057.SAFE	geography'SRID=4326;POLYGON ((-99.9111502963011 37.94307372449583, -100.13852907879905 37.9420809165272, -100.1287878761553 37.29514439057634, -100.11561854125073 37.3348234807699, -100.06662604910503 37.481568611427406, -100.01739011306638 37.62832770483247, -99.96796123064648 37.77508534163296, -99.94811114481053 37.833759791160126, -99.91860425344743 37.9210947391827, -99.9111502963011 37.94307372449583))'
S2B_MSIL2A_20250519T172859_N0511_R055_T14SLJ_20250519T213057.SAFE	geography'SRID=4326;POLYGON ((-101.33363283056225 39.72680595308774, -101.301097327331 38.73820958831532, -100.03810488537859 38.75625435897602, -100.05279562809639 39.74549354563108, -101.33363283056225 39.72680595308774))'
S2B_MSIL2A_20250519T172859_N0511_R055_T14SLH_20250519T213057.SAFE	geography'SRID=4326;POLYGON ((-101.30393084279649 38.82627262441358, -101.27281842761563 37.837503416034735, -100.02533655911799 37.85497766278228, -100.03938428014581 38.84437393595428, -101.30393084279649 38.82627262441358))'
S2B_MSIL2A_20250519T172859_N0511_R055_T13SGA_20250519T213057.SAFE	geography'SRID=4326;POLYGON ((-102.75206945697532 37.02528430302893, -102.78052649213598 36.03617591535172, -101.56341398032555 36.007451011934776, -101.51941449107781 36.995510653879045, -102.75206945697532 37.02528430302893))'
S2B_MSIL2A_20250519T172859_N0511_R055_T14SLG_20250519T213057.SAFE	geography'SRID=4326;POLYGON ((-100.02209588140559 37.6143010740664, -100.0265600589798 37.943111174604404, -101.27552823620451 37.925581750319026, -101.24577213045467 36.936641907455304, -100.24311097899329 36.95040274489908, -100.21289811950949 37.041405749222776, -100.16432334618295 37.188076332051445, -100.11561854125073 37.3348234807699, -100.06662604910503 37.481568611427406, -100.02209588140559 37.6143010740664))'
S2B_MSIL2A_20250519T172859_N0511_R055_T14SMJ_20250519T213057.SAFE	geography'SRID=4326;POLYGON ((-99.28649342065522 39.748394562562396, -100.16762472753088 39.74439520181332, -100.15133248212537 38.755193805393134, -99.63315546083619 38.75749696524997, -99.61824268607266 38.80062772667331, -99.56766273982056 38.9470926881194, -99.51667482695764 39.09355989939255, -99.46567911406024 39.24011761855917, -99.41415325707862 39.386619464904285, -99.36266432764752 39.53316333143117, -99.31079210201992 39.67963832931398, -99.28649342065522 39.748394562562396))'
S2B_MSIL2A_20250519T172859_N0511_R055_T14SKF_20250519T213057.SAFE	geography'SRID=4326;POLYGON ((-102.37131820920371 36.99866808026183, -102.32869364809063 36.01049725766069, -101.11143123293883 36.03812799310683, -101.13850562461279 37.02730768000537, -102.37131820920371 36.99866808026183))'
S2C_MSIL2A_20250519T163851_N0511_R126_T16TGR_20250519T231500.SAFE	geography'SRID=4326;POLYGON ((-84.27299194540213 46.02022882530018, -84.41645116040286 46.024365075689296, -84.43399478839949 45.63808945797673, -84.42240363949406 45.66583640243767, -84.42130242626979 45.66845608692514, -84.421012703103 45.66915035082904, -84.35994547359003 45.81444248225189, -84.29859929790366 45.959758073915246, -84.29217567968914 45.97490505020205, -84.27299194540213 46.02022882530018))'
S2C_MSIL2A_20250518T170911_N0511_R112_T15TWH_20250518T220014.SAFE	geography'SRID=4326;POLYGON ((-92.90933477193373 43.35231714040206, -93.00024679052602 43.35285539234588, -93.00024586319323 43.11814346840597, -92.97416132694894 43.185500177008805, -92.91754585475536 43.33123988513688, -92.90933477193373 43.35231714040206))'
S2C_MSIL2A_20250518T170911_N0511_R112_T15SUD_20250518T220014.SAFE	geography'SRID=4326;POLYGON ((-94.24899103109674 39.74263102747258, -95.33363283056225 39.72680595308774, -95.301097327331 38.73820958831532, -94.59615503382788 38.74828132080774, -94.57833510212308 38.800037937614206, -94.52750899391368 38.94655307453736, -94.47653278699917 39.09308142600007, -94.42543210568968 39.239549025781024, -94.37426970549984 39.38595796432697, -94.32316831627416 39.53236387656612, -94.27158460284643 39.678673973106335, -94.24899103109674 39.74263102747258))'
S2A_MSIL2A_20250518T163701_N0511_R083_T16TEK_20250519T010112.SAFE	geography'SRID=4326;POLYGON ((-87.00023656389149 40.650856515774606, -87.00023315577859 39.66160695799293, -85.72035792136309 39.6545573069827, -85.7016593384075 40.64355721409192, -87.00023656389149 40.650856515774606))'
S2A_MSIL2A_20250518T163701_N0511_R083_T16TDK_20250519T010112.SAFE	geography'SRID=4326;POLYGON ((-87.75425284052312 39.65761859470899, -86.88622008547372 39.66155122739065, -86.88455693238029 40.65079881136531, -87.45500697231236 40.648161398171396, -87.48850315707352 40.538323831969166, -87.53335245865662 40.39111063756248, -87.57802294037353 40.24393086687767, -87.62250393880099 40.09680745747304, -87.66674017063039 39.949687765313406, -87.71086999225123 39.80257928276309, -87.75425284052312 39.65761859470899))'
S2C_MSIL2A_20250517T173921_N0511_R098_T14TMP_20250519T090218.SAFE	geography'SRID=4326;POLYGON ((-100.10703467776787 44.24726780407991, -100.25298174570909 44.246545441411556, -100.24581489877501 43.90026271293032, -100.19241214172774 44.03426819308154, -100.13421018351816 44.17995843548693, -100.10703467776787 44.24726780407991))'
S2C_MSIL2A_20250517T173921_N0511_R098_T14TLQ_20250519T090218.SAFE	geography'SRID=4326;POLYGON ((-100.12874049368521 44.19350597982477, -100.14740738161733 45.148073182871244, -101.54313948300323 45.12551356202371, -101.50034838689311 44.137996748196564, -100.1423552314187 44.15956987744632, -100.13421018351816 44.17995843548693, -100.12874049368521 44.19350597982477))'
S2C_MSIL2A_20250517T173921_N0511_R098_T14TLP_20250519T090218.SAFE	geography'SRID=4326;POLYGON ((-100.12874856113251 44.19348599805189, -100.12976271323852 44.24783068396879, -101.50407140709622 44.22596415476343, -101.46322767686333 43.23826255332707, -100.50029743791359 43.25331243577991, -100.47996321900665 43.30567707630106, -100.42289733357853 43.45135145480429, -100.36566748528777 43.59708857900038, -100.30803234709005 43.74279441339858, -100.25047466937092 43.88856978113008, -100.19241214172774 44.03426819308154, -100.13421018351816 44.17995843548693, -100.12874856113251 44.19348599805189))'
S2C_MSIL2A_20250517T173921_N0511_R098_T13SGD_20250519T090218.SAFE	geography'SRID=4326;POLYGON ((-101.81546989722281 39.70499723097307, -102.66683353200474 39.72681533153163, -102.69936254729447 38.73821864423846, -102.1578337167546 38.72462914109821, -102.14052609878705 38.7747766549115, -102.08965242020115 38.92132073337535, -102.03883828407108 39.06787190107087, -101.9878086435908 39.21432036744574, -101.93668132729161 39.3607049480104, -101.88538471865469 39.50705832210086, -101.83381140809053 39.65335974156068, -101.81546989722281 39.70499723097307))'
S2C_MSIL2A_20250517T173921_N0511_R098_T14SKJ_20250519T090218.SAFE	geography'SRID=4326;POLYGON ((-101.81211617955563 39.71443906822302, -102.49897689950004 39.6975094680204, -102.45026011044494 38.7099201955759, -102.16049653237242 38.71691383427625, -102.14052609878705 38.7747766549115, -102.08965242020115 38.92132073337535, -102.03883828407108 39.06787190107087, -101.9878086435908 39.21432036744574, -101.93668132729161 39.3607049480104, -101.88538471865469 39.50705832210086, -101.83381140809053 39.65335974156068, -101.81211617955563 39.71443906822302))'
S2A_MSIL2A_20250517T170711_N0511_R069_T15TUE_20250517T220915.SAFE	geography'SRID=4326;POLYGON ((-95.31165393525454 39.638494896966776, -94.0514493575497 39.656847486720984, -94.06681520423501 40.645928490590144, -95.0116107106263 40.631887023470476, -95.02429104327555 40.59047231849889, -95.06931564196668 40.44324885638612, -95.11411547650904 40.29605767389297, -95.15861468230669 40.14887585425575, -95.2029023724908 40.00174342922477, -95.2470551807424 39.854624856159326, -95.29106406445953 39.70746964811256, -95.31165393525454 39.638494896966776))'
S2B_MSIL2A_20250517T164839_N0511_R026_T16TBK_20250517T203502.SAFE	geography'SRID=4326;POLYGON ((-89.81156600281459 39.62581513958249, -89.25328234916988 39.639550147346526, -89.23425644958162 39.69355282497131, -89.2198389085953 39.73432832470287, -89.24913477999112 40.62894899386581, -90.54546370146343 40.59640146890937, -90.50338523291819 39.780956345116486, -90.42199148145296 39.76389762889848, -90.42213762030349 39.76346129980298, -90.4220748727048 39.763448167834014, -90.42214865329935 39.76322904588445, -90.42204411525128 39.7632071983333, -90.4222215650539 39.7626772430329, -90.13566909022093 39.70069839259458, -90.13533442906429 39.70167911141254, -90.13530247272558 39.70167171405926, -90.135301455583 39.70167470608151, -90.13436115419165 39.70145734766607, -90.13432596099356 39.70156111871431, -89.87872282789118 39.64263111368989, -89.87884096058471 39.642286399884185, -89.87867189108 39.64224754267568, -89.87872134775368 39.64210389603382, -89.87849773780907 39.64205265770098, -89.87867219677166 39.64154337182404, -89.81156600281459 39.62581513958249))'
S2A_MSIL2A_20250516T173731_N0511_R055_T14SLH_20250516T223113.SAFE	geography'SRID=4326;POLYGON ((-100.03214310743525 38.33437026496426, -100.03938428014581 38.84437393595428, -101.30393084279649 38.82627262441358, -101.29729195484961 38.61528521178132, -101.15127759079748 38.58605242718923, -101.15077815186864 38.58760382686168, -100.90166400308048 38.53489003129933, -100.90171753222972 38.53472561312214, -100.901693307212 38.53472048991597, -100.90178525037582 38.53443730308906, -100.89942799902812 38.533939001950806, -100.89957701203728 38.53348162705238, -100.8995040874298 38.533466230686486, -100.8995860100686 38.53321561363306, -100.89942613541518 38.533181917376034, -100.89970756639433 38.53231851818448, -100.62030973670326 38.47137138680814, -100.61966249499213 38.47333465009737, -100.472887990376 38.43904601932338, -100.36773712571683 38.41452252284528, -100.36786419807298 38.414140401537786, -100.36537821109101 38.41356135147975, -100.36548757061571 38.413233632310046, -100.36535896720088 38.41320377369186, -100.3654051052807 38.41306615229325, -100.3651191831028 38.41300000331924, -100.36537366047774 38.412237897005525, -100.08055199150913 38.34465732760196, -100.07992711546801 38.34650956491988, -100.07983421620595 38.34648575558085, -100.07980883811241 38.346561268642965, -100.03214310743525 38.33437026496426))'
S2A_MSIL2A_20250516T173731_N0511_R055_T13SGB_20250516T235511.SAFE	geography'SRID=4326;POLYGON ((-102.72492653924301 37.925590547672954, -102.75467671035365 36.93665039764339, -101.52344565573672 36.90697181308603, -101.47744908495345 37.89483865903757, -102.72492653924301 37.925590547672954))'
S2A_MSIL2A_20250516T173731_N0511_R055_T14SLF_20250516T235511.SAFE	geography'SRID=4326;POLYGON ((-100.21573090202848 37.039477130034925, -101.24837990395392 37.02527578563511, -101.21991719169928 36.03616769808406, -100.54143670863381 36.045284882290396, -100.5250686256067 36.09609291425485, -100.47710825729192 36.24304353621024, -100.4293723140177 36.39001342481185, -100.38133412394876 36.53680532975219, -100.3330739081403 36.68350016991285, -100.28492001507168 36.83015403334392, -100.23639580483484 36.97670820090323, -100.21573090202848 37.039477130034925))'
S2A_MSIL2A_20250516T173731_N0511_R055_T14SMH_20250516T223113.SAFE	geography'SRID=4326;POLYGON ((-99.8004526822108 38.275113042089366, -99.7649316032488 38.37893942152004, -99.71478983726129 38.52541683988015, -99.6646273358543 38.67184613696346, -99.61417182252733 38.81816739911376, -99.60464251635854 38.84575088505188, -100.15275135075291 38.843310058483205, -100.1451405317134 38.359982461886, -100.08055199150913 38.34465732760196, -100.07992711546801 38.34650956491988, -100.07983421620595 38.34648575558085, -100.07980883811241 38.346561268642965, -99.8004526822108 38.275113042089366))'
S2A_MSIL2A_20250516T173731_N0511_R055_T13SGA_20250516T235511.SAFE	geography'SRID=4326;POLYGON ((-102.75206945697532 37.02528430302893, -102.78052649213598 36.03617591535172, -101.56341398032555 36.007451011934776, -101.51941449107781 36.995510653879045, -102.75206945697532 37.02528430302893))'
S2A_MSIL2A_20250516T173731_N0511_R055_T13SGC_20250516T235511.SAFE	geography'SRID=4326;POLYGON ((-102.6965295968872 38.82628170870513, -102.72763580740045 37.83751218570364, -101.48163775999417 37.80685703267152, -101.43354720329414 38.79452724007538, -102.6965295968872 38.82628170870513))'
S2A_MSIL2A_20250516T173731_N0511_R055_T14SKJ_20250516T235511.SAFE	geography'SRID=4326;POLYGON ((-102.46473919569146 39.00344096206361, -102.45026011044494 38.7099201955759, -101.18865192655385 38.74036995699254, -101.18961890304121 38.77126038967093, -101.36292447079796 38.80589178340556, -101.3622090871716 38.80813635977371, -101.64247024619549 38.861503816090455, -101.6426595093137 38.86090280192232, -101.64281900740544 38.86093193559763, -101.64301158222624 38.86031960557767, -101.64311508653705 38.8603385513562, -101.64330483192356 38.85973579919467, -101.64605284314878 38.86023986399511, -101.64609865916209 38.86009430138613, -101.89917473808696 38.90644266522371, -101.89902019748092 38.906939536059554, -101.89918864372474 38.90697039897734, -101.89863005686425 38.90876800885314, -102.18324909657886 38.957273532354016, -102.1834942158483 38.95647578184706, -102.1838933450205 38.95654158551845, -102.18413504792099 38.95575383619629, -102.18451170123616 38.95581622845429, -102.18469378695491 38.95522340053272, -102.44334124965567 38.998263524342725, -102.44332979643511 38.99830125865304, -102.44647766965875 38.99882417742003, -102.44647342820132 38.9988381512092, -102.44732658323016 38.9989801351796, -102.44730960016419 38.99903609983334, -102.44764067090965 38.99909129079436, -102.44712434390051 39.00079441459006, -102.46473919569146 39.00344096206361))'
S2A_MSIL2A_20250516T173731_N0511_R055_T14SKG_20250516T235511.SAFE	geography'SRID=4326;POLYGON ((-102.41197247867947 37.8980997878049, -102.36741300313712 36.910119161555244, -101.13602504584179 36.93866731150362, -101.16432984132963 37.92768043331917, -102.41197247867947 37.8980997878049))'
S2A_MSIL2A_20250516T173731_N0511_R055_T14SKF_20250516T235511.SAFE	geography'SRID=4326;POLYGON ((-102.37131820920371 36.99866808026183, -102.32869364809063 36.01049725766069, -101.11143123293883 36.03812799310683, -101.13850562461279 37.02730768000537, -102.37131820920371 36.99866808026183))'
S2A_MSIL2A_20250516T173731_N0511_R055_T14SMG_20250516T235511.SAFE	geography'SRID=4326;POLYGON ((-99.91336614812967 37.9430640493831, -100.13852907879905 37.9420809165272, -100.1288862662038 37.301678708616535, -100.09066525533449 37.41658396826778, -100.04155797241168 37.56330485597982, -99.99214376141808 37.71003911678676, -99.94260199531664 37.85678552659808, -99.91336614812967 37.9430640493831))'
S2A_MSIL2A_20250516T173731_N0511_R055_T14SLG_20250516T235511.SAFE	geography'SRID=4326;POLYGON ((-100.02218457305923 37.62083367969549, -100.0265600589798 37.943111174604404, -101.27552823620451 37.925581750319026, -101.24577213045467 36.936641907455304, -100.24511466885075 36.95037524562839, -100.23639580483484 36.97670820090323, -100.18813373173066 37.12330258244042, -100.13945738689556 37.269898351680325, -100.09066525533449 37.41658396826778, -100.04155797241168 37.56330485597982, -100.02218457305923 37.62083367969549))'
S2A_MSIL2A_20250516T173731_N0511_R055_T14SMH_20250516T235511.SAFE	geography'SRID=4326;POLYGON ((-100.03520909282585 38.514635417268536, -100.14799186243413 38.541057168458764, -100.13717219597591 37.85395064837389, -99.94327379298626 37.854795611746525, -99.94260199531664 37.85678552659808, -99.89287737133863 38.00352890897479, -99.84296660188673 38.150216556192575, -99.79286742379507 38.296814428851086, -99.74309312591164 38.4423494998148, -100.03253536680712 38.51543524091123, -100.03291733114307 38.51430579527517, -100.03483177222141 38.51475503178918, -100.03483479858066 38.51474607467426, -100.03514698140893 38.51481909127197, -100.03520909282585 38.514635417268536))'
S2A_MSIL2A_20250516T173731_N0511_R055_T14SKH_20250516T235511.SAFE	geography'SRID=4326;POLYGON ((-101.43756573472923 38.822485806592226, -102.4545029640868 38.797894647715, -102.40791466143585 37.81010790673744, -101.16175219508035 37.83959549435291, -101.189636040914 38.77126381430655, -101.36292447079796 38.80589178340556, -101.3622090871716 38.80813635977371, -101.43756573472923 38.822485806592226))'
S2A_MSIL2A_20250516T173731_N0511_R055_T14SKH_20250516T223113.SAFE	geography'SRID=4326;POLYGON ((-101.18429067202109 38.59266180633077, -101.19134725642266 38.82843976082239, -102.31851203015373 38.80118312468847, -102.22026805769796 38.78496641905121, -102.21974679255989 38.78666619746457, -101.96496745389135 38.743660607394645, -101.96500314060732 38.743545586093674, -101.96500271627716 38.743545514370894, -101.96510054159134 38.74322946016707, -101.96226451905527 38.742749017910434, -101.96285915077456 38.740835109002525, -101.68213644200776 38.689513577771535, -101.68153020489288 38.6914412380782, -101.43146539804285 38.64387691666075, -101.43150545889081 38.64375095514967, -101.43150005803716 38.64374992756224, -101.43165694629315 38.64325542732895, -101.42905550120558 38.64276023291945, -101.42930399481358 38.64197994870828, -101.42927229757356 38.64197390667053, -101.42935184738143 38.641724243425216, -101.18429067202109 38.59266180633077))'
S2A_MSIL2A_20250516T173731_N0511_R055_T13SGC_20250516T223113.SAFE	geography'SRID=4326;POLYGON ((-101.44079608870352 38.6456516884698, -101.43354720329414 38.79452724007538, -102.42996099903314 38.81957952170619, -102.22026805769796 38.78496641905121, -102.21974679255989 38.78666619746457, -101.96496745389135 38.743660607394645, -101.96500314060732 38.743545586093674, -101.96500271627716 38.743545514370894, -101.96510054159134 38.74322946016707, -101.96226451905527 38.742749017910434, -101.96285915077456 38.740835109002525, -101.68213644200776 38.689513577771535, -101.68153020489288 38.6914412380782, -101.44079608870352 38.6456516884698))'
S2A_MSIL2A_20250516T173731_N0511_R055_T14SLH_20250516T235511.SAFE	geography'SRID=4326;POLYGON ((-100.03520909282585 38.514635417268536, -100.29261126570249 38.574937325008456, -100.29233653726392 38.57575932585376, -100.29246608904116 38.575789820837656, -100.29237585930665 38.57606004281944, -100.2925056035868 38.57609063138294, -100.29246153342429 38.57622247975476, -100.29262742731537 38.5762616547252, -100.29249404139166 38.57666038114427, -100.29298976161587 38.576777776927365, -100.29287767029177 38.577113281564735, -100.29299251867232 38.57714052285412, -100.29292661670883 38.57733778802944, -100.29305370776301 38.57736798302246, -100.29294366827887 38.577697032204654, -100.57512591275167 38.64292180765701, -100.5756400283562 38.641364892154954, -100.57788813989555 38.64185281774225, -100.57793883413123 38.64169914035004, -100.57809824451446 38.641733676203565, -100.57811959711165 38.64166900309413, -100.82998781992865 38.69628482782928, -100.82954157846152 38.697651177922175, -100.82969100636873 38.697683780853566, -100.82958231309918 38.69801673596488, -100.82960138926963 38.69802090158492, -100.8295756732264 38.69809967798394, -100.8295983915794 38.69810464355616, -100.82944405189716 38.69857694156462, -101.10906739862553 38.7574503855789, -101.10959571995276 38.75581352015165, -101.11206187783564 38.756306866170966, -101.11222682241379 38.75579524535478, -101.30291220030233 38.79389962068774, -101.27281842761563 37.837503416034735, -100.02533655911799 37.85497766278228, -100.03470383382522 38.51472501018143, -100.03483177222141 38.51475503178918, -100.03483479858066 38.51474607467426, -100.03514698140893 38.51481909127197, -100.03520909282585 38.514635417268536))'
S2A_MSIL2A_20250516T173731_N0511_R055_T13SGD_20250516T235511.SAFE	geography'SRID=4326;POLYGON ((-102.68952433925668 39.03721385784798, -102.69936254729447 38.73821864423846, -101.43792685625729 38.70656329494251, -101.43207667554837 38.821440577467094, -101.64247024619549 38.861503816090455, -101.6426595093137 38.86090280192232, -101.64281900740544 38.86093193559763, -101.64301158222624 38.86031960557767, -101.64311508653705 38.8603385513562, -101.64330483192356 38.85973579919467, -101.64605284314878 38.86023986399511, -101.64609865916209 38.86009430138613, -101.89917473808696 38.90644266522371, -101.89902019748092 38.906939536059554, -101.89918864372474 38.90697039897734, -101.89863005686425 38.90876800885314, -102.18324909657886 38.957273532354016, -102.1834942158483 38.95647578184706, -102.1838933450205 38.95654158551845, -102.18413504792099 38.95575383619629, -102.18451170123616 38.95581622845429, -102.18469378695491 38.95522340053272, -102.44334124965567 38.998263524342725, -102.44332979643511 38.99830125865304, -102.44647766965875 38.99882417742003, -102.44647342820132 38.9988381512092, -102.44732658323016 38.9989801351796, -102.44730960016419 38.99903609983334, -102.44764067090965 38.99909129079436, -102.44712434390051 39.00079441459006, -102.68952433925668 39.03721385784798))'
S2B_MSIL2A_20250516T171859_N0511_R012_T14SMJ_20250516T212548.SAFE	geography'SRID=4326;POLYGON ((-100.16762472753088 39.74439520181332, -100.15133248212537 38.755193805393134, -98.88766443792474 38.760810475743604, -98.88607436984347 39.750212021802014, -100.16762472753088 39.74439520181332))'
S2B_MSIL2A_20250516T171859_N0511_R012_T14SLH_20250516T212548.SAFE	geography'SRID=4326;POLYGON ((-100.8707424706965 37.84313554156689, -100.02533655911799 37.85497766278228, -100.03938428014581 38.84437393595428, -100.58188139548001 38.83660837825587, -100.58660974161057 38.82052651972672, -100.62968457551256 38.67322335263376, -100.67259817655754 38.525922710909725, -100.7154503271421 38.378624707013074, -100.75829728876344 38.231281375429255, -100.80104164187544 38.083834893885474, -100.84379806676247 37.936385837595694, -100.8707424706965 37.84313554156689))'
S2B_MSIL2A_20250516T171859_N0511_R012_T14SNF_20250516T212548.SAFE	geography'SRID=4326;POLYGON ((-97.76916999397251 36.81183137221849, -97.76556196865786 37.04016090428803, -99.00022491682881 37.046583050483974, -99.00022206668982 36.05672396511734, -98.01775538765231 36.051730522280955, -97.99383894135738 36.12569915848383, -97.94619827261144 36.2724459896876, -97.8983990929502 36.419205147005535, -97.85022049731752 36.56592614250902, -97.80188676032182 36.712683462851295, -97.76916999397251 36.81183137221849))'
S2B_MSIL2A_20250516T171859_N0511_R012_T14SPF_20250516T212548.SAFE	geography'SRID=4326;POLYGON ((-97.69412481554168 37.038591043842786, -97.87551445266065 37.041254047993014, -97.88382989421271 36.463573549911075, -97.85022049731752 36.56592614250902, -97.80188676032182 36.712683462851295, -97.75344169327616 36.859495866786574, -97.70483286970456 37.00631515837077, -97.69412481554168 37.038591043842786))'
S2B_MSIL2A_20250516T171859_N0511_R012_T14SLF_20250516T212548.SAFE	geography'SRID=4326;POLYGON ((-101.23516173408777 36.56593099093437, -101.21991719169928 36.03616769808406, -100.0014519629642 36.05254100905861, -100.01430253846532 37.042247242200354, -101.1047524198672 37.02725100021721, -101.13958939939177 36.90451342115828, -101.18127696414992 36.757119351609695, -101.22286036807388 36.609695849542646, -101.23516173408777 36.56593099093437))'
S2B_MSIL2A_20250516T171859_N0511_R012_T14SPH_20250516T212548.SAFE	geography'SRID=4326;POLYGON ((-97.08796341175176 38.8317047303695, -97.84770947866411 38.84331460585068, -97.86328240873523 37.853955038178526, -97.42416832612041 37.847388676934834, -97.41109073899057 37.886274713558166, -97.36162214345208 38.03280545275497, -97.3120382457536 38.179345866638414, -97.26208741233091 38.325877347880215, -97.21191660992099 38.47242691024472, -97.1615426377536 38.6190367454207, -97.11092577499758 38.765619323397885, -97.08796341175176 38.8317047303695))'
S2B_MSIL2A_20250516T171859_N0511_R012_T14SMG_20250516T212548.SAFE	geography'SRID=4326;POLYGON ((-100.13852907879905 37.9420809165272, -100.12362950841454 36.95256487264268, -98.89036811332885 36.957830487987216, -98.88891399416781 37.94753713280259, -100.13852907879905 37.9420809165272))'
S2B_MSIL2A_20250516T171859_N0511_R012_T14SLG_20250516T212548.SAFE	geography'SRID=4326;POLYGON ((-101.1300193687043 36.938230534815396, -100.01312514326092 36.95355914294569, -100.0265600589798 37.943111174604404, -100.84517461673877 37.931621817092484, -100.88640238791837 37.78893905905046, -100.92886648420851 37.64148450720893, -100.97134315542446 37.49406599776505, -101.0137151919843 37.34669265193604, -101.05581066222386 37.19929999788656, -101.0977536226328 37.05190914913249, -101.1300193687043 36.938230534815396))'
S2B_MSIL2A_20250516T171859_N0511_R012_T14SPG_20250516T212548.SAFE	geography'SRID=4326;POLYGON ((-97.3946129345781 37.93508355550354, -97.86192606806475 37.94208532019618, -97.8768196851591 36.952569122489834, -97.72337140093195 36.95032092066189, -97.70483286970456 37.00631515837077, -97.65612613864083 37.15312547979959, -97.60722412008363 37.29993294054366, -97.58986217476141 37.352044934335694, -97.55864707420864 37.44587724209296, -97.5096937888233 37.592435905654646, -97.50015594569673 37.62087490959314, -97.46036353106084 37.739762701980254, -97.41109073899057 37.886274713558166, -97.3946129345781 37.93508355550354))'
S2B_MSIL2A_20250516T171859_N0511_R012_T14SNH_20250516T212548.SAFE	geography'SRID=4326;POLYGON ((-99.00023047979299 38.848998483821255, -99.00022736409076 37.85944195932729, -97.75213459127728 37.85282950328523, -97.73503988519937 38.84214867288121, -99.00023047979299 38.848998483821255))'
S2B_MSIL2A_20250516T171859_N0511_R012_T14SPJ_20250516T212548.SAFE	geography'SRID=4326;POLYGON ((-96.7750084253499 39.72792353362597, -97.83284204446889 39.744399896499196, -97.84912778038333 38.75519833855342, -97.11837301943699 38.744052670916545, -97.11092577499758 38.765619323397885, -97.06000732599341 38.9121620110464, -97.00915852423063 39.058740601726015, -96.95803925045699 39.20524146379772, -96.90713116128883 39.351644375206114, -96.85587952902895 39.497941103912495, -96.80453996507192 39.64425364525752, -96.7750084253499 39.72792353362597))'
S2B_MSIL2A_20250516T171859_N0511_R012_T14SMH_20250516T212548.SAFE	geography'SRID=4326;POLYGON ((-100.15275135075291 38.843310058483205, -100.13717219597591 37.85395064837389, -98.88904641935848 37.85938968525829, -98.88752596186193 38.84894433319432, -100.15275135075291 38.843310058483205))'
S2B_MSIL2A_20250516T171859_N0511_R012_T14SMF_20250516T212548.SAFE	geography'SRID=4326;POLYGON ((-100.12493526264659 37.04124978452211, -100.11068371215597 36.05157871290146, -98.8916315425469 36.05667498554276, -98.8902406792213 37.04653228101576, -100.12493526264659 37.04124978452211))'
S2B_MSIL2A_20250516T171859_N0511_R012_T14SNG_20250516T212548.SAFE	geography'SRID=4326;POLYGON ((-99.00022763545476 37.947589571993284, -99.00022465569249 36.95788109520145, -97.76699475177708 36.95147947183065, -97.75064570841931 37.94095623057468, -99.00022763545476 37.947589571993284))'
S2C_MSIL2A_20250516T162851_N0511_R083_T16SCH_20250516T215613.SAFE	geography'SRID=4326;POLYGON ((-88.27627377663029 37.851462630646196, -88.02533655911799 37.85497766278228, -88.03696715096456 38.674132898354166, -88.06664302920748 38.572762711961, -88.10967171416398 38.425441172417024, -88.15267807716732 38.2781079990888, -88.19546575745589 38.13073940802799, -88.23819288980286 37.98337264371542, -88.27627377663029 37.851462630646196))'
S2C_MSIL2A_20250516T162851_N0511_R083_T16TER_20250516T215613.SAFE	geography'SRID=4326;POLYGON ((-86.02844650312441 45.05932855156349, -85.60574612901156 45.05674859305782, -85.58109585564665 46.044766226835556, -85.68954884640495 46.04543934872269, -85.73247488809619 45.92215493821692, -85.78314116876336 45.775593242382186, -85.8336164576302 45.62903039957576, -85.88397617892691 45.48240308237229, -85.93420241337901 45.3357099780572, -85.98431494462838 45.1889793175479, -86.02844650312441 45.05932855156349))'
S2C_MSIL2A_20250516T162851_N0511_R083_T17TLG_20250516T215613.SAFE	geography'SRID=4326;POLYGON ((-83.22446535530251 42.342032031329914, -83.19084256711768 42.43060177197281, -83.43119626719712 42.42690168750588, -83.40948231433498 41.85104357001738, -83.39845960434998 41.8805593963024, -83.34367549576427 42.02658566428614, -83.31769106348025 42.09552574173879, -83.28743278275523 42.175890316644406, -83.23210293263689 42.3219412118174, -83.22446535530251 42.342032031329914))'
S2C_MSIL2A_20250516T162851_N0511_R083_T17TLL_20250516T215613.SAFE	geography'SRID=4326;POLYGON ((-82.14597426338122 45.076084844190696, -82.1658919102777 46.0476276229589, -83.58406512039718 46.02435339629007, -83.53921420699882 45.037023116804335, -82.15280584660296 45.05939786482742, -82.14597426338122 45.076084844190696))'
S2C_MSIL2A_20250516T162851_N0511_R083_T16TFS_20250516T215613.SAFE	geography'SRID=4326;POLYGON ((-85.7087525541282 45.99028593385122, -85.70951593127272 45.95826451839171, -84.29374566695486 45.93349650488509, -84.24441508393578 46.920536388192055, -85.37343659500456 46.94061126256455, -85.42316296117946 46.80146771087824, -85.47517503691267 46.654951100315934, -85.52700781920122 46.508376851501694, -85.57878198834457 46.36183159029275, -85.6302341430995 46.21524367526379, -85.68145503138263 46.068684939847664, -85.7087525541282 45.99028593385122))'
S2C_MSIL2A_20250516T162851_N0511_R083_T16TGQ_20250516T215613.SAFE	geography'SRID=4326;POLYGON ((-84.45736864275568 45.12552488296481, -84.50015121099591 44.13800768802703, -83.13001323357865 44.099770918209835, -83.0639024439136 45.08595696049961, -84.45736864275568 45.12552488296481))'
S2C_MSIL2A_20250516T162851_N0511_R083_T16TEN_20250516T215613.SAFE	geography'SRID=4326;POLYGON ((-86.91291421131847 42.36356432439545, -85.66698539119552 42.35632239007374, -85.64555267001921 43.34483481646455, -86.59573150050105 43.35046042692181, -86.61841536742048 43.280700858827785, -86.66606545588438 43.13373176030452, -86.71358919765568 42.98677710720813, -86.76088273123939 42.83984796714248, -86.80798320861544 42.69289278530862, -86.85490245232185 42.54593997834087, -86.90168669399267 42.39897677575051, -86.91291421131847 42.36356432439545))'
S2C_MSIL2A_20250516T162851_N0511_R083_T16TGN_20250516T215613.SAFE	geography'SRID=4326;POLYGON ((-84.53371085886852 43.32625697177811, -84.5727044512481 42.33837210189082, -83.24214155467848 42.30245161555175, -83.18187629631362 43.28908179915951, -84.53371085886852 43.32625697177811))'
S2C_MSIL2A_20250516T162851_N0511_R083_T17TLH_20250516T215613.SAFE	geography'SRID=4326;POLYGON ((-83.22446535530251 42.342032031329914, -83.17786504166241 42.46478739802624, -83.12225088016939 42.6107405364115, -83.06656932433057 42.756652615398366, -83.01057691726147 42.90244891424608, -82.95437380470875 43.0482538975649, -82.89791878870905 43.194033943633286, -82.84270000553644 43.336016052831205, -83.46678204877878 43.32624633586568, -83.42778068203103 42.33836182515417, -83.22467396777995 42.341483271500884, -83.22446535530251 42.342032031329914))'
S2C_MSIL2A_20250516T162851_N0511_R083_T16TGR_20250516T215613.SAFE	geography'SRID=4326;POLYGON ((-84.41645116040286 46.024365075689296, -84.46129313653577 45.03703440306415, -83.06996660895842 44.99758761245698, -83.00067944006244 45.98354520692643, -84.41645116040286 46.024365075689296))'
S2C_MSIL2A_20250516T162851_N0511_R083_T16TFR_20250516T215613.SAFE	geography'SRID=4326;POLYGON ((-85.7087393815125 45.99032376585475, -85.72992432822251 45.05819732058294, -84.33649579223145 45.034190140253024, -84.28945585240227 46.02142174250963, -85.68937159916328 46.04594840618152, -85.7087393815125 45.99032376585475))'
S2C_MSIL2A_20250516T162851_N0511_R083_T17TLJ_20250516T215613.SAFE	geography'SRID=4326;POLYGON ((-82.4839654275087 44.24219498943319, -83.50407140709622 44.22596415476343, -83.46322767686333 43.23826255332707, -82.87715527714602 43.2474224284331, -82.84121724047267 43.33982863433162, -82.78419893506995 43.48564542776581, -82.72690813376795 43.63142328958456, -82.66930295246233 43.77714740200524, -82.61147006635251 43.922872587563546, -82.55343889838245 44.06863388933956, -82.49514107785379 44.21436723223936, -82.4839654275087 44.24219498943319))'
S2C_MSIL2A_20250516T162851_N0511_R083_T16TFN_20250516T215613.SAFE	geography'SRID=4326;POLYGON ((-85.76618786223797 43.346200009839855, -85.78571286582208 42.35764145317536, -84.45336942769976 42.33578223926217, -84.41246381589345 43.323576596360866, -85.76618786223797 43.346200009839855))'
S2C_MSIL2A_20250516T162851_N0511_R083_T16TGP_20250516T215613.SAFE	geography'SRID=4326;POLYGON ((-84.49642893280085 44.22597512802537, -84.53726452230805 43.238273156784096, -83.1873683405316 43.201211355403785, -83.1242610537248 44.18762158427181, -84.49642893280085 44.22597512802537))'
S2C_MSIL2A_20250516T162851_N0511_R083_T17TLK_20250516T215613.SAFE	geography'SRID=4326;POLYGON ((-82.1459984688426 45.07602571938441, -82.14740738161733 45.148073182871244, -83.54313948300323 45.12551356202371, -83.50034838689311 44.137996748196564, -82.51945815825569 44.15357920647105, -82.49514107785379 44.21436723223936, -82.4366226736048 44.36008008961489, -82.37794153828807 44.50572872321106, -82.31908587298621 44.65128275135519, -82.26006697836179 44.79673752537076, -82.20078330863184 44.942207033245175, -82.1459984688426 45.07602571938441))'