S2B_MSIL2A_20230814T174909_N0510_R141_T13TEH_20241020T214841.SAFE	geography'SRID=4326;POLYGON ((-105.00024679052603 43.35285539234588, -105.00024288390158 42.36407192041621, -103.66698539119554 42.35632239007374, -103.64555267001923 43.34483481646455, -105.00024679052603 43.35285539234588))'
S2B_MSIL2A_20230814T174909_N0510_R141_T14ULV_20241020T214841.SAFE	geography'SRID=4326;POLYGON ((-100.26116064573395 49.64577785957274, -101.76906793701309 49.619596875011254, -101.71462894820279 48.63303181535822, -100.73141635835377 48.64985280588121, -100.71681761649359 48.6812790866836, -100.64930007071122 48.82604572240516, -100.58176567152368 48.97079905719195, -100.5138257777256 49.11544435382599, -100.44545559264604 49.25996128768372, -100.37680247465119 49.40448222551235, -100.30768996206777 49.548967148924646, -100.26116064573395 49.64577785957274))'
S2B_MSIL2A_20230814T174909_N0510_R141_T13TEK_20241020T214841.SAFE	geography'SRID=4326;POLYGON ((-105.00025443963811 45.15383725089235, -105.00025015292684 44.16536649550738, -103.62710599954544 44.157116557384406, -103.60358882685108 45.145299673094094, -105.00025443963811 45.15383725089235))'
S2B_MSIL2A_20230814T174909_N0510_R141_T13TEG_20241020T214841.SAFE	geography'SRID=4326;POLYGON ((-103.6843836648617 41.51410450158884, -103.66510843311784 42.44491772432881, -105.00024322601921 42.45269119915018, -105.00023949430313 41.463751887157464, -103.70592006326869 41.45635807956826, -103.6843836648617 41.51410450158884))'
S2B_MSIL2A_20230814T174909_N0510_R141_T13TFH_20241020T214841.SAFE	geography'SRID=4326;POLYGON ((-102.99185660762281 43.33325939894492, -103.76618786223798 43.346200009839855, -103.78571286582209 42.35764145317536, -103.37058884812987 42.35083068318649, -103.3402490030784 42.430563122845214, -103.28510993619015 42.57653159107652, -103.22859885360067 42.72219880592911, -103.17247318862131 42.868044039774205, -103.1162552721746 43.01396324890633, -103.05949811821785 43.15980315512289, -103.00266559228253 43.30566970653711, -102.99185660762281 43.33325939894492))'
S2B_MSIL2A_20230814T174909_N0510_R141_T13TEM_20241020T214841.SAFE	geography'SRID=4326;POLYGON ((-105.00026284243779 46.953709179213256, -105.00025812995321 45.965551148516354, -103.58334389839345 45.956769859075806, -103.55749190205454 46.94462144140276, -105.00026284243779 46.953709179213256))'
S2B_MSIL2A_20230814T174909_N0510_R141_T13TEF_20241020T214841.SAFE	geography'SRID=4326;POLYGON ((-103.6843979450295 41.514066211593416, -103.68379957458713 41.54431153543986, -105.00023981916343 41.551844670066835, -105.00023625343321 40.56274991351036, -104.0344265870991 40.55733074464317, -103.99098977680141 40.677458756140574, -103.93808823295998 40.8236426875719, -103.88512947236244 40.96982053905864, -103.83165557823366 41.11595349803632, -103.77781411132362 41.26209273393003, -103.7238575129441 41.408261665332525, -103.6843979450295 41.514066211593416))'
S2B_MSIL2A_20230814T174909_N0510_R141_T13TEL_20241020T214841.SAFE	geography'SRID=4326;POLYGON ((-105.00025853973813 46.05357436995249, -105.00025404640142 45.06525999447365, -103.60574612901158 45.05674859305782, -103.58109585564667 46.044766226835556, -105.00025853973813 46.05357436995249))'
S2B_MSIL2A_20230814T174909_N0510_R141_T13TFG_20241020T214841.SAFE	geography'SRID=4326;POLYGON ((-103.33710113605073 42.43889640365963, -103.78400297732625 42.44624086265282, -103.80265404258907 41.457520191909595, -103.70606747757603 41.45596281158324, -103.66937053346199 41.554359822152406, -103.61492335779869 41.70050233038983, -103.55999423349576 41.84656685309636, -103.50567760330787 41.99272207060992, -103.450718339653 42.138687133276896, -103.39576359822425 42.28467199847936, -103.3402490030784 42.430563122845214, -103.33710113605073 42.43889640365963))'
S2B_MSIL2A_20230814T174909_N0510_R141_T13TFF_20241020T214841.SAFE	geography'SRID=4326;POLYGON ((-103.67340858832902 41.54353242120598, -103.80103038521031 41.545593768972765, -103.80759650310377 41.181255858049425, -103.77781411132362 41.26209273393003, -103.7238575129441 41.408261665332525, -103.67340858832902 41.54353242120598))'
S2B_MSIL2A_20230814T174909_N0510_R141_T14TLS_20241020T214841.SAFE	geography'SRID=4326;POLYGON ((-101.50925518737243 46.92552228267054, -101.62701019239009 46.92356100851489, -101.61548573147942 46.68169407330543, -101.56531501451806 46.7970781082303, -101.50925518737243 46.92552228267054))'
S2B_MSIL2A_20230812T170859_N0510_R112_T15TVE_20241025T052904.SAFE	geography'SRID=4326;POLYGON ((-93.92918527694857 40.64596908678674, -94.18317260660315 40.64479480422486, -94.17157159041972 39.97148016153802, -94.16442029679078 39.9915355158919, -94.16076872247645 40.00176594672614, -94.11198640697192 40.138675428510616, -94.05947275663785 40.2850544839876, -94.00682205874622 40.431440284748135, -93.95390599242803 40.57779672091502, -93.93120230055848 40.64040467594969, -93.92918527694857 40.64596908678674))'
S2B_MSIL2A_20230812T170859_N0510_R112_T14SPF_20241025T052904.SAFE	geography'SRID=4326;POLYGON ((-97.87551445266065 37.041254047993014, -97.88976030868119 36.05158282608199, -96.67138577052769 36.03410504881955, -96.64153245372125 37.023137802563134, -97.87551445266065 37.041254047993014))'
S2B_MSIL2A_20230812T170859_N0510_R112_T15TUK_20241025T052904.SAFE	geography'SRID=4326;POLYGON ((-95.54313948300324 45.12551356202371, -95.50034838689312 44.137996748196564, -94.12808129589992 44.15979663371134, -94.14740738161734 45.148073182871244, -95.54313948300324 45.12551356202371))'
S2B_MSIL2A_20230812T170859_N0510_R112_T15TVJ_20241025T052904.SAFE	geography'SRID=4326;POLYGON ((-92.87939159521876 43.437291472899844, -92.87774350913473 44.25335216097235, -94.25298174570909 44.246545441411556, -94.23252540128634 43.25815001081029, -92.94672417340358 43.26440149174187, -92.91265313467264 43.35201609819779, -92.87939159521876 43.437291472899844))'
S2B_MSIL2A_20230812T170859_N0510_R112_T15TWJ_20241025T052904.SAFE	geography'SRID=4326;POLYGON ((-92.55699729339052 44.25075031767281, -93.00025052587905 44.25341758107761, -93.00024643448815 43.26479037737325, -92.94669603919404 43.26447383962998, -92.91265313467264 43.35201609819779, -92.85578078341584 43.497824474576056, -92.79853138505571 43.64359951406337, -92.74101055684336 43.78938200787236, -92.6831810657472 43.935149372517614, -92.62512358830772 44.08092942668593, -92.56668156715314 44.2266224494099, -92.55699729339052 44.25075031767281))'
S2B_MSIL2A_20230812T170859_N0510_R112_T14TQN_20241025T052904.SAFE	geography'SRID=4326;POLYGON ((-96.53371085886852 43.32625697177811, -96.5727044512481 42.33837210189082, -95.2421415546785 42.30245161555175, -95.18187629631362 43.28908179915951, -96.53371085886852 43.32625697177811))'
S2B_MSIL2A_20230812T170859_N0510_R112_T14TPP_20241025T052904.SAFE	geography'SRID=4326;POLYGON ((-96.70742038517513 43.24046010684741, -96.41619172041914 43.235600960154144, -96.37335402628884 44.22320974043625, -96.38469647572173 44.223402400196115, -96.4022267901912 44.17074854593528, -96.45076932672303 44.02399696745344, -96.49918921909008 43.877224270292906, -96.54743430496326 43.730471927335856, -96.59567086392416 43.58373929224468, -96.64353810581987 43.43685793472064, -96.69137548742182 43.28996718587455, -96.70742038517513 43.24046010684741))'
S2B_MSIL2A_20230812T170859_N0510_R112_T14TQQ_20241025T052904.SAFE	geography'SRID=4326;POLYGON ((-96.41385345116838 44.135599355703825, -95.13001323357867 44.099770918209835, -95.0639024439136 45.08595696049961, -96.08567503753383 45.11497052307833, -96.10724203027512 45.05150513317966, -96.15703475151783 44.90473524110983, -96.20653197217798 44.757949665538014, -96.25561618689719 44.61111267085779, -96.30459147712752 44.46428085212055, -96.35337912168845 44.31746685055008, -96.4022267901912 44.17074854593528, -96.41385345116838 44.135599355703825))'
S2B_MSIL2A_20230812T170859_N0510_R112_T14TPN_20241025T052904.SAFE	geography'SRID=4326;POLYGON ((-96.9950019183521 42.34466858202991, -96.45336942769976 42.33578223926217, -96.41246381589345 43.323576596360866, -96.67897951160117 43.328030602182004, -96.69137548742182 43.28996718587455, -96.73899975486549 43.14302088505077, -96.78668989003448 42.996092806416975, -96.8341744106825 42.84917899365263, -96.88125965749056 42.70220998748958, -96.92812311260168 42.555235080482895, -96.97483382476383 42.40826828076009, -96.9950019183521 42.34466858202991))'
S2B_MSIL2A_20230812T170859_N0510_R112_T15TWH_20241025T052904.SAFE	geography'SRID=4326;POLYGON ((-92.91252833863732 43.35233604817149, -93.00024679052602 43.35285539234588, -93.00024589594574 43.12643327062245, -92.96933314268048 43.20626190987552, -92.91265313467264 43.35201609819779, -92.91252833863732 43.35233604817149))'
S2B_MSIL2A_20230811T173909_N0510_R098_T14TKM_20241017T001346.SAFE	geography'SRID=4326;POLYGON ((-102.64504576622768 42.39470139413761, -102.58926866785167 41.407726190110715, -101.27696656733475 41.441212166985935, -101.3124072413961 42.42936087235922, -102.64504576622768 42.39470139413761))'
S2B_MSIL2A_20230811T173909_N0510_R098_T14TKL_20241017T001346.SAFE	geography'SRID=4326;POLYGON ((-101.26983520589626 41.231075877722965, -101.28005188450415 41.52923550071836, -102.59412455183308 41.49564643575739, -102.54082260253305 40.50846282585221, -101.52400954599996 40.53394697176223, -101.48318908969395 40.64681270251437, -101.43011203194472 40.79313270072588, -101.37676204516784 40.93935386410052, -101.36338802930268 40.97584922714299, -101.32296521021533 41.08622523000773, -101.27712959002051 41.21117934375183, -101.26983520589626 41.231075877722965))'
S2B_MSIL2A_20230811T173909_N0510_R098_T13TEH_20241017T001346.SAFE	geography'SRID=4326;POLYGON ((-104.53945487430764 42.36139360007574, -103.66698539119554 42.35632239007374, -103.64555267001923 43.34483481646455, -104.22307086454556 43.34825405954823, -104.26708511218504 43.212131000632, -104.3146460200741 43.06516384176563, -104.36184993574314 42.918147852109776, -104.40864813932129 42.77107727945758, -104.45561256342425 42.62413501039092, -104.50261669722352 42.47726764571991, -104.53945487430764 42.36139360007574))'
S2B_MSIL2A_20230811T173909_N0510_R098_T14TLM_20241017T001346.SAFE	geography'SRID=4326;POLYGON ((-100.81932100308546 42.43632109798173, -101.43119626719712 42.42690168750588, -101.39393916355972 41.438836285507165, -101.19233621823638 41.44188129658466, -101.16217530127484 41.52364304791888, -101.13694496923733 41.59173343028217, -101.1078130265051 41.670453392750574, -101.05334073819651 41.81644976302863, -101.02490409264973 41.8922961797096, -100.99891022806048 41.9617558538036, -100.94391911978326 42.10782124269504, -100.92383033077617 42.16089861680306, -100.88844056375778 42.25460814169356, -100.83296106757216 42.4006511369669, -100.81932100308546 42.43632109798173))'
S2B_MSIL2A_20230811T173909_N0510_R098_T13TGF_20241017T001346.SAFE	geography'SRID=4326;POLYGON ((-101.31008296374979 41.1213439800823, -101.28942535132569 41.49194363396281, -102.60329641413972 41.5268622914542, -102.63889095789968 40.53861750192735, -101.53275844719653 40.50979305311414, -101.52416962307468 40.53350436975209, -101.48318908969395 40.64681270251437, -101.43011203194472 40.79313270072588, -101.37676204516784 40.93935386410052, -101.36338802930268 40.97584922714299, -101.32296521021533 41.08622523000773, -101.31008296374979 41.1213439800823))'
S2B_MSIL2A_20230811T173909_N0510_R098_T14TMR_20241017T001346.SAFE	geography'SRID=4326;POLYGON ((-99.36721124094673 46.05098602876583, -100.29304891527646 46.0462596089832, -100.27058357693214 45.058191670236305, -99.78117920488815 45.0606486046859, -99.73649101154136 45.16904782701001, -99.69235057736931 45.27565679636666, -99.67667869065987 45.313566822185855, -99.62449664799249 45.4394169232623, -99.61603499063224 45.45983374872159, -99.55524293671988 45.605228589205886, -99.49423729560264 45.750630807627054, -99.4329764673941 45.89602395288359, -99.3713007503803 46.04137367519609, -99.36721124094673 46.05098602876583))'
S2B_MSIL2A_20230811T173909_N0510_R098_T13TFH_20241017T001346.SAFE	geography'SRID=4326;POLYGON ((-103.76618786223798 43.346200009839855, -103.78571286582209 42.35764145317536, -102.45336942769977 42.33578223926217, -102.41246381589346 43.323576596360866, -103.76618786223798 43.346200009839855))'
S2B_MSIL2A_20230811T173909_N0510_R098_T13TGH_20241017T001346.SAFE	geography'SRID=4326;POLYGON ((-102.53371085886852 43.32625697177811, -102.57270445124811 42.33837210189082, -101.2421415546785 42.30245161555175, -101.18187629631363 43.28908179915951, -102.53371085886852 43.32625697177811))'
S2B_MSIL2A_20230811T173909_N0510_R098_T14TLL_20241017T001346.SAFE	geography'SRID=4326;POLYGON ((-101.15965448092396 41.530446114216446, -101.3971826192205 41.52685230149302, -101.37608451311712 40.94120273121814, -101.36338802930268 40.97584922714299, -101.32296521021533 41.08622523000773, -101.27712959002051 41.21117934375183, -101.26967197555318 41.23152111312746, -101.21605347519062 41.37758734730267, -101.16217530127484 41.52364304791888, -101.15965448092396 41.530446114216446))'
S2B_MSIL2A_20230811T173909_N0510_R098_T14TNS_20241017T001346.SAFE	geography'SRID=4326;POLYGON ((-98.9782114525608 46.95357028173206, -99.00026284243779 46.953709179213256, -99.00026260163341 46.903215053550404, -98.99620101590553 46.91254145348066, -98.9782114525608 46.95357028173206))'
S2B_MSIL2A_20230811T173909_N0510_R098_T14TLN_20241017T001346.SAFE	geography'SRID=4326;POLYGON ((-100.46998078327127 43.34185080059966, -101.46678204877878 43.32624633586568, -101.42778068203103 42.33836182515417, -100.85326967857175 42.34719119979845, -100.83296106757216 42.4006511369669, -100.77713139726109 42.546650605327926, -100.76023739883144 42.59066359638984, -100.72145844768112 42.691853825229686, -100.66976819572592 42.82623499234067, -100.66506038084964 42.838488722751535, -100.60899461412784 42.98434109978908, -100.55260651422104 43.130137184491126, -100.4957485115976 43.27586633427784, -100.46998078327127 43.34185080059966))'
S2B_MSIL2A_20230811T173909_N0510_R098_T13TGM_20241017T001346.SAFE	geography'SRID=4326;POLYGON ((-102.37351464472057 46.92357305830357, -102.42054054444475 45.93643087306754, -101.00699783345479 45.895735251937936, -100.93434286730422 46.881459661637656, -102.37351464472057 46.92357305830357))'
S2B_MSIL2A_20230811T173909_N0510_R098_T13TFG_20241017T001346.SAFE	geography'SRID=4326;POLYGON ((-103.78400297732625 42.44624086265282, -103.80265404258907 41.457520191909595, -102.48886345311317 41.43633638009555, -102.44978706678565 42.42431413705452, -103.78400297732625 42.44624086265282))'
S2B_MSIL2A_20230811T173909_N0510_R098_T13TEF_20241017T001346.SAFE	geography'SRID=4326;POLYGON ((-105.0002374087609 40.883225240197085, -105.00023625343321 40.56274991351036, -103.70336265383867 40.5554731412015, -103.68379957458713 41.54431153543986, -104.7936578372967 41.55066253522454, -104.82549751636888 41.44793752058835, -104.87098936885171 41.3007442636877, -104.91663123531264 41.15366162097983, -104.9619714125356 41.00655712884, -105.0002374087609 40.883225240197085))'
S2B_MSIL2A_20230811T173909_N0510_R098_T13TEJ_20241017T001346.SAFE	geography'SRID=4326;POLYGON ((-104.25148923002553 43.26036445456808, -103.6475059675166 43.256794294201605, -103.62505994125077 44.24514241182411, -103.92560477474039 44.246950931598164, -103.92802306712323 44.23958215161273, -103.97611215482705 44.092677369207145, -104.02511995612198 43.94606814588863, -104.07470677378576 43.799617666603, -104.12342319728016 43.652934733466765, -104.17157001046682 43.50609324912926, -104.2195393755331 43.35917591128232, -104.25148923002553 43.26036445456808))'
S2B_MSIL2A_20230811T173909_N0510_R098_T14TNT_20241017T001346.SAFE	geography'SRID=4326;POLYGON ((-98.5792696329188 47.8510119007927, -99.00026735765739 47.85370184248753, -99.00026260032006 46.90321505656616, -98.99620101590553 46.91254145348066, -98.9325920373344 47.057614560983694, -98.86868935711937 47.20269250921135, -98.80455725661 47.34781707405341, -98.74001831467164 47.492914000138015, -98.67515766832616 47.63797615169232, -98.60997145484707 47.78299834066896, -98.5792696329188 47.8510119007927))'
S2B_MSIL2A_20230811T173909_N0510_R098_T13TGL_20241017T001346.SAFE	geography'SRID=4326;POLYGON ((-102.41645116040287 46.024365075689296, -102.46129313653579 45.03703440306415, -101.06996660895842 44.99758761245698, -101.00067944006246 45.98354520692643, -102.41645116040287 46.024365075689296))'
S2B_MSIL2A_20230811T173909_N0510_R098_T13TFF_20241017T001346.SAFE	geography'SRID=4326;POLYGON ((-103.80103038521031 41.545593768972765, -103.81885207154319 40.55671174263467, -102.52280187838811 40.536185528423594, -102.48546160940656 41.52434469691515, -103.80103038521031 41.545593768972765))'
S2B_MSIL2A_20230811T173909_N0510_R098_T13TFM_20241017T001346.SAFE	geography'SRID=4326;POLYGON ((-103.34844895577473 45.951947877937165, -102.29374566695488 45.93349650488509, -102.24441508393578 46.920536388192055, -103.0021760014533 46.934009962499026, -103.02167250200657 46.87964608165192, -103.07377467069662 46.733098497730985, -103.12591895953292 46.586605634248535, -103.17771983113475 46.44006508569307, -103.22921041455476 46.29351501066382, -103.28040842158072 46.14697550790748, -103.33167246662566 46.000473620275976, -103.34844895577473 45.951947877937165))'
S2B_MSIL2A_20230811T173909_N0510_R098_T13TGG_20241017T001346.SAFE	geography'SRID=4326;POLYGON ((-102.56928954696652 42.426911995973605, -102.60653922316479 41.43884624479472, -101.2944377014587 41.40403474612011, -101.23686356729512 42.39088066238852, -102.56928954696652 42.426911995973605))'
S2B_MSIL2A_20230811T173909_N0510_R098_T13TEG_20241017T001346.SAFE	geography'SRID=4326;POLYGON ((-104.82091335798737 41.46272748551762, -103.68558188065235 41.45624189757688, -103.66510843311784 42.44491772432881, -104.51133489537679 42.44984465764859, -104.5493183477617 42.33036816223672, -104.5960382552541 42.183523782837206, -104.64180074710029 42.036418722502376, -104.68793911806792 41.88938917483416, -104.73398007863136 41.742286267627165, -104.77987486256002 41.595130831476745, -104.82091335798737 41.46272748551762))'
S2B_MSIL2A_20230811T173909_N0510_R098_T13TFL_20241017T001346.SAFE	geography'SRID=4326;POLYGON ((-103.65591110931341 45.05692215745311, -102.33649579223146 45.034190140253024, -102.28945585240228 46.02142174250963, -103.31803642155896 46.03944257679021, -103.33167246662566 46.000473620275976, -103.382362933434 45.85385220804128, -103.43324369425665 45.707313998173824, -103.48379260441676 45.560731152878006, -103.53394706095408 45.41406203210328, -103.58418418156947 45.26738460507445, -103.63431254133464 45.120660270361526, -103.65591110931341 45.05692215745311))'
S2B_MSIL2A_20230811T173909_N0510_R098_T14TLR_20241017T001346.SAFE	geography'SRID=4326;POLYGON ((-101.58406512039718 46.02435339629007, -101.53921420699882 45.037023116804335, -100.14563453547973 45.05951360004942, -100.1658919102777 46.0476276229589, -101.58406512039718 46.02435339629007))'
S2A_MSIL2A_20230811T164901_N0510_R026_T15TWE_20241016T171317.SAFE	geography'SRID=4326;POLYGON ((-92.78285534052247 39.660409624304684, -91.7203579213631 39.6545573069827, -91.70165933840751 40.64355721409192, -92.48371653666486 40.64795315706025, -92.49699027963555 40.60468660897219, -92.54207074428099 40.45744089838508, -92.58691702149558 40.310129149841465, -92.631668874747 40.162833191729774, -92.67631260483672 40.01561507491998, -92.7205739433496 39.8684153621596, -92.7646735982978 39.721283756017904, -92.78285534052247 39.660409624304684))'
S2A_MSIL2A_20230811T164901_N0510_R026_T15SVD_20241016T171317.SAFE	geography'SRID=4326;POLYGON ((-93.04966650329534 38.760090419395375, -92.88766443792474 38.760810475743604, -92.88677964014606 39.31136570070204, -92.89614608997259 39.27985616862286, -92.93983119093944 39.13261348693455, -92.98336379671144 38.9853069549269, -93.02679748603218 38.83797463026605, -93.04966650329534 38.760090419395375))'
S2A_MSIL2A_20230811T164901_N0510_R026_T16TCK_20241016T171317.SAFE	geography'SRID=4326;POLYGON ((-88.89636943048312 40.633599729167116, -89.36468078702738 40.62663972727231, -89.33065130260064 39.638218234831534, -89.25098759579767 39.63937839196405, -89.24339567522256 39.660869940129885, -89.19157866760784 39.80732443736154, -89.13961216622643 39.95373674492996, -89.08752116660841 40.10007446748057, -89.03534382715158 40.2463530030933, -88.98301722567506 40.39255631418162, -88.93056070749964 40.5387233809763, -88.89636943048312 40.633599729167116))'
S2A_MSIL2A_20230811T164901_N0510_R026_T15SXD_20241016T171317.SAFE	geography'SRID=4326;POLYGON ((-91.83284204446889 39.744399896499196, -91.84912778038334 38.75519833855342, -90.58623972133758 38.73593643111066, -90.55211502393708 39.72445184157785, -91.83284204446889 39.744399896499196))'
S2A_MSIL2A_20230811T164901_N0510_R026_T15SWD_20241016T171317.SAFE	geography'SRID=4326;POLYGON ((-93.00023074675151 38.92809222142841, -93.00023019602958 38.760864457162924, -91.73659678080747 38.754036048213806, -91.71871965132908 39.74319619212293, -92.75638950723403 39.74892233108312, -92.7646735982978 39.721283756017904, -92.80860917797554 39.57418342695421, -92.85239227881445 39.427047702427686, -92.89614608997259 39.27985616862286, -92.93983119093944 39.13261348693455, -92.98336379671144 38.9853069549269, -93.00023074675151 38.92809222142841))'
S2A_MSIL2A_20230811T164901_N0510_R026_T16SCJ_20241016T171317.SAFE	geography'SRID=4326;POLYGON ((-89.21947759631466 39.7284714937983, -89.33363283056224 39.72680595308774, -89.32395215554233 39.432657125414714, -89.29516197770089 39.51432757682742, -89.24339567522256 39.660869940129885, -89.21947759631466 39.7284714937983))'
S2A_MSIL2A_20230811T164901_N0510_R026_T15TWF_20241016T171317.SAFE	geography'SRID=4326;POLYGON ((-92.51067054158393 40.56000295481179, -91.70336265383867 40.5554731412015, -91.68379957458711 41.54431153543986, -92.20682055376756 41.5473044456499, -92.22541977422016 41.487375649701605, -92.27092745841689 41.34037161368309, -92.31621577721488 41.19330637801004, -92.36143425324612 41.046213231030166, -92.40667094919283 40.899064682725694, -92.45183241164352 40.7518813430683, -92.49699027963555 40.60468660897219, -92.51067054158393 40.56000295481179))'
S2A_MSIL2A_20230810T173051_N0510_R012_T14SPF_20241018T180618.SAFE	geography'SRID=4326;POLYGON ((-97.6916702367581 37.038555007861945, -97.87551445266065 37.041254047993014, -97.8839581825982 36.45466125127055, -97.88305816131873 36.457417028321785, -97.83474790026608 36.604274157929495, -97.78646542796061 36.751122082155895, -97.73814240178764 36.897927372859016, -97.6916702367581 37.038555007861945))'
S2A_MSIL2A_20230809T174911_N0510_R141_T13TFH_20241019T051551.SAFE	geography'SRID=4326;POLYGON ((-102.98705369532897 43.3331791327555, -103.76618786223798 43.346200009839855, -103.78571286582209 42.35764145317536, -103.36558802252769 42.35074863668597, -103.31991399523844 42.4705001868238, -103.26429445074812 42.616453971645065, -103.2077177058903 42.76212192048445, -103.15171189764017 42.90786011707248, -103.0956783337378 43.053600021187854, -103.03910993988605 43.199264073349, -102.98705369532897 43.3331791327555))'
S2A_MSIL2A_20230809T174911_N0510_R141_T13TGL_20241019T051551.SAFE	geography'SRID=4326;POLYGON ((-101.89824169549082 46.00942393648904, -102.41645116040287 46.024365075689296, -102.46129313653579 45.03703440306415, -102.3063816320346 45.03264236312271, -102.28166191834995 45.09279745351407, -102.22168185582964 45.23819013156268, -102.16146666971734 45.38367943943632, -102.10075138126945 45.529197129860655, -102.03951175326034 45.674688923650784, -101.97827787553608 45.82024517291828, -101.91688035036653 45.96571487597247, -101.89824169549082 46.00942393648904))'
S2A_MSIL2A_20230809T174911_N0510_R141_T13TFK_20241019T051551.SAFE	geography'SRID=4326;POLYGON ((-102.340212837624 44.95031457987077, -102.33237892318715 45.122671880514964, -103.72795903223157 45.14675285555784, -103.74938307519848 44.158520786393645, -102.6674552770318 44.14017221083243, -102.63558584296915 44.2197240660926, -102.57670483778352 44.36530683125925, -102.51844884432192 44.511025230932894, -102.45970433673325 44.65654983308308, -102.40062014829913 44.801947452025054, -102.34140881448788 44.947404186276806, -102.340212837624 44.95031457987077))'
S2A_MSIL2A_20230809T174911_N0510_R141_T13TGK_20241019T051551.SAFE	geography'SRID=4326;POLYGON ((-102.27035134772305 45.12021446651147, -102.45736864275568 45.12552488296481, -102.47984810223699 44.60664876860802, -102.45970433673325 44.65654983308308, -102.40062014829913 44.801947452025054, -102.34140881448788 44.947404186276806, -102.28166191834995 45.09279745351407, -102.27035134772305 45.12021446651147))'
S2A_MSIL2A_20230809T174911_N0510_R141_T13TEK_20241019T051551.SAFE	geography'SRID=4326;POLYGON ((-105.00025443963811 45.15383725089235, -105.00025015292684 44.16536649550738, -103.62710599954544 44.157116557384406, -103.60358882685108 45.145299673094094, -105.00025443963811 45.15383725089235))'
S2B_MSIL2A_20230809T165849_N0510_R069_T16TCT_20241018T233953.SAFE	geography'SRID=4326;POLYGON ((-88.51267732679368 47.84218369060451, -89.67207324053517 47.82259512731069, -89.62271963783216 46.835643714163524, -88.95420445305732 46.84676236553241, -88.94200711445903 46.874749749157374, -88.87837663022883 47.01979859472672, -88.81451739525465 47.1647761690196, -88.75056586414398 47.3098145903268, -88.6861979873131 47.45481254992869, -88.62153006102926 47.59977137194516, -88.55661447602358 47.74470177927759, -88.51267732679368 47.84218369060451))'
S2B_MSIL2A_20230808T172859_N0510_R055_T14SMH_20241023T014042.SAFE	geography'SRID=4326;POLYGON ((-99.60047325922379 38.84576945149881, -100.15275135075291 38.843310058483205, -100.13717219597591 37.85395064837389, -99.93909245296094 37.85481383303724, -99.92381248739427 37.8998736925244, -99.87495841540772 38.0437000723283, -99.8742273909688 38.045854715060464, -99.8243379398103 38.19251533583718, -99.7743112306376 38.3390891373869, -99.72422104451984 38.4855579025932, -99.67413721806889 38.632007290507374, -99.62367300250652 38.77837146779965, -99.60047325922379 38.84576945149881))'
S2B_MSIL2A_20230808T172859_N0510_R055_T14TNK_20241023T014042.SAFE	geography'SRID=4326;POLYGON ((-98.96215908507628 40.650642482292625, -99.00023656389149 40.650856515774606, -99.00023620037604 40.545341379624276, -98.96215908507628 40.650642482292625))'
S2B_MSIL2A_20230808T172859_N0510_R055_T14TNR_20241023T014042.SAFE	geography'SRID=4326;POLYGON ((-99.00025853973813 46.05357436995249, -99.00025404640142 45.06525999447365, -97.60574612901156 45.05674859305782, -97.58109585564665 46.044766226835556, -99.00025853973813 46.05357436995249))'
S2B_MSIL2A_20230808T172859_N0510_R055_T14TPR_20241023T014042.SAFE	geography'SRID=4326;POLYGON ((-96.85643450638804 46.031355265143134, -97.7074679641667 46.046265456303395, -97.72992432822251 45.05819732058294, -97.26702314034863 45.05022206242999, -97.26386128645642 45.05792080103092, -97.2037734997547 45.2034671003562, -97.14343297500076 45.34894485825503, -97.08291022385022 45.49436196395067, -97.02169977933919 45.63957272574008, -96.96068427271796 45.784886650675446, -96.89934252784094 45.93016849431864, -96.85643450638804 46.031355265143134))'
S2B_MSIL2A_20230807T175919_N0510_R041_T13UFP_20241018T184141.SAFE	geography'SRID=4326;POLYGON ((-103.20719101321549 48.7370737909024, -103.63972075371633 48.74498411169783, -103.6656686510332 47.75740973734738, -103.65535084727684 47.75722389339144, -103.61602829895384 47.84475141366752, -103.55018109163238 47.989513012548656, -103.4846748121168 48.13441054225351, -103.41859122076993 48.27922442871997, -103.35228980829729 48.424079378541, -103.28539640828767 48.56888133154209, -103.2181414646969 48.71366793251232, -103.20719101321549 48.7370737909024))'
S2B_MSIL2A_20230807T175919_N0510_R041_T13UEP_20241018T184141.SAFE	geography'SRID=4326;POLYGON ((-103.52699343384336 48.040803275987784, -103.5067305244228 48.7433372246506, -105.0002720958938 48.7530130044756, -105.00026690365507 47.765166566721895, -103.65563696762837 47.75658702203039, -103.61602829895384 47.84475141366752, -103.55018109163238 47.989513012548656, -103.52699343384336 48.040803275987784))'
S2B_MSIL2A_20230807T175919_N0510_R041_T13TFN_20241018T184141.SAFE	geography'SRID=4326;POLYGON ((-103.61588609163292 47.84506404893309, -103.66339978002995 47.84592105208886, -103.66622457053269 47.733020222130484, -103.61602829895384 47.84475141366752, -103.61588609163292 47.84506404893309))'
S2A_MSIL2A_20230807T170851_N0510_R112_T15STA_20241018T155628.SAFE	geography'SRID=4326;POLYGON ((-95.17797776672573 37.026390698490694, -96.37131820920371 36.99866808026183, -96.32869364809063 36.01049725766069, -95.50378980038586 36.029221815077996, -95.4652782018761 36.148130195423015, -95.41760526566749 36.294931659423526, -95.36978340171501 36.44163439238229, -95.32201810375224 36.588321469318416, -95.27391180044755 36.734892343943926, -95.22580903117436 36.88155330806183, -95.17797776672573 37.026390698490694))'
S2A_MSIL2A_20230807T170851_N0510_R112_T14SPH_20241018T155628.SAFE	geography'SRID=4326;POLYGON ((-97.84770947866411 38.84331460585068, -97.86328240873523 37.853955038178526, -96.61590002865951 37.83530211029287, -96.58326779678708 38.82399234658653, -97.84770947866411 38.84331460585068))'
S2A_MSIL2A_20230807T170851_N0510_R112_T15STB_20241018T155628.SAFE	geography'SRID=4326;POLYGON ((-95.1416704108723 37.13592505516008, -95.16432984132963 37.92768043331917, -96.41197247867947 37.8980997878049, -96.36741300313712 36.910119161555244, -95.20749482590712 36.93701037634684, -95.17735794265433 37.02826758178163, -95.1416704108723 37.13592505516008))'
S2A_MSIL2A_20230807T170851_N0510_R112_T14SPF_20241018T155628.SAFE	geography'SRID=4326;POLYGON ((-97.87551445266065 37.041254047993014, -97.88976030868119 36.05158282608199, -96.67138577052769 36.03410504881955, -96.64153245372125 37.023137802563134, -97.87551445266065 37.041254047993014))'
S2A_MSIL2A_20230807T170851_N0510_R112_T14SQF_20241018T155628.SAFE	geography'SRID=4326;POLYGON ((-96.75206945697532 37.02528430302893, -96.78052649213598 36.03617591535172, -95.56341398032555 36.007451011934776, -95.51941449107781 36.995510653879045, -96.75206945697532 37.02528430302893))'
S2A_MSIL2A_20230807T170851_N0510_R112_T14SQG_20241018T155628.SAFE	geography'SRID=4326;POLYGON ((-96.72492653924301 37.925590547672954, -96.75467671035364 36.93665039764339, -95.52344565573671 36.90697181308603, -95.47744908495345 37.89483865903757, -96.72492653924301 37.925590547672954))'
S2A_MSIL2A_20230807T170851_N0510_R112_T14SPG_20241018T155628.SAFE	geography'SRID=4326;POLYGON ((-97.86192606806475 37.94208532019618, -97.8768196851591 36.952569122489834, -96.64426763054043 36.93451075320804, -96.61305784244583 37.92337349546603, -97.86192606806475 37.94208532019618))'
S2A_MSIL2A_20230807T170851_N0510_R112_T14SNF_20241018T155628.SAFE	geography'SRID=4326;POLYGON ((-98.85646284039426 36.05599330066426, -97.78119997991008 36.05052821595199, -97.76556196865786 37.04016090428803, -98.57810385907653 37.044387371777255, -98.6114106146012 36.92747697099037, -98.65312983934857 36.77992039897579, -98.69486146844544 36.63235753165281, -98.73647672215775 36.484755763153885, -98.77790303403631 36.33714682409086, -98.81918704033568 36.18954285680993, -98.85646284039426 36.05599330066426))'
S2A_MSIL2A_20230807T170851_N0510_R112_T14SNG_20241018T155628.SAFE	geography'SRID=4326;POLYGON ((-98.60333568504643 36.95582086806778, -97.76699475177708 36.95147947183065, -97.75064570841931 37.94095623057468, -98.32053104903906 37.943981437607526, -98.35873491160676 37.81162092641341, -98.40111959100356 37.66430025362248, -98.44319113699696 37.51696578118008, -98.48520777974576 37.36962530078588, -98.52743999341816 37.22232248304943, -98.56940637193331 37.0749165149416, -98.60333568504643 36.95582086806778))'
S2A_MSIL2A_20230807T170851_N0510_R112_T15TVL_20241018T145151.SAFE	geography'SRID=4326;POLYGON ((-92.87397550081945 45.98916979030315, -92.87383276277595 46.05350473573164, -93.1716741472939 46.05198424952666, -93.16382109001329 46.05039539533925, -93.16385886492289 46.050300418819695, -93.16384490290316 46.05029759544594, -93.16394692910045 46.05004084846247, -93.16127140331432 46.049499982841205, -93.16139880079757 46.04917939162498, -93.161340115417 46.04916754130687, -93.16138102156128 46.04906480534022, -93.14248816528519 46.045255833696565, -93.14247927083272 46.045278136374215, -92.87397550081945 45.98916979030315))'
S2A_MSIL2A_20230807T170851_N0510_R112_T15SUA_20241018T155628.SAFE	geography'SRID=4326;POLYGON ((-95.17802644024518 37.02624331067604, -95.24837990395393 37.02527578563511, -95.24275716713392 36.829879984521725, -95.22580903117436 36.88155330806183, -95.17802644024518 37.02624331067604))'
S2A_MSIL2A_20230803T172901_N0510_R055_T14SMG_20241027T095009.SAFE	geography'SRID=4326;POLYGON ((-99.90908365944125 37.94308274808863, -100.13852907879905 37.9420809165272, -100.12868023539713 37.28799571081975, -100.09880294508281 37.377944566468656, -100.04984528178622 37.52450466372351, -100.0007346855745 37.6709981296571, -99.95148425681742 37.817430195206256, -99.90908365944125 37.94308274808863))'
S2A_MSIL2A_20230803T172901_N0510_R055_T15UUP_20241027T095009.SAFE	geography'SRID=4326;POLYGON ((-95.66127641900911 48.72190987650112, -95.7193584952283 48.7209148694678, -95.71351294923349 48.60959542644736, -95.66127641900911 48.72190987650112))'
S2B_MSIL2A_20230802T170859_N0510_R112_T14SNF_20241016T091739.SAFE	geography'SRID=4326;POLYGON ((-98.85635115299759 36.055992733006704, -97.78119997991008 36.05052821595199, -97.76556196865786 37.04016090428803, -98.5781930151958 37.044387835526194, -98.59810563279552 36.974664127786646, -98.64006182588425 36.82712719200031, -98.6817427922638 36.679571463611566, -98.72327290239271 36.53203955390915, -98.76470332913122 36.38454825155468, -98.80583921976867 36.237012729635296, -98.84696751349608 36.08951007135352, -98.85635115299759 36.055992733006704))'
S2B_MSIL2A_20230802T170859_N0510_R112_T14SPF_20241016T091739.SAFE	geography'SRID=4326;POLYGON ((-97.87551445266065 37.041254047993014, -97.88976030868119 36.05158282608199, -96.67138577052769 36.03410504881955, -96.64153245372125 37.023137802563134, -97.87551445266065 37.041254047993014))'
S2B_MSIL2A_20230802T170859_N0510_R112_T15UWP_20241016T091739.SAFE	geography'SRID=4326;POLYGON ((-93.00027209589379 48.7530130044756, -93.00026690365507 47.765166566721895, -91.53521313306011 47.75581864580811, -91.50673052442279 48.7433372246506, -93.00027209589379 48.7530130044756))'
S2A_MSIL2A_20230802T161831_N0510_R040_T17SMD_20241016T060234.SAFE	geography'SRID=4326;POLYGON ((-81.66182451427294 39.74669097487687, -82.16762472753088 39.74439520181332, -82.15133248212537 38.755193805393134, -82.00809513193852 38.755830457543645, -81.97987967990163 38.8373031481355, -81.92883575914793 38.98384937876968, -81.87799594269516 39.13041009833103, -81.82678624080019 39.276855592027935, -81.77562774915502 39.423292671030936, -81.72420183399593 39.56958693184684, -81.6727394249156 39.71581208925517, -81.66182451427294 39.74669097487687))'
S2A_MSIL2A_20230802T161831_N0510_R040_T17SMC_20241016T060234.SAFE	geography'SRID=4326;POLYGON ((-81.97751558843248 38.84409041464171, -82.15275135075291 38.843310058483205, -82.14509604848472 38.35715753964161, -82.13132388299042 38.397407187032016, -82.08104794876253 38.54401647663979, -82.03065195407723 38.690697175665335, -81.97987967990163 38.8373031481355, -81.97751558843248 38.84409041464171))'
S2B_MSIL2A_20230801T173909_N0510_R098_T13TFG_20241019T145544.SAFE	geography'SRID=4326;POLYGON ((-103.78400297732625 42.44624086265282, -103.80265404258907 41.457520191909595, -102.48886345311317 41.43633638009555, -102.44978706678565 42.42431413705452, -103.78400297732625 42.44624086265282))'
S2B_MSIL2A_20230801T173909_N0510_R098_T13TEF_20241019T145544.SAFE	geography'SRID=4326;POLYGON ((-105.00023734887459 40.86661343204876, -105.00023625343321 40.56274991351036, -103.70336265383867 40.5554731412015, -103.68379957458713 41.54431153543986, -104.78850760613334 41.55063306378832, -104.823753649088 41.43672677816632, -104.86906997626224 41.289580885869874, -104.91462229728579 41.14246664828127, -104.9601416273059 40.995307468707495, -105.00023734887459 40.86661343204876))'
S2B_MSIL2A_20230801T173909_N0510_R098_T14TLT_20241019T145544.SAFE	geography'SRID=4326;POLYGON ((-101.67207324053518 47.82259512731069, -101.62271963783216 46.835643714163524, -100.18335153308469 46.859583083848264, -100.20564501110893 47.84737115234881, -101.67207324053518 47.82259512731069))'
S2B_MSIL2A_20230801T173909_N0510_R098_T14TMT_20241019T145544.SAFE	geography'SRID=4326;POLYGON ((-98.87116043538441 47.185955596672166, -98.86952963808321 47.85362771191058, -100.33713470955433 47.84591482730969, -100.31241149952399 46.858175957972115, -99.01224672274394 46.864902383181374, -98.9962973856167 46.901418772777866, -98.93260467649966 47.04655520267861, -98.87116043538441 47.185955596672166))'
S2A_MSIL2A_20230731T171901_N0510_R012_T14TQR_20241021T023018.SAFE	geography'SRID=4326;POLYGON ((-96.41645116040286 46.024365075689296, -96.46129313653579 45.03703440306415, -95.06996660895842 44.99758761245698, -95.00067944006244 45.98354520692643, -96.41645116040286 46.024365075689296))'
S2A_MSIL2A_20230731T171901_N0510_R012_T15TUK_20241021T023018.SAFE	geography'SRID=4326;POLYGON ((-94.71195044922187 45.13894831030822, -95.54313948300324 45.12551356202371, -95.50034838689312 44.137996748196564, -95.11653668431455 44.14409399503019, -95.08568480763309 44.22098213703121, -95.02710374263113 44.3666791844034, -94.96808879110372 44.5124266371172, -94.90887946938068 44.65822069504001, -94.8494810335775 44.80391071374858, -94.78985714948529 44.94949703432056, -94.730109418728 45.09501823506731, -94.71195044922187 45.13894831030822))'
S2A_MSIL2A_20230731T171901_N0510_R012_T15TUH_20241021T023018.SAFE	geography'SRID=4326;POLYGON ((-95.4389061425896 43.32668272033881, -95.46678204877878 43.32624633586568, -95.46423260640235 43.26167027495685, -95.4389061425896 43.32668272033881))'
S2A_MSIL2A_20230731T171901_N0510_R012_T14UPV_20241021T023018.SAFE	geography'SRID=4326;POLYGON ((-97.33515044630597 48.65142122003562, -96.15252154805323 48.62982157570405, -96.09542723709784 49.61627372192671, -96.95908684073436 49.63228217534281, -96.97732288912896 49.5854453208131, -97.03397298062976 49.43936523024376, -97.09043283425184 49.29321161942055, -97.14675719327664 49.14699703185989, -97.20282038983353 49.000737874580416, -97.25846927856632 48.85447105724774, -97.31377896495954 48.708208996272425, -97.33515044630597 48.65142122003562))'
S2A_MSIL2A_20230730T174911_N0510_R141_T13TFG_20241019T102750.SAFE	geography'SRID=4326;POLYGON ((-103.33614542547403 42.43888069735348, -103.78400297732625 42.44624086265282, -103.80265404258907 41.457520191909595, -103.70447289502287 41.45593710022787, -103.69388289009984 41.484530080508016, -103.63909623369116 41.630540336048895, -103.5845184224545 41.776589812635855, -103.53010710677071 41.922629479910654, -103.47587759123712 42.06867226874304, -103.42101605312772 42.214474744024095, -103.36605916181868 42.36029961525245, -103.33614542547403 42.43888069735348))'
S2A_MSIL2A_20230730T174911_N0510_R141_T13TFF_20241019T102750.SAFE	geography'SRID=4326;POLYGON ((-103.67175378283864 41.543505692781174, -103.80103038521031 41.545593768972765, -103.80767592488455 41.17684893661383, -103.80204900120911 41.19211639329975, -103.74802025460016 41.33835936511855, -103.69388289009984 41.484530080508016, -103.67175378283864 41.543505692781174))'
S2A_MSIL2A_20230730T174911_N0510_R141_T13UEP_20241019T102750.SAFE	geography'SRID=4326;POLYGON ((-105.00026995997757 48.346645470477775, -105.00026690365507 47.765166566721895, -103.53521313306013 47.75581864580811, -103.5067305244228 48.7433372246506, -104.8485859507857 48.7520303189109, -104.85237885387315 48.74199802676828, -104.90707452694653 48.5957491806316, -104.9618964932949 48.44962171456245, -105.00026995997757 48.346645470477775))'
S2A_MSIL2A_20230730T174911_N0510_R141_T13TFH_20241019T102750.SAFE	geography'SRID=4326;POLYGON ((-102.9899626720628 43.33322774752571, -103.76618786223798 43.346200009839855, -103.78571286582209 42.35764145317536, -103.36963361627068 42.350815011088024, -103.36605916181868 42.36029961525245, -103.31055392010065 42.50610761149302, -103.25464543838 42.65197999479716, -103.19803452570247 42.79786103513148, -103.14170842944029 42.9439290014948, -103.08497596091009 43.08992459177436, -103.0280459921828 43.235783706014566, -102.9899626720628 43.33322774752571))'
S2A_MSIL2A_20230730T174911_N0510_R141_T13TEF_20241019T102750.SAFE	geography'SRID=4326;POLYGON ((-103.68448687559469 41.509571113651745, -103.68379957458713 41.54431153543986, -105.00023981916343 41.551844670066835, -105.00023625343321 40.56274991351036, -104.03327107082396 40.55732426102839, -104.0154259747128 40.60714448771548, -103.96251909904912 40.75327069318711, -103.90955038053576 40.89956934646699, -103.8559566371184 41.04584952640084, -103.80204900120911 41.19211639329975, -103.74802025460016 41.33835936511855, -103.69388289009984 41.484530080508016, -103.68448687559469 41.509571113651745))'
S2A_MSIL2A_20230730T174911_N0510_R141_T13TFN_20241019T102750.SAFE	geography'SRID=4326;POLYGON ((-103.66339978002995 47.84592105208886, -103.68811311448758 46.85818197246455, -102.24891500137986 46.83262831925138, -102.19715331707549 47.81947440295927, -103.66339978002995 47.84592105208886))'
S2A_MSIL2A_20230730T174911_N0510_R141_T13TEH_20241019T102750.SAFE	geography'SRID=4326;POLYGON ((-105.00024679052603 43.35285539234588, -105.00024288390158 42.36407192041621, -103.66698539119554 42.35632239007374, -103.64555267001923 43.34483481646455, -105.00024679052603 43.35285539234588))'
S2A_MSIL2A_20230730T174911_N0510_R141_T13TEG_20241019T102750.SAFE	geography'SRID=4326;POLYGON ((-103.68447699683269 41.509597441240594, -103.66510843311784 42.44491772432881, -105.00024322601921 42.45269119915018, -105.00023949430313 41.463751887157464, -103.70432036113111 41.45634894126011, -103.69388289009984 41.484530080508016, -103.68447699683269 41.509597441240594))'
S2A_MSIL2A_20230730T174911_N0510_R141_T13UEQ_20241019T102750.SAFE	geography'SRID=4326;POLYGON ((-104.88145113595853 48.66426266909486, -103.50933035947723 48.65538534877128, -103.47940434627488 49.64273706516441, -104.50413785968965 49.6494652625979, -104.5158537574346 49.619396684351344, -104.57250626178387 49.47321567234424, -104.6289404098328 49.326965050356165, -104.68522338856462 49.180676346991525, -104.74133754056723 49.03443075499126, -104.79710243907628 48.88820506898752, -104.85237885387315 48.74199802676828, -104.88145113595853 48.66426266909486))'
S2B_MSIL2A_20230730T165849_N0510_R069_T15SWA_20241019T075408.SAFE	geography'SRID=4326;POLYGON ((-92.65509356631773 37.0447878366622, -93.00022491682881 37.046583050483974, -93.00022206668983 36.05672396511734, -92.97891195232036 36.0566156552477, -92.96562395746584 36.09757300130018, -92.91799588889708 36.24429656155292, -92.87006413341496 36.390992405788445, -92.822084568983 36.5377712302733, -92.77394615862174 36.68458551171655, -92.7256418077632 36.8314424129016, -92.67705267811168 36.978277979589805, -92.65509356631773 37.0447878366622))'
S2B_MSIL2A_20230730T165849_N0510_R069_T15SWB_20241019T075408.SAFE	geography'SRID=4326;POLYGON ((-92.35402737591424 37.944159251136696, -93.00022763545478 37.947589571993284, -93.00022465569249 36.95788109520145, -92.68434477462561 36.95624138145255, -92.67705267811168 36.978277979589805, -92.62856838685104 37.12512742014373, -92.60832689923379 37.18577505530387, -92.57986524751725 37.27116971053064, -92.53094786391294 37.417812473339055, -92.48780874097235 37.546426920619645, -92.48155367327529 37.565104842803166, -92.43247364363229 37.71165918720784, -92.38313537987985 37.85817579172944, -92.35402737591424 37.944159251136696))'
S2B_MSIL2A_20230730T165849_N0510_R069_T15SVB_20241019T075408.SAFE	geography'SRID=4326;POLYGON ((-94.13852907879905 37.9420809165272, -94.12362950841454 36.95256487264268, -92.89036811332885 36.957830487987216, -92.88891399416781 37.94753713280259, -94.13852907879905 37.9420809165272))'
S2B_MSIL2A_20230730T165849_N0510_R069_T15TXF_20241019T075408.SAFE	geography'SRID=4326;POLYGON ((-91.08324242328443 41.534000054979565, -91.8010303852103 41.545593768972765, -91.81885207154319 40.55671174263467, -91.44288273537342 40.55075732268105, -91.4103841723102 40.640392656493326, -91.35720495221483 40.7867291082716, -91.30386330061641 40.93298691351133, -91.28789770714916 40.97674408288553, -91.25083400680884 41.07835635100001, -91.19723278803808 41.224390449409086, -91.14348335646176 41.37041770573204, -91.08972890126432 41.51648239006601, -91.08324242328443 41.534000054979565))'
S2B_MSIL2A_20230730T165849_N0510_R069_T15SVA_20241019T075408.SAFE	geography'SRID=4326;POLYGON ((-92.89125290780646 36.32614384941048, -92.8902406792213 37.04653228101576, -94.12493526264659 37.04124978452211, -94.11068371215597 36.05157871290146, -92.97901121716365 36.05630969301775, -92.96562395746584 36.09757300130018, -92.91799588889708 36.24429656155292, -92.89125290780646 36.32614384941048))'
S2B_MSIL2A_20230730T165849_N0510_R069_T15SWC_20241019T075408.SAFE	geography'SRID=4326;POLYGON ((-92.04618364793973 38.84383322219659, -93.00023047979299 38.848998483821255, -93.00022736409076 37.85944195932729, -92.3838087449757 37.85617614358731, -92.38313537987985 37.85817579172944, -92.33353853600717 38.00468216904389, -92.28385694484258 38.15120001125883, -92.23379484794641 38.29771319404999, -92.18371733867718 38.44428465275848, -92.13329469158045 38.590881534153134, -92.08295768037289 38.73756329742824, -92.04618364793973 38.84383322219659))'
S2B_MSIL2A_20230730T165849_N0510_R069_T15TUG_20241019T075408.SAFE	geography'SRID=4326;POLYGON ((-94.75577831589727 41.44847506755592, -94.08002716017 41.458681613653354, -94.09685168418683 42.44744302996699, -94.44360395035368 42.442105010733286, -94.48090234945427 42.32443869692303, -94.52735525306798 42.17750088458397, -94.57358253991181 42.03052965953081, -94.61984241516188 41.88355096158287, -94.66580537924943 41.73644348587715, -94.7117454826722 41.5892856785831, -94.75577831589727 41.44847506755592))'
S2B_MSIL2A_20230730T165849_N0510_R069_T15TWE_20241019T075408.SAFE	geography'SRID=4326;POLYGON ((-91.71794764835295 39.782040752590156, -91.70165933840751 40.64355721409192, -93.0002365638915 40.650856515774606, -93.00023315577859 39.66160695799293, -91.76294393806819 39.65479187403081, -91.72487829633883 39.762502729280605, -91.71794764835295 39.782040752590156))'
S2B_MSIL2A_20230730T165849_N0510_R069_T14SQF_20241019T075408.SAFE	geography'SRID=4326;POLYGON ((-96.35035501047923 36.02602349793475, -95.56341398032555 36.007451011934776, -95.51941449107781 36.995510653879045, -96.07400913524981 37.008906378402784, -96.11154758249769 36.876553721848175, -96.15318709597379 36.72916767214775, -96.19464552527673 36.58174690999744, -96.2361147070123 36.434279342700975, -96.27746144109753 36.28672046656957, -96.31888843280515 36.13913582377042, -96.35035501047923 36.02602349793475))'
S2B_MSIL2A_20230730T165849_N0510_R069_T15SWD_20241019T075408.SAFE	geography'SRID=4326;POLYGON ((-91.73167607123682 39.743267689102815, -93.00023345437725 39.7502679270046, -93.00023019602958 38.760864457162924, -92.07662156127361 38.75587347054364, -92.03222429543123 38.884173082765, -91.98135193326105 39.03074877364328, -91.93028156419135 39.17726994572665, -91.87916912884579 39.32362962745963, -91.82785920060559 39.46992069531622, -91.77656780579977 39.61624166501, -91.73167607123682 39.743267689102815))'
S2B_MSIL2A_20230730T165849_N0510_R069_T15SXD_20241019T075408.SAFE	geography'SRID=4326;POLYGON ((-91.73183195234924 39.74282660661547, -91.83284204446889 39.744399896499196, -91.83782891106111 39.441495795130585, -91.82785920060559 39.46992069531622, -91.77656780579977 39.61624166501, -91.73183195234924 39.74282660661547))'
S2B_MSIL2A_20230730T165849_N0510_R069_T15TWG_20241019T075408.SAFE	geography'SRID=4326;POLYGON ((-93.00024322601921 42.45269119915018, -93.00023949430313 41.463751887157464, -91.68558188065235 41.45624189757688, -91.66510843311782 42.44491772432881, -93.00024322601921 42.45269119915018))'
S2B_MSIL2A_20230730T165849_N0510_R069_T15SVC_20241019T075408.SAFE	geography'SRID=4326;POLYGON ((-94.15275135075291 38.843310058483205, -94.13717219597592 37.85395064837389, -92.88904641935848 37.85938968525829, -92.88752596186193 38.84894433319432, -94.15275135075291 38.843310058483205))'
S2B_MSIL2A_20230730T165849_N0510_R069_T15TXG_20241019T075408.SAFE	geography'SRID=4326;POLYGON ((-90.74733260940268 42.429204049859806, -91.78400297732625 42.44624086265282, -91.80265404258907 41.457520191909595, -91.11550559616609 41.44644047837386, -91.08972890126432 41.51648239006601, -91.03566019423936 41.66250269490781, -90.9813221700468 41.80854579665855, -90.92656400843453 41.95456821741474, -90.87169032876352 42.1006964471362, -90.81663101256974 42.24681655541577, -90.76123284617235 42.39290687816302, -90.75200130439826 42.41700217346367, -90.74733260940268 42.429204049859806))'
S2B_MSIL2A_20230730T165849_N0510_R069_T15TWF_20241019T075408.SAFE	geography'SRID=4326;POLYGON ((-93.00023981916341 41.551844670066835, -93.00023625343321 40.56274991351036, -91.70336265383867 40.5554731412015, -91.68379957458711 41.54431153543986, -93.00023981916341 41.551844670066835))'
S2B_MSIL2A_20230730T165849_N0510_R069_T15SUA_20241019T075408.SAFE	geography'SRID=4326;POLYGON ((-95.24837990395393 37.02527578563511, -95.2199171916993 36.03616769808406, -94.00145196296421 36.05254100905861, -94.01430253846532 37.042247242200354, -95.24837990395393 37.02527578563511))'
S2B_MSIL2A_20230730T165849_N0510_R069_T15STA_20241019T075408.SAFE	geography'SRID=4326;POLYGON ((-96.33218130924524 36.091352166241556, -96.32869364809063 36.01049725766069, -95.11143123293884 36.03812799310683, -95.1385056246128 37.02730768000537, -96.07496029133134 37.005552802444896, -96.11154758249769 36.876553721848175, -96.15318709597379 36.72916767214775, -96.19464552527673 36.58174690999744, -96.2361147070123 36.434279342700975, -96.27746144109753 36.28672046656957, -96.31888843280515 36.13913582377042, -96.33218130924524 36.091352166241556))'
S2B_MSIL2A_20230730T165849_N0510_R069_T15TVF_20241019T075408.SAFE	geography'SRID=4326;POLYGON ((-94.19944910163338 41.54558876800179, -94.18162029219913 40.556706911840905, -92.88470843547175 40.5626923872254, -92.88296836561119 41.55178511688993, -94.19944910163338 41.54558876800179))'
S2B_MSIL2A_20230729T172859_N0510_R055_T14TPP_20240927T235505.SAFE	geography'SRID=4326;POLYGON ((-97.59310728289645 44.243928137366005, -97.74751912777681 44.24655093494868, -97.75604547531697 43.834416077454726, -97.69866260609152 43.979117546574365, -97.64067442935756 44.12488265146583, -97.59310728289645 44.243928137366005))'
S2B_MSIL2A_20230729T172859_N0510_R055_T14TPR_20240927T235505.SAFE	geography'SRID=4326;POLYGON ((-96.85541991320656 46.031337489369285, -97.7074679641667 46.046265456303395, -97.72992432822251 45.05819732058294, -97.26582667739545 45.050201448741426, -97.22719111278246 45.144310026405456, -97.16712545202665 45.289736441095855, -97.10692947011235 45.435146023611445, -97.04586049712029 45.58040037010674, -96.98473425002477 45.7257466076131, -96.92335078997664 45.87111186799721, -96.86174892477273 46.01648502870551, -96.85541991320656 46.031337489369285))'
S2B_MSIL2A_20230729T172859_N0510_R055_T14TNS_20240927T235505.SAFE	geography'SRID=4326;POLYGON ((-99.00026284243779 46.953709179213256, -99.00025812995321 45.965551148516354, -97.58334389839344 45.956769859075806, -97.55749190205454 46.94462144140276, -99.00026284243779 46.953709179213256))'
S2B_MSIL2A_20230729T172859_N0510_R055_T13SGD_20240927T235505.SAFE	geography'SRID=4326;POLYGON ((-102.66683353200474 39.72681533153163, -102.69936254729447 38.73821864423846, -101.43792685625729 38.70656329494251, -101.38763948191425 39.69403311805837, -102.66683353200474 39.72681533153163))'
S2B_MSIL2A_20230729T172859_N0510_R055_T14TMR_20240927T235505.SAFE	geography'SRID=4326;POLYGON ((-100.29304891527646 46.0462596089832, -100.27058357693214 45.058191670236305, -98.87602550148868 45.06519270654337, -98.87383276277595 46.05350473573164, -100.29304891527646 46.0462596089832))'
S2B_MSIL2A_20230729T172859_N0510_R055_T14TPQ_20240927T235505.SAFE	geography'SRID=4326;POLYGON ((-97.22971775916304 45.138155616614455, -97.72795903223157 45.14675285555784, -97.74938307519847 44.158520786393645, -97.62805576067218 44.15646317829632, -97.58242367536336 44.27066581966495, -97.52384349486337 44.41641497941281, -97.46489004018744 44.56212017921085, -97.40572358561727 44.70778107351181, -97.34639982778384 44.853365820296695, -97.2869081800157 44.99885108680199, -97.22971775916304 45.138155616614455))'
S2B_MSIL2A_20230729T172859_N0510_R055_T13SGC_20240927T235505.SAFE	geography'SRID=4326;POLYGON ((-102.6965295968872 38.82628170870513, -102.72763580740045 37.83751218570364, -101.48163775999417 37.80685703267152, -101.43354720329414 38.79452724007538, -102.6965295968872 38.82628170870513))'
S2B_MSIL2A_20230729T172859_N0510_R055_T13SGB_20240927T235505.SAFE	geography'SRID=4326;POLYGON ((-102.72492653924301 37.925590547672954, -102.75467671035365 36.93665039764339, -101.52344565573672 36.90697181308603, -101.47744908495345 37.89483865903757, -102.72492653924301 37.925590547672954))'
S2B_MSIL2A_20230729T172859_N0510_R055_T14TPS_20240927T235505.SAFE	geography'SRID=4326;POLYGON ((-96.47078100177147 46.92456134902603, -97.68596471962562 46.94616825397537, -97.70951593127273 45.95826451839171, -96.89247676817367 45.943970930274276, -96.86174892477273 46.01648502870551, -96.7998062218844 46.16184762576184, -96.73764086829219 46.30717468694731, -96.67519839087112 46.452433225951054, -96.61258479521901 46.59762470314699, -96.54982917122753 46.742741618569255, -96.48682123318298 46.88780731884003, -96.47078100177147 46.92456134902603))'
S2B_MSIL2A_20230729T172859_N0510_R055_T14TNQ_20240927T235505.SAFE	geography'SRID=4326;POLYGON ((-97.62706238353762 44.15894928630285, -97.60358882685108 45.145299673094094, -99.0002544396381 45.15383725089235, -99.00025015292682 44.16536649550738, -97.62779303986956 44.15712068516673, -97.62706238353762 44.15894928630285))'
S2B_MSIL2A_20230729T172859_N0510_R055_T14TNR_20240927T235505.SAFE	geography'SRID=4326;POLYGON ((-99.00025853973813 46.05357436995249, -99.00025404640142 45.06525999447365, -97.60574612901156 45.05674859305782, -97.58109585564665 46.044766226835556, -99.00025853973813 46.05357436995249))'
S2B_MSIL2A_20230729T172859_N0510_R055_T14SKJ_20240927T235505.SAFE	geography'SRID=4326;POLYGON ((-102.49897689950004 39.6975094680204, -102.45026011044494 38.7099201955759, -101.18865192655385 38.74036995699254, -101.21960079191267 39.7290432642928, -102.49897689950004 39.6975094680204))'
S2B_MSIL2A_20230729T172859_N0510_R055_T14SLH_20240927T235505.SAFE	geography'SRID=4326;POLYGON ((-101.30393084279649 38.82627262441358, -101.27281842761563 37.837503416034735, -100.02533655911799 37.85497766278228, -100.03938428014581 38.84437393595428, -101.30393084279649 38.82627262441358))'
S2B_MSIL2A_20230729T172859_N0510_R055_T14SKH_20240927T235505.SAFE	geography'SRID=4326;POLYGON ((-102.4545029640868 38.797894647715, -102.40791466143585 37.81010790673744, -101.16175219508035 37.83959549435291, -101.19134725642266 38.82843976082239, -102.4545029640868 38.797894647715))'
S2B_MSIL2A_20230729T172859_N0510_R055_T14TLR_20240927T235505.SAFE	geography'SRID=4326;POLYGON ((-101.141813584431 45.04343662313347, -100.14563453547973 45.05951360004942, -100.1658919102777 46.0476276229589, -100.79983884301531 46.03722365784148, -100.82129305878371 45.97569314333679, -100.87226178558704 45.82915426936544, -100.92304616723617 45.68258018521159, -100.97349321575322 45.535855151072525, -101.02379988979065 45.38911402968616, -101.07419321406535 45.24242628914072, -101.12407215547591 45.095634836426505, -101.141813584431 45.04343662313347))'
S2A_MSIL2A_20230729T163841_N0510_R126_T16TEQ_20240916T145815.SAFE	geography'SRID=4326;POLYGON ((-87.0002544396381 45.15383725089235, -87.00025015292682 44.16536649550738, -85.62710599954542 44.157116557384406, -85.60358882685107 45.145299673094094, -87.0002544396381 45.15383725089235))'
S2A_MSIL2A_20230729T163841_N0510_R126_T16TDQ_20240916T145815.SAFE	geography'SRID=4326;POLYGON ((-88.2725496583314 45.14674718783555, -88.25111705335956 44.15851530960486, -86.87792550906389 44.165301274896635, -86.87583360281221 45.153769755990965, -88.2725496583314 45.14674718783555))'
S2B_MSIL2A_20230728T175919_N0510_R041_T13TFN_20241020T163637.SAFE	geography'SRID=4326;POLYGON ((-103.61625629162282 47.845070726220634, -103.66339978002995 47.84592105208886, -103.66619434326859 47.734228341175346, -103.61625629162282 47.845070726220634))'
S2A_MSIL2A_20230728T170851_N0510_R112_T15TVG_20241020T141559.SAFE	geography'SRID=4326;POLYGON ((-93.25847776659204 42.45082350360813, -94.2164833149824 42.44623570214159, -94.19782479530706 41.4575152063026, -93.63017563995966 41.460182393334165, -93.62187819475292 41.48254604039747, -93.567550412092 41.62880097661614, -93.51301425704672 41.775050387070266, -93.45831810778765 41.92119650766976, -93.40350271339916 42.06730188479505, -93.348515642335 42.213363898241866, -93.29323659276291 42.35931425166764, -93.25847776659204 42.45082350360813))'
S2A_MSIL2A_20230728T170851_N0510_R112_T15STA_20241020T141559.SAFE	geography'SRID=4326;POLYGON ((-95.18013217781284 37.02634064913851, -96.37131820920371 36.99866808026183, -96.32869364809063 36.01049725766069, -95.50644727964058 36.02916149274706, -95.4956512386379 36.0625318859618, -95.44805002349011 36.2094566569476, -95.40021352039945 36.35640259280305, -95.35222518240376 36.50336718862141, -95.30407555402056 36.650302407836485, -95.25578559395159 36.797113162017325, -95.20746998076233 36.94385868813118, -95.18013217781284 37.02634064913851))'
S2A_MSIL2A_20230728T170851_N0510_R112_T15STB_20241020T141559.SAFE	geography'SRID=4326;POLYGON ((-95.14184152901605 37.14190418649233, -95.16432984132963 37.92768043331917, -96.41197247867947 37.8980997878049, -96.36741300313712 36.910119161555244, -95.20974192353177 36.936958280271384, -95.20746998076233 36.94385868813118, -95.15887831278803 37.090466521633445, -95.14184152901605 37.14190418649233))'
S2A_MSIL2A_20230728T170851_N0510_R112_T14TPM_20241020T141559.SAFE	geography'SRID=4326;POLYGON ((-97.27276241564604 41.44897611753662, -96.48886345311317 41.43633638009555, -96.44978706678563 42.42431413705452, -96.96378311412566 42.43276123336, -97.0093570230668 42.28964479582992, -97.05581671378928 42.142590431809495, -97.10219943503098 41.99565757340741, -97.14801013390944 41.84866337052295, -97.19396506080152 41.70176907411038, -97.23975922974348 41.55480826386094, -97.27276241564604 41.44897611753662))'
S2A_MSIL2A_20230728T170851_N0510_R112_T15TUE_20241020T141559.SAFE	geography'SRID=4326;POLYGON ((-94.0610701766549 40.27612799976286, -94.06681520423501 40.645928490590144, -95.3646807870274 40.62663972727231, -95.33065130260064 39.638218234831534, -94.28284568866933 39.65347761962893, -94.25660363982276 39.72780086494794, -94.20462183344728 39.874288626950126, -94.15236364354963 40.02075094273594, -94.10012474003676 40.16717047578359, -94.0610701766549 40.27612799976286))'
S2A_MSIL2A_20230728T170851_N0510_R112_T15TTG_20241020T141559.SAFE	geography'SRID=4326;POLYGON ((-96.64504576622768 42.39470139413761, -96.58926866785168 41.407726190110715, -95.27696656733477 41.441212166985935, -95.3124072413961 42.42936087235922, -96.64504576622768 42.39470139413761))'
S2A_MSIL2A_20230728T170851_N0510_R112_T15SUB_20241020T141559.SAFE	geography'SRID=4326;POLYGON ((-94.87756841389377 37.93116716610545, -95.27552823620451 37.925581750319026, -95.24577213045468 36.936641907455304, -95.20968301270541 36.93713720587403, -95.20746998076233 36.94385868813118, -95.15887831278803 37.090466521633445, -95.11031221588831 37.23709787231943, -95.0616363583484 37.383609926281785, -95.01278815760048 37.53014448467765, -94.96358747235492 37.676724505124135, -94.91405940302153 37.8233177111138, -94.87756841389377 37.93116716610545))'
S2A_MSIL2A_20230728T170851_N0510_R112_T14SNJ_20241020T141559.SAFE	geography'SRID=4326;POLYGON ((-98.08630189975979 38.75592578105486, -97.73659678080747 38.754036048213806, -97.71871965132908 39.74319619212293, -97.79317118573205 39.74360703554231, -97.8235912316168 39.64191394872956, -97.86753269441628 39.49467601004852, -97.91155794246771 39.347421579722095, -97.95537650065104 39.20008545177304, -97.99888619192492 39.05265963538472, -98.04239944276354 38.90527603019832, -98.08572837049283 38.75788055265681, -98.08630189975979 38.75592578105486))'
S2A_MSIL2A_20230728T170851_N0510_R112_T15TVH_20241020T141559.SAFE	geography'SRID=4326;POLYGON ((-92.91110884794736 43.35263837979058, -94.2343055501801 43.346194685301704, -94.21477274309102 42.35763630855867, -93.29219857743554 42.36204702537072, -93.23783846530216 42.50516040820689, -93.18242324579654 42.650932222453214, -93.12663830895632 42.79661624680094, -93.07053070939939 42.942310499590526, -93.01413223382947 43.08805565636209, -92.95750835098852 43.2339399397449, -92.91110884794736 43.35263837979058))'
S2A_MSIL2A_20230728T170851_N0510_R112_T15TVE_20241020T141559.SAFE	geography'SRID=4326;POLYGON ((-93.9280947302735 40.64597412880969, -94.18317260660315 40.64479480422486, -94.17149659772214 39.96712763926107, -94.15236364354963 40.02075094273594, -94.10012474003676 40.16717047578359, -94.04766202279059 40.313535132750175, -93.9951914160742 40.45986351929847, -93.94254900246369 40.60608831789816, -93.9280947302735 40.64597412880969))'
S2A_MSIL2A_20230728T170851_N0510_R112_T15TVF_20241020T141559.SAFE	geography'SRID=4326;POLYGON ((-93.597407786238 41.54842242741905, -94.19944910163338 41.54558876800179, -94.18162029219913 40.556706911840905, -93.95995851727105 40.55772991975824, -93.94254900246369 40.60608831789816, -93.88961081879107 40.7521684771882, -93.83670738537693 40.898204852899966, -93.7835306501448 41.044229532999935, -93.72998688191002 41.19026417059252, -93.67611669930189 41.33635998640714, -93.62187819475292 41.48254604039747, -93.597407786238 41.54842242741905))'
S2A_MSIL2A_20230728T170851_N0510_R112_T14SQG_20241020T141559.SAFE	geography'SRID=4326;POLYGON ((-96.72492653924301 37.925590547672954, -96.75467671035364 36.93665039764339, -95.52344565573671 36.90697181308603, -95.47744908495345 37.89483865903757, -96.72492653924301 37.925590547672954))'
S2A_MSIL2A_20230728T170851_N0510_R112_T15SUC_20241020T141559.SAFE	geography'SRID=4326;POLYGON ((-94.5678075318853 38.836809838128545, -95.30393084279649 38.82627262441358, -95.27281842761565 37.837503416034735, -94.90752836341653 37.84262025891433, -94.86442629507891 37.970008819497046, -94.81467650601569 38.11673777936837, -94.76455444962707 38.2634283052819, -94.71439447027909 38.41010731338186, -94.66425976592208 38.55676428788407, -94.61377897978487 38.703276820976654, -94.5678075318853 38.836809838128545))'
S2A_MSIL2A_20230728T170851_N0510_R112_T14SQF_20241020T141559.SAFE	geography'SRID=4326;POLYGON ((-96.75206945697532 37.02528430302893, -96.78052649213598 36.03617591535172, -95.56341398032555 36.007451011934776, -95.51941449107781 36.995510653879045, -96.75206945697532 37.02528430302893))'
S2A_MSIL2A_20230728T170851_N0510_R112_T14TPK_20241020T141559.SAFE	geography'SRID=4326;POLYGON ((-97.81951910382561 39.655526921127816, -96.5552421778473 39.63587147039632, -96.51955068002488 40.62420990912828, -97.52211250948882 40.640116280205234, -97.55736750889153 40.52466870323478, -97.60219839367775 40.37748728649182, -97.64676812740692 40.230355102522005, -97.69108505716048 40.083253307559296, -97.73531917829696 39.93617587923125, -97.77956421328682 39.7890946405043, -97.81951910382561 39.655526921127816))'
S2A_MSIL2A_20230728T170851_N0510_R112_T14TQM_20241020T141559.SAFE	geography'SRID=4326;POLYGON ((-96.5692895469665 42.426911995973605, -96.60653922316477 41.43884624479472, -95.2944377014587 41.40403474612011, -95.23686356729512 42.39088066238852, -96.5692895469665 42.426911995973605))'
S2A_MSIL2A_20230728T170851_N0510_R112_T14SPJ_20241020T141559.SAFE	geography'SRID=4326;POLYGON ((-97.8351679599158 39.60312294126602, -97.84912778038333 38.75519833855342, -96.58623972133758 38.73593643111066, -96.55211502393708 39.72445184157785, -97.79311909025381 39.74378118879676, -97.8235912316168 39.64191394872956, -97.8351679599158 39.60312294126602))'
S2A_MSIL2A_20230728T170851_N0510_R112_T15SUA_20241020T141559.SAFE	geography'SRID=4326;POLYGON ((-95.18017422943318 37.026213773540086, -95.24837990395393 37.02527578563511, -95.24293720934092 36.836136633623084, -95.20746998076233 36.94385868813118, -95.18017422943318 37.026213773540086))'
S2A_MSIL2A_20230728T170851_N0510_R112_T15SUD_20241020T141559.SAFE	geography'SRID=4326;POLYGON ((-94.25135332394628 39.74259656129205, -95.33363283056225 39.72680595308774, -95.301097327331 38.73820958831532, -94.5982957982395 38.74825073503259, -94.56336185558543 38.84972317013626, -94.51258000389552 38.99604662726654, -94.46170645780796 39.142303916965645, -94.41093521835536 39.28862085720296, -94.35972901648697 39.43491950125103, -94.3083157923662 39.581340692499815, -94.25660363982276 39.72780086494794, -94.25135332394628 39.74259656129205))'
S2A_MSIL2A_20230728T170851_N0510_R112_T14TQK_20241020T141559.SAFE	geography'SRID=4326;POLYGON ((-96.63579176628713 40.62664940733135, -96.6698144654414 39.63822758400475, -95.39224764301619 39.60554763793313, -95.339654308026 40.59281342227294, -96.63579176628713 40.62664940733135))'
S2A_MSIL2A_20230728T170851_N0510_R112_T15TTE_20241020T141559.SAFE	geography'SRID=4326;POLYGON ((-96.54546370146345 40.59640146890937, -96.49451264760637 39.609013147606916, -95.21676465654708 39.64044856303257, -95.24913477999112 40.62894899386581, -96.54546370146345 40.59640146890937))'
S2A_MSIL2A_20230727T173911_N0510_R098_T14TLQ_20241019T060913.SAFE	geography'SRID=4326;POLYGON ((-100.12885078303209 44.19914583761784, -100.14740738161733 45.148073182871244, -101.54313948300323 45.12551356202371, -101.50034838689311 44.137996748196564, -100.14477617249044 44.15953141828735, -100.12885078303209 44.19914583761784))'
S2A_MSIL2A_20230727T173911_N0510_R098_T14TMQ_20241019T060913.SAFE	geography'SRID=4326;POLYGON ((-99.7435386260599 45.14940700979035, -100.27254965833141 45.14674718783555, -100.25111705335956 44.15851530960486, -100.14497379072695 44.15903984276207, -100.08901864726664 44.29822830798181, -100.03066061787746 44.4438646023183, -99.97192949544468 44.589346956927365, -99.91310195873277 44.73480128157698, -99.85387672466928 44.88014827300268, -99.79455818996296 45.02557043216391, -99.7435386260599 45.14940700979035))'
S2A_MSIL2A_20230727T173911_N0510_R098_T14TLP_20241019T060913.SAFE	geography'SRID=4326;POLYGON ((-100.12885403131179 44.19913775751942, -100.12976271323852 44.24783068396879, -101.50407140709622 44.22596415476343, -101.46322767686333 43.23826255332707, -100.50344846983923 43.25326318749777, -100.4939500467336 43.277636312831454, -100.43701415291312 43.42343673137499, -100.37953644048368 43.56930289983127, -100.32159534520343 43.71514618949836, -100.26402717159985 43.86112128687238, -100.20589077698472 44.00687239840495, -100.14756792315704 44.152586936216, -100.12885403131179 44.19913775751942))'
S2A_MSIL2A_20230727T173911_N0510_R098_T13TGL_20241019T060913.SAFE	geography'SRID=4326;POLYGON ((-102.41645116040287 46.024365075689296, -102.46129313653579 45.03703440306415, -101.06996660895842 44.99758761245698, -101.00067944006246 45.98354520692643, -102.41645116040287 46.024365075689296))'
S2A_MSIL2A_20230727T173911_N0510_R098_T13UFQ_20241019T060913.SAFE	geography'SRID=4326;POLYGON ((-102.37499457335288 48.63388484375622, -102.15252154805323 48.62982157570405, -102.11216718900924 49.32704768146252, -102.15188215721248 49.22333285597854, -102.20759726597123 49.0772780549008, -102.26303972890157 48.93120257129476, -102.31831254189642 48.785025220344416, -102.37317479521414 48.63872297883778, -102.37499457335288 48.63388484375622))'
S2A_MSIL2A_20230727T173911_N0510_R098_T13TEG_20241019T060913.SAFE	geography'SRID=4326;POLYGON ((-104.81741432111275 41.46270749724828, -103.68558188065235 41.45624189757688, -103.66510843311784 42.44491772432881, -104.50808240484459 42.44982572086903, -104.54530834741139 42.3325746784583, -104.59202858951053 42.185796198834055, -104.63777756143523 42.03881060799949, -104.68378190309792 41.89190368044022, -104.72966667518966 41.74492384725463, -104.775485251364 41.597862844826416, -104.81741432111275 41.46270749724828))'
S2A_MSIL2A_20230727T173911_N0510_R098_T14TLR_20241019T060913.SAFE	geography'SRID=4326;POLYGON ((-101.58406512039718 46.02435339629007, -101.53921420699882 45.037023116804335, -100.14563453547973 45.05951360004942, -100.1658919102777 46.0476276229589, -101.58406512039718 46.02435339629007))'
S2A_MSIL2A_20230727T173911_N0510_R098_T13TFH_20241019T060913.SAFE	geography'SRID=4326;POLYGON ((-103.76618786223798 43.346200009839855, -103.78571286582209 42.35764145317536, -102.45336942769977 42.33578223926217, -102.41246381589346 43.323576596360866, -103.76618786223798 43.346200009839855))'
S2A_MSIL2A_20230727T173911_N0510_R098_T13TEH_20241019T060913.SAFE	geography'SRID=4326;POLYGON ((-104.53616472197098 42.36137447613644, -103.66698539119554 42.35632239007374, -103.64555267001923 43.34483481646455, -104.21959714725783 43.34823349312465, -104.2628140491287 43.2146585161117, -104.31026224543288 43.067658246208815, -104.35752369587968 42.92060571640205, -104.40449370611502 42.773466031150285, -104.45158279619258 42.62642227501673, -104.4986687612501 42.47947599828928, -104.53616472197098 42.36137447613644))'
S2A_MSIL2A_20230727T173911_N0510_R098_T14TMR_20241019T060913.SAFE	geography'SRID=4326;POLYGON ((-99.3656802286521 46.05099384461411, -100.29304891527646 46.0462596089832, -100.27058357693214 45.058191670236305, -99.78010407249755 45.06065400212401, -99.73464369983792 45.17099710459524, -99.67441937479121 45.31651957912722, -99.61388125887353 45.462114762995455, -99.55279897834488 45.6076622481775, -99.49164576858776 45.75313318559992, -99.43035675810393 45.89854337555448, -99.36872675176211 46.04382117554049, -99.3656802286521 46.05099384461411))'
S2A_MSIL2A_20230727T173911_N0510_R098_T14TLL_20241019T060913.SAFE	geography'SRID=4326;POLYGON ((-101.15853626607436 41.53046303286357, -101.3971826192205 41.52685230149302, -101.37596181731908 40.93779689274878, -101.37430466873836 40.942344624909765, -101.32088960567958 41.0883423283876, -101.26749047469632 41.23428168748128, -101.2138665344868 41.38023531100047, -101.1600908015346 41.526267777715965, -101.15853626607436 41.53046303286357))'
S2A_MSIL2A_20230727T173911_N0510_R098_T13TGJ_20241019T060913.SAFE	geography'SRID=4326;POLYGON ((-102.49642893280087 44.22597512802537, -102.53726452230806 43.238273156784096, -101.1873683405316 43.201211355403785, -101.12426105372481 44.18762158427181, -102.49642893280087 44.22597512802537))'
S2A_MSIL2A_20230727T173911_N0510_R098_T14TMP_20241019T060913.SAFE	geography'SRID=4326;POLYGON ((-100.10951020090222 44.247255551517924, -100.25298174570909 44.246545441411556, -100.24594313915264 43.90645894235686, -100.20589077698472 44.00687239840495, -100.14756792315704 44.152586936216, -100.10951020090222 44.247255551517924))'
S2B_MSIL2A_20230727T164849_N0510_R026_T16SCJ_20241019T010418.SAFE	geography'SRID=4326;POLYGON ((-89.22098676997163 39.7284494747452, -89.33363283056224 39.72680595308774, -89.32406842975767 39.43619013567084, -89.32269843671139 39.440094801602015, -89.27108903690022 39.58663288119181, -89.22098676997163 39.7284494747452))'
S2B_MSIL2A_20230727T164849_N0510_R026_T15SWC_20241019T010418.SAFE	geography'SRID=4326;POLYGON ((-93.00023047979299 38.848998483821255, -93.00022736409076 37.85944195932729, -91.75213459127728 37.85282950328523, -91.73503988519938 38.84214867288121, -93.00023047979299 38.848998483821255))'
S2B_MSIL2A_20230727T164849_N0510_R026_T15SWB_20241019T010418.SAFE	geography'SRID=4326;POLYGON ((-93.00022763545478 37.947589571993284, -93.00022465569249 36.95788109520145, -91.76699475177709 36.95147947183065, -91.75064570841931 37.94095623057468, -93.00022763545478 37.947589571993284))'
S2B_MSIL2A_20230727T164849_N0510_R026_T16TCL_20241019T010418.SAFE	geography'SRID=4326;POLYGON ((-88.56571937986182 41.5394323822788, -89.3971826192205 41.52685230149302, -89.36158097735907 40.538607851727775, -88.92989755907612 40.54501208582875, -88.90617987634377 40.61067406841613, -88.85325626552766 40.75685312999843, -88.79994681068332 40.90305318470939, -88.74647990221747 41.04929697223505, -88.6929018204505 41.19556158187234, -88.63897160722422 41.34177084948696, -88.58486914672481 41.48797102544558, -88.56571937986182 41.5394323822788))'
S2B_MSIL2A_20230727T164849_N0510_R026_T15SVB_20241019T010418.SAFE	geography'SRID=4326;POLYGON ((-93.57291928614067 36.954916221844364, -92.89036811332885 36.957830487987216, -92.88891399416781 37.94753713280259, -93.28984111084522 37.94578655769657, -93.30930518530592 37.878439536215126, -93.35156665305009 37.73103019017148, -93.39379866280072 37.583651317340106, -93.43599590354796 37.436317638145134, -93.47804204721392 37.288954878583176, -93.51998171608368 37.141513566839855, -93.5618237963463 36.994001169705165, -93.57291928614067 36.954916221844364))'
S2B_MSIL2A_20230727T164849_N0510_R026_T15SVA_20241019T010418.SAFE	geography'SRID=4326;POLYGON ((-93.82686553678961 36.052765220614816, -92.8916315425469 36.05667498554276, -92.8902406792213 37.04653228101576, -93.54772117723863 37.04371932753557, -93.5618237963463 36.994001169705165, -93.60370994731235 36.84645310675901, -93.64540361118627 36.69884434760908, -93.68745431330336 36.5513717672826, -93.72877308977004 36.403725656503006, -93.7700340810722 36.25610571853523, -93.81122769795704 36.108557514509535, -93.82686553678961 36.052765220614816))'
S2B_MSIL2A_20230727T164849_N0510_R026_T15SXA_20241019T010418.SAFE	geography'SRID=4326;POLYGON ((-91.87551445266065 37.041254047993014, -91.88976030868119 36.05158282608199, -90.67138577052769 36.03410504881955, -90.64153245372125 37.023137802563134, -91.87551445266065 37.041254047993014))'
S2B_MSIL2A_20230726T171859_N0510_R012_T14TPR_20241010T041348.SAFE	geography'SRID=4326;POLYGON ((-97.7074679641667 46.046265456303395, -97.72992432822251 45.05819732058294, -96.33649579223145 45.034190140253024, -96.28945585240228 46.02142174250963, -97.7074679641667 46.046265456303395))'
S2B_MSIL2A_20230726T171859_N0510_R012_T14TNT_20241010T041348.SAFE	geography'SRID=4326;POLYGON ((-97.9946060405962 46.85937443547292, -97.55985017558999 46.85663988190739, -97.53272262323176 47.844325046514086, -97.63792221723233 47.84499721350586, -97.6650532897028 47.77135789481533, -97.71859444731751 47.62486972603043, -97.77188508900316 47.478382458040784, -97.82500079251818 47.33190461931554, -97.87790390071709 47.1854444745242, -97.93047675012016 47.03898734727933, -97.9828052058424 46.89255569959592, -97.9946060405962 46.85937443547292))'
S2B_MSIL2A_20230726T171859_N0510_R012_T14TMN_20241010T041348.SAFE	geography'SRID=4326;POLYGON ((-99.50566373883353 42.36102647394926, -98.88147277912853 42.364010656318975, -98.8795663539466 43.352791985217806, -99.18804359016143 43.35128976482715, -99.22877540204023 43.225614178603394, -99.27623032925726 43.07877146200512, -99.32363688560324 42.93194547126655, -99.37078158782694 42.785044841477166, -99.41749979142064 42.63798540526077, -99.45589565397248 42.517646677188665, -99.46442566742468 42.49086019700365, -99.48522194342732 42.42541108563568, -99.50566373883353 42.36102647394926))'
S2B_MSIL2A_20230726T171859_N0510_R012_T14TPP_20241010T041348.SAFE	geography'SRID=4326;POLYGON ((-97.74751912777681 44.24655093494868, -97.76796729995816 43.25815531909012, -96.41619172041914 43.235600960154144, -96.37335402628884 44.22320974043625, -97.74751912777681 44.24655093494868))'
S2B_MSIL2A_20230726T171859_N0510_R012_T14TQL_20241010T041348.SAFE	geography'SRID=4326;POLYGON ((-96.12805302850548 41.51423178190293, -96.6032964141397 41.5268622914542, -96.63889095789968 40.53861750192735, -96.48669064496795 40.534651349511606, -96.4417508742546 40.65897978877252, -96.38880038681914 40.80512219199132, -96.34073645034515 40.93678276588529, -96.33516496417421 40.95206605379134, -96.28159768016563 41.09827538540693, -96.22791129118224 41.24455133056275, -96.18870715168781 41.35050501885816, -96.17411045952666 41.39003761675222, -96.12805302850548 41.51423178190293))'
S2B_MSIL2A_20230726T171859_N0510_R012_T14TPL_20241010T041348.SAFE	geography'SRID=4326;POLYGON ((-97.8010303852103 41.545593768972765, -97.81885207154318 40.55671174263467, -96.52280187838811 40.536185528423594, -96.48546160940654 41.52434469691515, -97.8010303852103 41.545593768972765))'
S2B_MSIL2A_20230726T171859_N0510_R012_T14TMK_20241010T041348.SAFE	geography'SRID=4326;POLYGON ((-100.17549347123935 40.199103306009164, -100.16613169555372 39.655752572676114, -98.88622008547372 39.66155122739065, -98.88455693238029 40.65079881136531, -100.03951439471524 40.6454589922114, -100.05997856061337 40.57886985746652, -100.10493515948771 40.431644024269296, -100.14975918002624 40.28445902673036, -100.17549347123935 40.199103306009164))'
S2B_MSIL2A_20230726T171859_N0510_R012_T14SPH_20241010T041348.SAFE	geography'SRID=4326;POLYGON ((-97.08786490112328 38.831703225003196, -97.84770947866411 38.84331460585068, -97.86328240873523 37.853955038178526, -97.42395825285709 37.84738553557138, -97.4136324441554 37.8779858365599, -97.36401598794993 38.02471174442057, -97.31428586751198 38.171381865951695, -97.2643240683371 38.317894598200205, -97.2142673878691 38.46430937800554, -97.16405661932431 38.61068966202508, -97.1136797609656 38.757098815134576, -97.08786490112328 38.831703225003196))'
S2B_MSIL2A_20230726T171859_N0510_R012_T14TNK_20241010T041348.SAFE	geography'SRID=4326;POLYGON ((-99.00023656389149 40.650856515774606, -99.00023315577859 39.66160695799293, -97.72035792136309 39.6545573069827, -97.70165933840751 40.64355721409192, -99.00023656389149 40.650856515774606))'
S2B_MSIL2A_20230726T171859_N0510_R012_T14SPJ_20241010T041348.SAFE	geography'SRID=4326;POLYGON ((-96.77450874439832 39.72791575080972, -97.83284204446889 39.744399896499196, -97.84912778038333 38.75519833855342, -97.1181697802477 38.74404957105791, -97.1136797609656 38.757098815134576, -97.06302130508554 38.903500702608405, -97.01234958472472 39.049910707559405, -96.96127455850812 39.19632990207373, -96.91018166469149 39.342850854369445, -96.85867842317809 39.48933724228824, -96.80704548881376 39.63580233918098, -96.77450874439832 39.72791575080972))'
S2B_MSIL2A_20230726T171859_N0510_R012_T15TTG_20241010T041348.SAFE	geography'SRID=4326;POLYGON ((-95.78973568645932 42.41694643698312, -96.64504576622768 42.39470139413761, -96.58926866785168 41.407726190110715, -96.16352181698733 41.41858996088204, -96.11987365060575 41.53628752811336, -96.0766438761387 41.652391583546006, -96.06517534182068 41.6832276090914, -96.01070216317443 41.829351304374704, -95.95618284468163 41.975371674020366, -95.90148594624031 42.12133491326762, -95.84646234005977 42.26723331174323, -95.79119543520416 42.413109894954815, -95.78973568645932 42.41694643698312))'
S2B_MSIL2A_20230726T171859_N0510_R012_T14TPN_20241010T041348.SAFE	geography'SRID=4326;POLYGON ((-97.76618786223798 43.346200009839855, -97.78571286582209 42.35764145317536, -96.45336942769976 42.33578223926217, -96.41246381589345 43.323576596360866, -97.76618786223798 43.346200009839855))'
S2B_MSIL2A_20230726T171859_N0510_R012_T14TNQ_20241010T041348.SAFE	geography'SRID=4326;POLYGON ((-98.9208345007428 44.164889361176726, -97.62710599954542 44.157116557384406, -97.60358882685108 45.145299673094094, -98.58984574847757 45.151328492820426, -98.59580408229785 45.13382311337052, -98.64551189948024 44.98720050111563, -98.69502411515968 44.84054444065196, -98.74445716907486 44.693901412482624, -98.79366368592349 44.547194700499375, -98.84246231443909 44.40036446887564, -98.8913427092951 44.25354134655074, -98.9208345007428 44.164889361176726))'
S2B_MSIL2A_20230726T171859_N0510_R012_T14TNR_20241010T041348.SAFE	geography'SRID=4326;POLYGON ((-98.6198354309719 45.062938103359514, -97.60574612901156 45.05674859305782, -97.58109585564665 46.044766226835556, -98.28020460926246 46.0491052994628, -98.2926443630982 46.013530938378445, -98.34377017269009 45.86691335478905, -98.39469656515081 45.72029670275254, -98.44534375166128 45.57365315720655, -98.49573474694768 45.42703372013214, -98.54590455042296 45.28042621856592, -98.59580408229785 45.13382311337052, -98.6198354309719 45.062938103359514))'
S2B_MSIL2A_20230726T171859_N0510_R012_T15TUK_20241010T041348.SAFE	geography'SRID=4326;POLYGON ((-94.7127563716078 45.138935283952065, -95.54313948300324 45.12551356202371, -95.50034838689312 44.137996748196564, -95.11670570388992 44.14409130997899, -95.10924370575667 44.162719615515, -95.0509412535644 44.3082406677724, -94.99241313920734 44.45378281972393, -94.93351598225645 44.59934871435622, -94.87429919391016 44.744916352583616, -94.81485014816643 44.89051315486466, -94.75516328589542 45.03609895119818, -94.7127563716078 45.138935283952065))'
S2B_MSIL2A_20230726T171859_N0510_R012_T14TQQ_20241010T041348.SAFE	geography'SRID=4326;POLYGON ((-95.12911963486401 44.113100884229944, -95.0639024439136 45.08595696049961, -96.45736864275568 45.12552488296481, -96.50015121099591 44.13800768802703, -95.13441010852146 44.099893622855554, -95.12911963486401 44.113100884229944))'
S2B_MSIL2A_20230726T171859_N0510_R012_T14UQV_20241010T041348.SAFE	geography'SRID=4326;POLYGON ((-96.23148519495957 49.61961011420237, -96.28591334225759 48.63304460468163, -94.79901938142156 48.5883487810417, -94.71495435702141 49.57334356268714, -96.23148519495957 49.61961011420237))'
S2B_MSIL2A_20230726T171859_N0510_R012_T14TPK_20241010T041348.SAFE	geography'SRID=4326;POLYGON ((-96.52680701343938 40.42327372893527, -96.51955068002488 40.62420990912828, -97.81730037733891 40.64479964997401, -97.83433447991831 39.65575725270223, -96.80564597422449 39.63976444620054, -96.75529830158496 39.782301629244365, -96.70328724250862 39.92873005721968, -96.65125659411139 40.07507571317424, -96.59906725437254 40.22129251569239, -96.59835073378312 40.22329763052265, -96.54716716331752 40.366697714462575, -96.52680701343938 40.42327372893527))'
S2B_MSIL2A_20230726T171859_N0510_R012_T14TPM_20241010T041348.SAFE	geography'SRID=4326;POLYGON ((-97.78400297732625 42.44624086265282, -97.80265404258905 41.457520191909595, -96.48886345311317 41.43633638009555, -96.44978706678563 42.42431413705452, -97.78400297732625 42.44624086265282))'
S2B_MSIL2A_20230726T171859_N0510_R012_T14UQU_20241010T041348.SAFE	geography'SRID=4326;POLYGON ((-96.28118473719852 48.720927698149374, -96.33299058185197 47.73416799677996, -94.8717393439406 47.69085106573984, -94.7917155642128 48.676094448248996, -96.28118473719852 48.720927698149374))'
S2B_MSIL2A_20230726T171859_N0510_R012_T15TTF_20241010T041348.SAFE	geography'SRID=4326;POLYGON ((-96.13055104761366 41.507495856976284, -96.59412455183308 41.49564643575739, -96.54082260253307 40.50846282585221, -96.49574321402328 40.509592639938425, -96.49457478136512 40.51283943641948, -96.4417508742546 40.65897978877252, -96.38880038681914 40.80512219199132, -96.34073645034515 40.93678276588529, -96.33516496417421 40.95206605379134, -96.28159768016563 41.09827538540693, -96.22791129118224 41.24455133056275, -96.18870715168781 41.35050501885816, -96.17411045952666 41.39003761675222, -96.13055104761366 41.507495856976284))'
S2B_MSIL2A_20230726T171859_N0510_R012_T14TNP_20241010T041348.SAFE	geography'SRID=4326;POLYGON ((-99.00024916919114 43.92559298453846, -99.00024643448813 43.26479037737325, -97.64750596751658 43.256794294201605, -97.62505994125075 44.24514241182411, -98.89160137913076 44.252763788004394, -98.94018723485293 44.10671526536703, -98.98891563104067 43.95989055313444, -99.00024916919114 43.92559298453846))'
S2B_MSIL2A_20230726T171859_N0510_R012_T15TTE_20241010T041348.SAFE	geography'SRID=4326;POLYGON ((-96.46362775086547 40.59845616166543, -96.54546370146345 40.59640146890937, -96.53531066013909 40.39964411708896, -96.49457478136512 40.51283943641948, -96.46362775086547 40.59845616166543))'
S2B_MSIL2A_20230726T171859_N0510_R012_T14TPT_20241010T041348.SAFE	geography'SRID=4326;POLYGON ((-97.66528094185925 47.770735040379535, -97.68811311448758 46.85818197246455, -96.24891500137984 46.83262831925138, -96.19715331707549 47.81947440295927, -97.6377522834236 47.845458448862914, -97.6650532897028 47.77135789481533, -97.66528094185925 47.770735040379535))'
S2B_MSIL2A_20230726T171859_N0510_R012_T15UVP_20241010T041348.SAFE	geography'SRID=4326;POLYGON ((-93.13085438702694 48.75153169482903, -94.36082319775265 48.74497768846318, -94.33486493191529 47.757403531734624, -93.58460187210268 47.761341022787185, -93.56927874772512 47.79547796017662, -93.50394483533488 47.9403697007648, -93.43819520614315 48.085279321994136, -93.37209061068364 48.23017383154539, -93.30553043128552 48.37500096936383, -93.23857672754147 48.51981517878914, -93.17129907384704 48.66463704409708, -93.13085438702694 48.75153169482903))'
S2B_MSIL2A_20230726T171859_N0510_R012_T14TQP_20241010T041348.SAFE	geography'SRID=4326;POLYGON ((-95.12901134865682 44.11337121243385, -95.1242610537248 44.18762158427181, -96.49642893280087 44.22597512802537, -96.53726452230805 43.238273156784096, -95.48532316259394 43.209391793710566, -95.45444520369975 43.28855796415333, -95.39744684598445 43.434450915675725, -95.3402049359616 43.58025469220214, -95.28285165925101 43.72594610042884, -95.22535595593325 43.87160293407485, -95.16753434521098 44.017201508668414, -95.12901134865682 44.11337121243385))'
S2B_MSIL2A_20230726T171859_N0510_R012_T14TPS_20241010T041348.SAFE	geography'SRID=4326;POLYGON ((-97.68596471962562 46.94616825397537, -97.70951593127273 45.95826451839171, -96.29374566695486 45.93349650488509, -96.24441508393578 46.920536388192055, -97.68596471962562 46.94616825397537))'
S2B_MSIL2A_20230726T171859_N0510_R012_T14TNS_20241010T041348.SAFE	geography'SRID=4326;POLYGON ((-98.31086482762292 45.961278651288715, -97.58334389839344 45.956769859075806, -97.55749190205454 46.94462144140276, -97.9632857074534 46.94717745885873, -97.9828052058424 46.89255569959592, -98.03489226691678 46.746098727105554, -98.08681584594365 46.5996573937024, -98.13851122610008 46.453198000691934, -98.18997913580118 46.30669121508072, -98.2413798023858 46.16013383886139, -98.2926443630982 46.013530938378445, -98.31086482762292 45.961278651288715))'
S2B_MSIL2A_20230726T171859_N0510_R012_T15UUP_20241010T041348.SAFE	geography'SRID=4326;POLYGON ((-95.7193584952283 48.7209148694678, -95.66754232973864 47.734155602346505, -94.20359829776481 47.75885537254857, -94.22700553578841 48.74648044472784, -95.7193584952283 48.7209148694678))'
S2B_MSIL2A_20230726T171859_N0510_R012_T15TVN_20241010T041348.SAFE	geography'SRID=4326;POLYGON ((-93.5446580170475 47.85007962708929, -94.33713470955433 47.84591482730969, -94.31241149952399 46.858175957972115, -93.98360926296955 46.859877022092846, -93.95507330727112 46.925362999192046, -93.89142213052392 47.0705560373198, -93.82741230707676 47.215592667770174, -93.7632993893111 47.360607439068495, -93.69897952472007 47.50560810060677, -93.63432121754556 47.650576002507584, -93.56927874772512 47.79547796017662, -93.5446580170475 47.85007962708929))'
S2B_MSIL2A_20230726T171859_N0510_R012_T14TQM_20241010T041348.SAFE	geography'SRID=4326;POLYGON ((-95.7939102113777 42.40594426349028, -96.5692895469665 42.426911995973605, -96.60653922316477 41.43884624479472, -96.16039936876076 41.4270096630262, -96.11987365060575 41.53628752811336, -96.0766438761387 41.652391583546006, -96.06517534182068 41.6832276090914, -96.01070216317443 41.829351304374704, -95.95618284468163 41.975371674020366, -95.90148594624031 42.12133491326762, -95.84646234005977 42.26723331174323, -95.7939102113777 42.40594426349028))'
S2B_MSIL2A_20230726T171859_N0510_R012_T14TQN_20241010T041348.SAFE	geography'SRID=4326;POLYGON ((-95.45134542904297 43.29649214492376, -96.53371085886852 43.32625697177811, -96.5727044512481 42.33837210189082, -95.82713624310837 42.31824440052144, -95.79119543520416 42.413109894954815, -95.73569770968061 42.55897017207453, -95.6800705676276 42.7048865574641, -95.62403113460287 42.85078135908493, -95.56785782598904 42.99676457007641, -95.51134190395773 43.14268388336686, -95.45444520369975 43.28855796415333, -95.45134542904297 43.29649214492376))'
S2B_MSIL2A_20230726T171859_N0510_R012_T14TPQ_20241010T041348.SAFE	geography'SRID=4326;POLYGON ((-97.72795903223157 45.14675285555784, -97.74938307519847 44.158520786393645, -96.37725879085306 44.135250725162805, -96.33237892318714 45.122671880514964, -97.72795903223157 45.14675285555784))'
S2B_MSIL2A_20230726T171859_N0510_R012_T14TNL_20241010T041348.SAFE	geography'SRID=4326;POLYGON ((-99.00023981916341 41.551844670066835, -99.0002362534332 40.56274991351036, -97.70336265383867 40.5554731412015, -97.68379957458711 41.54431153543986, -99.00023981916341 41.551844670066835))'
S2B_MSIL2A_20230726T171859_N0510_R012_T14SNJ_20241010T041348.SAFE	geography'SRID=4326;POLYGON ((-99.00023345437725 39.7502679270046, -99.00023019602958 38.760864457162924, -97.73659678080747 38.754036048213806, -97.71871965132908 39.74319619212293, -99.00023345437725 39.7502679270046))'
S2B_MSIL2A_20230726T171859_N0510_R012_T14TNM_20241010T041348.SAFE	geography'SRID=4326;POLYGON ((-99.00024322601921 42.45269119915018, -99.00023949430312 41.463751887157464, -97.68558188065235 41.45624189757688, -97.66510843311782 42.44491772432881, -99.00024322601921 42.45269119915018))'
S2B_MSIL2A_20230726T171859_N0510_R012_T14TQK_20241010T041348.SAFE	geography'SRID=4326;POLYGON ((-96.4551416327742 40.62193349145423, -96.63579176628713 40.62664940733135, -96.65515504607978 40.064110608412015, -96.65125659411139 40.07507571317424, -96.59906725437254 40.22129251569239, -96.59835073378312 40.22329763052265, -96.54716716331752 40.366697714462575, -96.49457478136512 40.51283943641948, -96.4551416327742 40.62193349145423))'
S2B_MSIL2A_20230726T171859_N0510_R012_T15TUJ_20241010T041348.SAFE	geography'SRID=4326;POLYGON ((-95.08120942491082 44.232692282093645, -95.50407140709622 44.22596415476343, -95.46426627113595 43.26337831088518, -95.45444520369975 43.28855796415333, -95.39744684598445 43.434450915675725, -95.3402049359616 43.58025469220214, -95.28285165925101 43.72594610042884, -95.22535595593325 43.87160293407485, -95.16753434521098 44.017201508668414, -95.10924370575667 44.162719615515, -95.08120942491082 44.232692282093645))'
S2B_MSIL2A_20230726T171859_N0510_R012_T15TUH_20241010T041348.SAFE	geography'SRID=4326;POLYGON ((-95.43955435338312 43.326672572897365, -95.46678204877878 43.32624633586568, -95.46429693530301 43.26329969284294, -95.45444520369975 43.28855796415333, -95.43955435338312 43.326672572897365))'
S2B_MSIL2A_20230726T171859_N0510_R012_T14SNH_20241010T041348.SAFE	geography'SRID=4326;POLYGON ((-99.00023047979299 38.848998483821255, -99.00022736409076 37.85944195932729, -97.75213459127728 37.85282950328523, -97.73503988519937 38.84214867288121, -99.00023047979299 38.848998483821255))'
S2B_MSIL2A_20230725T174909_N0510_R141_T13TFF_20241017T153421.SAFE	geography'SRID=4326;POLYGON ((-103.67315169129131 41.543528271804014, -103.80103038521031 41.545593768972765, -103.80761402659472 41.18028352215919, -103.8019826683928 41.19559756358424, -103.7481051646368 41.341782865570366, -103.69399337885149 41.48799129095383, -103.67315169129131 41.543528271804014))'
S2A_MSIL2A_20230725T165851_N0510_R069_T15TVJ_20241018T071511.SAFE	geography'SRID=4326;POLYGON ((-94.18030022947464 43.2584039261579, -92.87974009973617 43.26472716389879, -92.87774350913473 44.25335216097235, -93.85526306290039 44.24851394364337, -93.8797742379001 44.1745569038967, -93.92819685331675 44.02783404191805, -93.9765389895647 43.8810518251237, -94.02479363908078 43.73420407725279, -94.0729273971768 43.58731484841917, -94.12098086117781 43.44041131786224, -94.16889444327843 43.293466410099896, -94.18030022947464 43.2584039261579))'
S2A_MSIL2A_20230725T165851_N0510_R069_T15TVK_20241018T071511.SAFE	geography'SRID=4326;POLYGON ((-93.88447044014046 44.16032718443178, -92.8779255090639 44.165301274896635, -92.87583360281222 45.153769755990965, -93.55182475908818 45.15037093061866, -93.58432698874526 45.05506413746305, -93.63427963218336 44.9082614394595, -93.68391147088768 44.761431515602645, -93.7333718122754 44.614671632396224, -93.78235242364106 44.46791505229861, -93.83116478474567 44.32122515864371, -93.8797742379001 44.1745569038967, -93.88447044014046 44.16032718443178))'
S2A_MSIL2A_20230725T165851_N0510_R069_T15TXH_20241018T071511.SAFE	geography'SRID=4326;POLYGON ((-90.41348994826495 43.298797410292046, -90.41246381589345 43.323576596360866, -91.76618786223798 43.346200009839855, -91.78571286582209 42.35764145317536, -90.78170777548287 42.341169152256775, -90.7287558999768 42.48020502260358, -90.6731015197108 42.6262441893317, -90.61719353372355 42.77221302843213, -90.56110198024444 42.918141699482206, -90.50480510310668 43.06398473907904, -90.44809452332909 43.20965102729859, -90.41348994826495 43.298797410292046))'
S2A_MSIL2A_20230724T172901_N0510_R055_T13SGA_20240929T035452.SAFE	geography'SRID=4326;POLYGON ((-102.75206945697532 37.02528430302893, -102.78052649213598 36.03617591535172, -101.56341398032555 36.007451011934776, -101.51941449107781 36.995510653879045, -102.75206945697532 37.02528430302893))'
S2A_MSIL2A_20230724T172901_N0510_R055_T15UUP_20240929T035452.SAFE	geography'SRID=4326;POLYGON ((-95.66000851036749 48.72193159710923, -95.7193584952283 48.7209148694678, -95.713367691628 48.60682921850839, -95.66000851036749 48.72193159710923))'
S2A_MSIL2A_20230724T172901_N0510_R055_T13TGF_20240929T035452.SAFE	geography'SRID=4326;POLYGON ((-102.58447300659181 40.53719943724087, -101.34444498559898 40.50488583658978, -101.28942535132569 41.49194363396281, -102.2830295362787 41.518350581492406, -102.32051438722605 41.39826847864337, -102.36574150880232 41.2510466101851, -102.41109553412308 41.103991652332994, -102.45646982027779 40.957043753367145, -102.50125012338032 40.80997539134427, -102.54620969716704 40.66292709976659, -102.58447300659181 40.53719943724087))'
S2A_MSIL2A_20230724T172901_N0510_R055_T13SGB_20240929T035452.SAFE	geography'SRID=4326;POLYGON ((-102.72492653924301 37.925590547672954, -102.75467671035365 36.93665039764339, -101.52344565573672 36.90697181308603, -101.47744908495345 37.89483865903757, -102.72492653924301 37.925590547672954))'
S2A_MSIL2A_20230724T172901_N0510_R055_T14SKJ_20240929T035452.SAFE	geography'SRID=4326;POLYGON ((-102.49897689950004 39.6975094680204, -102.45026011044494 38.7099201955759, -101.18865192655385 38.74036995699254, -101.21960079191267 39.7290432642928, -102.49897689950004 39.6975094680204))'
S2A_MSIL2A_20230724T172901_N0510_R055_T14SMH_20240929T035452.SAFE	geography'SRID=4326;POLYGON ((-99.59897985778956 38.845776101882215, -100.15275135075291 38.843310058483205, -100.13717219597591 37.85395064837389, -99.93751152862043 37.854820722331546, -99.90125894817824 37.962043873526376, -99.85147242067738 38.10849713729636, -99.80165624697902 38.25487032822572, -99.75167223568752 38.40123335542573, -99.7015617858235 38.547712643453295, -99.65137785314312 38.694246379552325, -99.60070275393552 38.84080181299879, -99.59897985778956 38.845776101882215))'
S2A_MSIL2A_20230724T172901_N0510_R055_T13SGC_20240929T035452.SAFE	geography'SRID=4326;POLYGON ((-102.6965295968872 38.82628170870513, -102.72763580740045 37.83751218570364, -101.48163775999417 37.80685703267152, -101.43354720329414 38.79452724007538, -102.6965295968872 38.82628170870513))'
S2A_MSIL2A_20230724T172901_N0510_R055_T14SLJ_20240929T035452.SAFE	geography'SRID=4326;POLYGON ((-101.33363283056225 39.72680595308774, -101.301097327331 38.73820958831532, -100.03810488537859 38.75625435897602, -100.05279562809639 39.74549354563108, -101.33363283056225 39.72680595308774))'
S2A_MSIL2A_20230724T172901_N0510_R055_T14TKL_20240929T035452.SAFE	geography'SRID=4326;POLYGON ((-102.54871776739539 40.65468594624376, -102.54082260253305 40.50846282585221, -101.24618611840133 40.54090999482793, -101.28005188450415 41.52923550071836, -102.28767163607732 41.503479691216334, -102.32051438722605 41.39826847864337, -102.36574150880232 41.2510466101851, -102.41109553412308 41.103991652332994, -102.45646982027779 40.957043753367145, -102.50125012338032 40.80997539134427, -102.54620969716704 40.66292709976659, -102.54871776739539 40.65468594624376))'
S2A_MSIL2A_20230724T172901_N0510_R055_T14SKH_20240929T035452.SAFE	geography'SRID=4326;POLYGON ((-102.4545029640868 38.797894647715, -102.40791466143585 37.81010790673744, -101.16175219508035 37.83959549435291, -101.19134725642266 38.82843976082239, -102.4545029640868 38.797894647715))'
S2A_MSIL2A_20230724T172901_N0510_R055_T14TLK_20240929T035452.SAFE	geography'SRID=4326;POLYGON ((-101.3646807870274 40.62663972727231, -101.33065130260063 39.638218234831534, -100.05144935754969 39.656847486720984, -100.066815204235 40.645928490590144, -101.3646807870274 40.62663972727231))'
S2A_MSIL2A_20230724T172901_N0510_R055_T14UNU_20240929T035452.SAFE	geography'SRID=4326;POLYGON ((-99.00027209589379 48.7530130044756, -99.00026690365507 47.765166566721895, -97.53521313306011 47.75581864580811, -97.50673052442279 48.7433372246506, -99.00027209589379 48.7530130044756))'
S2A_MSIL2A_20230724T172901_N0510_R055_T14SMJ_20240929T035452.SAFE	geography'SRID=4326;POLYGON ((-99.28276060703053 39.74841150540414, -100.16762472753088 39.74439520181332, -100.15133248212537 38.755193805393134, -99.62950181232956 38.75751320475158, -99.60070275393552 38.84080181299879, -99.54992700153464 38.98739988932944, -99.4988529012446 39.13396640824666, -99.44760359771676 39.28049785911488, -99.39610236195709 39.42694921481323, -99.34459542019992 39.573342933834105, -99.29289736396717 39.71964413446671, -99.28276060703053 39.74841150540414))'
S2A_MSIL2A_20230724T172901_N0510_R055_T14TPT_20240929T035452.SAFE	geography'SRID=4326;POLYGON ((-96.21352043164116 47.50743233694471, -96.19715331707549 47.81947440295927, -97.66339978002993 47.84592105208886, -97.68811311448758 46.85818197246455, -96.50792888810055 46.837227235118746, -96.4966869411376 46.86310086132904, -96.4335582130578 47.0081134720252, -96.3700325423232 47.15305382000068, -96.30628263437048 47.297995381921886, -96.24224976379676 47.44296308564317, -96.21352043164116 47.50743233694471))'
S2A_MSIL2A_20230724T172901_N0510_R055_T14SMG_20240929T035452.SAFE	geography'SRID=4326;POLYGON ((-99.9076676909124 37.94308893065686, -100.13852907879905 37.9420809165272, -100.12863975126635 37.285307063032974, -100.09869039856787 37.375310827270646, -100.04951984776298 37.52214300496088, -100.00020582241794 37.6688629651458, -99.95080278329166 37.815509583874686, -99.9076676909124 37.94308893065686))'
S2A_MSIL2A_20230724T172901_N0510_R055_T14UQU_20240929T035452.SAFE	geography'SRID=4326;POLYGON ((-95.66901599915033 48.70250132551146, -96.28118473719852 48.720927698149374, -96.33299058185197 47.73416799677996, -96.11492895258655 47.72770383763174, -96.1125516730649 47.73300173449514, -96.04708995461246 47.87810091260491, -95.98123794614062 48.02319100659023, -95.91516252336355 48.168162530802, -95.84881806137632 48.313042584790814, -95.78225633053808 48.45783053136677, -95.71536770285472 48.60251494598796, -95.66901599915033 48.70250132551146))'
S2A_MSIL2A_20230724T172901_N0510_R055_T14SKG_20240929T035452.SAFE	geography'SRID=4326;POLYGON ((-102.41197247867947 37.8980997878049, -102.36741300313712 36.910119161555244, -101.13602504584179 36.93866731150362, -101.16432984132963 37.92768043331917, -102.41197247867947 37.8980997878049))'
S2A_MSIL2A_20230724T172901_N0510_R055_T14TNK_20240929T035452.SAFE	geography'SRID=4326;POLYGON ((-98.96064347053478 40.65063396302434, -99.00023656389149 40.650856515774606, -99.00023618613399 40.541207435312664, -98.98006136892309 40.5970742090282, -98.96064347053478 40.65063396302434))'
S2A_MSIL2A_20230724T172901_N0510_R055_T13TGE_20240929T035452.SAFE	geography'SRID=4326;POLYGON ((-102.64581431133387 40.33547608787936, -102.6698144654414 39.63822758400475, -101.39224764301619 39.60554763793313, -101.33965430802601 40.59281342227294, -102.55786933639058 40.624615223258594, -102.59097798397487 40.5158250288729, -102.63575891585153 40.36867721886025, -102.64581431133387 40.33547608787936))'
S2A_MSIL2A_20230724T172901_N0510_R055_T14SKF_20240929T035452.SAFE	geography'SRID=4326;POLYGON ((-102.37131820920371 36.99866808026183, -102.32869364809063 36.01049725766069, -101.11143123293883 36.03812799310683, -101.13850562461279 37.02730768000537, -102.37131820920371 36.99866808026183))'
S2A_MSIL2A_20230724T172901_N0510_R055_T14TMK_20240929T035452.SAFE	geography'SRID=4326;POLYGON ((-98.96071135491992 40.65044671974515, -100.18317260660315 40.64479480422486, -100.16613169555372 39.655752572676114, -99.3141105207021 39.65961266470398, -99.29289736396717 39.71964413446671, -99.241353474224 39.8659219040795, -99.18947160220748 40.01209387030758, -99.1375054539108 40.15825026437644, -99.08540537805234 40.30446863761208, -99.03290119411882 40.45075364877131, -98.98006136892309 40.5970742090282, -98.96071135491992 40.65044671974515))'
S2A_MSIL2A_20230724T172901_N0510_R055_T14UPU_20240929T035452.SAFE	geography'SRID=4326;POLYGON ((-97.63972075371633 48.74498411169783, -97.6656686510332 47.75740973734738, -96.20190528469706 47.73104447774509, -96.14756129152693 48.71769475117851, -97.63972075371633 48.74498411169783))'
S2A_MSIL2A_20230724T172901_N0510_R055_T13SGD_20240929T035452.SAFE	geography'SRID=4326;POLYGON ((-102.66683353200474 39.72681533153163, -102.69936254729447 38.73821864423846, -101.43792685625729 38.70656329494251, -101.38763948191425 39.69403311805837, -102.66683353200474 39.72681533153163))'
S2A_MSIL2A_20230724T172901_N0510_R055_T14TKK_20240929T035452.SAFE	geography'SRID=4326;POLYGON ((-102.54546370146345 40.59640146890937, -102.49451264760637 39.609013147606916, -101.21676465654707 39.64044856303257, -101.24913477999112 40.62894899386581, -102.54546370146345 40.59640146890937))'
S2A_MSIL2A_20230724T172901_N0510_R055_T14SLH_20240929T035452.SAFE	geography'SRID=4326;POLYGON ((-101.30393084279649 38.82627262441358, -101.27281842761563 37.837503416034735, -100.02533655911799 37.85497766278228, -100.03938428014581 38.84437393595428, -101.30393084279649 38.82627262441358))'
S2B_MSIL2A_20230724T163839_N0510_R126_T16TBL_20240929T000435.SAFE	geography'SRID=4326;POLYGON ((-90.009402650752 40.521781678815074, -89.24618611840131 40.54090999482793, -89.28005188450415 41.52923550071836, -89.70244546917898 41.518438681099866, -89.7394826922221 41.39913985335014, -89.78500374138939 41.25199596837248, -89.83054111761159 41.10483644335713, -89.87601622990015 40.95763222674112, -89.92121763757153 40.81043321076431, -89.96618185621507 40.663201724143065, -90.009402650752 40.521781678815074))'
S2B_MSIL2A_20230724T163839_N0510_R126_T15TYF_20240929T000435.SAFE	geography'SRID=4326;POLYGON ((-90.0092716253623 40.52221039875759, -89.34444498559898 40.50488583658978, -89.28942535132568 41.49194363396281, -89.70722379836936 41.50304743347987, -89.7394826922221 41.39913985335014, -89.78500374138939 41.25199596837248, -89.83054111761159 41.10483644335713, -89.87601622990015 40.95763222674112, -89.92121763757153 40.81043321076431, -89.96618185621507 40.663201724143065, -90.0092716253623 40.52221039875759))'
S2A_MSIL2A_20230723T175921_N0510_R041_T13TEM_20240916T165833.SAFE	geography'SRID=4326;POLYGON ((-104.01332815806553 46.94749266667019, -105.00026284243779 46.953709179213256, -105.00025812995321 45.965551148516354, -104.4385321068222 45.96206986596196, -104.41322837448568 46.02130377433316, -104.3513806317142 46.166757885925456, -104.28891467906956 46.3121614148635, -104.22630292007342 46.45755165275501, -104.16346365872992 46.602829943170654, -104.10039143316823 46.748035496654126, -104.03708901750448 46.89315464701693, -104.01332815806553 46.94749266667019))'
S2A_MSIL2A_20230723T175921_N0510_R041_T13UEQ_20240916T165833.SAFE	geography'SRID=4326;POLYGON ((-105.00027707744742 49.652722814505665, -105.00027162195119 48.66503141156509, -103.50933035947723 48.65538534877128, -103.47940434627488 49.64273706516441, -105.00027707744742 49.652722814505665))'
S2A_MSIL2A_20230723T175921_N0510_R041_T13UFP_20240916T165833.SAFE	geography'SRID=4326;POLYGON ((-103.20509539880534 48.737035465255175, -103.63972075371633 48.74498411169783, -103.6656686510332 47.75740973734738, -103.65418343639587 47.75720286602346, -103.6516749494214 47.76277721413648, -103.58602897340496 47.90777131326921, -103.52011254932873 48.052838075240565, -103.45386841485411 48.19790086574472, -103.38744962118332 48.34284826166092, -103.32062849651214 48.48765623706164, -103.25367556426316 48.632391538626095, -103.20509539880534 48.737035465255175))'
S2A_MSIL2A_20230723T175921_N0510_R041_T13TEN_20240916T165833.SAFE	geography'SRID=4326;POLYGON ((-103.6145176079962 47.844847671048655, -105.0002673576574 47.85370184248753, -105.00026241255061 46.86569987335423, -104.05166772140244 46.85973334546187, -104.03708901750448 46.89315464701693, -103.97366492280572 47.03819736792889, -103.9096869357166 47.18306751187516, -103.8458687313716 47.328039434259765, -103.78146561815424 47.472906381847096, -103.71689799748329 47.61783885942691, -103.6516749494214 47.76277721413648, -103.6145176079962 47.844847671048655))'
S2A_MSIL2A_20230723T175921_N0510_R041_T13TFN_20240916T165833.SAFE	geography'SRID=4326;POLYGON ((-103.61443152141266 47.845037812888044, -103.66339978002995 47.84592105208886, -103.66629279316334 47.73029350961308, -103.6516749494214 47.76277721413648, -103.61443152141266 47.845037812888044))'
S2A_MSIL2A_20230723T175921_N0510_R041_T13UEP_20240916T165833.SAFE	geography'SRID=4326;POLYGON ((-103.52708916578287 48.0374841604507, -103.5067305244228 48.7433372246506, -105.0002720958938 48.7530130044756, -105.00026690365507 47.765166566721895, -103.65446393766888 47.75657953739637, -103.6516749494214 47.76277721413648, -103.58602897340496 47.90777131326921, -103.52708916578287 48.0374841604507))'
S2B_MSIL2A_20230723T170859_N0510_R112_T14SPG_20241017T093608.SAFE	geography'SRID=4326;POLYGON ((-97.86192606806475 37.94208532019618, -97.8768196851591 36.952569122489834, -96.64426763054043 36.93451075320804, -96.61305784244583 37.92337349546603, -97.86192606806475 37.94208532019618))'
S2B_MSIL2A_20230723T170859_N0510_R112_T15TVF_20241017T093608.SAFE	geography'SRID=4326;POLYGON ((-93.59835141770215 41.54841798597937, -94.19944910163338 41.54558876800179, -94.18162029219913 40.556706911840905, -93.96068584006932 40.55772656303613, -93.91312567676611 40.688872931853496, -93.86006515730887 40.83499020295664, -93.83671846186813 40.899266031742, -93.8073371783217 40.980286940295, -93.75388483713576 41.12632546811058, -93.70034434400834 41.27240538269213, -93.6464788786246 41.418437420559925, -93.60476697804131 41.53106820075287, -93.59835141770215 41.54841798597937))'
S2B_MSIL2A_20230723T170859_N0510_R112_T14SQF_20241017T093608.SAFE	geography'SRID=4326;POLYGON ((-96.75206945697532 37.02528430302893, -96.78052649213598 36.03617591535172, -95.56341398032555 36.007451011934776, -95.51941449107781 36.995510653879045, -96.75206945697532 37.02528430302893))'
S2B_MSIL2A_20230723T170859_N0510_R112_T14SQG_20241017T093608.SAFE	geography'SRID=4326;POLYGON ((-96.72492653924301 37.925590547672954, -96.75467671035364 36.93665039764339, -95.52344565573671 36.90697181308603, -95.47744908495345 37.89483865903757, -96.72492653924301 37.925590547672954))'
S2B_MSIL2A_20230723T170859_N0510_R112_T15STC_20241017T093608.SAFE	geography'SRID=4326;POLYGON ((-96.4545029640868 38.797894647715, -96.40791466143585 37.81010790673744, -95.16175219508035 37.83959549435291, -95.19134725642267 38.82843976082239, -96.4545029640868 38.797894647715))'
S2B_MSIL2A_20230723T170859_N0510_R112_T14SNG_20241017T093608.SAFE	geography'SRID=4326;POLYGON ((-98.60884231468034 36.95584945265598, -97.76699475177708 36.95147947183065, -97.75064570841931 37.94095623057468, -98.32516672802461 37.9440060458711, -98.36388331541151 37.80988573803957, -98.40645537770173 37.66243537017641, -98.44883829975828 37.51489049876695, -98.49112574821736 37.367349873985326, -98.53353489640922 37.21989052774708, -98.57563453633317 37.072378621033145, -98.60884231468034 36.95584945265598))'
S2B_MSIL2A_20230723T170859_N0510_R112_T15SUA_20241017T093608.SAFE	geography'SRID=4326;POLYGON ((-95.1807915564172 37.026205283846984, -95.24837990395393 37.02527578563511, -95.24299504242185 36.83814639177871, -95.2291644947782 36.88017878823569, -95.1807915564172 37.026205283846984))'
S2B_MSIL2A_20230723T170859_N0510_R112_T14TPK_20241017T093608.SAFE	geography'SRID=4326;POLYGON ((-97.8222390176288 39.65556920706268, -96.5552421778473 39.63587147039632, -96.51955068002488 40.62420990912828, -97.52500825369408 40.64016222328876, -97.53489057727958 40.607775493434914, -97.57970423138649 40.46065995068279, -97.62437356441728 40.313556070948366, -97.66881529620068 40.16640675347382, -97.71301389664048 40.019264011636174, -97.7572248367668 39.87214420857914, -97.80144046928906 39.72498810416855, -97.8222390176288 39.65556920706268))'
S2B_MSIL2A_20230723T170859_N0510_R112_T14SPF_20241017T093608.SAFE	geography'SRID=4326;POLYGON ((-97.87551445266065 37.041254047993014, -97.88976030868119 36.05158282608199, -96.67138577052769 36.03410504881955, -96.64153245372125 37.023137802563134, -97.87551445266065 37.041254047993014))'
S2B_MSIL2A_20230723T170859_N0510_R112_T15STB_20241017T093608.SAFE	geography'SRID=4326;POLYGON ((-95.14188612963052 37.14346260061258, -95.16432984132963 37.92768043331917, -96.41197247867947 37.8980997878049, -96.36741300313712 36.910119161555244, -95.21036039168148 36.93694394188081, -95.1805517213532 37.02692928935728, -95.14188612963052 37.14346260061258))'
S2B_MSIL2A_20230723T170859_N0510_R112_T14SNH_20241017T093608.SAFE	geography'SRID=4326;POLYGON ((-98.35057146985885 37.85600005089176, -97.75213459127728 37.85282950328523, -97.73503988519937 38.84214867288121, -98.06307987870198 38.84392469931222, -98.06393411549732 38.84100192863768, -98.10727411296185 38.69375439015343, -98.15014300383471 38.5464237730567, -98.19309813998366 38.39914086701251, -98.2360408843531 38.25189706611766, -98.27870934346275 38.104615822247005, -98.32133188494484 37.95729054145967, -98.35057146985885 37.85600005089176))'
S2B_MSIL2A_20230723T170859_N0510_R112_T14SNF_20241017T093608.SAFE	geography'SRID=4326;POLYGON ((-98.86164778655308 36.05601965344834, -97.78119997991008 36.05052821595199, -97.76556196865786 37.04016090428803, -98.58360316179379 37.04441597660911, -98.61765727706057 36.92491693363274, -98.65932534545117 36.777448946080646, -98.70095032736032 36.630002238605336, -98.74242346199904 36.48257422792059, -98.78373080553352 36.33513798325695, -98.82490890463671 36.18766099290304, -98.86164778655308 36.05601965344834))'
S2B_MSIL2A_20230723T170859_N0510_R112_T14SQH_20241017T093608.SAFE	geography'SRID=4326;POLYGON ((-96.6965295968872 38.82628170870513, -96.72763580740043 37.83751218570364, -95.48163775999416 37.80685703267152, -95.43354720329413 38.79452724007538, -96.6965295968872 38.82628170870513))'
S2B_MSIL2A_20230723T170859_N0510_R112_T14SNJ_20241017T093608.SAFE	geography'SRID=4326;POLYGON ((-98.0889706969274 38.75594020267291, -97.73659678080747 38.754036048213806, -97.71871965132908 39.74319619212293, -97.79584165700116 39.74362177191486, -97.80144046928906 39.72498810416855, -97.84555764220536 39.57773910211072, -97.88950591635772 39.430413170540696, -97.93339507016825 39.28307429106632, -97.97716000814184 39.135743129839945, -98.0208440148108 38.988434681870736, -98.06393411549732 38.84100192863768, -98.0889706969274 38.75594020267291))'
S2B_MSIL2A_20230723T170859_N0510_R112_T14SPH_20241017T093608.SAFE	geography'SRID=4326;POLYGON ((-97.84770947866411 38.84331460585068, -97.86328240873523 37.853955038178526, -96.61590002865951 37.83530211029287, -96.58326779678708 38.82399234658653, -97.84770947866411 38.84331460585068))'
S2B_MSIL2A_20230723T170859_N0510_R112_T14SPJ_20241017T093608.SAFE	geography'SRID=4326;POLYGON ((-97.83500605817518 39.61295691222563, -97.84912778038333 38.75519833855342, -96.58623972133758 38.73593643111066, -96.55211502393708 39.72445184157785, -97.79578129839257 39.743822654209225, -97.80144046928906 39.72498810416855, -97.83500605817518 39.61295691222563))'
S2B_MSIL2A_20230723T170859_N0510_R112_T15STA_20241017T093608.SAFE	geography'SRID=4326;POLYGON ((-95.18075148101404 37.02632626204024, -96.37131820920371 36.99866808026183, -96.32869364809063 36.01049725766069, -95.50736766368344 36.02914060087717, -95.46964659808496 36.14565542557527, -95.42185992317177 36.2925193583295, -95.37385661936369 36.439429531535744, -95.32583193234996 36.5863796800824, -95.27750633196295 36.733263183853175, -95.2291644947782 36.88017878823569, -95.18075148101404 37.02632626204024))'
S2B_MSIL2A_20230723T170859_N0510_R112_T15SUB_20241017T093608.SAFE	geography'SRID=4326;POLYGON ((-94.87829867938025 37.93115691673819, -95.27552823620451 37.925581750319026, -95.24577213045468 36.936641907455304, -95.21029917205162 36.93712874950909, -95.1805517213532 37.02692928935728, -95.13189507345737 37.1735744082152, -95.08314111168616 37.32013331637933, -95.034355833847 37.46669107599349, -94.98535067962416 37.613254644019705, -94.93611567057592 37.75979417788805, -94.88668753324416 37.90637488167005, -94.87829867938025 37.93115691673819))'
S2B_MSIL2A_20230722T173909_N0510_R098_T13TFG_20241018T083545.SAFE	geography'SRID=4326;POLYGON ((-103.78400297732625 42.44624086265282, -103.80265404258907 41.457520191909595, -102.48886345311317 41.43633638009555, -102.44978706678565 42.42431413705452, -103.78400297732625 42.44624086265282))'
S2B_MSIL2A_20230722T173909_N0510_R098_T14UMU_20241018T083545.SAFE	geography'SRID=4326;POLYGON ((-100.36082319775264 48.74497768846318, -100.33486493191529 47.757403531734624, -98.86975119015602 47.765092664464426, -98.86721739002927 48.75293650976542, -100.36082319775264 48.74497768846318))'
S2B_MSIL2A_20230722T173909_N0510_R098_T14TKK_20241018T083545.SAFE	geography'SRID=4326;POLYGON ((-101.49144453147558 40.62286521176931, -102.54546370146345 40.59640146890937, -102.49451264760637 39.609013147606916, -101.84824135345129 39.62491284516199, -101.82799551975337 39.68234797057056, -101.77615142921265 39.82859339604836, -101.72431806588736 39.97495441012924, -101.67202831771054 40.12128887811168, -101.61961383531808 40.26768665471457, -101.56691834034316 40.41402892343645, -101.51408548825268 40.56039640706901, -101.49144453147558 40.62286521176931))'
S2B_MSIL2A_20230722T173909_N0510_R098_T14TKL_20241018T083545.SAFE	geography'SRID=4326;POLYGON ((-101.26980933022026 41.23032073193653, -101.28005188450415 41.52923550071836, -102.59412455183308 41.49564643575739, -102.54082260253305 40.50846282585221, -101.52362924412569 40.533956503178445, -101.51408548825268 40.56039640706901, -101.46104732587136 40.70673433086261, -101.40794521384595 40.85300051894305, -101.35455390098765 40.99908299225091, -101.30104203420385 41.14513166715529, -101.26980933022026 41.23032073193653))'
S2B_MSIL2A_20230722T173909_N0510_R098_T14TNS_20241018T083545.SAFE	geography'SRID=4326;POLYGON ((-98.97817313415128 46.95357004037174, -99.00026284243779 46.953709179213256, -99.00026260052267 46.9029821456384, -98.97817313415128 46.95357004037174))'
S2B_MSIL2A_20230722T173909_N0510_R098_T14TNT_20241018T083545.SAFE	geography'SRID=4326;POLYGON ((-98.57915519545983 47.85101116960088, -99.00026735765739 47.85370184248753, -99.00026259915433 46.90298214877211, -98.97050357004531 46.97113438960135, -98.90680735264168 47.11620411269276, -98.84274230608483 47.26128189655228, -98.77835979914175 47.406349587759806, -98.7136436701292 47.551423238734685, -98.64888204878508 47.696523179143206, -98.5834671538224 47.84147590612573, -98.57915519545983 47.85101116960088))'
S2B_MSIL2A_20230722T173909_N0510_R098_T13TEH_20241018T083545.SAFE	geography'SRID=4326;POLYGON ((-104.5389970696642 42.361390939096154, -103.66698539119554 42.35632239007374, -103.64555267001923 43.34483481646455, -104.22218938531164 43.34824884067928, -104.24691664422733 43.271674008559984, -104.2945600265951 43.124667770567406, -104.34197796606941 42.97766509579824, -104.38876692187948 42.8305046342053, -104.43600408801427 42.68352360689563, -104.48304844356991 42.53658157866764, -104.5299629722535 42.38968697889644, -104.5389970696642 42.361390939096154))'
S2B_MSIL2A_20230722T173909_N0510_R098_T13TGE_20241018T083545.SAFE	geography'SRID=4326;POLYGON ((-101.50081160070711 40.59702047277708, -102.63579176628713 40.62664940733135, -102.6698144654414 39.63822758400475, -101.8509316785933 39.617280699001604, -101.82799551975337 39.68234797057056, -101.77615142921265 39.82859339604836, -101.72431806588736 39.97495441012924, -101.67202831771054 40.12128887811168, -101.61961383531808 40.26768665471457, -101.56691834034316 40.41402892343645, -101.51408548825268 40.56039640706901, -101.50081160070711 40.59702047277708))'
S2B_MSIL2A_20230722T173909_N0510_R098_T14ULU_20241018T083545.SAFE	geography'SRID=4326;POLYGON ((-101.7193584952283 48.7209148694678, -101.66754232973864 47.734155602346505, -100.2035982977648 47.75885537254857, -100.22700553578841 48.74648044472784, -101.7193584952283 48.7209148694678))'
S2B_MSIL2A_20230722T173909_N0510_R098_T14TLL_20241018T083545.SAFE	geography'SRID=4326;POLYGON ((-101.15912831735216 41.53045407509785, -101.3971826192205 41.52685230149302, -101.37605076788722 40.94026601778553, -101.35455390098765 40.99908299225091, -101.30104203420385 41.14513166715529, -101.24748226599485 41.291219132589625, -101.1936192427278 41.43728082516356, -101.15912831735216 41.53045407509785))'
S2B_MSIL2A_20230722T173909_N0510_R098_T13TFF_20241018T083545.SAFE	geography'SRID=4326;POLYGON ((-103.80103038521031 41.545593768972765, -103.81885207154319 40.55671174263467, -102.52280187838811 40.536185528423594, -102.48546160940656 41.52434469691515, -103.80103038521031 41.545593768972765))'
S2B_MSIL2A_20230722T173909_N0510_R098_T13TEG_20241018T083545.SAFE	geography'SRID=4326;POLYGON ((-104.82033294013 41.46272416987709, -103.68558188065235 41.45624189757688, -103.66510843311784 42.44491772432881, -104.51075117204365 42.44984125907142, -104.5299629722535 42.38968697889644, -104.5768527950697 42.242821583017005, -104.62280401833024 42.0957386624471, -104.66934784498444 41.948870902796514, -104.71482877251968 41.80171464767363, -104.76067762648096 41.65462898469648, -104.8064995677206 41.507487248477055, -104.82033294013 41.46272416987709))'
S2B_MSIL2A_20230722T173909_N0510_R098_T13TEF_20241018T083545.SAFE	geography'SRID=4326;POLYGON ((-105.00023740413793 40.8819428798482, -105.00023625343321 40.56274991351036, -103.70336265383867 40.5554731412015, -103.68379957458713 41.54431153543986, -104.79305526901801 41.55065908711668, -104.8064995677206 41.507487248477055, -104.8520094954824 41.36022276276876, -104.89765674139888 41.2130564686512, -104.94318916674128 41.065928404932144, -104.98882002957522 40.91884217930215, -105.00023740413793 40.8819428798482))'
S2B_MSIL2A_20230722T173909_N0510_R098_T13TGF_20241018T083545.SAFE	geography'SRID=4326;POLYGON ((-101.31014131091726 41.12029722600318, -101.28942535132569 41.49194363396281, -102.60329641413972 41.5268622914542, -102.63889095789968 40.53861750192735, -101.53235508462373 40.50978254198304, -101.51408548825268 40.56039640706901, -101.46104732587136 40.70673433086261, -101.40794521384595 40.85300051894305, -101.35455390098765 40.99908299225091, -101.31014131091726 41.12029722600318))'
S2B_MSIL2A_20230722T173909_N0510_R098_T13TFH_20241018T083545.SAFE	geography'SRID=4326;POLYGON ((-103.76618786223798 43.346200009839855, -103.78571286582209 42.35764145317536, -102.45336942769977 42.33578223926217, -102.41246381589346 43.323576596360866, -103.76618786223798 43.346200009839855))'
S2B_MSIL2A_20230722T173909_N0510_R098_T14UMV_20241018T083545.SAFE	geography'SRID=4326;POLYGON ((-100.3857276318143 49.64443007346099, -100.3584537749198 48.6570207750582, -98.86744867287635 48.66495515183609, -98.86478640421906 49.652643868751746, -100.3857276318143 49.64443007346099))'
S2B_MSIL2A_20230722T173909_N0510_R098_T14TMT_20241018T083545.SAFE	geography'SRID=4326;POLYGON ((-98.87113348624152 47.19698896741761, -98.86952963808321 47.85362771191058, -100.33713470955433 47.84591482730969, -100.31241149952399 46.858175957972115, -99.01690083997302 46.8648783050245, -98.97050357004531 46.97113438960135, -98.90680735264168 47.11620411269276, -98.87113348624152 47.19698896741761))'
S2B_MSIL2A_20230722T173909_N0510_R098_T13SGD_20241018T083545.SAFE	geography'SRID=4326;POLYGON ((-101.81992586156873 39.70511142504269, -102.66683353200474 39.72681533153163, -102.69936254729447 38.73821864423846, -102.16189630360962 38.724731090493535, -102.1344674358595 38.8042212945946, -102.08377350458176 38.95080689438638, -102.03299869353432 39.09725708710798, -101.98197797502404 39.243548019100935, -101.93083577827332 39.389796091128105, -101.87955892386371 39.53606846310452, -101.82799551975337 39.68234797057056, -101.81992586156873 39.70511142504269))'
S2B_MSIL2A_20230722T173909_N0510_R098_T13UGQ_20241018T083545.SAFE	geography'SRID=4326;POLYGON ((-102.26996143411097 48.92218915891993, -102.28591334225759 48.63304460468163, -100.79901938142157 48.5883487810417, -100.71495435702143 49.57334356268714, -102.00522936293605 49.61270746715685, -102.02097600456521 49.57222132862923, -102.07748188140525 49.42617560078599, -102.13371815061032 49.28009470110784, -102.18962724453112 49.13398263262817, -102.24515692470573 48.987809436009854, -102.26996143411097 48.92218915891993))'
S2B_MSIL2A_20230722T173909_N0510_R098_T14SKJ_20241018T083545.SAFE	geography'SRID=4326;POLYGON ((-101.81665889922532 39.7143271002132, -102.49897689950004 39.6975094680204, -102.45026011044494 38.7099201955759, -102.16462813286363 38.71681411532164, -102.1344674358595 38.8042212945946, -102.08377350458176 38.95080689438638, -102.03299869353432 39.09725708710798, -101.98197797502404 39.243548019100935, -101.93083577827332 39.389796091128105, -101.87955892386371 39.53606846310452, -101.82799551975337 39.68234797057056, -101.81665889922532 39.7143271002132))'
S2B_MSIL2A_20230722T173909_N0510_R098_T14UNU_20241018T083545.SAFE	geography'SRID=4326;POLYGON ((-98.1687625378815 48.747626141759895, -99.00027209589379 48.7530130044756, -99.00026690365507 47.765166566721895, -98.61900220144993 47.762733869468754, -98.5834671538224 47.84147590612573, -98.51795569013736 47.98634489936644, -98.45223623142844 48.131159741435845, -98.3862748528996 48.275967038400005, -98.3199977118795 48.420751245100135, -98.25339733284778 48.56548563344593, -98.18628623415535 48.71014342112754, -98.1687625378815 48.747626141759895))'
S2A_MSIL2A_20230721T173051_N0510_R012_T14TNT_20241011T002254.SAFE	geography'SRID=4326;POLYGON ((-97.98751905886597 46.85932985934936, -97.55985017558999 46.85663988190739, -97.54732926550338 47.31251282527538, -97.81149159935325 47.34993516059533, -97.86421721035433 47.203851453356165, -97.91671809730953 47.05749654342295, -97.96908775260104 46.91115831321248, -97.98751905886597 46.85932985934936))'
S2B_MSIL2A_20230721T162839_N0510_R083_T16TFR_20241010T233504.SAFE	geography'SRID=4326;POLYGON ((-85.70837337505374 46.00642785636926, -85.72992432822251 45.05819732058294, -84.33649579223145 45.034190140253024, -84.28945585240227 46.02142174250963, -85.69457507469409 46.04603957159242, -85.70837337505374 46.00642785636926))'
S2B_MSIL2A_20230721T162839_N0510_R083_T17TLL_20241010T233504.SAFE	geography'SRID=4326;POLYGON ((-82.14620538140838 45.08735831698086, -82.1658919102777 46.0476276229589, -83.58406512039718 46.02435339629007, -83.53921420699882 45.037023116804335, -82.15770869922109 45.05931873944484, -82.14620538140838 45.08735831698086))'
S2B_MSIL2A_20230721T162839_N0510_R083_T16TFS_20241010T233504.SAFE	geography'SRID=4326;POLYGON ((-85.70836732327957 46.00644522960713, -85.70951593127272 45.95826451839171, -84.29374566695486 45.93349650488509, -84.24441508393578 46.920536388192055, -85.37888807263886 46.940708194046884, -85.42375657213076 46.81531960576353, -85.47583005640635 46.66871658363643, -85.52760447259412 46.52212567901595, -85.5792733687042 46.37558368001816, -85.63060889599747 46.22904824303171, -85.68184819408272 46.08257548959078, -85.70836732327957 46.00644522960713))'
S2B_MSIL2A_20230721T162839_N0510_R083_T16TER_20241010T233504.SAFE	geography'SRID=4326;POLYGON ((-86.03408229688218 45.059362949720985, -85.60574612901156 45.05674859305782, -85.58109585564665 46.044766226835556, -85.69477286137423 46.0454717719762, -85.73287472368074 45.93609017570573, -85.78362513739394 45.7895911446528, -85.83424745366948 45.643054571035066, -85.88467758102087 45.49645040441919, -85.93495627919273 45.349779396151405, -85.98509482389984 45.20306325245695, -86.03408229688218 45.059362949720985))'
S2B_MSIL2A_20230721T162839_N0510_R083_T16TEQ_20241010T233504.SAFE	geography'SRID=4326;POLYGON ((-86.33524484574446 44.16137110098001, -85.62710599954542 44.157116557384406, -85.60358882685107 45.145299673094094, -86.0039521409837 45.1477470254959, -86.03512361832338 45.0563083278506, -86.08495125721358 44.90957142523044, -86.13456113728918 44.76280591631745, -86.18385736228902 44.61604373213248, -86.2327546293858 44.46926389035653, -86.28178464470051 44.32259378938599, -86.33045412374078 44.17585224634044, -86.33524484574446 44.16137110098001))'
S2B_MSIL2A_20230720T165849_N0510_R069_T15TXF_20240913T230119.SAFE	geography'SRID=4326;POLYGON ((-91.08527997334355 41.53403296549616, -91.8010303852103 41.545593768972765, -91.81885207154319 40.55671174263467, -91.44520453466116 40.5507940942118, -91.43021348068112 40.59235981189115, -91.377306526327 40.73873638670419, -91.32402407532547 40.885109974005424, -91.27050207385584 41.03145451880898, -91.21667918066538 41.17765031478898, -91.16288851921664 41.323790870590656, -91.10905804747931 41.46984007490928, -91.08527997334355 41.53403296549616))'
S2B_MSIL2A_20230719T172859_N0510_R055_T14TNR_20241018T042038.SAFE	geography'SRID=4326;POLYGON ((-99.00025853973813 46.05357436995249, -99.00025404640142 45.06525999447365, -97.60574612901156 45.05674859305782, -97.58109585564665 46.044766226835556, -99.00025853973813 46.05357436995249))'
S2B_MSIL2A_20230719T172859_N0510_R055_T14TMR_20241018T042038.SAFE	geography'SRID=4326;POLYGON ((-100.29304891527646 46.0462596089832, -100.27058357693214 45.058191670236305, -98.87602550148868 45.06519270654337, -98.87383276277595 46.05350473573164, -100.29304891527646 46.0462596089832))'
S2B_MSIL2A_20230719T172859_N0510_R055_T14TLR_20241018T042038.SAFE	geography'SRID=4326;POLYGON ((-101.14201510522403 45.043433370861564, -100.14563453547973 45.05951360004942, -100.1658919102777 46.0476276229589, -100.80017105987471 46.03721820569329, -100.80870756009917 46.012649840479895, -100.85959452220048 45.86604093976944, -100.91046435632788 45.71941137291088, -100.96110727022267 45.57275496240589, -101.01144364933137 45.42601928336271, -101.0616479587525 45.2792930294498, -101.11185306355696 45.13261494424868, -101.14201510522403 45.043433370861564))'
S2A_MSIL2A_20230719T163841_N0510_R126_T16TDK_20241018T093336.SAFE	geography'SRID=4326;POLYGON ((-88.18317260660315 40.64479480422486, -88.16613169555372 39.655752572676114, -86.88622008547372 39.66155122739065, -86.88455693238029 40.65079881136531, -88.18317260660315 40.64479480422486))'
S2A_MSIL2A_20230719T163841_N0510_R126_T15TYH_20241018T093336.SAFE	geography'SRID=4326;POLYGON ((-89.44632969290257 42.307963972200646, -89.2421415546785 42.30245161555175, -89.19359267236848 43.09726763338881, -89.22808842614701 42.990379478083845, -89.27527617867263 42.84333856782184, -89.32247397484154 42.69632568749668, -89.36960263081907 42.549274670385294, -89.41638873192218 42.40216145886235, -89.44632969290257 42.307963972200646))'
S2A_MSIL2A_20230719T163841_N0510_R126_T16TGR_20241018T093336.SAFE	geography'SRID=4326;POLYGON ((-84.26898199447622 46.020113209436275, -84.41645116040286 46.024365075689296, -84.43449733016875 45.62702449282893, -84.41408670572974 45.67577014097979, -84.35297998463555 45.82113846708076, -84.2917131400614 45.96640596622801, -84.26898199447622 46.020113209436275))'
S2A_MSIL2A_20230719T163841_N0510_R126_T16TEK_20241018T093336.SAFE	geography'SRID=4326;POLYGON ((-86.37032892918403 40.647315805397334, -87.00023656389149 40.650856515774606, -87.00023315577859 39.66160695799293, -86.72365516507541 39.66008354519523, -86.71186115593746 39.69352755144557, -86.66001966379018 39.84000904110053, -86.60795537374096 39.9864909831131, -86.5556557274445 40.132919094774856, -86.50319292179566 40.27928715962841, -86.45049430047507 40.42555747507438, -86.39768911365857 40.57173139536481, -86.37032892918403 40.647315805397334))'
S2B_MSIL2A_20230718T175919_N0510_R041_T13UFQ_20241002T044639.SAFE	geography'SRID=4326;POLYGON ((-102.7838306255665 49.6290336953345, -103.61482626682331 49.64443670244057, -103.64208923014807 48.657027178567795, -103.24679600247002 48.649807506245274, -103.21736943383432 48.71302375471886, -103.19539455564323 48.760298125430886, -103.12755348284624 48.90489730660048, -103.05959233138233 49.049501687610416, -102.99125565921686 49.19407117920751, -102.9227329826732 49.338607212167936, -102.85382033070921 49.48314144606458, -102.78448508744596 49.62767175449942, -102.7838306255665 49.6290336953345))'
S2B_MSIL2A_20230718T175919_N0510_R041_T13UEQ_20241002T044639.SAFE	geography'SRID=4326;POLYGON ((-105.00027707744742 49.652722814505665, -105.00027162195119 48.66503141156509, -103.50933035947723 48.65538534877128, -103.47940434627488 49.64273706516441, -105.00027707744742 49.652722814505665))'
S2B_MSIL2A_20230718T175919_N0510_R041_T13UFP_20241002T044639.SAFE	geography'SRID=4326;POLYGON ((-103.20619852371001 48.73705563975662, -103.63972075371633 48.74498411169783, -103.6656686510332 47.75740973734738, -103.65558432096059 47.75722809871207, -103.5949702041332 47.8911572265152, -103.52902368726392 48.03603419568928, -103.46318551296591 48.181018481532455, -103.39665934114012 48.32591995282196, -103.32971679464899 48.47077562941542, -103.30922724698648 48.515024595507725, -103.26312249741768 48.61473376815195, -103.21736943383432 48.71302375471886, -103.20619852371001 48.73705563975662))'
S2B_MSIL2A_20230718T175919_N0510_R041_T13TEN_20241002T044639.SAFE	geography'SRID=4326;POLYGON ((-103.61592507595437 47.844856663987386, -105.0002673576574 47.85370184248753, -105.00026241255061 46.86569987335423, -104.05290995228133 46.8597411589203, -104.04559101683137 46.876499143353215, -103.98212862561311 47.02155573835779, -103.91824927740137 47.16651799734253, -103.85448679925236 47.31155506113501, -103.79010352532816 47.45647878278739, -103.72560563597038 47.60141001376572, -103.660534421097 47.74629066980097, -103.61592507595437 47.844856663987386))'
S2B_MSIL2A_20230718T175919_N0510_R041_T13UEP_20241002T044639.SAFE	geography'SRID=4326;POLYGON ((-103.52700261792958 48.04048485516159, -103.5067305244228 48.7433372246506, -105.0002720958938 48.7530130044756, -105.00026690365507 47.765166566721895, -103.65587377785559 47.756588533021535, -103.5949702041332 47.8911572265152, -103.52902368726392 48.03603419568928, -103.52700261792958 48.04048485516159))'
S2B_MSIL2A_20230718T175919_N0510_R041_T13TFN_20241002T044639.SAFE	geography'SRID=4326;POLYGON ((-103.61583166127245 47.8450630671741, -103.66339978002995 47.84592105208886, -103.66620863668244 47.733657064018374, -103.660534421097 47.74629066980097, -103.61583166127245 47.8450630671741))'
S2B_MSIL2A_20230718T175919_N0510_R041_T13TEM_20241002T044639.SAFE	geography'SRID=4326;POLYGON ((-104.01452797992299 46.947500224118265, -105.00026284243779 46.953709179213256, -105.00025812995321 45.965551148516354, -104.43950003593865 45.96207586467772, -104.42159876877965 46.00409922676696, -104.3738838293281 46.11614548916606, -104.3594126830675 46.15019389270675, -104.29724112255748 46.29549918562328, -104.23479639890576 46.44080540272676, -104.209040055523 46.500470726061046, -104.17246690953486 46.58533769148598, -104.10936617833981 46.73054883930008, -104.08081509979965 46.79584743681991, -104.04559101683137 46.876499143353215, -104.01452797992299 46.947500224118265))'
S2A_MSIL2A_20230718T170851_N0510_R112_T14TPP_20241002T205645.SAFE	geography'SRID=4326;POLYGON ((-96.7005441932488 43.240345377669605, -96.41619172041914 43.235600960154144, -96.37335402628884 44.22320974043625, -96.37801720852063 44.22328894798082, -96.3960865632028 44.16921507208097, -96.44474254819683 44.0224340385676, -96.49314336277624 43.875712726739714, -96.5412802047132 43.72900534230346, -96.58933109423731 43.582313354818304, -96.63713289683798 43.43551102680966, -96.68491897200016 43.28867128617227, -96.7005441932488 43.240345377669605))'
S2A_MSIL2A_20230718T170851_N0510_R112_T14SNG_20241002T205645.SAFE	geography'SRID=4326;POLYGON ((-98.6024661362115 36.955816354291294, -97.76699475177708 36.95147947183065, -97.75064570841931 37.94095623057468, -98.31880869508339 37.9439722945801, -98.34771755595776 37.843911010746574, -98.39013924758991 37.6964772334658, -98.4325836792633 37.54898490731814, -98.47499368422851 37.40144754967391, -98.51743366700175 37.25398654372644, -98.5595995086951 37.106510335606686, -98.60154769394616 36.959060077435126, -98.6024661362115 36.955816354291294))'
S2A_MSIL2A_20230718T170851_N0510_R112_T14TQN_20241002T205645.SAFE	geography'SRID=4326;POLYGON ((-96.53371085886852 43.32625697177811, -96.5727044512481 42.33837210189082, -95.2421415546785 42.30245161555175, -95.18187629631362 43.28908179915951, -96.53371085886852 43.32625697177811))'
S2A_MSIL2A_20230718T170851_N0510_R112_T14TQM_20241002T205645.SAFE	geography'SRID=4326;POLYGON ((-96.5692895469665 42.426911995973605, -96.60653922316477 41.43884624479472, -95.2944377014587 41.40403474612011, -95.23686356729512 42.39088066238852, -96.5692895469665 42.426911995973605))'
S2A_MSIL2A_20230718T170851_N0510_R112_T14TPN_20241002T205645.SAFE	geography'SRID=4326;POLYGON ((-96.98826383661853 42.34455803307852, -96.45336942769976 42.33578223926217, -96.41246381589345 43.323576596360866, -96.67214742175423 43.32791642441147, -96.68491897200016 43.28867128617227, -96.73243228491312 43.14172143017013, -96.78006211619024 42.994793204498656, -96.82751919001568 42.84781466939837, -96.87472267358842 42.70075883831015, -96.92170384012132 42.55368179173751, -96.9685389858555 42.40662765146608, -96.98826383661853 42.34455803307852))'
S2A_MSIL2A_20230718T170851_N0510_R112_T15TTG_20241002T205645.SAFE	geography'SRID=4326;POLYGON ((-96.64504576622768 42.39470139413761, -96.58926866785168 41.407726190110715, -95.27696656733477 41.441212166985935, -95.3124072413961 42.42936087235922, -96.64504576622768 42.39470139413761))'
S2A_MSIL2A_20230717T173911_N0510_R098_T13TGE_20240913T165150.SAFE	geography'SRID=4326;POLYGON ((-101.497682431219 40.59693878504298, -102.63579176628713 40.62664940733135, -102.6698144654414 39.63822758400475, -101.84783835805597 39.61720157237858, -101.81024042787736 39.72355708470361, -101.75839846172846 39.86987095405028, -101.70626023443192 40.01624116986936, -101.65404233231267 40.16268742145276, -101.60151296833436 40.30911344284953, -101.54870782792985 40.45550430553947, -101.497682431219 40.59693878504298))'
S2A_MSIL2A_20230717T173911_N0510_R098_T14TKK_20240913T165150.SAFE	geography'SRID=4326;POLYGON ((-101.48825725185502 40.622945236260996, -102.54546370146345 40.59640146890937, -102.49451264760637 39.609013147606916, -101.84508487963213 39.62499050137156, -101.81024042787736 39.72355708470361, -101.75839846172846 39.86987095405028, -101.70626023443192 40.01624116986936, -101.65404233231267 40.16268742145276, -101.60151296833436 40.30911344284953, -101.54870782792985 40.45550430553947, -101.49589826019324 40.60188423018676, -101.48825725185502 40.622945236260996))'
S2A_MSIL2A_20230717T173911_N0510_R098_T13TEH_20240913T165150.SAFE	geography'SRID=4326;POLYGON ((-104.53353602196434 42.3613591968745, -103.66698539119554 42.35632239007374, -103.64555267001923 43.34483481646455, -104.21687741667714 43.34821739074024, -104.22817133719795 43.31337349154818, -104.27570383869603 43.16639800106899, -104.32310357187828 43.01939682300178, -104.3700489262776 42.87226388918968, -104.41729132639897 42.72523144229462, -104.46427593230018 42.57821193581153, -104.51133695774989 42.431299208709376, -104.53353602196434 42.3613591968745))'
S2A_MSIL2A_20230717T173911_N0510_R098_T13TGJ_20240913T165150.SAFE	geography'SRID=4326;POLYGON ((-102.49642893280087 44.22597512802537, -102.53726452230806 43.238273156784096, -101.1873683405316 43.201211355403785, -101.12426105372481 44.18762158427181, -102.49642893280087 44.22597512802537))'
S2A_MSIL2A_20230717T173911_N0510_R098_T14TKL_20240913T165150.SAFE	geography'SRID=4326;POLYGON ((-101.26954003304373 41.22246166660747, -101.28005188450415 41.52923550071836, -102.59412455183308 41.49564643575739, -102.54082260253305 40.50846282585221, -101.52037516135185 40.53403805948781, -101.49589826019324 40.60188423018676, -101.44282761828451 40.74816349885484, -101.38973262317116 40.89435546096446, -101.33632935269888 41.04042463899084, -101.2827242024528 41.18638434502705, -101.26954003304373 41.22246166660747))'
S2A_MSIL2A_20230717T173911_N0510_R098_T14TKM_20240913T165150.SAFE	geography'SRID=4326;POLYGON ((-102.64504576622768 42.39470139413761, -102.58926866785167 41.407726190110715, -101.27696656733475 41.441212166985935, -101.3124072413961 42.42936087235922, -102.64504576622768 42.39470139413761))'
S2A_MSIL2A_20230717T173911_N0510_R098_T13TGG_20240913T165150.SAFE	geography'SRID=4326;POLYGON ((-102.56928954696652 42.426911995973605, -102.60653922316479 41.43884624479472, -101.2944377014587 41.40403474612011, -101.23686356729512 42.39088066238852, -102.56928954696652 42.426911995973605))'
S2A_MSIL2A_20230717T173911_N0510_R098_T14TLN_20240913T165150.SAFE	geography'SRID=4326;POLYGON ((-100.4669813180443 43.34189775584638, -101.46678204877878 43.32624633586568, -101.42778068203103 42.33836182515417, -100.84948705818206 42.34724933301497, -100.84655372018652 42.35496513715844, -100.79104797918464 42.50097199715665, -100.73532167082256 42.64690274300129, -100.67923319092904 42.7926538938059, -100.62338998365892 42.938415548731285, -100.5671854456027 43.08405028931488, -100.51067545298808 43.22969682021932, -100.4669813180443 43.34189775584638))'
S2A_MSIL2A_20230717T173911_N0510_R098_T13TEK_20240913T165150.SAFE	geography'SRID=4326;POLYGON ((-103.94886330540226 44.15904969590988, -103.62710599954544 44.157116557384406, -103.60358882685108 45.145299673094094, -103.61956664643246 45.14539734276998, -103.64354751741335 45.07497641030877, -103.69346046006147 44.92820253055984, -103.74333300571058 44.78141767006544, -103.79277476712414 44.634510642042684, -103.84172108064487 44.48753291808156, -103.88919985537277 44.340260372502485, -103.93759120205193 44.19341592422136, -103.94886330540226 44.15904969590988))'
S2A_MSIL2A_20230717T173911_N0510_R098_T13TFJ_20240913T165150.SAFE	geography'SRID=4326;POLYGON ((-103.74751912777683 44.24655093494868, -103.76796729995817 43.25815531909012, -102.41619172041914 43.235600960154144, -102.37335402628885 44.22320974043625, -103.74751912777683 44.24655093494868))'
S2A_MSIL2A_20230717T173911_N0510_R098_T13TEJ_20240913T165150.SAFE	geography'SRID=4326;POLYGON ((-104.24532646726178 43.26032802632125, -103.6475059675166 43.256794294201605, -103.62505994125077 44.24514241182411, -103.9199603857544 44.24691696665199, -103.93759120205193 44.19341592422136, -103.98573584463192 44.04663322294048, -104.03452348339039 43.9001020580772, -104.08369233923088 43.75368633113984, -104.13243825424483 43.60712079448653, -104.18054038888414 43.46032405299496, -104.22817133719795 43.31337349154818, -104.24532646726178 43.26032802632125))'
S2A_MSIL2A_20230717T173911_N0510_R098_T13TGK_20240913T165150.SAFE	geography'SRID=4326;POLYGON ((-102.45736864275568 45.12552488296481, -102.50015121099592 44.13800768802703, -101.13001323357867 44.099770918209835, -101.06390244391362 45.08595696049961, -102.45736864275568 45.12552488296481))'
S2A_MSIL2A_20230717T173911_N0510_R098_T13TFG_20240913T165150.SAFE	geography'SRID=4326;POLYGON ((-103.78400297732625 42.44624086265282, -103.80265404258907 41.457520191909595, -102.48886345311317 41.43633638009555, -102.44978706678565 42.42431413705452, -103.78400297732625 42.44624086265282))'
S2A_MSIL2A_20230717T173911_N0510_R098_T13TFM_20240913T165150.SAFE	geography'SRID=4326;POLYGON ((-103.34266980694298 45.95184677535016, -102.29374566695488 45.93349650488509, -102.24441508393578 46.920536388192055, -102.99585093654424 46.9338974979603, -103.0314628253448 46.834431096708926, -103.08350133814457 46.687858628471446, -103.13575405847358 46.54129878594484, -103.18751938573175 46.39460855934469, -103.23923513244611 46.24794739232824, -103.29054751299545 46.10132580330144, -103.34165494042156 45.954791285069376, -103.34266980694298 45.95184677535016))'
S2A_MSIL2A_20230717T173911_N0510_R098_T14TLL_20240913T165150.SAFE	geography'SRID=4326;POLYGON ((-101.15626582455158 41.53049738475843, -101.3971826192205 41.52685230149302, -101.3757724208544 40.93253955080497, -101.33632935269888 41.04042463899084, -101.2827242024528 41.18638434502705, -101.22935516023068 41.33242404149529, -101.17554547506266 41.47840881722152, -101.15626582455158 41.53049738475843))'
S2A_MSIL2A_20230717T173911_N0510_R098_T13TEF_20240913T165150.SAFE	geography'SRID=4326;POLYGON ((-105.0002373387354 40.86380093095614, -105.00023625343321 40.56274991351036, -103.70336265383867 40.5554731412015, -103.68379957458713 41.54431153543986, -104.78777352445961 41.55062886311449, -104.78815041386989 41.54942221020364, -104.83358985102893 41.40215987124393, -104.87923394259242 41.254962675084485, -104.92475893668707 41.10775099828373, -104.97025430502472 40.96058012406979, -105.0002373387354 40.86380093095614))'
S2A_MSIL2A_20230717T173911_N0510_R098_T13TFL_20240913T165150.SAFE	geography'SRID=4326;POLYGON ((-103.64972342517098 45.056815550730775, -102.33649579223146 45.034190140253024, -102.28945585240228 46.02142174250963, -103.31216663994888 46.03933973763027, -103.34165494042156 45.954791285069376, -103.39218116797224 45.80819568361882, -103.44288003404569 45.6617062753218, -103.49320233628752 45.515116799309325, -103.54335715794625 45.368440574542674, -103.59356824421565 45.22174284865541, -103.64354751741335 45.07497641030877, -103.64972342517098 45.056815550730775))'
S2A_MSIL2A_20230717T173911_N0510_R098_T13TFK_20240913T165150.SAFE	geography'SRID=4326;POLYGON ((-103.73537117976484 44.804850913657, -103.74938307519848 44.158520786393645, -102.37725879085306 44.135250725162805, -102.33237892318715 45.122671880514964, -103.61974093591486 45.14488553367521, -103.64354751741335 45.07497641030877, -103.69346046006147 44.92820253055984, -103.73537117976484 44.804850913657))'
S2A_MSIL2A_20230717T173911_N0510_R098_T13TGF_20240913T165150.SAFE	geography'SRID=4326;POLYGON ((-101.31070422706777 41.11019845339276, -101.28942535132569 41.49194363396281, -102.60329641413972 41.5268622914542, -102.63889095789968 40.53861750192735, -101.52915591419861 40.509699175547944, -101.49589826019324 40.60188423018676, -101.44282761828451 40.74816349885484, -101.38973262317116 40.89435546096446, -101.33632935269888 41.04042463899084, -101.31070422706777 41.11019845339276))'
S2A_MSIL2A_20230717T173911_N0510_R098_T13TFH_20240913T165150.SAFE	geography'SRID=4326;POLYGON ((-103.76618786223798 43.346200009839855, -103.78571286582209 42.35764145317536, -102.45336942769977 42.33578223926217, -102.41246381589346 43.323576596360866, -103.76618786223798 43.346200009839855))'
S2B_MSIL2A_20230716T171859_N0510_R012_T14SMF_20241014T185553.SAFE	geography'SRID=4326;POLYGON ((-100.12493526264659 37.04124978452211, -100.11068371215597 36.05157871290146, -98.8916315425469 36.05667498554276, -98.8902406792213 37.04653228101576, -100.12493526264659 37.04124978452211))'
S2B_MSIL2A_20230716T171859_N0510_R012_T14SLG_20241014T185553.SAFE	geography'SRID=4326;POLYGON ((-101.12657040316483 36.93827786950476, -100.01312514326092 36.95355914294569, -100.0265600589798 37.943111174604404, -100.84230159283857 37.93166214034159, -100.85508377764803 37.8874583097242, -100.89752509563702 37.740132582757646, -100.93981815456563 37.59280298368035, -100.98201385425001 37.44546563710696, -101.02424666021406 37.29811734424201, -101.06619760056775 37.15061812040456, -101.10815629521537 37.00309663076658, -101.12657040316483 36.93827786950476))'
S2B_MSIL2A_20230716T171859_N0510_R012_T14SMG_20241014T185553.SAFE	geography'SRID=4326;POLYGON ((-100.13852907879905 37.9420809165272, -100.12362950841454 36.95256487264268, -98.89036811332885 36.957830487987216, -98.88891399416781 37.94753713280259, -100.13852907879905 37.9420809165272))'
S2B_MSIL2A_20230716T171859_N0510_R012_T14SNF_20241014T185553.SAFE	geography'SRID=4326;POLYGON ((-97.7693196468055 36.80236077310925, -97.76556196865786 37.04016090428803, -99.00022491682881 37.046583050483974, -99.00022206668982 36.05672396511734, -98.01448189886916 36.051713884587826, -98.00628017941244 36.07703170346857, -97.95854537495258 36.22396933574663, -97.9107552939068 36.37084171697155, -97.86274662214556 36.51758293115745, -97.81464551120575 36.66422284288987, -97.7693196468055 36.80236077310925))'
S2B_MSIL2A_20230716T171859_N0510_R012_T14SLF_20241014T185553.SAFE	geography'SRID=4326;POLYGON ((-101.23486886471602 36.555753483548315, -101.21991719169928 36.03616769808406, -100.0014519629642 36.05254100905861, -100.01430253846532 37.042247242200354, -101.10127259454438 37.027298855972425, -101.10815629521537 37.00309663076658, -101.15007682436963 36.85553386103173, -101.19193248646263 36.70798963148391, -101.23356781465304 36.56037576319964, -101.23486886471602 36.555753483548315))'
S2B_MSIL2A_20230716T171859_N0510_R012_T14SPG_20241014T185553.SAFE	geography'SRID=4326;POLYGON ((-97.39137832919248 37.93503509132789, -97.86192606806475 37.94208532019618, -97.8768196851591 36.952569122489834, -97.72065497866073 36.950281121810136, -97.7182712502132 36.95752549149982, -97.66973672198786 37.104183205771214, -97.62106814317491 37.25082316362898, -97.57227042275531 37.397518081497125, -97.52318258118994 37.54424462841409, -97.47384432413406 37.690977410371, -97.42432355950655 37.83767588710709, -97.39137832919248 37.93503509132789))'
S2B_MSIL2A_20230716T171859_N0510_R012_T14SNG_20241014T185553.SAFE	geography'SRID=4326;POLYGON ((-99.00022763545476 37.947589571993284, -99.00022465569249 36.95788109520145, -97.76699475177708 36.95147947183065, -97.75064570841931 37.94095623057468, -99.00022763545476 37.947589571993284))'
S2B_MSIL2A_20230716T171859_N0510_R012_T14SLH_20241014T185553.SAFE	geography'SRID=4326;POLYGON ((-100.86784048689343 37.843176191441096, -100.02533655911799 37.85497766278228, -100.03938428014581 38.84437393595428, -100.57849048815177 38.83665691729094, -100.59767937353764 38.77166158441253, -100.6407517579412 38.62421375181243, -100.68390273764648 38.47682571560667, -100.72695725426358 38.32947287975312, -100.76981284620915 38.18210364222988, -100.81248612558754 38.034771106749695, -100.85508377764803 37.8874583097242, -100.86784048689343 37.843176191441096))'
S2B_MSIL2A_20230716T171859_N0510_R012_T14SLJ_20241014T185553.SAFE	geography'SRID=4326;POLYGON ((-100.60454421713925 38.74816146190451, -100.03810488537859 38.75625435897602, -100.05279562809639 39.74549354563108, -100.31030536724082 39.741736442798796, -100.33624339179136 39.65516328645019, -100.37997791825288 39.50793787974536, -100.42367933178093 39.36075572172372, -100.46723477472882 39.21355359052016, -100.5107566032846 39.06630041657904, -100.55418437962636 38.91898497245517, -100.59767937353764 38.77166158441253, -100.60454421713925 38.74816146190451))'
S2B_MSIL2A_20230715T174909_N0510_R141_T13TFH_20240913T155910.SAFE	geography'SRID=4326;POLYGON ((-102.98697089800771 43.33317774904806, -103.76618786223798 43.346200009839855, -103.78571286582209 42.35764145317536, -103.36558667269959 42.350748614539896, -103.34386455043989 42.407943601131294, -103.28862904539736 42.55382316532501, -103.23238383210058 42.69949879168367, -103.17634815206227 42.84528213006696, -103.12018152482857 42.9910616444563, -103.06348176638781 43.136846024287465, -103.00668589446936 43.28271090088414, -102.98697089800771 43.33317774904806))'
S2B_MSIL2A_20230715T174909_N0510_R141_T13TEH_20240913T155910.SAFE	geography'SRID=4326;POLYGON ((-105.00024679052603 43.35285539234588, -105.00024288390158 42.36407192041621, -103.66698539119554 42.35632239007374, -103.64555267001923 43.34483481646455, -105.00024679052603 43.35285539234588))'
S2A_MSIL2A_20230715T165851_N0510_R069_T15TWG_20240917T161843.SAFE	geography'SRID=4326;POLYGON ((-93.00024322601921 42.45269119915018, -93.00023949430313 41.463751887157464, -91.68558188065235 41.45624189757688, -91.66510843311782 42.44491772432881, -93.00024322601921 42.45269119915018))'
S2A_MSIL2A_20230715T165851_N0510_R069_T15TXF_20240917T161843.SAFE	geography'SRID=4326;POLYGON ((-91.08432666901416 41.53401756772087, -91.8010303852103 41.545593768972765, -91.81885207154319 40.55671174263467, -91.44444072681753 40.55078199739372, -91.40906043810752 40.648404067893416, -91.35585009676541 40.794710840950096, -91.30256313443017 40.94099798303208, -91.24909212310432 41.08723311801301, -91.19530920855824 41.23335678686788, -91.14142375867182 41.379402179727805, -91.08752069705648 41.52539700613, -91.08432666901416 41.53401756772087))'
S2A_MSIL2A_20230715T165851_N0510_R069_T15STD_20240917T161843.SAFE	geography'SRID=4326;POLYGON ((-95.57508428700493 38.73104315226057, -95.18865192655385 38.74036995699254, -95.21960079191267 39.7290432642928, -95.27991967855311 39.727556536917305, -95.29284905425423 39.68442954238974, -95.33685809165743 39.537117871379344, -95.38075603531162 39.38984422114677, -95.42441892555873 39.242620550366645, -95.4680587202704 39.09543399274336, -95.51134099607096 38.94822267679972, -95.55456199405299 38.80095139354286, -95.57508428700493 38.73104315226057))'
S2A_MSIL2A_20230715T165851_N0510_R069_T15TWJ_20240917T161843.SAFE	geography'SRID=4326;POLYGON ((-93.00025052587905 44.25341758107761, -93.00024643448815 43.26479037737325, -91.64750596751658 43.256794294201605, -91.62505994125077 44.24514241182411, -93.00025052587905 44.25341758107761))'
S2A_MSIL2A_20230715T165851_N0510_R069_T15SVD_20240917T161843.SAFE	geography'SRID=4326;POLYGON ((-94.16762472753088 39.74439520181332, -94.15133248212537 38.755193805393134, -92.88766443792474 38.760810475743604, -92.88607436984347 39.750212021802014, -94.16762472753088 39.74439520181332))'
S2A_MSIL2A_20230715T165851_N0510_R069_T15TVF_20240917T161843.SAFE	geography'SRID=4326;POLYGON ((-94.19944910163338 41.54558876800179, -94.18162029219913 40.556706911840905, -92.88470843547175 40.5626923872254, -92.88296836561119 41.55178511688993, -94.19944910163338 41.54558876800179))'
S2A_MSIL2A_20230715T165851_N0510_R069_T15TWF_20240917T161843.SAFE	geography'SRID=4326;POLYGON ((-93.00023981916341 41.551844670066835, -93.00023625343321 40.56274991351036, -91.70336265383867 40.5554731412015, -91.68379957458711 41.54431153543986, -93.00023981916341 41.551844670066835))'
S2A_MSIL2A_20230715T165851_N0510_R069_T15TXG_20240917T161843.SAFE	geography'SRID=4326;POLYGON ((-90.74862290272152 42.42922525475424, -91.78400297732625 42.44624086265282, -91.80265404258907 41.457520191909595, -91.11666550007925 41.446459180887345, -91.08752069705648 41.52539700613, -91.0334545388524 41.67131953423706, -90.97915943968668 41.8171766290084, -90.92448725246672 41.96304677205354, -90.86967837306973 42.10904401546375, -90.81469900393165 42.255160316219325, -90.75931936838768 42.401289252942654, -90.74862290272152 42.42922525475424))'
S2A_MSIL2A_20230715T165851_N0510_R069_T15TXJ_20240917T161843.SAFE	geography'SRID=4326;POLYGON ((-90.41340851445463 43.299766847317066, -90.37335402628884 44.22320974043625, -91.74751912777681 44.24655093494868, -91.76796729995817 43.25815531909012, -90.43826281090479 43.23596921602772, -90.42226220275981 43.277129891976806, -90.41340851445463 43.299766847317066))'
S2A_MSIL2A_20230715T165851_N0510_R069_T15TYK_20240917T161843.SAFE	geography'SRID=4326;POLYGON ((-89.69108647640999 45.10376605352953, -90.45736864275568 45.12552488296481, -90.50015121099592 44.13800768802703, -90.08733998611187 44.12648726596443, -90.07741256086234 44.15134800213115, -90.01893132800805 44.297146413109246, -89.96029163526343 44.44289813628395, -89.90142110798142 44.58857827945098, -89.842297983698 44.73420390231527, -89.78290494301811 44.879756364118776, -89.72338276469178 45.02523376202208, -89.69108647640999 45.10376605352953))'
S2A_MSIL2A_20230715T165851_N0510_R069_T14SQJ_20240917T161843.SAFE	geography'SRID=4326;POLYGON ((-95.58121502748668 38.71015906850629, -95.43792685625729 38.70656329494251, -95.40776887173513 39.298761635593124, -95.42441892555873 39.242620550366645, -95.4680587202704 39.09543399274336, -95.51134099607096 38.94822267679972, -95.55456199405299 38.80095139354286, -95.58121502748668 38.71015906850629))'
S2A_MSIL2A_20230715T165851_N0510_R069_T15TWH_20240917T161843.SAFE	geography'SRID=4326;POLYGON ((-93.00024679052602 43.35285539234588, -93.00024288390158 42.36407192041621, -91.66698539119554 42.35632239007374, -91.64555267001921 43.34483481646455, -93.00024679052602 43.35285539234588))'
S2A_MSIL2A_20230715T165851_N0510_R069_T15SUD_20240917T161843.SAFE	geography'SRID=4326;POLYGON ((-95.32832956658555 39.56566544600775, -95.301097327331 38.73820958831532, -94.03810488537859 38.75625435897602, -94.05279562809639 39.74549354563108, -95.27990971209947 39.72758978084201, -95.29284905425423 39.68442954238974, -95.32832956658555 39.56566544600775))'
S2A_MSIL2A_20230715T165851_N0510_R069_T15TUF_20240917T161843.SAFE	geography'SRID=4326;POLYGON ((-95.03353395908036 40.54347458927712, -94.06541547567339 40.55783709926159, -94.0814918073836 41.546758769895376, -94.72735264140172 41.53698686287206, -94.75441536308143 41.450533626078254, -94.80009279989056 41.303404277922205, -94.84571355018998 41.15634541310326, -94.89119374061912 41.00932289080494, -94.9362633468016 40.862286189438905, -94.9812620145435 40.715276848417794, -95.02605146748829 40.56814320982148, -95.03353395908036 40.54347458927712))'
S2A_MSIL2A_20230715T165851_N0510_R069_T15TYJ_20240917T161843.SAFE	geography'SRID=4326;POLYGON ((-90.05245643556827 44.21356562707607, -90.49642893280087 44.22597512802537, -90.53726452230805 43.238273156784096, -90.43842211731219 43.23555940914086, -90.42226220275981 43.277129891976806, -90.3652929754268 43.4227878155962, -90.30863361761308 43.568510562273225, -90.25121081341688 43.71411060666436, -90.19355777089744 43.859768146507015, -90.13563539993324 44.00554356597202, -90.07741256086234 44.15134800213115, -90.05245643556827 44.21356562707607))'
S2A_MSIL2A_20230715T165851_N0510_R069_T15TVG_20240917T161843.SAFE	geography'SRID=4326;POLYGON ((-94.2164833149824 42.44623570214159, -94.19782479530706 41.4575152063026, -92.88312689683454 41.46369251697452, -92.88130582637643 42.452629745736225, -94.2164833149824 42.44623570214159))'
S2A_MSIL2A_20230715T165851_N0510_R069_T15TYH_20240917T161843.SAFE	geography'SRID=4326;POLYGON ((-90.40443819617923 43.32270200012443, -90.53371085886852 43.32625697177811, -90.54850165344052 42.951538940439754, -90.53545787463469 42.98543875253722, -90.4789384065269 43.13133350498048, -90.42226220275981 43.277129891976806, -90.40443819617923 43.32270200012443))'
S2A_MSIL2A_20230715T165851_N0510_R069_T15STC_20240917T161843.SAFE	geography'SRID=4326;POLYGON ((-95.83956275849461 37.82355665598714, -95.16175219508035 37.83959549435291, -95.19134725642267 38.82843976082239, -95.5490331607839 38.81979034702539, -95.55456199405299 38.80095139354286, -95.59779216788321 38.653689806844085, -95.64089132046409 38.50636967838328, -95.6838340009232 38.35896894037303, -95.72693415146938 38.2115599198715, -95.76986521558392 38.06406441855063, -95.81261978327268 37.91658734705251, -95.83956275849461 37.82355665598714))'
S2A_MSIL2A_20230715T165851_N0510_R069_T15TXH_20240917T161843.SAFE	geography'SRID=4326;POLYGON ((-90.41345469209563 43.29964878113254, -90.41246381589345 43.323576596360866, -91.76618786223798 43.346200009839855, -91.78571286582209 42.35764145317536, -90.78210111140183 42.34117560555834, -90.75931936838768 42.401289252942654, -90.70340438910605 42.54732262613896, -90.64756385686552 42.69340659911144, -90.59162983743438 42.839451994221136, -90.53545787463469 42.98543875253722, -90.4789384065269 43.13133350498048, -90.42226220275981 43.277129891976806, -90.41345469209563 43.29964878113254))'
S2A_MSIL2A_20230715T165851_N0510_R069_T15TVE_20240917T161843.SAFE	geography'SRID=4326;POLYGON ((-94.18317260660315 40.64479480422486, -94.16613169555373 39.655752572676114, -92.88622008547372 39.66155122739065, -92.8845569323803 40.65079881136531, -94.18317260660315 40.64479480422486))'
S2A_MSIL2A_20230715T165851_N0510_R069_T15TUE_20240917T161843.SAFE	geography'SRID=4326;POLYGON ((-95.3065497214487 39.638569230565984, -94.0514493575497 39.656847486720984, -94.06681520423501 40.645928490590144, -95.006624436956 40.63196112902804, -95.02605146748829 40.56814320982148, -95.07068811116824 40.420983081171215, -95.11532360969464 40.27375679928371, -95.15984500156335 40.12648212998048, -95.20444417308472 39.979171032467264, -95.24867430993407 39.831778030096494, -95.29284905425423 39.68442954238974, -95.3065497214487 39.638569230565984))'
S2A_MSIL2A_20230715T165851_N0510_R069_T15SUC_20240917T161843.SAFE	geography'SRID=4326;POLYGON ((-95.30393084279649 38.82627262441358, -95.27281842761565 37.837503416034735, -94.025336559118 37.85497766278228, -94.03938428014581 38.84437393595428, -95.30393084279649 38.82627262441358))'
S2A_MSIL2A_20230715T165851_N0510_R069_T14SQH_20240917T161843.SAFE	geography'SRID=4326;POLYGON ((-95.84183269005646 37.81571886895244, -95.48163775999416 37.80685703267152, -95.43354720329413 38.79452724007538, -95.55554740878812 38.79759462384719, -95.59779216788321 38.653689806844085, -95.64089132046409 38.50636967838328, -95.6838340009232 38.35896894037303, -95.72693415146938 38.2115599198715, -95.76986521558392 38.06406441855063, -95.81261978327268 37.91658734705251, -95.84183269005646 37.81571886895244))'
S2A_MSIL2A_20230714T172901_N0510_R055_T14SLF_20241012T200919.SAFE	geography'SRID=4326;POLYGON ((-100.21202244620254 37.03952812999549, -101.24837990395392 37.02527578563511, -101.21991719169928 36.03616769808406, -100.53767492011832 36.045335431893065, -100.49208637174864 36.18622825897925, -100.44441342057382 36.33289960401173, -100.39670115724068 36.47956793563503, -100.34865388514456 36.62623408485873, -100.30017753424097 36.772885027546494, -100.25182280894725 36.919686624535785, -100.21202244620254 37.03952812999549))'
S2A_MSIL2A_20230714T172901_N0510_R055_T14SLG_20241012T200919.SAFE	geography'SRID=4326;POLYGON ((-100.02203508002914 37.60982273368424, -100.0265600589798 37.943111174604404, -101.27552823620451 37.925581750319026, -101.24577213045467 36.936641907455304, -100.24161491036065 36.950423277416206, -100.2030685429252 37.06648892066416, -100.15430231171688 37.21339059692191, -100.10551533280017 37.36024761632464, -100.05651557235585 37.506972218438825, -100.02203508002914 37.60982273368424))'
S2A_MSIL2A_20230714T172901_N0510_R055_T14TLT_20241012T200919.SAFE	geography'SRID=4326;POLYGON ((-100.51018840355322 46.8541471785764, -100.18335153308469 46.859583083848264, -100.19170344718766 47.22964293234252, -100.36624975686296 47.254398911413645, -100.4189113907859 47.10822544230728, -100.47164282611072 46.961728553468696, -100.51018840355322 46.8541471785764))'
S2A_MSIL2A_20230714T172901_N0510_R055_T13SGB_20241012T200919.SAFE	geography'SRID=4326;POLYGON ((-102.72492653924301 37.925590547672954, -102.75467671035365 36.93665039764339, -101.52344565573672 36.90697181308603, -101.47744908495345 37.89483865903757, -102.72492653924301 37.925590547672954))'
S2A_MSIL2A_20230714T172901_N0510_R055_T14SKG_20241012T200919.SAFE	geography'SRID=4326;POLYGON ((-102.41197247867947 37.8980997878049, -102.36741300313712 36.910119161555244, -101.13602504584179 36.93866731150362, -101.16432984132963 37.92768043331917, -102.41197247867947 37.8980997878049))'
S2A_MSIL2A_20230714T172901_N0510_R055_T13SGA_20241012T200919.SAFE	geography'SRID=4326;POLYGON ((-102.75206945697532 37.02528430302893, -102.78052649213598 36.03617591535172, -101.56341398032555 36.007451011934776, -101.51941449107781 36.995510653879045, -102.75206945697532 37.02528430302893))'
S2A_MSIL2A_20230714T172901_N0510_R055_T14TLT_20240926T070757.SAFE	geography'SRID=4326;POLYGON ((-100.18773798471919 47.053939683698324, -100.2024391081386 47.70532276046419, -100.21302711213032 47.67630485615126, -100.26606544267584 47.52992625885627, -100.31925603886317 47.38353557246728, -100.37235676179246 47.237132147719926, -100.42516695737037 47.09064872648353, -100.42637999328772 47.087189484942414, -100.18773798471919 47.053939683698324))'
S2A_MSIL2A_20230714T172901_N0510_R055_T13TGJ_20241012T200919.SAFE	geography'SRID=4326;POLYGON ((-101.74505714524027 43.21652286749721, -101.1873683405316 43.201211355403785, -101.12426105372481 44.18762158427181, -101.42435297976202 44.19600947105364, -101.43111593785284 44.17563880310839, -101.47981674687219 44.028950339684805, -101.52808124854909 43.88212239217662, -101.57647398101304 43.73527802357288, -101.62441984608384 43.58829730396163, -101.67213185481296 43.441270354102095, -101.71991166528628 43.29425628944232, -101.74505714524027 43.21652286749721))'
S2A_MSIL2A_20230714T172901_N0510_R055_T14TLP_20241012T200919.SAFE	geography'SRID=4326;POLYGON ((-101.4941245162682 43.98542393123039, -101.46322767686333 43.23826255332707, -100.1113169858077 43.25939191053712, -100.12976271323852 44.24783068396879, -101.41393202967457 44.22739835607334, -101.43111593785284 44.17563880310839, -101.47981674687219 44.028950339684805, -101.4941245162682 43.98542393123039))'
S2A_MSIL2A_20230714T172901_N0510_R055_T14SMG_20241012T200919.SAFE	geography'SRID=4326;POLYGON ((-99.9096458434675 37.943080293414646, -100.13852907879905 37.9420809165272, -100.12871655859271 37.29040802096458, -100.10551533280017 37.36024761632464, -100.05651557235585 37.506972218438825, -100.00735861364211 37.653600592642434, -99.95801368480257 37.80014786854581, -99.9096458434675 37.943080293414646))'
S2A_MSIL2A_20230714T172901_N0510_R055_T14UNU_20240926T070757.SAFE	geography'SRID=4326;POLYGON ((-99.00027209589379 48.7530130044756, -99.00026690365507 47.765166566721895, -97.53521313306011 47.75581864580811, -97.50673052442279 48.7433372246506, -99.00027209589379 48.7530130044756))'
S2A_MSIL2A_20230714T172901_N0510_R055_T14SKF_20241012T200919.SAFE	geography'SRID=4326;POLYGON ((-102.37131820920371 36.99866808026183, -102.32869364809063 36.01049725766069, -101.11143123293883 36.03812799310683, -101.13850562461279 37.02730768000537, -102.37131820920371 36.99866808026183))'
S2B_MSIL2A_20230714T163839_N0510_R126_T16TDP_20240927T033233.SAFE	geography'SRID=4326;POLYGON ((-88.25298174570908 44.246545441411556, -88.23252540128632 43.25815001081029, -86.87974009973615 43.26472716389879, -86.87774350913473 44.25335216097235, -88.25298174570908 44.246545441411556))'
S2B_MSIL2A_20230714T163839_N0510_R126_T15TYH_20240927T033233.SAFE	geography'SRID=4326;POLYGON ((-89.44925986989928 42.30804307660304, -89.2421415546785 42.30245161555175, -89.19296764019792 43.10750032170603, -89.21759281333709 43.031431513429474, -89.26499670968279 42.88444868746723, -89.31224632292879 42.73744739529496, -89.35937161235958 42.59043355507863, -89.40612416032894 42.44335496922946, -89.44925986989928 42.30804307660304))'
S2B_MSIL2A_20230713T170859_N0510_R112_T14TQQ_20241002T014905.SAFE	geography'SRID=4326;POLYGON ((-96.4078031619031 44.13543050882725, -95.13001323357867 44.099770918209835, -95.0639024439136 45.08595696049961, -96.07922367797693 45.1147873346415, -96.09867910792384 45.05751291469476, -96.14843011504125 44.910767231123366, -96.19799456444132 44.7639589323416, -96.24718203306013 44.61707969020425, -96.29621910286409 44.47019196460296, -96.34520269672544 44.32335152340672, -96.39416879929334 44.17655470802705, -96.4078031619031 44.13543050882725))'
S2B_MSIL2A_20230713T170859_N0510_R112_T14TPN_20241002T014905.SAFE	geography'SRID=4326;POLYGON ((-96.98872118957249 42.344565536681394, -96.45336942769976 42.33578223926217, -96.41246381589345 43.323576596360866, -96.67281755202673 43.327927623617306, -96.6832235135449 43.29593318913329, -96.73081222576872 43.14901113551807, -96.7784190839488 43.00208747533269, -96.8259003195732 42.85512259633751, -96.87315772640912 42.70812852575131, -96.91988574057741 42.56104854475328, -96.96666572671293 42.41404555338776, -96.98872118957249 42.344565536681394))'
S2B_MSIL2A_20230712T173909_N0510_R098_T14TLN_20241016T132217.SAFE	geography'SRID=4326;POLYGON ((-100.46448673144675 43.34193680745068, -101.46678204877878 43.32624633586568, -101.42778068203103 42.33836182515417, -100.84743916267189 42.347280806105275, -100.79710840426202 42.47983148177502, -100.741378124268 42.62566551336942, -100.68548641570146 42.77143440748113, -100.62943473721445 42.91719830825864, -100.57311214894098 43.06295001848182, -100.51649467875315 43.208665674755046, -100.46448673144675 43.34193680745068))'
S2B_MSIL2A_20230712T173909_N0510_R098_T14TNS_20241016T132217.SAFE	geography'SRID=4326;POLYGON ((-98.97301018376042 46.95353751993612, -99.00026284243779 46.953709179213256, -99.00026254514438 46.891369905506195, -98.97301018376042 46.95353751993612))'
S2B_MSIL2A_20230712T173909_N0510_R098_T13TGE_20241016T132217.SAFE	geography'SRID=4326;POLYGON ((-101.49587681068877 40.596891648877836, -102.63579176628713 40.62664940733135, -102.6698144654414 39.63822758400475, -101.84614295826425 39.6171582043349, -101.81607031102382 39.702125649788286, -101.76417976405816 39.84847452329956, -101.71210795737284 39.99486693649595, -101.65984080810942 40.14130602676804, -101.60733893186656 40.287755715001694, -101.5545269237286 40.43413733466481, -101.50943067958714 40.559311117380666, -101.50204241153784 40.57985187697008, -101.49587681068877 40.596891648877836))'
S2B_MSIL2A_20230712T173909_N0510_R098_T13TGG_20241016T132217.SAFE	geography'SRID=4326;POLYGON ((-102.56928954696652 42.426911995973605, -102.60653922316479 41.43884624479472, -101.2944377014587 41.40403474612011, -101.23686356729512 42.39088066238852, -102.56928954696652 42.426911995973605))'
S2B_MSIL2A_20230712T173909_N0510_R098_T13TGH_20241016T132217.SAFE	geography'SRID=4326;POLYGON ((-102.53371085886852 43.32625697177811, -102.57270445124811 42.33837210189082, -101.2421415546785 42.30245161555175, -101.18187629631363 43.28908179915951, -102.53371085886852 43.32625697177811))'
S2B_MSIL2A_20230712T173909_N0510_R098_T13TGJ_20241016T132217.SAFE	geography'SRID=4326;POLYGON ((-102.49642893280087 44.22597512802537, -102.53726452230806 43.238273156784096, -101.1873683405316 43.201211355403785, -101.12426105372481 44.18762158427181, -102.49642893280087 44.22597512802537))'
S2B_MSIL2A_20230712T173909_N0510_R098_T13TFF_20241016T132217.SAFE	geography'SRID=4326;POLYGON ((-103.80103038521031 41.545593768972765, -103.81885207154319 40.55671174263467, -102.52280187838811 40.536185528423594, -102.48546160940656 41.52434469691515, -103.80103038521031 41.545593768972765))'
S2B_MSIL2A_20230712T173909_N0510_R098_T14TLM_20241016T132217.SAFE	geography'SRID=4326;POLYGON ((-100.8135962495108 42.43640922673436, -101.43119626719712 42.42690168750588, -101.39393916355972 41.438836285507165, -101.18715396191712 41.44195956938903, -101.18154059219971 41.457160621365325, -101.12742524282832 41.603251666215726, -101.07301008281752 41.74934377586193, -101.01822103674736 41.8954605109552, -100.96321177972015 42.04158904018805, -100.9080175258407 42.187698398066566, -100.85256890881104 42.333771148427935, -100.8135962495108 42.43640922673436))'
S2B_MSIL2A_20230712T173909_N0510_R098_T14TLL_20241016T132217.SAFE	geography'SRID=4326;POLYGON ((-101.15436437876546 41.53052615372916, -101.3971826192205 41.52685230149302, -101.37563105937429 40.928615582953334, -101.34262341482058 41.01903668735834, -101.28898402963254 41.16503864099561, -101.23546705672975 41.31112730599741, -101.18154059219971 41.457160621365325, -101.15436437876546 41.53052615372916))'
S2B_MSIL2A_20230712T173909_N0510_R098_T13TEG_20241016T132217.SAFE	geography'SRID=4326;POLYGON ((-104.81539976007015 41.46269598905612, -103.68558188065235 41.45624189757688, -103.66510843311784 42.44491772432881, -104.50583572325314 42.449812640150235, -104.5186933037955 42.40970279461921, -104.56552485853112 42.262842158400176, -104.611895367172 42.11586681504603, -104.65831783453723 41.968954944883855, -104.70383261531782 41.82182642739603, -104.74972004464345 41.67482489805544, -104.79538651078958 41.52772285133533, -104.81539976007015 41.46269598905612))'
S2B_MSIL2A_20230712T173909_N0510_R098_T14SKJ_20241016T132217.SAFE	geography'SRID=4326;POLYGON ((-101.81170074301583 39.71444930781647, -102.49897689950004 39.6975094680204, -102.45026011044494 38.7099201955759, -102.1598899507039 38.71692847453249, -102.12286403827626 38.824165878076016, -102.07230956155257 38.97063606442844, -102.02148022468396 39.116953870136086, -101.97045972564815 39.263237536028846, -101.9192145616056 39.409528970291, -101.86784411490899 39.555843620728574, -101.81607031102382 39.702125649788286, -101.81170074301583 39.71444930781647))'
S2B_MSIL2A_20230712T173909_N0510_R098_T14TKK_20241016T132217.SAFE	geography'SRID=4326;POLYGON ((-101.48643311612173 40.62299103567372, -102.54546370146345 40.59640146890937, -102.49451264760637 39.609013147606916, -101.84335580648869 39.625033040379996, -101.81607031102382 39.702125649788286, -101.76417976405816 39.84847452329956, -101.71210795737284 39.99486693649595, -101.65984080810942 40.14130602676804, -101.60733893186656 40.287755715001694, -101.5545269237286 40.43413733466481, -101.50943067958714 40.559311117380666, -101.50204241153784 40.57985187697008, -101.48643311612173 40.62299103567372))'
S2B_MSIL2A_20230712T173909_N0510_R098_T14TLP_20241016T132217.SAFE	geography'SRID=4326;POLYGON ((-100.12867171911273 44.189368316487524, -100.12976271323852 44.24783068396879, -101.50407140709622 44.22596415476343, -101.46322767686333 43.23826255332707, -100.49906413069675 43.25333171145315, -100.45962082353137 43.35440576831267, -100.4022620403648 43.500155171618935, -100.3448811066088 43.64598185037576, -100.28716990930599 43.79180275701206, -100.22928228431503 43.93760587055133, -100.17118884883443 44.083405458056205, -100.12867171911273 44.189368316487524))'
S2B_MSIL2A_20230712T173909_N0510_R098_T13TEF_20241016T132217.SAFE	geography'SRID=4326;POLYGON ((-105.00023734365928 40.865166761181534, -105.00023625343321 40.56274991351036, -103.70336265383867 40.5554731412015, -103.68379957458713 41.54431153543986, -104.78827466162267 41.550631730797804, -104.79538651078958 41.52772285133533, -104.840714137745 41.380444750006, -104.88628078761985 41.23320742145703, -104.93178502062064 41.085995380624325, -104.97738693703089 40.938846136629294, -105.00023734365928 40.865166761181534))'
S2B_MSIL2A_20230712T173909_N0510_R098_T14TKL_20241016T132217.SAFE	geography'SRID=4326;POLYGON ((-101.26940386699847 41.21848784906132, -101.28005188450415 41.52923550071836, -102.59412455183308 41.49564643575739, -102.54082260253305 40.50846282585221, -101.51851902130664 40.53408457948816, -101.50943067958714 40.559311117380666, -101.50204241153784 40.57985187697008, -101.44913487836136 40.72607157551981, -101.40617224645489 40.844691956515575, -101.3959399580396 40.87298140876745, -101.34262341482058 41.01903668735834, -101.28898402963254 41.16503864099561, -101.26940386699847 41.21848784906132))'
S2B_MSIL2A_20230712T173909_N0510_R098_T13SGD_20241016T132217.SAFE	geography'SRID=4326;POLYGON ((-101.81505590359264 39.70498662145877, -102.66683353200474 39.72681533153163, -102.69936254729447 38.73821864423846, -102.1572363138467 38.72461414945191, -102.12286403827626 38.824165878076016, -102.07230956155257 38.97063606442844, -102.02148022468396 39.116953870136086, -101.97045972564815 39.263237536028846, -101.9192145616056 39.409528970291, -101.86784411490899 39.555843620728574, -101.81607031102382 39.702125649788286, -101.81505590359264 39.70498662145877))'
S2B_MSIL2A_20230712T173909_N0510_R098_T13TEK_20241016T132217.SAFE	geography'SRID=4326;POLYGON ((-103.94866337359939 44.15904849470679, -103.62710599954544 44.157116557384406, -103.60358882685108 45.145299673094094, -103.62004076661167 45.145400240985474, -103.65117652303661 45.05351601598097, -103.7010161005419 44.90675600864694, -103.75061801260686 44.7599513728167, -103.80001544568752 44.61314316052347, -103.84878350988643 44.46618430829207, -103.89652752533712 44.3190176984417, -103.94438835766584 44.17198646461377, -103.94866337359939 44.15904849470679))'
S2B_MSIL2A_20230712T173909_N0510_R098_T13TGF_20241016T132217.SAFE	geography'SRID=4326;POLYGON ((-101.31098549497159 41.105152478782486, -101.28942535132569 41.49194363396281, -102.60329641413972 41.5268622914542, -102.63889095789968 40.53861750192735, -101.52732154978813 40.5096513742741, -101.50943067958714 40.559311117380666, -101.50204241153784 40.57985187697008, -101.44913487836136 40.72607157551981, -101.40617224645489 40.844691956515575, -101.3959399580396 40.87298140876745, -101.34262341482058 41.01903668735834, -101.31098549497159 41.105152478782486))'
S2B_MSIL2A_20230712T173909_N0510_R098_T14TKM_20241016T132217.SAFE	geography'SRID=4326;POLYGON ((-102.64504576622768 42.39470139413761, -102.58926866785167 41.407726190110715, -101.27696656733475 41.441212166985935, -101.3124072413961 42.42936087235922, -102.64504576622768 42.39470139413761))'
S2A_MSIL2A_20230712T164901_N0510_R026_T15SVA_20241016T214048.SAFE	geography'SRID=4326;POLYGON ((-93.82621552016248 36.05276793802268, -92.8916315425469 36.05667498554276, -92.8902406792213 37.04653228101576, -93.54712085249953 37.04372189595481, -93.55151487808268 37.0282240992235, -93.59333935080953 36.88074257115844, -93.63525725069624 36.733265943149206, -93.67700780149744 36.585663731217664, -93.7184607321404 36.43800765890615, -93.75962403076832 36.29032857202643, -93.8011078227487 36.142870741416175, -93.82621552016248 36.05276793802268))'
S2A_MSIL2A_20230711T171901_N0510_R012_T15TUH_20241019T173735.SAFE	geography'SRID=4326;POLYGON ((-95.44103349924416 43.326649417550136, -95.46678204877878 43.32624633586568, -95.46442780941561 43.26661466663675, -95.46014264934936 43.27762068637591, -95.44103349924416 43.326649417550136))'
S2A_MSIL2A_20230711T171901_N0510_R012_T14SPG_20241019T173735.SAFE	geography'SRID=4326;POLYGON ((-97.39580298125408 37.93510138600348, -97.86192606806475 37.94208532019618, -97.8768196851591 36.952569122489834, -97.7250712204362 36.95034582506102, -97.71320772567928 36.986413060252886, -97.66470968816493 37.133059835840655, -97.61596494360532 37.2797352377195, -97.56707216020192 37.42647543565659, -97.51787165943196 37.57324652222736, -97.46843106116947 37.72005085998014, -97.41889483396793 37.8668055267596, -97.39580298125408 37.93510138600348))'
S2A_MSIL2A_20230711T171901_N0510_R012_T14SLG_20241019T173735.SAFE	geography'SRID=4326;POLYGON ((-101.1287575159359 36.93824785288023, -100.01312514326092 36.95355914294569, -100.0265600589798 37.943111174604404, -100.84444829796139 37.931632011067194, -100.84881394314127 37.91657413011927, -100.89128585590252 37.76927200763588, -100.93358712622585 37.62193409320245, -100.97577483923523 37.47459009055964, -101.01802137294338 37.32720932819876, -101.0599861655229 37.17974794719816, -101.10197922921971 37.032281534838106, -101.1287575159359 36.93824785288023))'
S2A_MSIL2A_20230711T171901_N0510_R012_T14SMH_20241019T173735.SAFE	geography'SRID=4326;POLYGON ((-100.15275135075291 38.843310058483205, -100.13717219597591 37.85395064837389, -98.88904641935848 37.85938968525829, -98.88752596186193 38.84894433319432, -100.15275135075291 38.843310058483205))'
S2A_MSIL2A_20230711T171901_N0510_R012_T14SMG_20241019T173735.SAFE	geography'SRID=4326;POLYGON ((-100.13852907879905 37.9420809165272, -100.12362950841454 36.95256487264268, -98.89036811332885 36.957830487987216, -98.88891399416781 37.94753713280259, -100.13852907879905 37.9420809165272))'
S2A_MSIL2A_20230711T171901_N0510_R012_T14SNF_20241019T173735.SAFE	geography'SRID=4326;POLYGON ((-97.76909685855503 36.81645965893855, -97.76556196865786 37.04016090428803, -99.00022491682881 37.046583050483974, -99.00022206668982 36.05672396511734, -98.01909665701446 36.05173733935886, -98.00149558667982 36.10615314915031, -97.95375178189768 36.252997584998575, -97.90589345036071 36.39979043796844, -97.85775354534556 36.54647057898492, -97.8095907781522 36.693139059089454, -97.76909685855503 36.81645965893855))'
S2A_MSIL2A_20230711T171901_N0510_R012_T14SNH_20241019T173735.SAFE	geography'SRID=4326;POLYGON ((-99.00023047979299 38.848998483821255, -99.00022736409076 37.85944195932729, -97.75213459127728 37.85282950328523, -97.73503988519937 38.84214867288121, -99.00023047979299 38.848998483821255))'
S2A_MSIL2A_20230711T171901_N0510_R012_T14SMF_20241019T173735.SAFE	geography'SRID=4326;POLYGON ((-100.12493526264659 37.04124978452211, -100.11068371215597 36.05157871290146, -98.8916315425469 36.05667498554276, -98.8902406792213 37.04653228101576, -100.12493526264659 37.04124978452211))'
S2A_MSIL2A_20230711T171901_N0510_R012_T14SPF_20241019T173735.SAFE	geography'SRID=4326;POLYGON ((-97.69594294563483 37.038617736040095, -97.87551445266065 37.041254047993014, -97.88377805202092 36.46717506920307, -97.85775354534556 36.54647057898492, -97.8095907781522 36.693139059089454, -97.76143581089757 36.83979069238728, -97.71320772567928 36.986413060252886, -97.69594294563483 37.038617736040095))'
S2A_MSIL2A_20230711T171901_N0510_R012_T14SNJ_20241019T173735.SAFE	geography'SRID=4326;POLYGON ((-99.00023345437725 39.7502679270046, -99.00023019602958 38.760864457162924, -97.73659678080747 38.754036048213806, -97.71871965132908 39.74319619212293, -99.00023345437725 39.7502679270046))'
S2A_MSIL2A_20230711T171901_N0510_R012_T14SNG_20241019T173735.SAFE	geography'SRID=4326;POLYGON ((-99.00022763545476 37.947589571993284, -99.00022465569249 36.95788109520145, -97.76699475177708 36.95147947183065, -97.75064570841931 37.94095623057468, -99.00022763545476 37.947589571993284))'
S2A_MSIL2A_20230711T171901_N0510_R012_T14SLF_20241019T173735.SAFE	geography'SRID=4326;POLYGON ((-101.23507873502126 36.56304668928344, -101.21991719169928 36.03616769808406, -100.0014519629642 36.05254100905861, -100.01430253846532 37.042247242200354, -101.10340652047364 37.02726950948878, -101.1439823046304 36.88478502483799, -101.18591587802649 36.737217429445934, -101.22762367728004 36.5895692198252, -101.23507873502126 36.56304668928344))'
S2A_MSIL2A_20230711T171901_N0510_R012_T14SPJ_20241019T173735.SAFE	geography'SRID=4326;POLYGON ((-96.77537500629275 39.727929243333556, -97.83284204446889 39.744399896499196, -97.84912778038333 38.75519833855342, -97.11947244765885 38.7440694396907, -97.11887765765609 38.74579651369631, -97.06820622835092 38.89216438921338, -97.01739265156183 39.03864388499963, -96.96629838669536 39.185140720962536, -96.91509645018034 39.33168088575004, -96.86343651743152 39.478190790817806, -96.8118750804001 39.62473978316537, -96.77537500629275 39.727929243333556))'
S2B_MSIL2A_20230711T162839_N0510_R083_T16SDJ_20241019T193355.SAFE	geography'SRID=4326;POLYGON ((-88.01551954416172 38.755797457994284, -86.88766443792474 38.760810475743604, -86.88607436984346 39.750212021802014, -87.72123670609395 39.746421309293396, -87.72707912035362 39.726996956722765, -87.77118547803374 39.579664692508864, -87.81520475089916 39.43235832797293, -87.85906537775051 39.2850126295056, -87.90285796314464 39.1376691016983, -87.94650896727222 38.99039159117029, -87.98991155802409 38.84312211550759, -88.01551954416172 38.755797457994284))'
S2B_MSIL2A_20230711T162839_N0510_R083_T16TDL_20241019T193355.SAFE	geography'SRID=4326;POLYGON ((-87.4755248545399 40.559965665964626, -86.88470843547175 40.5626923872254, -86.88296836561118 41.55178511688993, -87.17024498584547 41.550432976962874, -87.18821412206493 41.492728859740254, -87.23393569345599 41.34557062889223, -87.27960032039331 41.1984251321004, -87.32503455574486 41.05123271627632, -87.37033209343677 40.90409113538736, -87.41541405547089 40.75696329431976, -87.46033264662198 40.609838205124525, -87.4755248545399 40.559965665964626))'
S2B_MSIL2A_20230711T162839_N0510_R083_T16TEK_20241019T193355.SAFE	geography'SRID=4326;POLYGON ((-87.00023656389149 40.650856515774606, -87.00023315577859 39.66160695799293, -85.72035792136309 39.6545573069827, -85.7016593384075 40.64355721409192, -87.00023656389149 40.650856515774606))'
S2B_MSIL2A_20230711T162839_N0510_R083_T16SEJ_20241019T193355.SAFE	geography'SRID=4326;POLYGON ((-87.00023345437725 39.7502679270046, -87.00023019602958 38.760864457162924, -85.73659678080747 38.754036048213806, -85.71871965132907 39.74319619212293, -87.00023345437725 39.7502679270046))'
S2B_MSIL2A_20230711T162839_N0510_R083_T16SCH_20241019T193355.SAFE	geography'SRID=4326;POLYGON ((-88.27889312603578 37.85142593980604, -88.02533655911799 37.85497766278228, -88.03708255875875 38.682261194840855, -88.07627491172333 38.5485619338985, -88.11924022566636 38.40128911977696, -88.16215159403161 38.254030404248766, -88.2048934944403 38.10668360411477, -88.24766077856192 37.95928294957376, -88.27889312603578 37.85142593980604))'
S2B_MSIL2A_20230711T162839_N0510_R083_T16SCG_20241019T193355.SAFE	geography'SRID=4326;POLYGON ((-88.53784365758524 36.94635774078821, -88.01312514326092 36.95355914294569, -88.0265600589798 37.943111174604404, -88.25326503738634 37.93992934193119, -88.29035461837076 37.81184510804948, -88.33285152707721 37.66434447759264, -88.37502624409034 37.51679133911206, -88.41736915693072 37.36930391912576, -88.459634547257 37.22186033666704, -88.5015807609479 37.0744007784196, -88.53784365758524 36.94635774078821))'
S2B_MSIL2A_20230711T162839_N0510_R083_T16SDH_20241019T193355.SAFE	geography'SRID=4326;POLYGON ((-88.14442978480842 38.314846243091985, -88.13717219597591 37.85395064837389, -86.88904641935846 37.85938968525829, -86.88752596186193 38.84894433319432, -87.98964210038663 38.84403641311737, -87.98991155802409 38.84312211550759, -88.03311124632779 38.69580877483615, -88.07627491172333 38.5485619338985, -88.11924022566636 38.40128911977696, -88.14442978480842 38.314846243091985))'
S2B_MSIL2A_20230711T162839_N0510_R083_T16TEL_20241019T193355.SAFE	geography'SRID=4326;POLYGON ((-87.00023981916341 41.551844670066835, -87.0002362534332 40.56274991351036, -85.70336265383865 40.5554731412015, -85.68379957458711 41.54431153543986, -87.00023981916341 41.551844670066835))'
S2B_MSIL2A_20230711T162839_N0510_R083_T16TDK_20241019T193355.SAFE	geography'SRID=4326;POLYGON ((-87.74783998642727 39.657647648220454, -86.88622008547372 39.66155122739065, -86.88455693238029 40.65079881136531, -87.44862322573665 40.64819091272353, -87.46033264662198 40.609838205124525, -87.50514156070878 40.46274080265472, -87.54978839556415 40.31563557164838, -87.5941897557596 40.1685215968544, -87.6385186089122 40.021399998675776, -87.68279608483324 39.874225355226365, -87.72707912035362 39.726996956722765, -87.74783998642727 39.657647648220454))'
S2A_MSIL2A_20230710T174911_N0510_R141_T13UEP_20241022T005157.SAFE	geography'SRID=4326;POLYGON ((-105.00026998566086 48.351531832612864, -105.00026690365507 47.765166566721895, -103.53521313306013 47.75581864580811, -103.5067305244228 48.7433372246506, -104.8503857001987 48.75204197843172, -104.89685276127376 48.62821264287961, -104.95159693354765 48.48206805412329, -105.00026998566086 48.351531832612864))'
S2A_MSIL2A_20230710T174911_N0510_R141_T13TEH_20241022T005157.SAFE	geography'SRID=4326;POLYGON ((-105.00024679052603 43.35285539234588, -105.00024288390158 42.36407192041621, -103.66698539119554 42.35632239007374, -103.64555267001923 43.34483481646455, -105.00024679052603 43.35285539234588))'
S2A_MSIL2A_20230710T174911_N0510_R141_T13TFH_20241022T005157.SAFE	geography'SRID=4326;POLYGON ((-102.99258182732768 43.33327151880442, -103.76618786223798 43.346200009839855, -103.78571286582209 42.35764145317536, -103.3715333373279 42.3508461790345, -103.3557207106976 42.392553819416825, -103.30049624681536 42.53846684504985, -103.24418107099187 42.68425784439892, -103.1878983428636 42.83019663415451, -103.13151158842192 42.976229256376406, -103.07491206168453 43.12222970229112, -103.018019009562 43.268183052219534, -102.99258182732768 43.33327151880442))'
S2A_MSIL2A_20230710T174911_N0510_R141_T13TFN_20241022T005157.SAFE	geography'SRID=4326;POLYGON ((-103.66339978002995 47.84592105208886, -103.68811311448758 46.85818197246455, -102.24891500137986 46.83262831925138, -102.19715331707549 47.81947440295927, -103.66339978002995 47.84592105208886))'
S2A_MSIL2A_20230710T174911_N0510_R141_T14TLS_20241022T005157.SAFE	geography'SRID=4326;POLYGON ((-101.50951374672472 46.9255179762228, -101.62701019239009 46.92356100851489, -101.61549686010606 46.68192763276143, -101.58160491674676 46.75974326120934, -101.51848165480367 46.90501401832166, -101.50951374672472 46.9255179762228))'
S2B_MSIL2A_20230710T165849_N0510_R069_T15SWD_20241022T005645.SAFE	geography'SRID=4326;POLYGON ((-91.73083937323811 39.74326307198015, -93.00023345437725 39.7502679270046, -93.00023019602958 38.760864457162924, -92.07570440280621 38.75586851441237, -92.07527645112718 38.75710873646264, -92.02455626712653 38.90377406114366, -91.97373475366518 39.050331856575525, -91.92272734820217 39.19676807017929, -91.87161365547816 39.34309644434851, -91.82037485546071 39.48939084256261, -91.76890886837715 39.63569692059676, -91.73083937323811 39.74326307198015))'
S2B_MSIL2A_20230710T165849_N0510_R069_T15TVG_20241022T005645.SAFE	geography'SRID=4326;POLYGON ((-94.2164833149824 42.44623570214159, -94.19782479530706 41.4575152063026, -92.88312689683454 41.46369251697452, -92.88130582637643 42.452629745736225, -94.2164833149824 42.44623570214159))'
S2B_MSIL2A_20230710T165849_N0510_R069_T15TUH_20241022T005645.SAFE	geography'SRID=4326;POLYGON ((-94.47091277319225 42.35306745342127, -94.09530924716697 42.35883991770658, -94.11292216497772 43.34744038882544, -94.15158598061349 43.34683512459831, -94.19093452886642 43.225690302326896, -94.23857566391823 43.07869928219771, -94.28603663195852 42.9317184333412, -94.33335562586963 42.784766837347085, -94.38039252724954 42.63779917725866, -94.42716780977571 42.49087587379379, -94.47091277319225 42.35306745342127))'
S2B_MSIL2A_20230710T165849_N0510_R069_T15TXJ_20241022T005645.SAFE	geography'SRID=4326;POLYGON ((-90.41362596761793 43.294753537013214, -90.37335402628884 44.22320974043625, -91.74751912777681 44.24655093494868, -91.76796729995817 43.25815531909012, -90.436509396537 43.23593996033054, -90.41616685562072 43.28822972638077, -90.41362596761793 43.294753537013214))'
S2B_MSIL2A_20230710T165849_N0510_R069_T15TYH_20241022T005645.SAFE	geography'SRID=4326;POLYGON ((-90.40275861421492 43.32265581196563, -90.53371085886852 43.32625697177811, -90.54873087336443 42.94573175826202, -90.5291696150271 42.996765535719504, -90.47285473177426 43.14251558997318, -90.41616685562072 43.28822972638077, -90.40275861421492 43.32265581196563))'
S2B_MSIL2A_20230710T165849_N0510_R069_T14SQH_20241022T005645.SAFE	geography'SRID=4326;POLYGON ((-95.84189496864705 37.81572040118576, -95.48163775999416 37.80685703267152, -95.43354720329413 38.79452724007538, -95.55615324414201 38.79760985603082, -95.595194756721 38.66482397546435, -95.6382580868484 38.51759234530996, -95.68104959450291 38.37031971010294, -95.72393833536692 38.223064739735285, -95.76671212195136 38.075712985914045, -95.80934364821161 37.92829317785128, -95.84189496864705 37.81572040118576))'
S2B_MSIL2A_20230710T165849_N0510_R069_T15TYJ_20241022T005645.SAFE	geography'SRID=4326;POLYGON ((-90.0506067308792 44.21351392587332, -90.49642893280087 44.22597512802537, -90.53726452230805 43.238273156784096, -90.43667609360612 43.23551147154042, -90.41616685562072 43.28822972638077, -90.35940299308021 43.43397274597624, -90.30256335322282 43.579782075214176, -90.2450543340263 43.72554946430403, -90.1871232031377 43.87129923312353, -90.12917769746151 44.01710629584338, -90.07094122260011 44.16289247895303, -90.0506067308792 44.21351392587332))'
S2B_MSIL2A_20230710T165849_N0510_R069_T15TXK_20241022T005645.SAFE	geography'SRID=4326;POLYGON ((-91.72795903223157 45.14675285555784, -91.74938307519848 44.158520786393645, -90.37725879085306 44.135250725162805, -90.33237892318715 45.122671880514964, -91.72795903223157 45.14675285555784))'
S2B_MSIL2A_20230710T165849_N0510_R069_T15SUC_20241022T005645.SAFE	geography'SRID=4326;POLYGON ((-95.30393084279649 38.82627262441358, -95.27281842761565 37.837503416034735, -94.025336559118 37.85497766278228, -94.03938428014581 38.84437393595428, -95.30393084279649 38.82627262441358))'
S2B_MSIL2A_20230710T165849_N0510_R069_T15STC_20241022T005645.SAFE	geography'SRID=4326;POLYGON ((-95.83962950950617 37.82355507647696, -95.16175219508035 37.83959549435291, -95.19134725642267 38.82843976082239, -95.54963940281871 38.819775687129216, -95.55190930486216 38.81204411272631, -95.595194756721 38.66482397546435, -95.6382580868484 38.51759234530996, -95.68104959450291 38.37031971010294, -95.72393833536692 38.223064739735285, -95.76671212195136 38.075712985914045, -95.80934364821161 37.92829317785128, -95.83962950950617 37.82355507647696))'
S2B_MSIL2A_20230710T165849_N0510_R069_T15TUG_20241022T005645.SAFE	geography'SRID=4326;POLYGON ((-94.75470039656396 41.44849134845055, -94.08002716017 41.458681613653354, -94.09685168418683 42.44744302996699, -94.4426446113548 42.44211977911558, -94.47380605787696 42.3439528271661, -94.52033363074909 42.19701777122347, -94.56662184193658 42.050078636661375, -94.6127410562467 41.90311635680271, -94.65875707982512 41.75609737928828, -94.70456617887234 41.60894909638376, -94.7505514613008 41.4618382889905, -94.75470039656396 41.44849134845055))'
S2B_MSIL2A_20230710T165849_N0510_R069_T15TXE_20241022T005645.SAFE	geography'SRID=4326;POLYGON ((-91.41021121443792 40.63834088494206, -91.81730037733891 40.64479964997401, -91.83433447991831 39.65575725270223, -91.76220604526026 39.654635886912324, -91.71714183189805 39.78196576031328, -91.66533489809152 39.92829640315634, -91.61321063143438 40.07459889913733, -91.5608380397402 40.220955820511534, -91.5080848751307 40.36728822371413, -91.45535535359292 40.513678693969936, -91.41021121443792 40.63834088494206))'
S2B_MSIL2A_20230710T165849_N0510_R069_T15SVA_20241022T005645.SAFE	geography'SRID=4326;POLYGON ((-92.8912565612728 36.32354373029897, -92.8902406792213 37.04653228101576, -94.12493526264659 37.04124978452211, -94.11068371215597 36.05157871290146, -92.97815984475396 36.056313252197604, -92.95855187111408 36.11711564501508, -92.91081595197315 36.26387865327776, -92.8912565612728 36.32354373029897))'
S2B_MSIL2A_20230710T165849_N0510_R069_T15TVF_20241022T005645.SAFE	geography'SRID=4326;POLYGON ((-94.19944910163338 41.54558876800179, -94.18162029219913 40.556706911840905, -92.88470843547175 40.5626923872254, -92.88296836561119 41.55178511688993, -94.19944910163338 41.54558876800179))'
S2B_MSIL2A_20230710T165849_N0510_R069_T14SQJ_20241022T005645.SAFE	geography'SRID=4326;POLYGON ((-95.58186063473647 38.71017526982607, -95.43792685625729 38.70656329494251, -95.40766284784279 39.300843577543496, -95.42161895376691 39.25396492378008, -95.4652359954154 39.106622066380005, -95.50866787060237 38.95932992500734, -95.55190930486216 38.81204411272631, -95.58186063473647 38.71017526982607))'
S2B_MSIL2A_20230710T165849_N0510_R069_T15TUF_20241022T005645.SAFE	geography'SRID=4326;POLYGON ((-95.03399451281544 40.543467756737776, -94.06541547567339 40.55783709926159, -94.0814918073836 41.546758769895376, -94.7270594251731 41.536991299248406, -94.7505514613008 41.4618382889905, -94.7963026574871 41.314658722090016, -94.84206377803326 41.16754858379072, -94.88769649231155 41.02043341287655, -94.93297248258727 40.873293440543065, -94.9782339048719 40.726239052957695, -95.0231622616815 40.579148402365696, -95.03399451281544 40.543467756737776))'
S2B_MSIL2A_20230710T165849_N0510_R069_T15TWH_20241022T005645.SAFE	geography'SRID=4326;POLYGON ((-93.00024679052602 43.35285539234588, -93.00024288390158 42.36407192041621, -91.66698539119554 42.35632239007374, -91.64555267001921 43.34483481646455, -93.00024679052602 43.35285539234588))'
S2B_MSIL2A_20230710T165849_N0510_R069_T15SVD_20241022T005645.SAFE	geography'SRID=4326;POLYGON ((-94.16762472753088 39.74439520181332, -94.15133248212537 38.755193805393134, -92.88766443792474 38.760810475743604, -92.88607436984347 39.750212021802014, -94.16762472753088 39.74439520181332))'
S2B_MSIL2A_20230710T165849_N0510_R069_T15TVH_20241022T005645.SAFE	geography'SRID=4326;POLYGON ((-94.2295692069992 43.10648762705634, -94.21477274309102 42.35763630855867, -92.88147277912854 42.364010656318975, -92.8795663539466 43.352791985217806, -94.1516632806805 43.34659713607537, -94.19093452886642 43.225690302326896, -94.2295692069992 43.10648762705634))'
S2B_MSIL2A_20230710T165849_N0510_R069_T15TWJ_20241022T005645.SAFE	geography'SRID=4326;POLYGON ((-93.00025052587905 44.25341758107761, -93.00024643448815 43.26479037737325, -91.64750596751658 43.256794294201605, -91.62505994125077 44.24514241182411, -93.00025052587905 44.25341758107761))'
S2B_MSIL2A_20230710T165849_N0510_R069_T15TVE_20241022T005645.SAFE	geography'SRID=4326;POLYGON ((-94.18317260660315 40.64479480422486, -94.16613169555373 39.655752572676114, -92.88622008547372 39.66155122739065, -92.8845569323803 40.65079881136531, -94.18317260660315 40.64479480422486))'
S2B_MSIL2A_20230710T165849_N0510_R069_T15SUD_20241022T005645.SAFE	geography'SRID=4326;POLYGON ((-95.32836054216095 39.56660664372084, -95.301097327331 38.73820958831532, -94.03810488537859 38.75625435897602, -94.05279562809639 39.74549354563108, -95.28015440172828 39.72758621078636, -95.28961691744064 39.69600275280035, -95.32836054216095 39.56660664372084))'
S2B_MSIL2A_20230710T165849_N0510_R069_T15TUE_20241022T005645.SAFE	geography'SRID=4326;POLYGON ((-95.30681474806897 39.63856537093484, -94.0514493575497 39.656847486720984, -94.06681520423501 40.645928490590144, -95.00703264058195 40.631955062341916, -95.0231622616815 40.579148402365696, -95.0678281849464 40.43202210701364, -95.1124321493661 40.284927969133534, -95.15681408493268 40.137792578687566, -95.20130596159024 39.99064126790856, -95.24547264561696 39.843345044939966, -95.28961691744064 39.69600275280035, -95.30681474806897 39.63856537093484))'
S2B_MSIL2A_20230710T165849_N0510_R069_T15TVJ_20241022T005645.SAFE	geography'SRID=4326;POLYGON ((-94.1803089659217 43.258403883681865, -92.87974009973617 43.26472716389879, -92.87774350913473 44.25335216097235, -93.85564664975428 44.24851204508639, -93.9026383645724 44.10673702276368, -93.95104135992649 43.95998657956883, -93.99928375078771 43.813235482604334, -94.04734010389184 43.66644029935185, -94.0953221798914 43.519576714576736, -94.14319416039571 43.372671543321616, -94.1803089659217 43.258403883681865))'
S2B_MSIL2A_20230710T165849_N0510_R069_T14SQG_20241022T005645.SAFE	geography'SRID=4326;POLYGON ((-96.09813363399954 36.92082455477332, -95.52344565573671 36.90697181308603, -95.47744908495345 37.89483865903757, -95.81659978729714 37.903199150518375, -95.85197664108816 37.78085478452429, -95.89443914801124 37.633397294786015, -95.936859087405 37.48593692273072, -95.97913217280161 37.338475833016346, -96.02120629769472 37.191030632010026, -96.06318558830195 37.043609968564354, -96.09813363399954 36.92082455477332))'
S2B_MSIL2A_20230710T165849_N0510_R069_T15TWE_20241022T005645.SAFE	geography'SRID=4326;POLYGON ((-91.71799462304371 39.77955618117024, -91.70165933840751 40.64355721409192, -93.0002365638915 40.650856515774606, -93.00023315577859 39.66160695799293, -91.76215238182075 39.65478751407826, -91.71799462304371 39.77955618117024))'
S2B_MSIL2A_20230710T165849_N0510_R069_T15TVK_20241022T005645.SAFE	geography'SRID=4326;POLYGON ((-93.88487642544852 44.16032517815508, -92.8779255090639 44.165301274896635, -92.87583360281222 45.153769755990965, -93.55213110980928 45.15036939031359, -93.55768476532205 45.13410882510031, -93.60762979803388 44.9873229817813, -93.65738283217196 44.84055096576794, -93.70700667270856 44.693794314162, -93.75617844349279 44.54698545098135, -93.80518172987244 44.40022485844189, -93.85399815255246 44.253485596881454, -93.88487642544852 44.16032517815508))'
S2B_MSIL2A_20230710T165849_N0510_R069_T15TYK_20241022T005645.SAFE	geography'SRID=4326;POLYGON ((-89.68938607950294 45.103717770210544, -90.45736864275568 45.12552488296481, -90.50015121099592 44.13800768802703, -90.08550429453958 44.12643603687855, -90.07094122260011 44.16289247895303, -90.01238730342406 44.30865880309951, -89.95372447099376 44.45434498199667, -89.8949231072071 44.59993968782574, -89.83593329370211 44.74541023812052, -89.7766981609964 44.890858756526406, -89.71714511623779 45.03629943887055, -89.68938607950294 45.103717770210544))'
S2B_MSIL2A_20230710T165849_N0510_R069_T15STD_20241022T005645.SAFE	geography'SRID=4326;POLYGON ((-95.57572966997469 38.73102757550885, -95.18865192655385 38.74036995699254, -95.21960079191267 39.7290432642928, -95.28016510448833 39.72755048770989, -95.28961691744064 39.69600275280035, -95.33373649760368 39.54865200674779, -95.37775861429432 39.40129209937328, -95.42161895376691 39.25396492378008, -95.4652359954154 39.106622066380005, -95.50866787060237 38.95932992500734, -95.55190930486216 38.81204411272631, -95.57572966997469 38.73102757550885))'
S2B_MSIL2A_20230709T172859_N0510_R055_T14UNU_20241019T063256.SAFE	geography'SRID=4326;POLYGON ((-99.00027209589379 48.7530130044756, -99.00026690365507 47.765166566721895, -97.53521313306011 47.75581864580811, -97.50673052442279 48.7433372246506, -99.00027209589379 48.7530130044756))'
S2B_MSIL2A_20230709T172859_N0510_R055_T13TGH_20241019T063256.SAFE	geography'SRID=4326;POLYGON ((-102.03126080757056 42.3237550409039, -101.2421415546785 42.30245161555175, -101.18187629631363 43.28908179915951, -101.71750243790464 43.303811407962414, -101.7554156571282 43.186461657676645, -101.80289847503272 43.039471695844725, -101.85025802993161 42.89246614872278, -101.89736516079616 42.74550206529696, -101.94411281404572 42.59853724679502, -101.99078817651824 42.45157688484392, -102.03126080757056 42.3237550409039))'
S2B_MSIL2A_20230709T172859_N0510_R055_T14TMP_20241019T063256.SAFE	geography'SRID=4326;POLYGON ((-100.25298174570909 44.246545441411556, -100.23252540128634 43.25815001081029, -98.87974009973617 43.26472716389879, -98.87774350913473 44.25335216097235, -100.25298174570909 44.246545441411556))'
S2B_MSIL2A_20230709T172859_N0510_R055_T14TNQ_20241019T063256.SAFE	geography'SRID=4326;POLYGON ((-99.0002544396381 45.15383725089235, -99.00025015292682 44.16536649550738, -97.62710599954542 44.157116557384406, -97.60358882685108 45.145299673094094, -99.0002544396381 45.15383725089235))'
S2B_MSIL2A_20230709T172859_N0510_R055_T14TNL_20241019T063256.SAFE	geography'SRID=4326;POLYGON ((-98.63090269783908 41.549731193006906, -99.00023981916341 41.551844670066835, -99.0002362534332 40.56274991351036, -98.99189198240104 40.56270309371204, -98.97062720238608 40.62146752460513, -98.91754895047485 40.76782080755435, -98.86432775610092 40.914145518150974, -98.81088051346522 41.06031071298836, -98.75737299901903 41.20637414258013, -98.70373102471977 41.35241053134103, -98.6498837149804 41.49844032850892, -98.63090269783908 41.549731193006906))'
S2B_MSIL2A_20230709T172859_N0510_R055_T14TNN_20241019T063256.SAFE	geography'SRID=4326;POLYGON ((-97.94673417691251 43.34661798588525, -99.00024679052602 43.35285539234588, -99.00024288390156 42.36407192041621, -98.32674510091846 42.360157229118116, -98.32120413081802 42.37477621484155, -98.2654194699468 42.52080298826628, -98.20949288918952 42.66680186684326, -98.15323836687428 42.81267751147404, -98.0972239355306 42.958504847847486, -98.05057188210216 43.07978810619229, -98.04147077046464 43.103478375877614, -97.98481079004812 43.24917402724351, -97.94673417691251 43.34661798588525))'
S2B_MSIL2A_20230709T172859_N0510_R055_T14TNT_20241019T063256.SAFE	geography'SRID=4326;POLYGON ((-99.00026735765739 47.85370184248753, -99.00026241255061 46.86569987335423, -97.55985017558999 46.85663988190739, -97.53272262323176 47.844325046514086, -99.00026735765739 47.85370184248753))'
S2B_MSIL2A_20230709T172859_N0510_R055_T13TGJ_20241019T063256.SAFE	geography'SRID=4326;POLYGON ((-101.74569783378412 43.21654045779184, -101.1873683405316 43.201211355403785, -101.12426105372481 44.18762158427181, -101.42519522017363 44.1960330125641, -101.46770068174611 44.06790308377921, -101.51595453197405 43.921108477814265, -101.56423069101342 43.774342037339565, -101.6122709478804 43.627485806152905, -101.65995094833026 43.48046620537188, -101.70791089258208 43.33349934983355, -101.74569783378412 43.21654045779184))'
S2B_MSIL2A_20230709T172859_N0510_R055_T14TPP_20241019T063256.SAFE	geography'SRID=4326;POLYGON ((-97.59189902640031 44.24390761424992, -97.74751912777681 44.24655093494868, -97.75609816654615 43.831869161306955, -97.7556886726496 43.83290564750551, -97.69777529189629 43.97870502443937, -97.63964911873744 44.124514473117934, -97.59189902640031 44.24390761424992))'
S2B_MSIL2A_20230709T172859_N0510_R055_T14TLN_20241019T063256.SAFE	geography'SRID=4326;POLYGON ((-101.46678204877878 43.32624633586568, -101.42778068203103 42.33836182515417, -100.09530924716697 42.35883991770658, -100.1129221649777 43.34744038882544, -101.46678204877878 43.32624633586568))'
S2B_MSIL2A_20230709T172859_N0510_R055_T14TMN_20241019T063256.SAFE	geography'SRID=4326;POLYGON ((-100.2343055501801 43.346194685301704, -100.214772743091 42.35763630855867, -98.88147277912853 42.364010656318975, -98.8795663539466 43.352791985217806, -100.2343055501801 43.346194685301704))'
S2B_MSIL2A_20230709T172859_N0510_R055_T15UUP_20241019T063256.SAFE	geography'SRID=4326;POLYGON ((-95.65963720955489 48.72193795788254, -95.7193584952283 48.7209148694678, -95.71334365854688 48.60637154540014, -95.70408296757512 48.62639852887533, -95.65963720955489 48.72193795788254))'
S2B_MSIL2A_20230709T172859_N0510_R055_T14TLP_20241019T063256.SAFE	geography'SRID=4326;POLYGON ((-101.49420144477762 43.987284251321206, -101.46322767686333 43.23826255332707, -100.1113169858077 43.25939191053712, -100.12976271323852 44.24783068396879, -101.41477596937023 44.22738492820805, -101.41902935821145 44.214619599437526, -101.46770068174611 44.06790308377921, -101.49420144477762 43.987284251321206))'
S2B_MSIL2A_20230709T172859_N0510_R055_T14TLM_20241019T063256.SAFE	geography'SRID=4326;POLYGON ((-101.43119626719712 42.42690168750588, -101.39393916355972 41.438836285507165, -100.08002716017 41.458681613653354, -100.09685168418683 42.44744302996699, -101.43119626719712 42.42690168750588))'
S2B_MSIL2A_20230709T172859_N0510_R055_T14SMG_20241019T063256.SAFE	geography'SRID=4326;POLYGON ((-99.90753235275787 37.943089521586224, -100.13852907879905 37.9420809165272, -100.12862175920085 37.284112167005844, -100.09015340224484 37.3997508869227, -100.04113195661296 37.546351121283685, -99.99193750352497 37.692836701263886, -99.94261292328036 37.839299135288464, -99.90753235275787 37.943089521586224))'
S2B_MSIL2A_20230709T172859_N0510_R055_T14TNK_20241019T063256.SAFE	geography'SRID=4326;POLYGON ((-98.96005055772619 40.65063063026186, -99.00023656389149 40.650856515774606, -99.00023618074844 40.53964421105258, -98.97062720238608 40.62146752460513, -98.96005055772619 40.65063063026186))'
S2B_MSIL2A_20230709T172859_N0510_R055_T14UMV_20241019T063256.SAFE	geography'SRID=4326;POLYGON ((-99.84897323510852 48.65973197340241, -98.86744867287635 48.66495515183609, -98.86478640421906 49.652643868751746, -99.47100247883148 49.64937001789644, -99.47700909927674 49.63393569139279, -99.53333985501523 49.48781873938394, -99.58955496381881 49.341713846772095, -99.64548114454226 49.19557996813592, -99.70106121182462 49.049383267141536, -99.75648835696205 48.90309992630249, -99.81218983605784 48.75688380839157, -99.84897323510852 48.65973197340241))'
S2B_MSIL2A_20230709T172859_N0510_R055_T14TMT_20241019T063256.SAFE	geography'SRID=4326;POLYGON ((-100.32521668839479 47.369767404284225, -100.31241149952399 46.858175957972115, -98.87194283884885 46.86562824777826, -98.86952963808321 47.85362771191058, -100.15160405851888 47.84688986925332, -100.19342489705164 47.73278025893939, -100.24665884914505 47.58641829172333, -100.29972201242947 47.44003842083141, -100.32521668839479 47.369767404284225))'
S2B_MSIL2A_20230709T172859_N0510_R055_T14TML_20241019T063256.SAFE	geography'SRID=4326;POLYGON ((-98.88418619083448 40.85954735008141, -98.88296836561119 41.55178511688993, -100.19944910163338 41.54558876800179, -100.18162029219911 40.556706911840905, -98.99207516660626 40.56219687095497, -98.97062720238608 40.62146752460513, -98.91754895047485 40.76782080755435, -98.88418619083448 40.85954735008141))'
S2B_MSIL2A_20230709T172859_N0510_R055_T14TMQ_20241019T063256.SAFE	geography'SRID=4326;POLYGON ((-100.27254965833141 45.14674718783555, -100.25111705335956 44.15851530960486, -98.87792550906389 44.165301274896635, -98.87583360281221 45.153769755990965, -100.27254965833141 45.14674718783555))'
S2B_MSIL2A_20230709T172859_N0510_R055_T14TNM_20241019T063256.SAFE	geography'SRID=4326;POLYGON ((-98.29301232615029 42.4485735313145, -99.00024322601921 42.45269119915018, -99.00023949430312 41.463751887157464, -98.66338436321057 41.46182760018084, -98.6498837149804 41.49844032850892, -98.5958383225835 41.644482812825245, -98.54138203043625 41.79046156857584, -98.48673879094616 41.936520742251936, -98.43178821592582 42.08258169081531, -98.37657645175953 42.22868497907514, -98.32120413081802 42.37477621484155, -98.29301232615029 42.4485735313145))'
S2B_MSIL2A_20230709T172859_N0510_R055_T14UNV_20241019T063256.SAFE	geography'SRID=4326;POLYGON ((-99.00027707744741 49.652722814505665, -99.00027162195117 48.66503141156509, -97.50933035947722 48.65538534877128, -97.47940434627486 49.64273706516441, -99.00027707744741 49.652722814505665))'
S2B_MSIL2A_20230709T172859_N0510_R055_T14TNP_20241019T063256.SAFE	geography'SRID=4326;POLYGON ((-97.62708608638046 44.155926766201105, -97.62505994125075 44.24514241182411, -99.00025052587905 44.25341758107761, -99.00024643448813 43.26479037737325, -97.9810627056537 43.25876595653132, -97.93546482879155 43.3754579955864, -97.92756555204625 43.395690777176, -97.87055503322127 43.54139545167183, -97.81328491717088 43.68712151485282, -97.7556886726496 43.83290564750551, -97.69777529189629 43.97870502443937, -97.63964911873744 44.124514473117934, -97.62708608638046 44.155926766201105))'
S2B_MSIL2A_20230709T172859_N0510_R055_T14UQU_20241019T063256.SAFE	geography'SRID=4326;POLYGON ((-95.66868394655184 48.70249133067747, -96.28118473719852 48.720927698149374, -96.33299058185197 47.73416799677996, -96.11416978121008 47.72768133296361, -96.10081716246083 47.75738596546657, -96.0352968391398 47.902398545258, -95.9695190702408 48.047347828897216, -95.90361932885558 48.192214097154434, -95.83747679901856 48.336966765675896, -95.77098967974057 48.48170742288725, -95.70408296757512 48.62639852887533, -95.66868394655184 48.70249133067747))'
S2B_MSIL2A_20230709T172859_N0510_R055_T14TPQ_20241019T063256.SAFE	geography'SRID=4326;POLYGON ((-97.22888363813384 45.138141223712495, -97.72795903223157 45.14675285555784, -97.74938307519847 44.158520786393645, -97.62687953167003 44.156443230452524, -97.5813412988342 44.27030589319847, -97.52279486818296 44.4160589174944, -97.46401366807376 44.56171278573476, -97.40499898155286 44.70723501135102, -97.34578400212835 44.85269319323434, -97.2863233818244 44.998104744606415, -97.22888363813384 45.138141223712495))'
S2B_MSIL2A_20230709T172859_N0510_R055_T14SLG_20241019T063256.SAFE	geography'SRID=4326;POLYGON ((-100.02194886211632 37.60347233204558, -100.0265600589798 37.943111174604404, -101.27552823620451 37.925581750319026, -101.24577213045467 36.936641907455304, -100.23942942575103 36.95045327169533, -100.23647761945203 36.95936355507621, -100.18788369949027 37.10624014758084, -100.1389672059976 37.25301299045637, -100.09015340224484 37.3997508869227, -100.04113195661296 37.546351121283685, -100.02194886211632 37.60347233204558))'
S2B_MSIL2A_20230709T172859_N0510_R055_T14TLT_20241019T063256.SAFE	geography'SRID=4326;POLYGON ((-100.51092413341819 46.85413494201984, -100.18335153308469 46.859583083848264, -100.20249592624968 47.70784027936077, -100.24665884914505 47.58641829172333, -100.29972201242947 47.44003842083141, -100.35281291272577 47.293703886581966, -100.40547068575984 47.14722294106355, -100.4583133087758 47.000760331341866, -100.51087952344189 46.85425997264988, -100.51092413341819 46.85413494201984))'
S2B_MSIL2A_20230709T172859_N0510_R055_T14UMU_20241019T063256.SAFE	geography'SRID=4326;POLYGON ((-100.18411057401745 47.758194712811175, -98.86975119015602 47.765092664464426, -98.86721739002927 48.75293650976542, -99.81559771056479 48.7478829745832, -99.86757130922952 48.61061098201087, -99.92263629258272 48.46430797203888, -99.97736962354406 48.317989381554966, -100.03176583264967 48.17166661857759, -100.08593339602191 48.02536398468267, -100.13980379375532 47.879087301466846, -100.18411057401745 47.758194712811175))'
S2B_MSIL2A_20230709T172859_N0510_R055_T14TLR_20241019T063256.SAFE	geography'SRID=4326;POLYGON ((-101.14066624105509 45.04345513969733, -100.14563453547973 45.05951360004942, -100.1658919102777 46.0476276229589, -100.79877640777208 46.03724109390535, -100.82049556590135 45.97499046918556, -100.87145544295326 45.82848657500019, -100.9221446161844 45.68195022774261, -100.97250020474527 45.53532471942872, -101.02277551434504 45.388659650210286, -101.0731836783432 45.24198398405254, -101.123079216377 45.09516550395082, -101.14066624105509 45.04345513969733))'
S2B_MSIL2A_20230709T172859_N0510_R055_T14TLQ_20241019T063256.SAFE	geography'SRID=4326;POLYGON ((-101.44415185187277 44.13888948842025, -100.12808129589992 44.15979663371134, -100.14740738161733 45.148073182871244, -101.11038847075001 45.13250824155292, -101.123079216377 45.09516550395082, -101.17299097568365 44.94841212744056, -101.22287879559744 44.80167849065668, -101.27220171271551 44.65485768138078, -101.32123802274576 44.50806495322795, -101.37014814328509 44.36132257029915, -101.41902935821145 44.214619599437526, -101.44415185187277 44.13888948842025))'
S2B_MSIL2A_20230709T172859_N0510_R055_T14TMM_20241019T063256.SAFE	geography'SRID=4326;POLYGON ((-100.21648331498238 42.44623570214159, -100.19782479530704 41.4575152063026, -98.88312689683454 41.46369251697452, -98.88130582637643 42.452629745736225, -100.21648331498238 42.44623570214159))'
S2B_MSIL2A_20230709T172859_N0510_R055_T13TGK_20241019T063256.SAFE	geography'SRID=4326;POLYGON ((-101.45412832102814 44.10881607584896, -101.13001323357867 44.099770918209835, -101.06390244391362 45.08595696049961, -101.12561511491154 45.087709311710704, -101.17299097568365 44.94841212744056, -101.22287879559744 44.80167849065668, -101.27220171271551 44.65485768138078, -101.32123802274576 44.50806495322795, -101.37014814328509 44.36132257029915, -101.41902935821145 44.214619599437526, -101.45412832102814 44.10881607584896))'
S2B_MSIL2A_20230709T172859_N0510_R055_T14UPU_20241019T063256.SAFE	geography'SRID=4326;POLYGON ((-97.63972075371633 48.74498411169783, -97.6656686510332 47.75740973734738, -96.20190528469706 47.73104447774509, -96.14756129152693 48.71769475117851, -97.63972075371633 48.74498411169783))'
S2A_MSIL2A_20230709T163841_N0510_R126_T16TEM_20241019T032435.SAFE	geography'SRID=4326;POLYGON ((-85.71076552123807 42.44518355084072, -87.0002432260192 42.45269119915018, -87.00023949430312 41.463751887157464, -86.08094717974917 41.458500424242615, -86.04540530621928 41.554370149255256, -85.99091587705115 41.70056303845646, -85.93640624995328 41.84675392138098, -85.88167045162919 41.992867434375526, -85.82676359223731 42.13887483366584, -85.7716361111097 42.284785341372974, -85.71629360343806 42.430599394579154, -85.71076552123807 42.44518355084072))'
S2A_MSIL2A_20230709T163841_N0510_R126_T16TFM_20241019T032435.SAFE	geography'SRID=4326;POLYGON ((-85.7108206267562 42.445038171763805, -85.78400297732624 42.44624086265282, -85.78785861296245 42.241847891063294, -85.7716361111097 42.284785341372974, -85.71629360343806 42.430599394579154, -85.7108206267562 42.445038171763805))'
S2A_MSIL2A_20230709T163841_N0510_R126_T16TGR_20241019T032435.SAFE	geography'SRID=4326;POLYGON ((-84.27618973281767 46.02032102467156, -84.41645116040286 46.024365075689296, -84.43365831964151 45.645497827405954, -84.37674671185944 45.781245378568414, -84.31570965068323 45.92646865923861, -84.27618973281767 46.02032102467156))'
S2B_MSIL2A_20230708T175919_N0510_R041_T13UFP_20241016T131052.SAFE	geography'SRID=4326;POLYGON ((-103.20638421203446 48.73705903571781, -103.63972075371633 48.74498411169783, -103.6656686510332 47.75740973734738, -103.65456723402409 47.757209778974236, -103.6493420425613 47.76875424115656, -103.59728044139088 47.88395472772826, -103.5313235358708 48.02881378426272, -103.46561399310467 48.17373535131272, -103.46259889112787 48.18033218554563, -103.39907560581972 48.319391364512114, -103.33265549380071 48.46411678280997, -103.305170393437 48.52362957294658, -103.26629112732138 48.60790743651143, -103.20638421203446 48.73705903571781))'
S2A_MSIL2A_20230708T170851_N0510_R112_T14TPP_20241016T130838.SAFE	geography'SRID=4326;POLYGON ((-96.70647895016141 43.24044439901577, -96.41619172041914 43.235600960154144, -96.37335402628884 44.22320974043625, -96.38367219783304 44.223385002090595, -96.41764392215619 44.12162610792127, -96.46631742038991 43.974718572014645, -96.51485050652013 43.827865597665856, -96.56315254123011 43.68107728144875, -96.61112954815599 43.534341665811645, -96.65876985522972 43.3875840352486, -96.70636467577178 43.240798846369216, -96.70647895016141 43.24044439901577))'
S2A_MSIL2A_20230707T173911_N0510_R098_T13TFN_20240929T075253.SAFE	geography'SRID=4326;POLYGON ((-103.03227921166595 46.846537326765315, -102.24891500137986 46.83262831925138, -102.19715331707549 47.81947440295927, -102.67775043781181 47.82814292066481, -102.68467668400332 47.80943886331542, -102.7379216211544 47.66279931369586, -102.79145479803469 47.51633784693291, -102.84463667547638 47.369955871686514, -102.89742460125045 47.223582448449534, -102.94984785381872 47.07720971928631, -103.00221116005716 46.93087237327867, -103.03227921166595 46.846537326765315))'
S2B_MSIL2A_20230707T164849_N0510_R026_T16TER_20240913T110807.SAFE	geography'SRID=4326;POLYGON ((-86.77713418445018 46.052189531359794, -87.00025853973811 46.05357436995249, -87.00025611956936 45.52125557678398, -86.97774344188743 45.575373223442966, -86.91693874961254 45.72076074719266, -86.8558707641681 45.86621475747113, -86.79437681430579 46.011655965214565, -86.77713418445018 46.052189531359794))'
S2B_MSIL2A_20230707T164849_N0510_R026_T16TDR_20240913T110807.SAFE	geography'SRID=4326;POLYGON ((-86.87434592975862 45.82220991751872, -86.87383276277595 46.05350473573164, -88.29304891527646 46.0462596089832, -88.27058357693213 45.058191670236305, -87.18945814511092 45.06361919493675, -87.15837474020782 45.13925709411932, -87.09839725223702 45.284629650877264, -87.03821292585219 45.43001218673772, -86.97774344188743 45.575373223442966, -86.91693874961254 45.72076074719266, -86.87434592975862 45.82220991751872))'
S2B_MSIL2A_20230706T171859_N0510_R012_T14TPQ_20241011T145053.SAFE	geography'SRID=4326;POLYGON ((-97.72795903223157 45.14675285555784, -97.74938307519847 44.158520786393645, -96.37725879085306 44.135250725162805, -96.33237892318714 45.122671880514964, -97.72795903223157 45.14675285555784))'
S2B_MSIL2A_20230706T171859_N0510_R012_T14TNR_20241011T145053.SAFE	geography'SRID=4326;POLYGON ((-98.61879773204723 45.06293176974751, -97.60574612901156 45.05674859305782, -97.58109585564665 46.044766226835556, -98.27909740368884 46.049098427505655, -98.31033604724905 45.95939776052692, -98.3612266203268 45.81283819454749, -98.41193813194344 45.66619362242118, -98.46253164077808 45.51948444364029, -98.5129497594534 45.37277458452122, -98.56320819648208 45.22607779720966, -98.61323261849152 45.0793351455072, -98.61879773204723 45.06293176974751))'
S2B_MSIL2A_20230706T171859_N0510_R012_T14TNQ_20241011T145053.SAFE	geography'SRID=4326;POLYGON ((-98.91952962255561 44.164881521384906, -97.62710599954542 44.157116557384406, -97.60358882685108 45.145299673094094, -98.58869256205683 45.15132144358925, -98.61323261849152 45.0793351455072, -98.66301816506214 44.93259042599254, -98.71251552270404 44.785870660865214, -98.76177860240735 44.63916249666863, -98.81080916900778 44.49243463562544, -98.85949961791528 44.345656978087945, -98.90819627179444 44.198927864923775, -98.91952962255561 44.164881521384906))'
S2B_MSIL2A_20230706T171859_N0510_R012_T14TPN_20241011T145053.SAFE	geography'SRID=4326;POLYGON ((-97.76618786223798 43.346200009839855, -97.78571286582209 42.35764145317536, -96.45336942769976 42.33578223926217, -96.41246381589345 43.323576596360866, -97.76618786223798 43.346200009839855))'
S2A_MSIL2A_20230704T172901_N0510_R055_T14SLH_20241012T121148.SAFE	geography'SRID=4326;POLYGON ((-101.30393084279649 38.82627262441358, -101.27281842761563 37.837503416034735, -100.02533655911799 37.85497766278228, -100.03938428014581 38.84437393595428, -101.30393084279649 38.82627262441358))'
S2A_MSIL2A_20230704T172901_N0510_R055_T14TNK_20241012T121148.SAFE	geography'SRID=4326;POLYGON ((-98.9647496864043 40.65065704406089, -99.00023656389149 40.650856515774606, -99.00023622571719 40.552696980581416, -98.9647496864043 40.65065704406089))'
S2A_MSIL2A_20230704T172901_N0510_R055_T14SKF_20241012T121148.SAFE	geography'SRID=4326;POLYGON ((-102.37131820920371 36.99866808026183, -102.32869364809063 36.01049725766069, -101.11143123293883 36.03812799310683, -101.13850562461279 37.02730768000537, -102.37131820920371 36.99866808026183))'
S2A_MSIL2A_20230704T172901_N0510_R055_T14SLG_20241012T121148.SAFE	geography'SRID=4326;POLYGON ((-100.02214003523464 37.6175532352379, -100.0265600589798 37.943111174604404, -101.27552823620451 37.925581750319026, -101.24577213045467 36.936641907455304, -100.24418290653729 36.95038803342785, -100.23143451736864 36.988797941653125, -100.18294117801834 37.13554537361845, -100.13415738514496 37.282190968645104, -100.08535633103662 37.42880682996578, -100.03633962700235 37.575302038718085, -100.02214003523464 37.6175532352379))'
S2A_MSIL2A_20230704T172901_N0510_R055_T14SLF_20241012T121148.SAFE	geography'SRID=4326;POLYGON ((-100.2146825908583 37.039491546770854, -101.24837990395392 37.02527578563511, -101.21991719169928 36.03616769808406, -100.54081776052294 36.04529319949933, -100.52073801534105 36.107699085580606, -100.47286766647049 36.25439689754417, -100.42509777633714 36.40128905341055, -100.3768987576518 36.548208313868095, -100.32850503161613 36.69516036778798, -100.28013679139583 36.84206176573328, -100.23143451736864 36.988797941653125, -100.2146825908583 37.039491546770854))'
S2A_MSIL2A_20230704T172901_N0510_R055_T14SKG_20241012T121148.SAFE	geography'SRID=4326;POLYGON ((-102.41197247867947 37.8980997878049, -102.36741300313712 36.910119161555244, -101.13602504584179 36.93866731150362, -101.16432984132963 37.92768043331917, -102.41197247867947 37.8980997878049))'
S2A_MSIL2A_20230704T172901_N0510_R055_T13SGA_20241012T121148.SAFE	geography'SRID=4326;POLYGON ((-102.75206945697532 37.02528430302893, -102.78052649213598 36.03617591535172, -101.56341398032555 36.007451011934776, -101.51941449107781 36.995510653879045, -102.75206945697532 37.02528430302893))'
S2A_MSIL2A_20230704T172901_N0510_R055_T14SMH_20241012T121148.SAFE	geography'SRID=4326;POLYGON ((-99.60324337140102 38.845757115694354, -100.15275135075291 38.843310058483205, -100.13717219597591 37.85395064837389, -99.94230973767904 37.854799812871505, -99.93776280754156 37.86829984801964, -99.888247931968 38.01486308870341, -99.8383822496051 38.16146035451086, -99.78823619114527 38.30808840935856, -99.7378931533196 38.45476839243531, -99.68750059520428 38.60144762771182, -99.6369529451118 38.7480040122186, -99.60324337140102 38.845757115694354))'
S2A_MSIL2A_20230704T172901_N0510_R055_T14SMG_20241012T121148.SAFE	geography'SRID=4326;POLYGON ((-99.91250322216955 37.94306781719187, -100.13852907879905 37.9420809165272, -100.12883366493361 37.2981853326702, -100.08535633103662 37.42880682996578, -100.03633962700235 37.575302038718085, -99.98711079224547 37.72178351549436, -99.93776280754156 37.86829984801964, -99.91250322216955 37.94306781719187))'
S2A_MSIL2A_20230704T172901_N0510_R055_T13SGB_20241012T121148.SAFE	geography'SRID=4326;POLYGON ((-102.72492653924301 37.925590547672954, -102.75467671035365 36.93665039764339, -101.52344565573672 36.90697181308603, -101.47744908495345 37.89483865903757, -102.72492653924301 37.925590547672954))'
S2A_MSIL2A_20230704T172901_N0510_R055_T14TLT_20241021T054339.SAFE	geography'SRID=4326;POLYGON ((-100.19283417774591 47.27974378035296, -100.20261158961117 47.71296513642955, -100.24443755608169 47.59806801019064, -100.29728754511176 47.451669567204185, -100.3503614182064 47.305383617645695, -100.35166258849837 47.30185217651814, -100.19283417774591 47.27974378035296))'
S2B_MSIL2A_20230703T170859_N0510_R112_T15TVF_20240912T134021.SAFE	geography'SRID=4326;POLYGON ((-93.59651971399758 41.54842660735521, -94.19944910163338 41.54558876800179, -94.18162029219913 40.556706911840905, -93.95931109336556 40.55773290773296, -93.91496225147569 40.680344951012735, -93.86176109989597 40.826566564539576, -93.83335626750483 40.904660933371694, -93.8088276639074 40.972124094978255, -93.75513981354973 41.11837870832502, -93.70143292772947 41.26464368033554, -93.66668523457616 41.35859393972054, -93.6470979358016 41.4115984361971, -93.59651971399758 41.54842660735521))'
S2B_MSIL2A_20230703T170859_N0510_R112_T15TUG_20240912T134021.SAFE	geography'SRID=4326;POLYGON ((-95.43119626719711 42.42690168750588, -95.39393916355974 41.438836285507165, -94.08002716017 41.458681613653354, -94.09685168418683 42.44744302996699, -95.43119626719711 42.42690168750588))'
S2B_MSIL2A_20230703T170859_N0510_R112_T15TVG_20240912T134021.SAFE	geography'SRID=4326;POLYGON ((-93.2582273934878 42.45082470262216, -94.2164833149824 42.44623570214159, -94.19782479530706 41.4575152063026, -93.62913718306898 41.460187272683896, -93.59306617884857 41.557769381411205, -93.53887356491 41.70382413261933, -93.4843954701288 41.84974196600454, -93.42991418388144 41.9956648477374, -93.37511525966035 42.14159670197368, -93.32006210545865 42.287526149525775, -93.26485218047112 42.4334403785248, -93.2582273934878 42.45082470262216))'
S2B_MSIL2A_20230703T170859_N0510_R112_T15TUF_20240912T134021.SAFE	geography'SRID=4326;POLYGON ((-95.3971826192205 41.52685230149302, -95.36158097735908 40.538607851727775, -94.06541547567339 40.55783709926159, -94.0814918073836 41.546758769895376, -95.3971826192205 41.52685230149302))'
S2B_MSIL2A_20230703T170859_N0510_R112_T14TPL_20240912T134021.SAFE	geography'SRID=4326;POLYGON ((-97.54979965958834 40.55245062105855, -96.52280187838811 40.536185528423594, -96.48546160940654 41.52434469691515, -97.24676132107209 41.53664121286183, -97.26365684503243 41.48247473210269, -97.30933761106233 41.33544538630582, -97.35478898781064 41.188388725651954, -97.40010634938021 41.04135481732854, -97.4452300393257 40.894330899380414, -97.4902497105416 40.747261091381525, -97.53524819896604 40.60011430887728, -97.54979965958834 40.55245062105855))'
S2A_MSIL2A_20230703T161831_N0510_R040_T16TGR_20240912T132018.SAFE	geography'SRID=4326;POLYGON ((-83.53169797688655 45.010678587311844, -83.06996660895842 44.99758761245698, -83.00067944006244 45.98354520692643, -83.1959647872014 45.98917572074938, -83.21721262619648 45.9281717739922, -83.26798211376732 45.781612005335255, -83.31851096071848 45.63507125245459, -83.36883310357966 45.488555846958114, -83.41901859189875 45.341960022504985, -83.46900003135131 45.195302277529855, -83.51886178804803 45.04856528390621, -83.53169797688655 45.010678587311844))'
S2A_MSIL2A_20230703T161831_N0510_R040_T16TGQ_20240912T132018.SAFE	geography'SRID=4326;POLYGON ((-83.83051203692553 44.11931990666375, -83.13001323357865 44.099770918209835, -83.0639024439136 45.08595696049961, -83.50192951241952 45.09839488048554, -83.51886178804803 45.04856528390621, -83.56858825529035 44.901794961280025, -83.61818421864453 44.755006929462816, -83.66737407723706 44.6080982737671, -83.71666377874305 44.461269562727615, -83.76572950486033 44.31443134819198, -83.81451893152865 44.167594604542046, -83.83051203692553 44.11931990666375))'
S2A_MSIL2A_20230703T161831_N0510_R040_T17TLK_20240912T132018.SAFE	geography'SRID=4326;POLYGON ((-83.53743030555543 44.99375931323528, -83.50034838689311 44.137996748196564, -82.12808129589992 44.15979663371134, -82.14740738161733 45.148073182871244, -83.4924360062647 45.12633309695433, -83.51886178804803 45.04856528390621, -83.53743030555543 44.99375931323528))'
S2B_MSIL2A_20230702T173909_N0510_R098_T13TGL_20241020T233802.SAFE	geography'SRID=4326;POLYGON ((-102.41645116040287 46.024365075689296, -102.46129313653579 45.03703440306415, -101.06996660895842 44.99758761245698, -101.00067944006246 45.98354520692643, -102.41645116040287 46.024365075689296))'
S2B_MSIL2A_20230702T173909_N0510_R098_T14UNV_20241020T233802.SAFE	geography'SRID=4326;POLYGON ((-97.74074735049486 49.64445299160503, -99.00027707744741 49.652722814505665, -99.00027162195117 48.66503141156509, -98.20692476248284 48.65989863147756, -98.1929592510201 48.68993453020559, -98.1254477579344 48.83460416169493, -98.05757472976823 48.97915935872963, -97.98922783892772 49.12366591388614, -97.92074562643184 49.26819396047557, -97.85191115703084 49.41267299114957, -97.78277549203952 49.557151830560514, -97.74074735049486 49.64445299160503))'
S2B_MSIL2A_20230702T173909_N0510_R098_T13SGD_20241020T233802.SAFE	geography'SRID=4326;POLYGON ((-101.81822236272697 39.70506776906831, -102.66683353200474 39.72681533153163, -102.69936254729447 38.73821864423846, -102.16072636700214 38.724701731286224, -102.14063592095395 38.783020715674034, -102.08997328081165 38.9294446759956, -102.03917001626574 39.07592329036544, -101.98805573887071 39.222425566625255, -101.9367007703754 39.36892864149991, -101.88525266078753 39.5154117947477, -101.83356410814216 39.661906547039486, -101.81822236272697 39.70506776906831))'
S2B_MSIL2A_20230702T173909_N0510_R098_T14TLS_20241020T233802.SAFE	geography'SRID=4326;POLYGON ((-101.62701019239009 46.92356100851489, -101.5799749213695 45.93641922924405, -100.16404448302406 45.95962253249568, -100.18528956021278 46.947573655919015, -101.62701019239009 46.92356100851489))'
S2B_MSIL2A_20230702T173909_N0510_R098_T13TGM_20241020T233802.SAFE	geography'SRID=4326;POLYGON ((-102.37351464472057 46.92357305830357, -102.42054054444475 45.93643087306754, -101.00699783345479 45.895735251937936, -100.93434286730422 46.881459661637656, -102.37351464472057 46.92357305830357))'
S2B_MSIL2A_20230702T173909_N0510_R098_T13TFN_20241020T233802.SAFE	geography'SRID=4326;POLYGON ((-103.03169827076333 46.84652701188078, -102.24891500137986 46.83262831925138, -102.19715331707549 47.81947440295927, -102.67650216428189 47.828120405587775, -102.68787052957833 47.7970733466123, -102.74123002380192 47.650606748024806, -102.79478455851891 47.50423408674463, -102.84797738573133 47.3578300091442, -102.90093539723004 47.211385009096574, -102.95360351944495 47.064916557875065, -103.00606756211182 46.918504695090526, -103.03169827076333 46.84652701188078))'
S2B_MSIL2A_20230702T173909_N0510_R098_T14TNS_20241020T233802.SAFE	geography'SRID=4326;POLYGON ((-98.97633839539961 46.95355848370376, -99.00026284243779 46.953709179213256, -99.00026258084002 46.89885489885146, -98.9774709962064 46.950978070953056, -98.97633839539961 46.95355848370376))'
S2B_MSIL2A_20230702T173909_N0510_R098_T13UFP_20241020T233802.SAFE	geography'SRID=4326;POLYGON ((-102.70860069800513 47.74017105955359, -102.20190528469708 47.73104447774509, -102.14756129152694 48.71769475117851, -102.34405677067625 48.72128835903799, -102.36165164898247 48.674470247831344, -102.41651838901625 48.52827503244948, -102.47130519813251 48.382103366860974, -102.52565010507288 48.23586346373549, -102.57999514082071 48.089659790507234, -102.6342673310238 47.94346393342049, -102.68787052957833 47.7970733466123, -102.70860069800513 47.74017105955359))'
S2B_MSIL2A_20230702T173909_N0510_R098_T14UNU_20241020T233802.SAFE	geography'SRID=4326;POLYGON ((-98.16604511374173 48.74760853716276, -99.00027209589379 48.7530130044756, -99.00026690365507 47.765166566721895, -98.61754891839202 47.76272459665204, -98.5914990552982 47.820629451600965, -98.52595044207878 47.96553472529699, -98.46006004009617 48.110453621216166, -98.39379795068963 48.25538654688204, -98.32719541154016 48.400292435724886, -98.26027257281187 48.54516245209174, -98.1929592510201 48.68993453020559, -98.16604511374173 48.74760853716276))'
S2B_MSIL2A_20230702T173909_N0510_R098_T13TFF_20241020T233802.SAFE	geography'SRID=4326;POLYGON ((-103.80103038521031 41.545593768972765, -103.81885207154319 40.55671174263467, -102.52280187838811 40.536185528423594, -102.48546160940656 41.52434469691515, -103.80103038521031 41.545593768972765))'
S2B_MSIL2A_20230702T173909_N0510_R098_T14TNT_20241020T233802.SAFE	geography'SRID=4326;POLYGON ((-98.57775976893643 47.851002253600235, -99.00026735765739 47.85370184248753, -99.0002625784968 46.898854904210246, -98.9774709962064 46.950978070953056, -98.91381940381817 47.09599596217813, -98.84996705858835 47.24096535888402, -98.78585568955376 47.38592098881162, -98.72138331438384 47.53084598196168, -98.65667436173472 47.67575472992333, -98.5914990552982 47.820629451600965, -98.57775976893643 47.851002253600235))'
S2B_MSIL2A_20230702T173909_N0510_R098_T13TGE_20241020T233802.SAFE	geography'SRID=4326;POLYGON ((-101.4995461480451 40.59698743782612, -102.63579176628713 40.62664940733135, -102.6698144654414 39.63822758400475, -101.84932420085374 39.61723957998934, -101.83356410814216 39.661906547039486, -101.78154113895528 39.80826374844708, -101.72977495365181 39.954599892899935, -101.67771833453197 40.10081785007374, -101.62559918970176 40.247028174904514, -101.57317563026481 40.39322045478886, -101.52037348960232 40.539353301973776, -101.4995461480451 40.59698743782612))'
S2B_MSIL2A_20230702T173909_N0510_R098_T14UMU_20241020T233802.SAFE	geography'SRID=4326;POLYGON ((-100.36082319775264 48.74497768846318, -100.33486493191529 47.757403531734624, -98.86975119015602 47.765092664464426, -98.86721739002927 48.75293650976542, -100.36082319775264 48.74497768846318))'
S2B_MSIL2A_20230702T173909_N0510_R098_T14TLT_20241020T233802.SAFE	geography'SRID=4326;POLYGON ((-101.67207324053518 47.82259512731069, -101.62271963783216 46.835643714163524, -100.18335153308469 46.859583083848264, -100.20564501110893 47.84737115234881, -101.67207324053518 47.82259512731069))'
S2B_MSIL2A_20230702T173909_N0510_R098_T13TFM_20241020T233802.SAFE	geography'SRID=4326;POLYGON ((-103.3464516160932 45.95191293573118, -102.29374566695488 45.93349650488509, -102.24441508393578 46.920536388192055, -103.00052206790424 46.933980554283245, -103.00606756211182 46.918504695090526, -103.05820882601182 46.77207849103281, -103.11014744698758 46.62565580464003, -103.16183623527827 46.479198505204735, -103.21322836618928 46.33270439559036, -103.2646160784724 46.18621137606512, -103.31591685180737 46.03965536962927, -103.3464516160932 45.95191293573118))'
S2B_MSIL2A_20230702T173909_N0510_R098_T13TFL_20241020T233802.SAFE	geography'SRID=4326;POLYGON ((-103.65416594563814 45.05689209027853, -102.33649579223146 45.034190140253024, -102.28945585240228 46.02142174250963, -103.31600330076695 46.03940695631091, -103.36696419321784 45.89296951551706, -103.41798649545248 45.746265917143376, -103.46870152014851 45.59955140569798, -103.51912915883774 45.45278381425, -103.56931947346575 45.30599926261973, -103.61951751801446 45.15931003641158, -103.65416594563814 45.05689209027853))'
S2B_MSIL2A_20230702T173909_N0510_R098_T14TMR_20241020T233802.SAFE	geography'SRID=4326;POLYGON ((-99.36602354776106 46.05099209196322, -100.29304891527646 46.0462596089832, -100.27058357693214 45.058191670236305, -99.77919379412455 45.06065857195301, -99.778521559755 45.062296622716254, -99.71855947778685 45.20783235613803, -99.65839373404152 45.3532280577994, -99.59803360201064 45.498554028543786, -99.53735657195668 45.64382474340111, -99.47649325655776 45.78910691632089, -99.41546865038461 45.93438699132916, -99.36602354776106 46.05099209196322))'
S2B_MSIL2A_20230702T173909_N0510_R098_T14TKK_20241020T233802.SAFE	geography'SRID=4326;POLYGON ((-101.49018321060136 40.62289688033116, -102.54546370146345 40.59640146890937, -102.49451264760637 39.609013147606916, -101.84660257484927 39.62495316272578, -101.83356410814216 39.661906547039486, -101.78154113895528 39.80826374844708, -101.72977495365181 39.954599892899935, -101.67771833453197 40.10081785007374, -101.62559918970176 40.247028174904514, -101.57317563026481 40.39322045478886, -101.52037348960232 40.539353301973776, -101.49018321060136 40.62289688033116))'
S2B_MSIL2A_20230702T173909_N0510_R098_T13UFQ_20241020T233802.SAFE	geography'SRID=4326;POLYGON ((-102.37687040327613 48.633919104088626, -102.15252154805323 48.62982157570405, -102.11200691121458 49.329816895625875, -102.13920990746384 49.25937141405938, -102.19545270957667 49.11317792290679, -102.251257255146 48.966956417577656, -102.30668108148605 48.820741116964335, -102.36165164898247 48.674470247831344, -102.37687040327613 48.633919104088626))'
S2B_MSIL2A_20230702T173909_N0510_R098_T14TLR_20241020T233802.SAFE	geography'SRID=4326;POLYGON ((-101.58406512039718 46.02435339629007, -101.53921420699882 45.037023116804335, -100.14563453547973 45.05951360004942, -100.1658919102777 46.0476276229589, -101.58406512039718 46.02435339629007))'
S2B_MSIL2A_20230702T173909_N0510_R098_T14TMT_20241020T233802.SAFE	geography'SRID=4326;POLYGON ((-98.8711435061449 47.19288667335417, -98.86952963808321 47.85362771191058, -100.33713470955433 47.84591482730969, -100.31241149952399 46.858175957972115, -99.01511528152197 46.86488754264237, -98.9774709962064 46.950978070953056, -98.91381940381817 47.09599596217813, -98.8711435061449 47.19288667335417))'
S2B_MSIL2A_20230702T173909_N0510_R098_T13TGF_20241020T233802.SAFE	geography'SRID=4326;POLYGON ((-101.31036062294996 41.116362745979885, -101.28942535132569 41.49194363396281, -102.60329641413972 41.5268622914542, -102.63889095789968 40.53861750192735, -101.53107038053648 40.50974906417921, -101.52037348960232 40.539353301973776, -101.46753483287932 40.685570250088, -101.41454276968413 40.831820495711696, -101.36115946215916 40.978072498265455, -101.31036062294996 41.116362745979885))'
S2B_MSIL2A_20230702T173909_N0510_R098_T14TMS_20241020T233802.SAFE	geography'SRID=4326;POLYGON ((-98.97654212224435 46.953094331334576, -100.31456075291094 46.946162221065514, -100.2910001297497 45.958258688896564, -99.40342758665346 45.96278311902662, -99.35387924855473 46.079631677199096, -99.29196882892765 46.22488638274731, -99.2297756177596 46.37020312980536, -99.16713366102336 46.51543711824293, -99.10421709320691 46.660643814825406, -99.04093702552068 46.8058345532147, -98.9774709962064 46.950978070953056, -98.97654212224435 46.953094331334576))'
S2B_MSIL2A_20230702T173909_N0510_R098_T14SKJ_20241020T233802.SAFE	geography'SRID=4326;POLYGON ((-101.81491584326635 39.71437006269403, -102.49897689950004 39.6975094680204, -102.45026011044494 38.7099201955759, -102.16343365912331 38.71684294474814, -102.14063592095395 38.783020715674034, -102.08997328081165 38.9294446759956, -102.03917001626574 39.07592329036544, -101.98805573887071 39.222425566625255, -101.9367007703754 39.36892864149991, -101.88525266078753 39.5154117947477, -101.83356410814216 39.661906547039486, -101.81491584326635 39.71437006269403))'
S2B_MSIL2A_20230702T173909_N0510_R098_T14TLM_20241020T233802.SAFE	geography'SRID=4326;POLYGON ((-100.81734558239403 42.436351508262135, -101.43119626719712 42.42690168750588, -101.39393916355972 41.438836285507165, -101.19045084331383 41.44190977328928, -101.1455382628768 41.56305296565381, -101.09123100319248 41.709122629591896, -101.03659583358548 41.85503630965773, -100.98191107635748 42.00094415515392, -100.92707247693652 42.14686185985843, -100.87197650243635 42.29277127776449, -100.81734558239403 42.436351508262135))'
S2B_MSIL2A_20230702T173909_N0510_R098_T13TGK_20241020T233802.SAFE	geography'SRID=4326;POLYGON ((-102.45736864275568 45.12552488296481, -102.50015121099592 44.13800768802703, -101.13001323357867 44.099770918209835, -101.06390244391362 45.08595696049961, -102.45736864275568 45.12552488296481))'
S2A_MSIL2A_20230702T164851_N0510_R026_T15TXN_20240913T095507.SAFE	geography'SRID=4326;POLYGON ((-90.44915523639762 46.8361836807255, -90.24891500137984 46.83262831925138, -90.21449149072157 47.488918915995676, -90.26389272558133 47.35260720153864, -90.31658959636893 47.206296633456645, -90.36912863896269 47.059940169536304, -90.42155477163922 46.913510418988096, -90.44915523639762 46.8361836807255))'
S2A_MSIL2A_20230701T171901_N0510_R012_T14SNG_20240913T092421.SAFE	geography'SRID=4326;POLYGON ((-99.00022763545476 37.947589571993284, -99.00022465569249 36.95788109520145, -97.76699475177708 36.95147947183065, -97.75064570841931 37.94095623057468, -99.00022763545476 37.947589571993284))'
S2A_MSIL2A_20230701T171901_N0510_R012_T14SLH_20240913T092421.SAFE	geography'SRID=4326;POLYGON ((-100.86932530277902 37.843155392710614, -100.02533655911799 37.85497766278228, -100.03938428014581 38.84437393595428, -100.58014225551432 38.836633273119574, -100.61975480425887 38.70188230638546, -100.66271617150515 38.55457431483487, -100.70564893222418 38.40729729367924, -100.74851251076409 38.25995648838037, -100.79124338029594 38.112584125617694, -100.83403915257749 37.96522577228042, -100.86932530277902 37.843155392710614))'
S2A_MSIL2A_20230701T171901_N0510_R012_T14SMF_20240913T092421.SAFE	geography'SRID=4326;POLYGON ((-100.12493526264659 37.04124978452211, -100.11068371215597 36.05157871290146, -98.8916315425469 36.05667498554276, -98.8902406792213 37.04653228101576, -100.12493526264659 37.04124978452211))'
S2A_MSIL2A_20230701T171901_N0510_R012_T14SMG_20240913T092421.SAFE	geography'SRID=4326;POLYGON ((-100.13852907879905 37.9420809165272, -100.12362950841454 36.95256487264268, -98.89036811332885 36.957830487987216, -98.88891399416781 37.94753713280259, -100.13852907879905 37.9420809165272))'
S2A_MSIL2A_20230701T171901_N0510_R012_T14SLF_20240913T092421.SAFE	geography'SRID=4326;POLYGON ((-101.23501905614064 36.56097278771931, -101.21991719169928 36.03616769808406, -100.0014519629642 36.05254100905861, -100.01430253846532 37.042247242200354, -101.10303903770023 37.02727456323833, -101.12981290240452 36.93300223338806, -101.17154266565063 36.78565098648056, -101.21330983149228 36.638280939256106, -101.23501905614064 36.56097278771931))'
S2A_MSIL2A_20230701T171901_N0510_R012_T14SNF_20240913T092421.SAFE	geography'SRID=4326;POLYGON ((-97.76910434787911 36.81598570609454, -97.76556196865786 37.04016090428803, -99.00022491682881 37.046583050483974, -99.00022206668982 36.05672396511734, -98.01877095263274 36.05173568394779, -97.98568727078847 36.15388439444671, -97.93805848451414 36.30058845572657, -97.89024173154824 36.44738449209376, -97.84204870136429 36.59422036403964, -97.79376097578968 36.74114669558176, -97.76910434787911 36.81598570609454))'
S2A_MSIL2A_20230701T171901_N0510_R012_T14SPF_20240913T092421.SAFE	geography'SRID=4326;POLYGON ((-97.6955357458321 37.03861175788841, -97.87551445266065 37.041254047993014, -97.88377951019277 36.467073768817336, -97.84204870136429 36.59422036403964, -97.79376097578968 36.74114669558176, -97.74534187719456 36.88811072658879, -97.69676291556563 37.03491866004499, -97.6955357458321 37.03861175788841))'
S2A_MSIL2A_20230701T171901_N0510_R012_T14SLG_20240913T092421.SAFE	geography'SRID=4326;POLYGON ((-101.12832141754957 36.938253838031834, -100.01312514326092 36.95355914294569, -100.0265600589798 37.943111174604404, -100.84374705403783 37.931641853113206, -100.87666049121178 37.81777973594191, -100.91921907472032 37.670268001417234, -100.96169316300958 37.522716359104194, -101.0039979740076 37.37523422172125, -101.0460851785798 37.227773883975615, -101.08796056107546 37.08036675361538, -101.12832141754957 36.938253838031834))'
S2A_MSIL2A_20230630T174911_N0510_R141_T13UFP_20241002T205353.SAFE	geography'SRID=4326;POLYGON ((-103.63972075371633 48.74498411169783, -103.6656686510332 47.75740973734738, -102.20190528469708 47.73104447774509, -102.14756129152694 48.71769475117851, -103.63972075371633 48.74498411169783))'
S2A_MSIL2A_20230630T174911_N0510_R141_T13UEP_20241002T205353.SAFE	geography'SRID=4326;POLYGON ((-105.00026996714064 48.34800827720961, -105.00026690365507 47.765166566721895, -103.53521313306013 47.75581864580811, -103.5067305244228 48.7433372246506, -104.84817894691496 48.75202768217154, -104.8945754013051 48.62896410831629, -104.94967497447261 48.48267408684953, -105.00026996714064 48.34800827720961))'
S2B_MSIL2A_20230630T165849_N0510_R069_T15TYN_20241003T133505.SAFE	geography'SRID=4326;POLYGON ((-88.9334970811002 46.890282613815245, -88.86474152472253 47.779157072334634, -90.32846057360035 47.82260755999096, -90.37780434448764 46.835655727197015, -88.97507548673778 46.79466726422081, -88.9334970811002 46.890282613815245))'
S2B_MSIL2A_20230629T172859_N0510_R055_T14TMR_20240909T170113.SAFE	geography'SRID=4326;POLYGON ((-100.29304891527646 46.0462596089832, -100.27058357693214 45.058191670236305, -98.87602550148868 45.06519270654337, -98.87383276277595 46.05350473573164, -100.29304891527646 46.0462596089832))'
S2B_MSIL2A_20230629T172859_N0510_R055_T14TLS_20240909T170113.SAFE	geography'SRID=4326;POLYGON ((-100.83029905873988 45.94870440647447, -100.16404448302406 45.95962253249568, -100.18528956021278 46.947573655919015, -100.48004553292924 46.942664333623746, -100.50651723849094 46.86884747067809, -100.55862952961141 46.722425168806886, -100.61051124093282 46.57600051242503, -100.66212870222104 46.42954794470662, -100.71356757764826 46.283010110067934, -100.76492673805976 46.13643249194991, -100.8159903083816 45.989729955079504, -100.83029905873988 45.94870440647447))'
S2B_MSIL2A_20230629T172859_N0510_R055_T13TGJ_20240909T170113.SAFE	geography'SRID=4326;POLYGON ((-101.18253214266052 43.276804449169234, -101.12426105372481 44.18762158427181, -101.42569312009873 44.19604692939371, -101.4634028103593 44.08266411084195, -101.5119322809076 43.935768644425934, -101.56033509006316 43.788867934058125, -101.60847320906656 43.64197361074855, -101.65609788467005 43.495009205995245, -101.70314648902956 43.350756867024536, -101.3791228149315 43.30435993386898, -101.3790949147648 43.304444356723, -101.37905921369568 43.3044391348603, -101.37897428669437 43.304696488423325, -101.37891375403287 43.30468776350407, -101.37880697274613 43.305011427314966, -101.3776260967912 43.30484172169231, -101.37759920173872 43.304923142879616, -101.27001099247904 43.28937617833069, -101.18253214266052 43.276804449169234))'
S2B_MSIL2A_20230629T172859_N0510_R055_T14TMN_20240909T170113.SAFE	geography'SRID=4326;POLYGON ((-98.88054820197353 42.84354934299516, -98.8795663539466 43.352791985217806, -100.2343055501801 43.346194685301704, -100.22977775363564 43.11704220446343, -100.21107932621187 43.11371902438677, -100.21076503169635 43.114615314489846, -100.2107359089149 43.114609928509296, -100.21070677254713 43.11469304211274, -99.94358232504186 43.06530273307988, -99.94365872629693 43.06508747481464, -99.94348529089936 43.06505540031997, -99.94360684174372 43.06471331369088, -99.943604295048 43.06471284243568, -99.9437310588286 43.06435580208549, -99.9266067596814 43.06118228118173, -99.9265975558546 43.0612081816628, -99.6599860406113 43.00928128344831, -99.66001209436467 43.00920883329054, -99.64424992780802 43.00597487271783, -99.64399486448445 43.00668371207875, -99.64397194216643 43.00667899926493, -99.64394209572302 43.00676197597252, -99.64315184234358 43.006599415558654, -99.64313788871408 43.0066381630987, -99.37777819302248 42.95204554826682, -99.37794410177203 42.951590309113065, -99.37785335469631 42.95157166552352, -99.3779394305112 42.951335325212575, -99.37787624004419 42.9513223602767, -99.37804409641845 42.950861935504086, -99.07766323889251 42.88705243166588, -99.07731283836836 42.88800181919388, -99.07730550008 42.888000153360736, -99.07730271931325 42.88800768983872, -99.07637297424418 42.887796346880954, -99.07634120920243 42.88788234463092, -98.88054820197353 42.84354934299516))'
S2B_MSIL2A_20230629T172859_N0510_R055_T14TMQ_20240909T170113.SAFE	geography'SRID=4326;POLYGON ((-100.27254965833141 45.14674718783555, -100.25111705335956 44.15851530960486, -98.87792550906389 44.165301274896635, -98.87583360281221 45.153769755990965, -100.27254965833141 45.14674718783555))'
S2B_MSIL2A_20230629T172859_N0510_R055_T14TLQ_20240909T170113.SAFE	geography'SRID=4326;POLYGON ((-101.44470588872343 44.138880686970445, -100.12808129589992 44.15979663371134, -100.14740738161733 45.148073182871244, -101.1111286742148 45.13249627743065, -101.11882307284208 45.109794139868754, -101.16864548310542 44.96319645343775, -101.21833393318224 44.81661421494213, -101.26769927811726 44.6699815630861, -101.3165609943404 44.52321342569744, -101.36552011573713 44.376385763301336, -101.41455015140784 44.2295508162853, -101.44470588872343 44.138880686970445))'
S2B_MSIL2A_20230629T172859_N0510_R055_T14TNQ_20240909T170113.SAFE	geography'SRID=4326;POLYGON ((-97.6270934074715 44.15764567178951, -97.60358882685108 45.145299673094094, -99.0002544396381 45.15383725089235, -99.00025015292682 44.16536649550738, -97.62730427213353 44.15711774861883, -97.6270934074715 44.15764567178951))'
S2B_MSIL2A_20230629T172859_N0510_R055_T13TGJ_20240909T161340.SAFE	geography'SRID=4326;POLYGON ((-101.7464605783203 43.21656139917006, -101.1873683405316 43.201211355403785, -101.17140361877996 43.450750919433275, -101.19231033630419 43.45383378239737, -101.21135367752372 43.45663463237221, -101.34429445306557 43.475778645380025, -101.34442761951193 43.475375848593046, -101.3447133493052 43.47541622458778, -101.34477801638737 43.475220442079525, -101.3449794912408 43.47524900283992, -101.34507672054728 43.4749545407178, -101.34522668311129 43.47497586663373, -101.34526573613516 43.47485772406088, -101.34555923907566 43.47489994038969, -101.34559326347184 43.474797048452565, -101.34586174791059 43.47483544911066, -101.34593375177575 43.474617793907655, -101.3462932870833 43.47466937738283, -101.34631947951625 43.47459008120016, -101.34658986034657 43.47462899203422, -101.34669590115341 43.4743078174357, -101.34693886823175 43.474342890398574, -101.346984469475 43.474204910936095, -101.34728060228248 43.47424779252233, -101.34734688711507 43.47404742432609, -101.34777623011554 43.47410977218578, -101.34784760119943 43.47389399954788, -101.64881920007495 43.51773125192359, -101.69645520868173 43.37172252207565, -101.74381271987792 43.2247773280064, -101.7464605783203 43.21656139917006))'
S2B_MSIL2A_20230629T172859_N0510_R055_T14TMN_20240909T161340.SAFE	geography'SRID=4326;POLYGON ((-100.23328876126534 43.29473484164082, -100.214772743091 42.35763630855867, -98.88147277912853 42.364010656318975, -98.8801991665573 43.0245791080029, -98.88766900390716 43.026268850343165, -98.94977186458824 43.040299635069545, -99.029305714059 43.05818330508989, -99.02991334602896 43.05653852793403, -99.03009164601532 43.05657617467169, -99.03014000327592 43.056445254145046, -99.29895359268896 43.11324991810713, -99.29853695530498 43.11438934477172, -99.29872483518108 43.11442927299283, -99.29858594793959 43.11480984237666, -99.29872128706894 43.11483862917829, -99.29870365489491 43.11488692697357, -99.29878891168232 43.11490507660677, -99.2987579777881 43.114989751974726, -99.29882258822403 43.11500346440936, -99.29858140376828 43.11566374325077, -99.58346877830972 43.17405880173754, -99.58343395935074 43.17415537270926, -99.58916197866637 43.175327809836325, -99.59896320819497 43.17723478712764, -99.59916777937464 43.17727671929828, -99.59965365772688 43.17592868782584, -99.59989590543996 43.17597583096824, -99.60019894268686 43.17513599118621, -99.86777611091912 43.2272141317058, -99.86698373567395 43.2294371586928, -99.87279997104305 43.230513866731904, -99.8838968276312 43.232672927843225, -99.88393180253827 43.232574603909846, -100.16894204625088 43.28533602107364, -100.1690718998076 43.28496624299339, -100.1692396135992 43.28499602569644, -100.16963566037954 43.28386843274191, -100.17008400868563 43.283948287578816, -100.17019971310643 43.283618771429886, -100.17021413867762 43.28362134087429, -100.17025619361277 43.28350169159866, -100.23328876126534 43.29473484164082))'
S2B_MSIL2A_20230629T172859_N0510_R055_T14TPQ_20240909T170113.SAFE	geography'SRID=4326;POLYGON ((-97.22918300457508 45.13814638933198, -97.72795903223157 45.14675285555784, -97.74938307519847 44.158520786393645, -97.62756901970448 44.156454923583354, -97.57673791533486 44.28371625570938, -97.55826190626225 44.329717090763054, -97.51797506628292 44.430143716288775, -97.45921656237407 44.57577569410404, -97.40002043016705 44.721391210999855, -97.3405547981228 44.86701145108808, -97.2808385601883 45.01260565225491, -97.22918300457508 45.13814638933198))'
S2B_MSIL2A_20230629T172859_N0510_R055_T14TMP_20240909T170113.SAFE	geography'SRID=4326;POLYGON ((-100.25298174570909 44.246545441411556, -100.23252540128634 43.25815001081029, -98.87974009973617 43.26472716389879, -98.87774350913473 44.25335216097235, -100.25298174570909 44.246545441411556))'
S2B_MSIL2A_20230629T172859_N0510_R055_T14TLP_20240909T170113.SAFE	geography'SRID=4326;POLYGON ((-100.99066887215241 43.24564829548707, -100.1113169858077 43.25939191053712, -100.12976271323852 44.24783068396879, -101.41527312922423 44.2273770179325, -101.4634028103593 44.08266411084195, -101.49428062517183 43.98919902751123, -101.46647820704958 43.31686834795373, -101.3791228149315 43.30435993386898, -101.3790949147648 43.304444356723, -101.37905921369568 43.3044391348603, -101.37897428669437 43.304696488423325, -101.37891375403287 43.30468776350407, -101.37880697274613 43.305011427314966, -101.3776260967912 43.30484172169231, -101.37759920173872 43.304923142879616, -101.27001099247904 43.28937617833069, -101.09665643805184 43.2644631106385, -101.09670028934691 43.26433202733972, -101.09617745829966 43.2642564759776, -101.09670703992161 43.2626752403022, -100.99066887215241 43.24564829548707))'
S2B_MSIL2A_20230629T172859_N0510_R055_T14TLP_20240909T161340.SAFE	geography'SRID=4326;POLYGON ((-101.47372977481459 43.49222904722344, -101.46322767686333 43.23826255332707, -100.1113169858077 43.25939191053712, -100.11160305602573 43.27472136265431, -100.16894204625088 43.28533602107364, -100.1690718998076 43.28496624299339, -100.1692396135992 43.28499602569644, -100.16963566037954 43.28386843274191, -100.17008400868563 43.283948287578816, -100.17019971310643 43.283618771429886, -100.17021413867762 43.28362134087429, -100.17025619361277 43.28350169159866, -100.44080768409847 43.3317171713092, -100.44059105644784 43.33234201443271, -100.44076458836739 43.3323729686876, -100.44029520840789 43.333726597568486, -100.66727569109872 43.371471245747934, -100.74737655619704 43.38461055846951, -100.74749610709647 43.38425959897738, -100.74773794687268 43.38429837948158, -100.74776596593983 43.38421611997559, -100.74792624653816 43.38424165048436, -100.74798602621384 43.38406601327591, -100.74807734180543 43.38408058461796, -100.74817640712608 43.383789410536906, -100.74818098562062 43.383790142458025, -100.74821019785853 43.38370439688829, -100.74839592215152 43.38373427282649, -100.74844297408487 43.38359619082125, -100.748549749467 43.38361331653633, -100.748670368888 43.38325931144804, -100.74890832023571 43.38329775002068, -100.74893122787977 43.383230478495726, -100.74907261071426 43.383253236203615, -100.74911666063672 43.383123793759815, -100.74920112466103 43.38313741437851, -100.74923653525791 43.383033443404216, -100.74938114405245 43.383056804274574, -100.7494007082321 43.38299942054321, -100.98430677589411 43.421007934754826, -101.0262922731939 43.4277904942985, -101.02628882560096 43.42780075772784, -101.02724161161449 43.4279549213946, -101.02716425201488 43.42818495960422, -101.02751320725217 43.42824152543468, -101.0270994626914 43.4294721157256, -101.19231033630419 43.45383378239737, -101.21135367752372 43.45663463237221, -101.34429445306557 43.475778645380025, -101.34442761951193 43.475375848593046, -101.3447133493052 43.47541622458778, -101.34477801638737 43.475220442079525, -101.3449794912408 43.47524900283992, -101.34507672054728 43.4749545407178, -101.34522668311129 43.47497586663373, -101.34526573613516 43.47485772406088, -101.34555923907566 43.47489994038969, -101.34559326347184 43.474797048452565, -101.34586174791059 43.47483544911066, -101.34593375177575 43.474617793907655, -101.3462932870833 43.47466937738283, -101.34631947951625 43.47459008120016, -101.34658986034657 43.47462899203422, -101.34669590115341 43.4743078174357, -101.34693886823175 43.474342890398574, -101.346984469475 43.474204910936095, -101.34728060228248 43.47424779252233, -101.34734688711507 43.47404742432609, -101.34777623011554 43.47410977218578, -101.34784760119943 43.47389399954788, -101.47372977481459 43.49222904722344))'
S2B_MSIL2A_20230629T172859_N0510_R055_T14TNN_20240909T161340.SAFE	geography'SRID=4326;POLYGON ((-98.45114802570232 42.9245077027962, -98.72567191215752 42.987184824207695, -98.72542298722202 42.9878493962479, -98.72559527960533 42.987888922730725, -98.72549701541868 42.98815153772895, -98.72568473158147 42.988194667855545, -98.72565581911384 42.98827184976675, -98.72579198603725 42.9883031852821, -98.72567869002967 42.98860577635852, -98.72615303444164 42.98871524748403, -98.72600688319916 42.98910607426369, -98.72623447186362 42.9891586791357, -98.72617253964364 42.98932421134201, -98.72635732314177 42.9893669883888, -98.72621517684708 42.98974658689824, -98.88766900390716 43.026268850343165, -98.94977186458824 43.040299635069545, -99.0002456004774 43.051648961719046, -99.00024288390156 42.36407192041621, -98.3275166333402 42.36016171363363, -98.30762130162287 42.412579208581285, -98.25202883565824 42.55843692239209, -98.1960945992756 42.70433146746693, -98.14025493557736 42.84925296818632, -98.21321767270351 42.867440583173945, -98.43819232126752 42.92277581420179, -98.43804581262857 42.923160712228274, -98.45023325600044 42.92596468401114, -98.45072563561575 42.924671375270485, -98.45105693837324 42.924746908474255, -98.45114802570232 42.9245077027962))'
S2B_MSIL2A_20230629T172859_N0510_R055_T14TLN_20240909T170113.SAFE	geography'SRID=4326;POLYGON ((-100.10843865263864 43.095784050091744, -100.1129221649777 43.34744038882544, -101.46678204877878 43.32624633586568, -101.46641143130476 43.31685878633828, -101.3791228149315 43.30435993386898, -101.3790949147648 43.304444356723, -101.37905921369568 43.3044391348603, -101.37897428669437 43.304696488423325, -101.37891375403287 43.30468776350407, -101.37880697274613 43.305011427314966, -101.3776260967912 43.30484172169231, -101.37759920173872 43.304923142879616, -101.27001099247904 43.28937617833069, -101.09665643805184 43.2644631106385, -101.09670028934691 43.26433202733972, -101.09617745829966 43.2642564759776, -101.09670703992161 43.2626752403022, -100.78618485103539 43.21281353215249, -100.78589357430089 43.21367028423244, -100.78467917527088 43.21347049451253, -100.78459851783055 43.21370750811928, -100.51312171997523 43.168968615227115, -100.51363289960618 43.16749039159541, -100.21107932621187 43.11371902438677, -100.21076503169635 43.114615314489846, -100.2107359089149 43.114609928509296, -100.21070677254713 43.11469304211274, -100.10843865263864 43.095784050091744))'
S2B_MSIL2A_20230629T172859_N0510_R055_T13TGK_20240909T170113.SAFE	geography'SRID=4326;POLYGON ((-101.4546996945695 44.10883202130769, -101.13001323357867 44.099770918209835, -101.06390244391362 45.08595696049961, -101.12632195912593 45.08772938278031, -101.16864548310542 44.96319645343775, -101.21833393318224 44.81661421494213, -101.26769927811726 44.6699815630861, -101.3165609943404 44.52321342569744, -101.36552011573713 44.376385763301336, -101.41455015140784 44.2295508162853, -101.4546996945695 44.10883202130769))'
S2B_MSIL2A_20230629T172859_N0510_R055_T14TNP_20240909T170113.SAFE	geography'SRID=4326;POLYGON ((-97.62704425412848 44.15776873265919, -97.62505994125075 44.24514241182411, -99.00025052587905 44.25341758107761, -99.00024643448813 43.26479037737325, -97.98160515609307 43.25876916296961, -97.97927482173266 43.26474209028394, -97.9221951586236 43.41063190644872, -97.86498008696977 43.5564812556267, -97.80766132018329 43.702204934615615, -97.75014910096293 43.84781651338646, -97.74874877950717 43.85134852060042, -97.69282438950376 43.992542817626735, -97.6348903264061 44.13812521669808, -97.62704425412848 44.15776873265919))'
S2B_MSIL2A_20230629T172859_N0510_R055_T14SMG_20240909T161340.SAFE	geography'SRID=4326;POLYGON ((-99.90842144354858 37.9430856395335, -100.13852907879905 37.9420809165272, -100.12866350131995 37.286884360799384, -100.12737373501236 37.290764493427695, -100.07854451538569 37.43745403912636, -100.02943205790915 37.58418613944208, -99.98001550453907 37.730895766642014, -99.93058066567886 37.877632009635526, -99.90842144354858 37.9430856395335))'
S2B_MSIL2A_20230629T172859_N0510_R055_T14TPP_20240909T170113.SAFE	geography'SRID=4326;POLYGON ((-97.59263342025346 44.24392008846409, -97.74751912777681 44.24655093494868, -97.7560788391721 43.83280338132443, -97.75014910096293 43.84781651338646, -97.74874877950717 43.85134852060042, -97.69282438950376 43.992542817626735, -97.6348903264061 44.13812521669808, -97.59263342025346 44.24392008846409))'
S2B_MSIL2A_20230629T172859_N0510_R055_T14TLR_20240909T170113.SAFE	geography'SRID=4326;POLYGON ((-101.14137279432109 45.0434437368872, -100.14563453547973 45.05951360004942, -100.1658919102777 46.0476276229589, -100.79945672753813 46.037229928896494, -100.8159903083816 45.989729955079504, -100.86712881154206 45.843107427292885, -100.91787551487076 45.696431940856336, -100.968508587785 45.54976467734507, -101.01879823120608 45.403069726373694, -101.06910771113594 45.256478115454655, -101.11882307284208 45.109794139868754, -101.14137279432109 45.0434437368872))'
S2B_MSIL2A_20230629T172859_N0510_R055_T14TLT_20240909T170113.SAFE	geography'SRID=4326;POLYGON ((-100.51175842557849 46.854121066188924, -100.18335153308469 46.859583083848264, -100.20253577824298 47.70960605693239, -100.24218024878253 47.601065002170905, -100.29535142789861 47.45455054264437, -100.34867393490222 47.30810998804113, -100.40141064842133 47.16162046843706, -100.45402947400036 47.01521061712116, -100.50651723849094 46.86884747067809, -100.51175842557849 46.854121066188924))'
S2A_MSIL2A_20230629T163841_N0510_R126_T16TFM_20240909T142546.SAFE	geography'SRID=4326;POLYGON ((-85.70856244971161 42.44500106050766, -85.78400297732624 42.44624086265282, -85.7879635791031 42.236283480048336, -85.75652973516695 42.319071433336966, -85.70856244971161 42.44500106050766))'
S2B_MSIL2A_20230628T175919_N0510_R041_T13TFN_20240911T184608.SAFE	geography'SRID=4326;POLYGON ((-103.61506544817055 47.84504924700841, -103.66339978002995 47.84592105208886, -103.66626380365796 47.731452158091784, -103.64596373895674 47.776550484795024, -103.61506544817055 47.84504924700841))'
S2A_MSIL2A_20230628T170851_N0510_R112_T15TUH_20240926T122726.SAFE	geography'SRID=4326;POLYGON ((-95.46678204877878 43.32624633586568, -95.42778068203103 42.33836182515417, -94.09530924716697 42.35883991770658, -94.11292216497772 43.34744038882544, -95.46678204877878 43.32624633586568))'
S2A_MSIL2A_20230628T170851_N0510_R112_T14TQN_20240926T122726.SAFE	geography'SRID=4326;POLYGON ((-96.53371085886852 43.32625697177811, -96.5727044512481 42.33837210189082, -95.2421415546785 42.30245161555175, -95.18187629631362 43.28908179915951, -96.53371085886852 43.32625697177811))'
S2A_MSIL2A_20230628T170851_N0510_R112_T14TPN_20240926T122726.SAFE	geography'SRID=4326;POLYGON ((-96.99046437804252 42.34459413646173, -96.45336942769976 42.33578223926217, -96.41246381589345 43.323576596360866, -96.67466356396774 43.327958474137795, -96.69010408895953 43.28046249682448, -96.73767082299504 43.13344604367128, -96.78521898653085 42.98646272089009, -96.83267176613263 42.83949630347152, -96.87979177117757 42.69254433642424, -96.92664331303916 42.54557397665704, -96.97334204342678 42.398673925699015, -96.99046437804252 42.34459413646173))'
S2B_MSIL2A_20230628T161829_N0510_R040_T16SFJ_20240911T182015.SAFE	geography'SRID=4326;POLYGON ((-85.50157947629944 38.74989743859067, -84.58623972133756 38.73593643111066, -84.55211502393708 39.72445184157785, -85.20948073314652 39.73469068799906, -85.23003321631667 39.66595599522834, -85.27388992981886 39.518733207729454, -85.3177162402095 39.37152766714997, -85.36142939597363 39.22428548738981, -85.40512300133938 39.07698928350756, -85.44862021706643 38.929601017204014, -85.49208662708192 38.782221115346125, -85.50157947629944 38.74989743859067))'
S2A_MSIL2A_20230627T173911_N0510_R098_T14TKM_20240912T060019.SAFE	geography'SRID=4326;POLYGON ((-102.5943982625977 41.498494318400695, -102.58926866785167 41.407726190110715, -102.21755945525398 41.417211083941524, -102.40938466825976 41.4581868402375, -102.40896179608035 41.45939600774706, -102.40899736557442 41.45940365053677, -102.40888606270433 41.459722467783834, -102.40897760681108 41.45974215362872, -102.40896397657463 41.45978120461605, -102.40907105704096 41.459804251810425, -102.40897549613553 41.46007768698604, -102.5943982625977 41.498494318400695))'
S2A_MSIL2A_20230627T173911_N0510_R098_T14TKL_20240912T060019.SAFE	geography'SRID=4326;POLYGON ((-102.5821321412556 41.49595297425252, -102.59412455183308 41.49564643575739, -102.54082260253305 40.50846282585221, -101.52201791364301 40.53399688757444, -101.49299204788467 40.61431178480199, -101.4399763809466 40.76061551020532, -101.38686373860553 40.90684271057093, -101.33348820425233 41.052944018505045, -101.28024942432681 41.19786388398658, -101.29063746767427 41.2004839310386, -101.56839909641029 41.26958146326919, -101.56832254907316 41.26979317012015, -101.58082727437257 41.27271429070254, -101.5811204445161 41.27190253530266, -101.58349611839796 41.272452051395234, -101.58355760280332 41.2722818178236, -101.85086872287708 41.33401112432177, -101.85059920027363 41.33476260080043, -101.85070824684752 41.334787899705766, -101.85061774183566 41.33504085003588, -101.85081802715855 41.33508738771198, -101.85077832147569 41.33519817186385, -101.85090337079315 41.335227273290805, -101.8507786521839 41.335574755693166, -101.8511837520842 41.33566929059744, -101.85106809296776 41.33599234087716, -101.85126112231151 41.33603745655494, -101.85120423472304 41.336196400841295, -101.85142379868189 41.33624780064052, -101.85137394092696 41.336386931814815, -102.144538779168 41.40310805433451, -102.14495639038374 41.401926389944926, -102.14738430982631 41.40244541546193, -102.14742437336616 41.402331901981405, -102.14755333389344 41.40235942646415, -102.14758697372068 41.40226427217572, -102.40938466825976 41.4581868402375, -102.40896179608035 41.45939600774706, -102.40899736557442 41.45940365053677, -102.40888606270433 41.459722467783834, -102.40897760681108 41.45974215362872, -102.40896397657463 41.45978120461605, -102.40907105704096 41.459804251810425, -102.40897549613553 41.46007768698604, -102.5821321412556 41.49595297425252))'
S2A_MSIL2A_20230627T173911_N0510_R098_T14TLL_20241003T122206.SAFE	geography'SRID=4326;POLYGON ((-101.34157122339384 41.03107402949433, -101.31204106517424 41.11129867974103, -101.25846878653712 41.257328089558655, -101.20479767837124 41.40328728472939, -101.15774820038295 41.530474956337265, -101.3971826192205 41.52685230149302, -101.3796678009359 41.04066905113141, -101.34157122339384 41.03107402949433))'
S2A_MSIL2A_20230627T173911_N0510_R098_T14TKL_20241003T122206.SAFE	geography'SRID=4326;POLYGON ((-101.34157122339384 41.03107402949433, -101.31204106517424 41.11129867974103, -101.26968694833162 41.22674918592108, -101.28005188450415 41.52923550071836, -102.59412455183308 41.49564643575739, -102.58450255285047 41.31744132665907, -102.48533397094704 41.29679064296887, -102.48538516764648 41.29664401005223, -102.48534136544569 41.296634893675616, -102.48543621617365 41.29636254469484, -102.48299967326928 41.29585564198105, -102.48314662003838 41.29543289503918, -102.48314024825896 41.295431571101496, -102.48320950418382 41.29523332577977, -102.48299811303076 41.29518947528497, -102.48318812437503 41.29464296813951, -102.19276765902323 41.2322645002306, -102.19222817673344 41.23378351730905, -102.08513814378828 41.20915759730072, -101.93044673741085 41.173642979799816, -101.93057912568345 41.17327349675124, -101.92799500790728 41.172680933813766, -101.92809999826797 41.17238714057325, -101.92803888499296 41.17237317114567, -101.92806947428824 41.17228800414795, -101.92771959717864 41.17220830311995, -101.9278758566747 41.17177126817583, -101.63894382223437 41.10422238144986, -101.63202884918307 41.10250080102569, -101.63148862340813 41.10399790350424, -101.63137199312008 41.10396847024101, -101.63134066090403 41.10405549402631, -101.34157122339384 41.03107402949433))'
S2A_MSIL2A_20230627T173911_N0510_R098_T13TEF_20240912T060019.SAFE	geography'SRID=4326;POLYGON ((-105.00023735227846 40.86755762540568, -105.00023625343321 40.56274991351036, -103.70336265383867 40.5554731412015, -103.68379957458713 41.54431153543986, -104.78900649956927 41.55063591863223, -104.83088090756061 41.41453591236214, -104.87650469850249 41.267319371413066, -104.92201779542685 41.120128967353615, -104.96755746138595 40.97300085868681, -105.00023735227846 40.86755762540568))'
S2A_MSIL2A_20230627T173911_N0510_R098_T13TGF_20240912T060019.SAFE	geography'SRID=4326;POLYGON ((-102.6042446927304 41.50053434123271, -102.63889095789968 40.53861750192735, -101.53078379467406 40.509741596105144, -101.49299204788467 40.61431178480199, -101.4399763809466 40.76061551020532, -101.38686373860553 40.90684271057093, -101.33348820425233 41.052944018505045, -101.31039109694687 41.11581603939664, -101.30546600092009 41.20417275968836, -101.56839909641029 41.26958146326919, -101.56832254907316 41.26979317012015, -101.58082727437257 41.27271429070254, -101.5811204445161 41.27190253530266, -101.58349611839796 41.272452051395234, -101.58355760280332 41.2722818178236, -101.85086872287708 41.33401112432177, -101.85059920027363 41.33476260080043, -101.85070824684752 41.334787899705766, -101.85061774183566 41.33504085003588, -101.85081802715855 41.33508738771198, -101.85077832147569 41.33519817186385, -101.85090337079315 41.335227273290805, -101.8507786521839 41.335574755693166, -101.8511837520842 41.33566929059744, -101.85106809296776 41.33599234087716, -101.85126112231151 41.33603745655494, -101.85120423472304 41.336196400841295, -101.85142379868189 41.33624780064052, -101.85137394092696 41.336386931814815, -102.144538779168 41.40310805433451, -102.14495639038374 41.401926389944926, -102.14738430982631 41.40244541546193, -102.14742437336616 41.402331901981405, -102.14755333389344 41.40235942646415, -102.14758697372068 41.40226427217572, -102.40938466825976 41.4581868402375, -102.40896179608035 41.45939600774706, -102.40899736557442 41.45940365053677, -102.40888606270433 41.459722467783834, -102.40897760681108 41.45974215362872, -102.40896397657463 41.45978120461605, -102.40907105704096 41.459804251810425, -102.40897549613553 41.46007768698604, -102.6042446927304 41.50053434123271))'
S2A_MSIL2A_20230627T173911_N0510_R098_T13TGF_20241003T122206.SAFE	geography'SRID=4326;POLYGON ((-101.34157122339384 41.03107402949433, -101.31204106517424 41.11129867974103, -101.31039239913348 41.115792678037224, -101.28942535132569 41.49194363396281, -102.60329641413972 41.5268622914542, -102.61064326292004 41.3228848202003, -102.48533397094704 41.29679064296887, -102.48538516764648 41.29664401005223, -102.48534136544569 41.296634893675616, -102.48543621617365 41.29636254469484, -102.48299967326928 41.29585564198105, -102.48314662003838 41.29543289503918, -102.48314024825896 41.295431571101496, -102.48320950418382 41.29523332577977, -102.48299811303076 41.29518947528497, -102.48318812437503 41.29464296813951, -102.19276765902323 41.2322645002306, -102.19222817673344 41.23378351730905, -102.08513814378828 41.20915759730072, -101.93044673741085 41.173642979799816, -101.93057912568345 41.17327349675124, -101.92799500790728 41.172680933813766, -101.92809999826797 41.17238714057325, -101.92803888499296 41.17237317114567, -101.92806947428824 41.17228800414795, -101.92771959717864 41.17220830311995, -101.9278758566747 41.17177126817583, -101.63894382223437 41.10422238144986, -101.63202884918307 41.10250080102569, -101.63148862340813 41.10399790350424, -101.63137199312008 41.10396847024101, -101.63134066090403 41.10405549402631, -101.34157122339384 41.03107402949433))'
S2A_MSIL2A_20230627T173911_N0510_R098_T13TEG_20240912T060019.SAFE	geography'SRID=4326;POLYGON ((-104.81606214888288 41.46269977295623, -103.68558188065235 41.45624189757688, -103.68049592861993 41.70184576189892, -103.81742045740957 41.724785735129565, -103.817580526575 41.724296454250975, -103.81806428521809 41.72437487281307, -103.8183033607536 41.723641848225675, -103.81865080603752 41.72369844349125, -103.81883025243745 41.7231493813688, -104.08840920934729 41.76726502132282, -104.08839731834416 41.76730196057541, -104.09167292708973 41.76783712619237, -104.0916625518371 41.76786936623462, -104.09262612441555 41.76802708727534, -104.09259415127408 41.76812641250637, -104.09296971695011 41.76818799723368, -104.09259940689712 41.769341013718, -104.39834428366068 41.81447321158037, -104.39837777806224 41.81436712427238, -104.39917750512124 41.81448235260464, -104.39954540251074 41.8133129482135, -104.40021817344035 41.813410641308046, -104.40031905141709 41.8130907595332, -104.40410077196697 41.81364381968144, -104.40416897351213 41.81342748191821, -104.40462513149689 41.81349424298935, -104.40472962126852 41.813162057851365, -104.69401294400204 41.85563307750976, -104.73978122681049 41.70896917578559, -104.78556137161166 41.56183325751108, -104.81606214888288 41.46269977295623))'
S2B_MSIL2A_20230627T164849_N0510_R026_T16TES_20240925T210457.SAFE	geography'SRID=4326;POLYGON ((-86.38894927999543 46.94985863217216, -87.00026284243778 46.953709179213256, -87.0002581299532 45.965551148516354, -86.81348246806043 45.96439361116441, -86.75855264472585 46.09421334343726, -86.69675445082503 46.239478335625705, -86.6345415180734 46.384760487809935, -86.57169828370182 46.530014909789806, -86.50873778952136 46.67526825918942, -86.44548754809848 46.82051751029089, -86.38894927999543 46.94985863217216))'
S2B_MSIL2A_20230627T164849_N0510_R026_T16TBK_20241002T221224.SAFE	geography'SRID=4326;POLYGON ((-89.21963968873186 39.72824466174812, -89.24913477999112 40.62894899386581, -90.54546370146343 40.59640146890937, -90.49451264760636 39.609013147606916, -89.25097483418234 39.639606917298615, -89.21963968873186 39.72824466174812))'
S2B_MSIL2A_20230627T164849_N0510_R026_T15TYF_20241002T221224.SAFE	geography'SRID=4326;POLYGON ((-90.6032964141397 41.5268622914542, -90.63889095789968 40.53861750192735, -89.34444498559898 40.50488583658978, -89.28942535132568 41.49194363396281, -90.6032964141397 41.5268622914542))'
S2B_MSIL2A_20230627T164849_N0510_R026_T16TCR_20240925T210457.SAFE	geography'SRID=4326;POLYGON ((-89.58406512039718 46.02435339629007, -89.53921420699882 45.037023116804335, -88.14563453547973 45.05951360004942, -88.1658919102777 46.0476276229589, -89.58406512039718 46.02435339629007))'
S2B_MSIL2A_20230627T164849_N0510_R026_T16TCN_20241002T221224.SAFE	geography'SRID=4326;POLYGON ((-88.10251858277495 42.76349476564754, -88.1129221649777 43.34744038882544, -89.46678204877877 43.32624633586568, -89.42778068203101 42.33836182515417, -88.25803851294971 42.356339012337436, -88.2434203276067 42.394945328277736, -88.18783639532647 42.54076461699094, -88.13203588785326 42.686628199135136, -88.10251858277495 42.76349476564754))'
S2B_MSIL2A_20230627T164849_N0510_R026_T15TXF_20241002T221224.SAFE	geography'SRID=4326;POLYGON ((-91.8010303852103 41.545593768972765, -91.81885207154319 40.55671174263467, -90.52280187838811 40.536185528423594, -90.48546160940656 41.52434469691515, -91.8010303852103 41.545593768972765))'
S2B_MSIL2A_20230627T164849_N0510_R026_T16TCQ_20240925T210457.SAFE	geography'SRID=4326;POLYGON ((-89.54313948300323 45.12551356202371, -89.50034838689311 44.137996748196564, -88.12808129589992 44.15979663371134, -88.14740738161733 45.148073182871244, -89.54313948300323 45.12551356202371))'
S2B_MSIL2A_20230627T164849_N0510_R026_T16TER_20240925T210457.SAFE	geography'SRID=4326;POLYGON ((-86.77633601747573 46.05218457747465, -87.00025853973811 46.05357436995249, -87.00025610765844 45.518635758221656, -86.94196821940051 45.658387778158485, -86.88118044061328 45.80368525531295, -86.82001155606604 45.9489629324289, -86.77633601747573 46.05218457747465))'
S2B_MSIL2A_20230627T164849_N0510_R026_T15TYJ_20240925T210457.SAFE	geography'SRID=4326;POLYGON ((-89.1661172467628 43.53338054423872, -89.12426105372481 44.18762158427181, -90.49642893280087 44.22597512802537, -90.51478538632945 43.78198238654698, -90.24533770689376 43.73777145162158, -90.24584290939136 43.73633251640524, -89.94033225556798 43.68222729123957, -89.93999288537354 43.683179435006586, -89.67025990683325 43.63349583956714, -89.67029551025455 43.633397271075445, -89.6702542767867 43.63338967435996, -89.67028819455278 43.633295759912045, -89.67005848511818 43.633253439492165, -89.67030454115414 43.6325715569635, -89.65285203910814 43.62934942585738, -89.65284944412211 43.62935661275464, -89.38365807049315 43.577106989179214, -89.38367144830649 43.57707039624909, -89.36800629478019 43.57386873857769, -89.3677290062343 43.574625352673536, -89.36683653583256 43.57444249717459, -89.36681321848918 43.57450617758922, -89.1661172467628 43.53338054423872))'
S2B_MSIL2A_20230627T164849_N0510_R026_T16TBL_20241002T221224.SAFE	geography'SRID=4326;POLYGON ((-90.59412455183306 41.49564643575739, -90.54082260253305 40.50846282585221, -89.24618611840131 40.54090999482793, -89.28005188450415 41.52923550071836, -90.59412455183306 41.49564643575739))'
S2B_MSIL2A_20230627T164849_N0510_R026_T16SCJ_20241002T221224.SAFE	geography'SRID=4326;POLYGON ((-89.21955992388143 39.72847029262768, -89.33363283056224 39.72680595308774, -89.3239392139916 39.43226389436727, -89.31027942850747 39.4711965656997, -89.25871238936445 39.61771969038344, -89.21955992388143 39.72847029262768))'
S2B_MSIL2A_20230627T164849_N0510_R026_T15TYE_20241002T221224.SAFE	geography'SRID=4326;POLYGON ((-90.63579176628713 40.62664940733135, -90.6698144654414 39.63822758400475, -89.39224764301619 39.60554763793313, -89.339654308026 40.59281342227294, -90.63579176628713 40.62664940733135))'
S2B_MSIL2A_20230627T164849_N0510_R026_T15TXN_20240925T210457.SAFE	geography'SRID=4326;POLYGON ((-90.44905415044 46.836181885895805, -90.24891500137984 46.83262831925138, -90.21455267161615 47.487752490926084, -90.2562996743902 47.37299879813212, -90.30930102382096 47.22654286338656, -90.36199215300816 47.08010048219752, -90.41436585019255 46.933666459460326, -90.44905415044 46.836181885895805))'
S2B_MSIL2A_20230627T164849_N0510_R026_T15TYN_20240925T210457.SAFE	geography'SRID=4326;POLYGON ((-90.36616658169925 47.068429005507355, -90.37780434448764 46.835655727197015, -88.940970134955 46.79367068819608, -88.86474152472253 47.779157072334634, -90.09438744479884 47.815659101131004, -90.09564355959081 47.81231015512083, -90.14954131718471 47.665916435913374, -90.2030192400001 47.519455458338896, -90.2562996743902 47.37299879813212, -90.30930102382096 47.22654286338656, -90.36199215300816 47.08010048219752, -90.36616658169925 47.068429005507355))'
S2B_MSIL2A_20230627T164849_N0510_R026_T15TWF_20241002T221224.SAFE	geography'SRID=4326;POLYGON ((-92.51247392010904 40.56001307358891, -91.70336265383867 40.5554731412015, -91.68379957458711 41.54431153543986, -92.20847069322426 41.54731388832892, -92.24064541476832 41.44366938540401, -92.286293368146 41.29670159337751, -92.3316388346395 41.1496880418566, -92.37704640377424 41.00270177494822, -92.42206871502604 40.85555788513294, -92.46710037494259 40.708361876651935, -92.51212981895664 40.561145500614415, -92.51247392010904 40.56001307358891))'
S2B_MSIL2A_20230627T164849_N0510_R026_T16TDS_20240925T210457.SAFE	geography'SRID=4326;POLYGON ((-88.31456075291094 46.946162221065514, -88.2910001297497 45.958258688896564, -86.87403273692426 45.96548172662488, -86.87173305487556 46.95363733424615, -88.31456075291094 46.946162221065514))'
S2B_MSIL2A_20230627T164849_N0510_R026_T16TCP_20241002T221224.SAFE	geography'SRID=4326;POLYGON ((-88.16364641581222 43.490931960846446, -88.44032511202195 43.55395065760232, -88.44006968455865 43.55462017355282, -88.44009583560448 43.55462615733592, -88.43999239995529 43.55489731833792, -88.44027090705191 43.55496113668879, -88.44024187142635 43.555037192084505, -88.44040508032678 43.555074647253726, -88.44028700213065 43.55538391502765, -88.44066249537536 43.55547032271591, -88.44051730994059 43.5558511052432, -88.44075913964214 43.55590683491187, -88.44068611773935 43.55609831590646, -88.44094014734821 43.556156943435006, -88.44084464047438 43.55640714189767, -88.49421692520438 43.56848024826734, -88.70587420205582 43.61617717009644, -88.74664677580553 43.62531139171077, -88.7472615275962 43.62367576707359, -88.74751215549313 43.62372851498332, -88.74755317637381 43.62361936441411, -89.01889776000246 43.68077360720466, -89.01847581415022 43.68190973637026, -89.01852024399119 43.68191914658606, -89.01838539012614 43.68228235092042, -89.01853130259718 43.68231327993156, -89.01850479280334 43.68238465995733, -89.01865624974502 43.68241679059467, -89.0186346088998 43.68247499904584, -89.01869407603994 43.682487577703135, -89.0184725721255 43.683083635916155, -89.04805399910988 43.68913539243441, -89.30616346410258 43.7418343722092, -89.30612880504219 43.74192879966839, -89.31956283019342 43.74467574273698, -89.32190014649254 43.74512878345764, -89.32238395876178 43.74380753690586, -89.32262409985145 43.743854094159545, -89.32293356580054 43.74300915024602, -89.48540281872867 43.77451188725432, -89.46322767686333 43.23826255332707, -88.1113169858077 43.25939191053712, -88.11544584769455 43.48064245185642, -88.15055819734803 43.489249744065205, -88.15042744136272 43.48958818056232, -88.16262598894374 43.49238689444972, -88.16314079132307 43.491052389539135, -88.1635629089027 43.49114840444054, -88.16364641581222 43.490931960846446))'
S2B_MSIL2A_20230627T164849_N0510_R026_T16TCK_20241002T221224.SAFE	geography'SRID=4326;POLYGON ((-88.8962255917568 40.63360186688553, -89.36468078702738 40.62663972727231, -89.33065130260064 39.638218234831534, -89.2510559743158 39.63937739615518, -89.20692919884067 39.76419883201308, -89.15496069590398 39.91062044223475, -89.10289202503759 40.05696788957244, -89.0508583933413 40.20322610075737, -88.99863678733628 40.34939550992628, -88.94615099902703 40.49554716055551, -88.8962255917568 40.63360186688553))'
S2B_MSIL2A_20230627T164849_N0510_R026_T16TCS_20240925T210457.SAFE	geography'SRID=4326;POLYGON ((-89.62701019239007 46.92356100851489, -89.57997492136948 45.93641922924405, -88.16404448302406 45.95962253249568, -88.18528956021277 46.947573655919015, -89.62701019239007 46.92356100851489))'
S2B_MSIL2A_20230626T171859_N0510_R012_T14TPK_20240909T233342.SAFE	geography'SRID=4326;POLYGON ((-96.52709468776006 40.41530769763078, -96.51955068002488 40.62420990912828, -97.81730037733891 40.64479964997401, -97.83433447991831 39.65575725270223, -96.80356303538919 39.639732063183175, -96.75564870146744 39.77506918210812, -96.70354473179871 39.92150804253079, -96.65153001810414 40.06792207356262, -96.59924403403583 40.21420552544578, -96.54691211078419 40.36038067702986, -96.52709468776006 40.41530769763078))'
S2B_MSIL2A_20230626T171859_N0510_R012_T14SNJ_20240909T233342.SAFE	geography'SRID=4326;POLYGON ((-99.00023345437725 39.7502679270046, -99.00023019602958 38.760864457162924, -97.73659678080747 38.754036048213806, -97.71871965132908 39.74319619212293, -99.00023345437725 39.7502679270046))'
S2B_MSIL2A_20230626T171859_N0510_R012_T15TUJ_20240909T233342.SAFE	geography'SRID=4326;POLYGON ((-95.07837709917922 44.23273734702964, -95.50407140709622 44.22596415476343, -95.46401040428552 43.25719082270812, -95.45465844389844 43.28116970457765, -95.39766131666758 43.42708504220907, -95.34033470661399 43.57293362216512, -95.28284723878777 43.71872018762343, -95.22532969180973 43.86434563517325, -95.16758249184404 44.00990483151828, -95.1093930170815 44.155408491469856, -95.07837709917922 44.23273734702964))'
S2B_MSIL2A_20230626T171859_N0510_R012_T14SNF_20240909T233342.SAFE	geography'SRID=4326;POLYGON ((-97.76929052220797 36.80420388815041, -97.76556196865786 37.04016090428803, -99.00022491682881 37.046583050483974, -99.00022206668982 36.05672396511734, -98.01514854416433 36.051717272850496, -97.99633703748692 36.1098623211577, -97.948601070687 36.25674953874335, -97.90075954009532 36.403621620432666, -97.85262691601129 36.55038392343862, -97.80447266794998 36.697068196609486, -97.76929052220797 36.80420388815041))'
S2B_MSIL2A_20230626T171859_N0510_R012_T15TTF_20240909T233342.SAFE	geography'SRID=4326;POLYGON ((-96.12776544755225 41.507567059812885, -96.59412455183308 41.49564643575739, -96.54082260253307 40.50846282585221, -96.49304983641369 40.50966014342646, -96.4413568663182 40.65257408342559, -96.38837170078286 40.79869166366082, -96.33516735163168 40.94481607967583, -96.28160884833642 41.09092908242064, -96.22791122464429 41.237088149835465, -96.17389327270739 41.383267389632415, -96.12776544755225 41.507567059812885))'
S2B_MSIL2A_20230626T171859_N0510_R012_T14TPL_20240909T233342.SAFE	geography'SRID=4326;POLYGON ((-97.8010303852103 41.545593768972765, -97.81885207154318 40.55671174263467, -96.52280187838811 40.536185528423594, -96.48546160940654 41.52434469691515, -97.8010303852103 41.545593768972765))'
S2B_MSIL2A_20230626T171859_N0510_R012_T14TQL_20240909T233342.SAFE	geography'SRID=4326;POLYGON ((-96.12531912134837 41.514159123047484, -96.6032964141397 41.5268622914542, -96.63889095789968 40.53861750192735, -96.48403537031112 40.534582156329336, -96.4413568663182 40.65257408342559, -96.38837170078286 40.79869166366082, -96.33516735163168 40.94481607967583, -96.28160884833642 41.09092908242064, -96.22791122464429 41.237088149835465, -96.17389327270739 41.383267389632415, -96.12531912134837 41.514159123047484))'
S2B_MSIL2A_20230626T171859_N0510_R012_T14SPF_20240909T233342.SAFE	geography'SRID=4326;POLYGON ((-97.69208699188147 37.0385611262965, -97.87551445266065 37.041254047993014, -97.88395532541595 36.45485974204941, -97.85262691601129 36.55038392343862, -97.80447266794998 36.697068196609486, -97.75631029932003 36.843730901813885, -97.70803784518864 36.990380312730174, -97.69208699188147 37.0385611262965))'
S2B_MSIL2A_20230626T171859_N0510_R012_T14SPG_20240909T233342.SAFE	geography'SRID=4326;POLYGON ((-97.39195799989693 37.93504377654896, -97.86192606806475 37.94208532019618, -97.8768196851591 36.952569122489834, -97.72123446494271 36.95028961198078, -97.70803784518864 36.990380312730174, -97.6594883286459 37.1370279660083, -97.61069247130696 37.28367718530676, -97.56178608481152 37.43036382400356, -97.51264617254215 37.57706961612916, -97.46327278604696 37.72380881084315, -97.41376330496084 37.87056447820694, -97.39195799989693 37.93504377654896))'
S2B_MSIL2A_20230626T171859_N0510_R012_T14TQK_20240909T233342.SAFE	geography'SRID=4326;POLYGON ((-96.45246505584551 40.621863618759484, -96.63579176628713 40.62664940733135, -96.65539868976776 40.05703231232437, -96.65153001810414 40.06792207356262, -96.59924403403583 40.21420552544578, -96.54691211078419 40.36038067702986, -96.49420524038892 40.506465834140585, -96.45246505584551 40.621863618759484))'
S2B_MSIL2A_20230626T171859_N0510_R012_T14SNH_20240909T233342.SAFE	geography'SRID=4326;POLYGON ((-99.00023047979299 38.848998483821255, -99.00022736409076 37.85944195932729, -97.75213459127728 37.85282950328523, -97.73503988519937 38.84214867288121, -99.00023047979299 38.848998483821255))'
S2B_MSIL2A_20230626T171859_N0510_R012_T14SNG_20240909T233342.SAFE	geography'SRID=4326;POLYGON ((-99.00022763545476 37.947589571993284, -99.00022465569249 36.95788109520145, -97.76699475177708 36.95147947183065, -97.75064570841931 37.94095623057468, -99.00022763545476 37.947589571993284))'
S2B_MSIL2A_20230626T171859_N0510_R012_T14SPH_20240909T233342.SAFE	geography'SRID=4326;POLYGON ((-97.08565579075473 38.83166946701824, -97.84770947866411 38.84331460585068, -97.86328240873523 37.853955038178526, -97.42159487402347 37.84735019441565, -97.41376330496084 37.87056447820694, -97.36413703306114 38.0173116657397, -97.31440124211672 38.16403291113955, -97.26445955584376 38.310658330653496, -97.21440100874099 38.4571819566942, -97.16425222068915 38.603619279807646, -97.11389613829085 38.750030047410085, -97.08565579075473 38.83166946701824))'
S2B_MSIL2A_20230626T171859_N0510_R012_T15TTE_20240909T233342.SAFE	geography'SRID=4326;POLYGON ((-96.46090698780841 40.59852447311172, -96.54546370146345 40.59640146890937, -96.53498975787194 40.39342530262145, -96.49420524038892 40.506465834140585, -96.46090698780841 40.59852447311172))'
S2B_MSIL2A_20230626T171859_N0510_R012_T14TNK_20240909T233342.SAFE	geography'SRID=4326;POLYGON ((-99.00023656389149 40.650856515774606, -99.00023315577859 39.66160695799293, -97.72035792136309 39.6545573069827, -97.70165933840751 40.64355721409192, -99.00023656389149 40.650856515774606))'
S2B_MSIL2A_20230626T171859_N0510_R012_T14SPJ_20240909T233342.SAFE	geography'SRID=4326;POLYGON ((-96.77235463453384 39.72788219931811, -97.83284204446889 39.744399896499196, -97.84912778038333 38.75519833855342, -97.11596461338432 38.74401593726138, -97.11389613829085 38.750030047410085, -97.06325923888112 38.896415182128415, -97.01254781236872 39.04284657413987, -96.9615308095312 39.189242082644085, -96.91050879547149 39.33569237062071, -96.85899895005998 39.48211889082993, -96.80749078612841 39.628637878512485, -96.77235463453384 39.72788219931811))'
S2B_MSIL2A_20230625T174909_N0510_R141_T13TEG_20241002T090516.SAFE	geography'SRID=4326;POLYGON ((-103.68463449932733 41.5019915454166, -103.66510843311784 42.44491772432881, -105.00024322601921 42.45269119915018, -105.00023949430313 41.463751887157464, -103.70157027504142 41.45633323137667, -103.68463449932733 41.5019915454166))'
S2B_MSIL2A_20230625T174909_N0510_R141_T13TEF_20241002T090516.SAFE	geography'SRID=4326;POLYGON ((-103.68463696026829 41.50198491079782, -103.68379957458713 41.54431153543986, -105.00023981916343 41.551844670066835, -105.00023625343321 40.56274991351036, -104.03038317068264 40.55730805698832, -103.99124635416688 40.6656717074273, -103.93826712039665 40.81181000124472, -103.8851619786094 40.95798841159407, -103.83160891253968 41.10414733441862, -103.78872438263257 41.220332261216, -103.77792354656545 41.249625032060585, -103.72399715927155 41.3958710629822, -103.68463696026829 41.50198491079782))'
S2B_MSIL2A_20230625T174909_N0510_R141_T13TFG_20241002T090516.SAFE	geography'SRID=4326;POLYGON ((-103.33283343906656 42.438826267619454, -103.78400297732625 42.44624086265282, -103.80265404258907 41.457520191909595, -103.70173359305372 41.45589293119676, -103.66976537186012 41.542078241347056, -103.66964154715097 41.542409243564855, -103.66951807125736 41.54274216297057, -103.61491123591986 41.68888618919623, -103.55995898520261 41.83491969582776, -103.50568123445696 41.981043014041305, -103.45084627255038 42.12695418205696, -103.39596885785072 42.27284990443994, -103.34045450725536 42.41866091641104, -103.33283343906656 42.438826267619454))'
S2B_MSIL2A_20230625T174909_N0510_R141_T13TEH_20241002T090516.SAFE	geography'SRID=4326;POLYGON ((-105.00024679052603 43.35285539234588, -105.00024288390158 42.36407192041621, -103.66698539119554 42.35632239007374, -103.64555267001923 43.34483481646455, -105.00024679052603 43.35285539234588))'
S2B_MSIL2A_20230625T174909_N0510_R141_T13TFH_20241002T090516.SAFE	geography'SRID=4326;POLYGON ((-102.98764315250024 43.33318898375382, -103.76618786223798 43.346200009839855, -103.78571286582209 42.35764145317536, -103.36630613531425 42.35076041846878, -103.34045450725536 42.41866091641104, -103.28529325799208 42.56461761656559, -103.22897822081771 42.7102952431711, -103.17289368448527 42.85617151197084, -103.11660330721668 43.00211697304079, -103.05979208448552 43.147991675742695, -103.00294960269882 43.29391195849075, -102.98764315250024 43.33318898375382))'
S2B_MSIL2A_20230625T174909_N0510_R141_T13TFF_20241002T090516.SAFE	geography'SRID=4326;POLYGON ((-103.66924790123753 41.54346521777166, -103.80103038521031 41.545593768972765, -103.80782487141964 41.168584255668826, -103.78872438263257 41.220332261216, -103.77792354656545 41.249625032060585, -103.72399715927155 41.3958710629822, -103.66976537186012 41.542078241347056, -103.66964154715097 41.542409243564855, -103.66951807125736 41.54274216297057, -103.66924790123753 41.54346521777166))'
S2A_MSIL2A_20230625T165851_N0510_R069_T15SVC_20240911T175400.SAFE	geography'SRID=4326;POLYGON ((-94.15275135075291 38.843310058483205, -94.13717219597592 37.85395064837389, -92.88904641935848 37.85938968525829, -92.88752596186193 38.84894433319432, -94.15275135075291 38.843310058483205))'
S2A_MSIL2A_20230625T165851_N0510_R069_T15SVD_20240911T175400.SAFE	geography'SRID=4326;POLYGON ((-94.16762472753088 39.74439520181332, -94.15133248212537 38.755193805393134, -92.88766443792474 38.760810475743604, -92.88607436984347 39.750212021802014, -94.16762472753088 39.74439520181332))'
S2A_MSIL2A_20230625T165851_N0510_R069_T15SXD_20240911T175400.SAFE	geography'SRID=4326;POLYGON ((-91.73093226099923 39.74281259340878, -91.83284204446889 39.744399896499196, -91.83787010386084 39.43899372940383, -91.80510570739668 39.53227473910669, -91.75365883989696 39.6785301489173, -91.73093226099923 39.74281259340878))'
S2A_MSIL2A_20230625T165851_N0510_R069_T15SWC_20240911T175400.SAFE	geography'SRID=4326;POLYGON ((-92.04532120734555 38.843828552896134, -93.00023047979299 38.848998483821255, -93.00022736409076 37.85944195932729, -92.38330495195402 37.856173474467454, -92.36157372782864 37.92076092682496, -92.31183532014703 38.06717497736107, -92.26174901910548 38.213599239141125, -92.21172524344688 38.36016050062158, -92.16138631377316 38.506771536618686, -92.11102502131479 38.65349367326289, -92.06039716134259 38.80020627774224, -92.04532120734555 38.843828552896134))'
S2A_MSIL2A_20230625T165851_N0510_R069_T14SQJ_20240911T175400.SAFE	geography'SRID=4326;POLYGON ((-95.57981637581018 38.71012396976311, -95.43792685625729 38.70656329494251, -95.40816936220084 39.29089739025323, -95.45006293932762 39.14995621584896, -95.49350638198675 39.00266768845313, -95.53701394784214 38.85548113304584, -95.57981637581018 38.71012396976311))'
S2A_MSIL2A_20230625T165851_N0510_R069_T15SUB_20240911T175400.SAFE	geography'SRID=4326;POLYGON ((-95.27552823620451 37.925581750319026, -95.24577213045468 36.936641907455304, -94.01312514326094 36.95355914294569, -94.0265600589798 37.943111174604404, -95.27552823620451 37.925581750319026))'
S2A_MSIL2A_20230625T165851_N0510_R069_T15STC_20240911T175400.SAFE	geography'SRID=4326;POLYGON ((-95.83763120459014 37.8236023617972, -95.16175219508035 37.83959549435291, -95.19134725642267 38.82843976082239, -95.54751276750467 38.81982711255192, -95.58035416251433 38.708297644634456, -95.62345753036189 38.56107207751203, -95.66644576882636 38.41378554656145, -95.70929709504122 38.26648249853312, -95.75209488770263 38.119132951733725, -95.79477767883368 37.97172737285711, -95.83743805549635 37.82426950791522, -95.83763120459014 37.8236023617972))'
S2A_MSIL2A_20230625T165851_N0510_R069_T14SQH_20240911T175400.SAFE	geography'SRID=4326;POLYGON ((-95.83992717025198 37.81567198765809, -95.48163775999416 37.80685703267152, -95.43354720329413 38.79452724007538, -95.5540703667664 38.79755748739558, -95.58035416251433 38.708297644634456, -95.62345753036189 38.56107207751203, -95.66644576882636 38.41378554656145, -95.70929709504122 38.26648249853312, -95.75209488770263 38.119132951733725, -95.79477767883368 37.97172737285711, -95.83743805549635 37.82426950791522, -95.83992717025198 37.81567198765809))'
S2A_MSIL2A_20230625T165851_N0510_R069_T15STB_20240911T175400.SAFE	geography'SRID=4326;POLYGON ((-96.0972075469786 36.9163835283891, -95.1360250458418 36.93866731150362, -95.16432984132963 37.92768043331917, -95.81196295467367 37.91232555125949, -95.83743805549635 37.82426950791522, -95.8801467343478 37.67675170836454, -95.9226011828639 37.529243268526834, -95.9646924333189 37.38171977489648, -96.00678629392404 37.23430054061475, -96.04883017221408 37.08695724325956, -96.09065925983663 36.93961260794468, -96.0972075469786 36.9163835283891))'
S2A_MSIL2A_20230625T165851_N0510_R069_T14SQG_20240911T175400.SAFE	geography'SRID=4326;POLYGON ((-96.09597031985649 36.92077240850761, -95.52344565573671 36.90697181308603, -95.47744908495345 37.89483865903757, -95.8146174107373 37.90315028244225, -95.83743805549635 37.82426950791522, -95.8801467343478 37.67675170836454, -95.9226011828639 37.529243268526834, -95.9646924333189 37.38171977489648, -96.00678629392404 37.23430054061475, -96.04883017221408 37.08695724325956, -96.09065925983663 36.93961260794468, -96.09597031985649 36.92077240850761))'
S2A_MSIL2A_20230625T165851_N0510_R069_T15SUD_20240911T175400.SAFE	geography'SRID=4326;POLYGON ((-95.3281104781829 39.55900841055635, -95.301097327331 38.73820958831532, -94.03810488537859 38.75625435897602, -94.05279562809639 39.74549354563108, -95.27764748501917 39.72762278704907, -95.3182581912751 39.591967975637694, -95.3281104781829 39.55900841055635))'
S2A_MSIL2A_20230625T165851_N0510_R069_T15SWB_20240911T175400.SAFE	geography'SRID=4326;POLYGON ((-92.35362579279158 37.944157119353335, -93.00022763545478 37.947589571993284, -93.00022465569249 36.95788109520145, -92.6841865276099 36.95624056000167, -92.65621836779536 37.041169048593936, -92.60749909783635 37.18793613614962, -92.55867078296777 37.334624744565886, -92.50944581342844 37.48119621900752, -92.46010856172188 37.62773609322622, -92.41087337983168 37.77423724704429, -92.36157372782864 37.92076092682496, -92.35362579279158 37.944157119353335))'
S2A_MSIL2A_20230625T165851_N0510_R069_T15SWD_20240911T175400.SAFE	geography'SRID=4326;POLYGON ((-91.73077312690228 39.74326270641521, -93.00023345437725 39.7502679270046, -93.00023019602958 38.760864457162924, -92.07569733282773 38.755868476207695, -92.06039716134259 38.80020627774224, -92.00972648516195 38.94682188687849, -91.95886495658688 39.09331771645718, -91.90775357469592 39.23970011009887, -91.85647752733519 39.38601795579072, -91.80510570739668 39.53227473910669, -91.75365883989696 39.6785301489173, -91.73077312690228 39.74326270641521))'
S2A_MSIL2A_20230625T165851_N0510_R069_T15STD_20240911T175400.SAFE	geography'SRID=4326;POLYGON ((-95.57364621256096 38.73107786115377, -95.18865192655385 38.74036995699254, -95.21960079191267 39.7290432642928, -95.27765057501747 39.72761246530943, -95.3182581912751 39.591967975637694, -95.362316130865 39.44457777670678, -95.40628210686016 39.297246620907615, -95.45006293932762 39.14995621584896, -95.49350638198675 39.00266768845313, -95.53701394784214 38.85548113304584, -95.57364621256096 38.73107786115377))'
S2A_MSIL2A_20230625T165851_N0510_R069_T15SUC_20240911T175400.SAFE	geography'SRID=4326;POLYGON ((-95.30393084279649 38.82627262441358, -95.27281842761565 37.837503416034735, -94.025336559118 37.85497766278228, -94.03938428014581 38.84437393595428, -95.30393084279649 38.82627262441358))'
S2A_MSIL2A_20230625T165851_N0510_R069_T15SVB_20240911T175400.SAFE	geography'SRID=4326;POLYGON ((-94.13852907879905 37.9420809165272, -94.12362950841454 36.95256487264268, -92.89036811332885 36.957830487987216, -92.88891399416781 37.94753713280259, -94.13852907879905 37.9420809165272))'
S2B_MSIL2A_20230624T163839_N0510_R126_T15TYE_20240916T134657.SAFE	geography'SRID=4326;POLYGON ((-90.27458427401862 39.628117661678296, -89.39224764301619 39.60554763793313, -89.339654308026 40.59281342227294, -89.97801974644882 40.609478108027226, -89.98744701037121 40.578712466370206, -90.03244317704034 40.43148442992367, -90.0773048331953 40.28427088311056, -90.12188151901132 40.137023111271176, -90.16616297795392 39.98977759600185, -90.21045909893195 39.84257687895326, -90.25452170076595 39.695357070166445, -90.27458427401862 39.628117661678296))'
S2B_MSIL2A_20230624T163839_N0510_R126_T16SBF_20240916T134657.SAFE	geography'SRID=4326;POLYGON ((-90.37131820920371 36.99866808026183, -90.32869364809062 36.01049725766069, -89.11143123293883 36.03812799310683, -89.13850562461279 37.02730768000537, -90.37131820920371 36.99866808026183))'
S2B_MSIL2A_20230624T163839_N0510_R126_T15SXB_20240916T134657.SAFE	geography'SRID=4326;POLYGON ((-91.05671844014935 36.94055365338624, -90.64426763054043 36.93451075320804, -90.61305784244584 37.92337349546603, -90.77453402720307 37.925792897293455, -90.81657162200833 37.78021740131943, -90.8587013684169 37.63283174262729, -90.90135760723052 37.48558779226271, -90.94352804134746 37.338174122945205, -90.98550897608496 37.19066987960372, -91.02768300500269 37.04321541143802, -91.05671844014935 36.94055365338624))'
S2B_MSIL2A_20230624T163839_N0510_R126_T16TBK_20240916T134657.SAFE	geography'SRID=4326;POLYGON ((-90.27870037711301 39.61432260488987, -89.21676465654707 39.64044856303257, -89.24913477999112 40.62894899386581, -89.97765831850184 40.61065761915506, -89.98744701037121 40.578712466370206, -90.03244317704034 40.43148442992367, -90.0773048331953 40.28427088311056, -90.12188151901132 40.137023111271176, -90.16616297795392 39.98977759600185, -90.21045909893195 39.84257687895326, -90.25452170076595 39.695357070166445, -90.27870037711301 39.61432260488987))'
S2B_MSIL2A_20230624T163839_N0510_R126_T15SXA_20240916T134657.SAFE	geography'SRID=4326;POLYGON ((-91.30974368951804 36.04326239508085, -90.67138577052769 36.03410504881955, -90.64153245372125 37.023137802563134, -91.03174125110787 37.028866507153985, -91.0694261739582 36.89562240689101, -91.11130402670432 36.74813298684339, -91.15315965760547 36.60063831340174, -91.19488050559411 36.453187857840845, -91.23634169800124 36.30572813882406, -91.27751260739099 36.15820575695033, -91.30974368951804 36.04326239508085))'
S2B_MSIL2A_20230624T163839_N0510_R126_T16SDG_20240916T134657.SAFE	geography'SRID=4326;POLYGON ((-87.31635772655873 37.945670777732, -88.13852907879904 37.9420809165272, -88.12362950841452 36.95256487264268, -87.6480877316386 36.95459527762149, -87.63410436719178 36.99711218987883, -87.58540158627666 37.143690380290174, -87.53663146838937 37.29030920694596, -87.48763904748577 37.43692593225376, -87.43849490039757 37.583584017714735, -87.38914132478082 37.73028512827644, -87.33961597939694 37.87699107142517, -87.31635772655873 37.945670777732))'
S2B_MSIL2A_20230624T163839_N0510_R126_T15SYV_20240916T134657.SAFE	geography'SRID=4326;POLYGON ((-90.7780477118352 36.124284255378335, -90.80526871562567 35.1350099026398, -89.60167165206713 35.10721816203458, -89.559581263597 36.09546699375022, -90.7780477118352 36.124284255378335))'
S2B_MSIL2A_20230624T163839_N0510_R126_T16SEJ_20240916T134657.SAFE	geography'SRID=4326;POLYGON ((-86.69317358086967 39.74857348874488, -87.00023345437725 39.7502679270046, -87.00023055745035 38.8706105635945, -86.98911300972422 38.902842664187865, -86.93845901771374 39.04932645142908, -86.88740849582445 39.19574638483301, -86.83638030963806 39.342248128664814, -86.78495233227461 39.48875983399502, -86.73328708470355 39.63528560636792, -86.69317358086967 39.74857348874488))'
S2B_MSIL2A_20230624T163839_N0510_R126_T16TDK_20240916T134657.SAFE	geography'SRID=4326;POLYGON ((-88.18317260660315 40.64479480422486, -88.16613169555372 39.655752572676114, -86.88622008547372 39.66155122739065, -86.88455693238029 40.65079881136531, -88.18317260660315 40.64479480422486))'
S2B_MSIL2A_20230624T163839_N0510_R126_T16TFM_20240916T134657.SAFE	geography'SRID=4326;POLYGON ((-85.70514205228463 42.44494484912896, -85.78400297732624 42.44624086265282, -85.78816244659825 42.225741218766125, -85.7728002098165 42.26648859828644, -85.71754338863734 42.41230737048026, -85.70514205228463 42.44494484912896))'
S2B_MSIL2A_20230624T163839_N0510_R126_T16TEN_20240916T134657.SAFE	geography'SRID=4326;POLYGON ((-85.66263858523426 42.55680424547933, -85.64555267001921 43.34483481646455, -87.00024679052602 43.35285539234588, -87.00024288390156 42.36407192041621, -85.73860069605567 42.356738652484445, -85.71754338863734 42.41230737048026, -85.66263858523426 42.55680424547933))'
S2B_MSIL2A_20230624T163839_N0510_R126_T16SCH_20240916T134657.SAFE	geography'SRID=4326;POLYGON ((-89.30393084279648 38.82627262441358, -89.27281842761563 37.837503416034735, -88.02533655911799 37.85497766278228, -88.0393842801458 38.84437393595428, -89.30393084279648 38.82627262441358))'
S2B_MSIL2A_20230624T163839_N0510_R126_T15SYA_20240916T134657.SAFE	geography'SRID=4326;POLYGON ((-90.75206945697532 37.02528430302893, -90.78052649213598 36.03617591535172, -89.56341398032555 36.007451011934776, -89.51941449107781 36.995510653879045, -90.75206945697532 37.02528430302893))'
S2B_MSIL2A_20230624T163839_N0510_R126_T16SBJ_20240916T134657.SAFE	geography'SRID=4326;POLYGON ((-90.4640906881195 38.99029438295663, -90.45026011044493 38.7099201955759, -89.18865192655385 38.74036995699254, -89.21960079191267 39.7290432642928, -90.25205594750027 39.70359552430172, -90.25452170076595 39.695357070166445, -90.2984432974464 39.54815450828897, -90.34237899406713 39.40099844392772, -90.38607463879588 39.253752534125056, -90.42964347753725 39.10641290961839, -90.4640906881195 38.99029438295663))'
S2B_MSIL2A_20230624T163839_N0510_R126_T16SCJ_20240916T134657.SAFE	geography'SRID=4326;POLYGON ((-89.33363283056224 39.72680595308774, -89.301097327331 38.73820958831532, -88.03810488537859 38.75625435897602, -88.05279562809639 39.74549354563108, -89.33363283056224 39.72680595308774))'
S2B_MSIL2A_20230624T163839_N0510_R126_T16SDH_20240916T134657.SAFE	geography'SRID=4326;POLYGON ((-87.00788858500799 38.848408336928586, -88.15275135075291 38.843310058483205, -88.13717219597591 37.85395064837389, -87.34623046310257 37.85739738534472, -87.33961597939694 37.87699107142517, -87.28993422768556 38.023697195057146, -87.2402164045931 38.17041211046191, -87.19028139623539 38.31704042634022, -87.14018265200002 38.4635612742569, -87.08998430715731 38.60999531355941, -87.0396204346099 38.75641105537178, -87.00788858500799 38.848408336928586))'
S2B_MSIL2A_20230624T163839_N0510_R126_T16SCG_20240916T134657.SAFE	geography'SRID=4326;POLYGON ((-89.2755282362045 37.925581750319026, -89.24577213045467 36.936641907455304, -88.01312514326092 36.95355914294569, -88.0265600589798 37.943111174604404, -89.2755282362045 37.925581750319026))'
S2B_MSIL2A_20230624T163839_N0510_R126_T15SYD_20240916T134657.SAFE	geography'SRID=4326;POLYGON ((-90.53941579360503 38.73420482855783, -89.43792685625729 38.70656329494251, -89.38763948191423 39.69403311805837, -90.24831640743312 39.71608989255781, -90.25452170076595 39.695357070166445, -90.2984432974464 39.54815450828897, -90.34237899406713 39.40099844392772, -90.38607463879588 39.253752534125056, -90.42964347753725 39.10641290961839, -90.47334072888528 38.95911330654645, -90.51670134505042 38.811702968306726, -90.53941579360503 38.73420482855783))'
S2B_MSIL2A_20230624T163839_N0510_R126_T16TDM_20240916T134657.SAFE	geography'SRID=4326;POLYGON ((-88.21648331498238 42.44623570214159, -88.19782479530704 41.4575152063026, -86.88312689683454 41.46369251697452, -86.88130582637642 42.452629745736225, -88.21648331498238 42.44623570214159))'
S2B_MSIL2A_20230624T163839_N0510_R126_T15SXC_20240916T134657.SAFE	geography'SRID=4326;POLYGON ((-90.79987049114942 37.83805314143194, -90.61590002865951 37.83530211029287, -90.59217837397179 38.554019986231694, -90.6030363861405 38.516917908034735, -90.6460498598563 38.36955692777506, -90.68879216349448 38.22220002651353, -90.73154754875786 38.07488197849965, -90.77403951184785 37.92750539579481, -90.79987049114942 37.83805314143194))'
S2B_MSIL2A_20230624T163839_N0510_R126_T16SBE_20240916T134657.SAFE	geography'SRID=4326;POLYGON ((-90.33240658759655 36.09852303080595, -90.29163167735423 35.11016547706432, -89.0878912416572 35.13689854165628, -89.11378957265575 36.12624261200447, -90.33240658759655 36.09852303080595))'
S2B_MSIL2A_20230624T163839_N0510_R126_T16TFN_20240916T134657.SAFE	geography'SRID=4326;POLYGON ((-85.3607413476975 43.339424194512624, -85.76618786223797 43.346200009839855, -85.78571286582208 42.35764145317536, -85.73855179427532 42.35686770076152, -85.71754338863734 42.41230737048026, -85.6621208791495 42.55816672939294, -85.60645544721065 42.70401405321937, -85.55047232546782 42.849883418350025, -85.4942562669449 42.99579765493533, -85.43781951299299 43.1417763071396, -85.38097643097096 43.28769779313649, -85.3607413476975 43.339424194512624))'
S2A_MSIL2A_20230622T164841_N0510_R026_T15TYN_20240911T182349.SAFE	geography'SRID=4326;POLYGON ((-90.36649666846405 47.06182675903042, -90.37780434448764 46.835655727197015, -88.940970134955 46.79367068819608, -88.86474152472253 47.779157072334634, -90.09249898931067 47.81560304234572, -90.14277859157998 47.67892422280872, -90.19609298611971 47.53267480951055, -90.24930089579078 47.386369581937295, -90.30230449092743 47.23998981405341, -90.35511166346512 47.093536470015245, -90.36649666846405 47.06182675903042))'
S2A_MSIL2A_20230622T164841_N0510_R026_T16TDR_20240911T182349.SAFE	geography'SRID=4326;POLYGON ((-86.87434462660161 45.822797276941216, -86.87383276277595 46.05350473573164, -88.29304891527646 46.0462596089832, -88.27058357693213 45.058191670236305, -87.190598366464 45.06361347073549, -87.18004856909998 45.089363616388894, -87.12013975832947 45.23471133423149, -87.05989217053013 45.38012066153631, -86.99921765948649 45.52563462765509, -86.9381859568318 45.671183595852256, -86.87690913846792 45.816734072288575, -86.87434462660161 45.822797276941216))'
S2A_MSIL2A_20230622T164841_N0510_R026_T16TCT_20240911T182349.SAFE	geography'SRID=4326;POLYGON ((-89.67207324053517 47.82259512731069, -89.62271963783216 46.835643714163524, -88.18335153308469 46.859583083848264, -88.20564501110891 47.84737115234881, -89.67207324053517 47.82259512731069))'
S2A_MSIL2A_20230622T164841_N0510_R026_T16TDT_20240911T182349.SAFE	geography'SRID=4326;POLYGON ((-88.33713470955432 47.84591482730969, -88.31241149952398 46.858175957972115, -86.87194283884885 46.86562824777826, -86.8695296380832 47.85362771191058, -88.33713470955432 47.84591482730969))'
S2A_MSIL2A_20230622T164841_N0510_R026_T15SVD_20240911T182349.SAFE	geography'SRID=4326;POLYGON ((-93.04985530086714 38.760089580240084, -92.88766443792474 38.760810475743604, -92.88677799092524 39.31239190935153, -92.88808362754794 39.30800404403068, -92.93174745544883 39.160727812397134, -92.97528879422983 39.01347795319752, -93.01876229832467 38.866306119936425, -93.04985530086714 38.760089580240084))'
S2A_MSIL2A_20230622T164841_N0510_R026_T15TXK_20240911T182349.SAFE	geography'SRID=4326;POLYGON ((-91.36976050490158 44.15208271037079, -90.37725879085306 44.135250725162805, -90.33237892318715 45.122671880514964, -91.03948335194653 45.134873089167414, -91.07140204092208 45.04121003631488, -91.12132154083561 44.89443486977588, -91.17100553888736 44.7476459326164, -91.22028294927308 44.60080874443749, -91.26945566254 44.454009955198295, -91.31826662119713 44.307268484912974, -91.36693735993421 44.16059695001487, -91.36976050490158 44.15208271037079))'
S2A_MSIL2A_20230622T164841_N0510_R026_T15TXN_20240911T182349.SAFE	geography'SRID=4326;POLYGON ((-90.44734767430155 46.836151586592976, -90.24891500137984 46.83262831925138, -90.21491037351821 47.4809328380125, -90.24930089579078 47.386369581937295, -90.30230449092743 47.23998981405341, -90.35511166346512 47.093536470015245, -90.40771236103693 46.94703210591878, -90.44734767430155 46.836151586592976))'
S2A_MSIL2A_20230622T164841_N0510_R026_T15TWG_20240911T182349.SAFE	geography'SRID=4326;POLYGON ((-92.23410661587515 41.459375348449136, -91.68558188065235 41.45624189757688, -91.66510843311782 42.44491772432881, -91.92345933447591 42.44642190520812, -91.93890380488 42.39791144044876, -91.9855173809766 42.25105928323796, -92.03197255339376 42.10412350919708, -92.07835136316051 41.95716539628968, -92.12465509808096 41.81017641646256, -92.17057369286144 41.66304207919227, -92.21652385936268 41.51588332337875, -92.23410661587515 41.459375348449136))'
S2A_MSIL2A_20230622T164841_N0510_R026_T15SVC_20240911T182349.SAFE	geography'SRID=4326;POLYGON ((-93.31243187543771 37.857544671594546, -92.88904641935848 37.85938968525829, -92.88752596186193 38.84894433319432, -93.02402258802827 38.84833648933052, -93.06187261826 38.71903732521395, -93.10490943739585 38.57178395664149, -93.14775043173184 38.42442809953765, -93.19074733444477 38.27711308580784, -93.23362412649466 38.12974873711653, -93.2763070498252 37.98228704084413, -93.31243187543771 37.857544671594546))'
S2A_MSIL2A_20230622T164841_N0510_R026_T16TES_20240911T182349.SAFE	geography'SRID=4326;POLYGON ((-86.39053454449537 46.9498686174496, -87.00026284243778 46.953709179213256, -87.0002581299532 45.965551148516354, -86.81444789233656 45.964399594356486, -86.75362143467629 46.10757008788328, -86.69164838590743 46.25290751106272, -86.62949058050678 46.398178052211215, -86.56675642774925 46.54324704543057, -86.50416248427504 46.688287464784594, -86.44134133441366 46.833282404577815, -86.39053454449537 46.9498686174496))'
S2A_MSIL2A_20230622T164841_N0510_R026_T16TER_20240911T182349.SAFE	geography'SRID=4326;POLYGON ((-86.77715000554834 46.05218962955466, -87.00025853973811 46.05357436995249, -87.00025612815546 45.52314409757728, -86.99921765948649 45.52563462765509, -86.9381859568318 45.671183595852256, -86.87690913846792 45.816734072288575, -86.81538705751582 45.96218903093737, -86.77715000554834 46.05218962955466))'
S2A_MSIL2A_20230622T164841_N0510_R026_T15TXL_20240911T182349.SAFE	geography'SRID=4326;POLYGON ((-91.06949067349815 45.046818803898816, -90.33649579223145 45.034190140253024, -90.28945585240228 46.02142174250963, -90.7312745090919 46.02916244949265, -90.76894661635713 45.920852835386896, -90.81975239430744 45.77440558889735, -90.87039355467837 45.627873610045775, -90.92092993551907 45.48131086319712, -90.97129570980846 45.33466157487849, -91.0213983620234 45.187942166293496, -91.06949067349815 45.046818803898816))'
S2A_MSIL2A_20230621T173051_N0510_R012_T15TVM_20240816T025022.SAFE	geography'SRID=4326;POLYGON ((-94.30990197769478 46.75081847059962, -94.29522656894154 46.13547446869756, -94.24398243780541 46.25561746735592, -94.18176017716382 46.40086722506534, -94.11943747401904 46.54602429189196, -94.05752756045896 46.689650978749306, -94.16321079799854 46.71545833571959, -94.30990197769478 46.75081847059962))'
S2B_MSIL2A_20230621T162839_N0510_R083_T16TDL_20240925T130436.SAFE	geography'SRID=4326;POLYGON ((-87.47460547300012 40.55996990907147, -86.88470843547175 40.5626923872254, -86.88296836561118 41.55178511688993, -87.16982064224003 41.55043497424317, -87.18128481015397 41.513546924840085, -87.22682726825026 41.36649989768557, -87.27238745729105 41.219511839563935, -87.31765315619562 41.07249140675113, -87.36277784150025 40.92541071063166, -87.40789455566092 40.778272363729386, -87.45290354205588 40.6310706636316, -87.47460547300012 40.55996990907147))'
S2B_MSIL2A_20230621T162839_N0510_R083_T16TFP_20240925T130436.SAFE	geography'SRID=4326;POLYGON ((-85.74751912777681 44.24655093494868, -85.76796729995816 43.25815531909012, -84.41619172041912 43.235600960154144, -84.37335402628884 44.22320974043625, -85.74751912777681 44.24655093494868))'
S2B_MSIL2A_20230621T162839_N0510_R083_T16TGQ_20240925T130436.SAFE	geography'SRID=4326;POLYGON ((-84.46513021886496 44.946370377216425, -84.50015121099591 44.13800768802703, -83.13001323357865 44.099770918209835, -83.09167160997363 44.6717195249285, -83.26482710995586 44.71049935256941, -83.27834227106364 44.71352252057528, -83.2922758076834 44.716624862240536, -83.2927492489474 44.71540340613304, -83.29307937276353 44.71547241534708, -83.2931370802543 44.71532363761704, -83.56940375669062 44.77312400247518, -83.5688885668442 44.77446841820256, -83.56890615121392 44.774472121455446, -83.56889478839597 44.77450182913106, -83.5690855271341 44.774542033504254, -83.56903366530835 44.77467762932936, -83.56926547854722 44.77472634298093, -83.56913867493981 44.77505725577189, -83.68348881300567 44.7983148648259, -83.8618998175467 44.834520832404635, -83.86187149487213 44.83459601627029, -83.87164926259635 44.83658471084466, -83.87807576466179 44.83789111636813, -83.87847184779056 44.83684245075873, -83.87861384847379 44.83686981517242, -83.87891758780685 44.83606456393462, -84.15398243403801 44.88907595927616, -84.1537920396547 44.88958720221955, -84.1538944888411 44.88960694729367, -84.15336497897496 44.89102777562192, -84.17070836475531 44.89420640026234, -84.17076358792688 44.89405773075477, -84.44602386903702 44.944501038031866, -84.44601142078672 44.9445349880035, -84.45081184023918 44.94537846612142, -84.46383188861405 44.94776447800184, -84.46404345262519 44.947187678470875, -84.46427659694949 44.94722868755642, -84.46447056134711 44.94670095481478, -84.46468053670577 44.94673795957836, -84.46472573443252 44.946614736235965, -84.46480064711506 44.946627918963145, -84.46480919214713 44.946604653146395, -84.46496047024691 44.946631294710365, -84.4650302762722 44.94644136587324, -84.4650996546302 44.94645359332253, -84.46513021886496 44.946370377216425))'
S2B_MSIL2A_20230621T162839_N0510_R083_T16TFQ_20240925T130436.SAFE	geography'SRID=4326;POLYGON ((-85.72106744793649 45.146633940084385, -85.72795903223155 45.14675285555784, -85.74938307519847 44.158520786393645, -84.37725879085305 44.135250725162805, -84.34134894252936 44.92531865014525, -84.44602386903702 44.944501038031866, -84.44601142078672 44.9445349880035, -84.45081184023918 44.94537846612142, -84.46383188861405 44.94776447800184, -84.46404345262519 44.947187678470875, -84.46427659694949 44.94722868755642, -84.46447056134711 44.94670095481478, -84.46468053670577 44.94673795957836, -84.46472573443252 44.946614736235965, -84.46480064711506 44.946627918963145, -84.46480919214713 44.946604653146395, -84.46496047024691 44.946631294710365, -84.4650302762722 44.94644136587324, -84.4650996546302 44.94645359332253, -84.4651336643089 44.94636099643426, -84.74332312651127 44.99541762339379, -84.74309478450449 44.996048255618255, -84.7431257237135 44.99605371603024, -84.74277130037953 44.99703324765727, -84.89073345894606 45.02137611258264, -85.0591429918447 45.04868433455435, -85.05915759080509 45.048643183537706, -85.0592192235444 45.04865289839009, -85.05927845339326 45.048485955227214, -85.05941728448573 45.04850787794774, -85.05950832912 45.04825141913804, -85.05996244202812 45.0483237190482, -85.06002765234477 45.04814015762656, -85.06002770055507 45.04814016527936, -85.06006488064777 45.048035420424654, -85.06015113871244 45.04804913830578, -85.06024642902705 45.047780646436856, -85.06045900367805 45.04781451147852, -85.06049319581443 45.04771830125743, -85.06077399135836 45.04776311836943, -85.06080294399611 45.04768169637112, -85.06099438306818 45.04771230723205, -85.06100341693083 45.04768688171762, -85.16612457859569 45.06452249002866, -85.3459563988342 45.09327736635783, -85.34594108716371 45.09332088093458, -85.34693900339245 45.09348070153101, -85.34685740590825 45.09371280726472, -85.34704528418635 45.09374295239486, -85.3467717305041 45.09452158942402, -85.469766620059 45.112463145451215, -85.67352554758537 45.14149794145207, -85.67358632027165 45.1413217378166, -85.67389697481897 45.141365296062, -85.67398277259582 45.14111685829358, -85.67406266018473 45.141128095278624, -85.6740731704961 45.14109763863859, -85.674636607487 45.141177794851856, -85.67468615298415 45.141034358734295, -85.67481513081276 45.1410526052328, -85.67487916769254 45.14086705761908, -85.67511560157952 45.1409006087148, -85.67513918547175 45.140832284169605, -85.67551149093386 45.140885276011225, -85.67560689198028 45.14060935609989, -85.67604857006349 45.1406724154168, -85.67608638930018 45.14056308862894, -85.67640262531921 45.14060838048728, -85.67646093436416 45.14043967857262, -85.6767289551951 45.140478172460966, -85.67680499508067 45.14025802197137, -85.72106744793649 45.146633940084385))'
S2B_MSIL2A_20230621T162839_N0510_R083_T16TGP_20240925T130436.SAFE	geography'SRID=4326;POLYGON ((-84.49642893280085 44.22597512802537, -84.53726452230805 43.238273156784096, -83.1873683405316 43.201211355403785, -83.1242610537248 44.18762158427181, -84.49642893280085 44.22597512802537))'
S2B_MSIL2A_20230621T162839_N0510_R083_T16TEM_20240925T130436.SAFE	geography'SRID=4326;POLYGON ((-87.0002418651141 42.09203875065923, -87.00023949430312 41.463751887157464, -85.68558188065235 41.45624189757688, -85.66510843311782 42.44491772432881, -86.8860298021585 42.452026221217345, -86.90391236333868 42.395911979629695, -86.9506351132748 42.248841166861375, -86.99717459338521 42.101773622437854, -87.0002418651141 42.09203875065923))'
S2B_MSIL2A_20230621T162839_N0510_R083_T16TEN_20240925T130436.SAFE	geography'SRID=4326;POLYGON ((-86.914186501734 42.36357171955597, -85.66698539119552 42.35632239007374, -85.64555267001921 43.34483481646455, -86.59725199686362 43.350469429143246, -86.62098135061086 43.27744692120286, -86.66850174188582 43.13058022439232, -86.71578649438517 42.983726200286746, -86.76294185252483 42.836862775841176, -86.81003500610035 42.68995040854353, -86.85705074218626 42.54296050942592, -86.90391236333868 42.395911979629695, -86.914186501734 42.36357171955597))'
S2B_MSIL2A_20230621T162839_N0510_R083_T16TDM_20240925T130436.SAFE	geography'SRID=4326;POLYGON ((-87.19718242142045 41.462216878696054, -86.88312689683454 41.46369251697452, -86.88130582637642 42.452629745736225, -86.8858443966368 42.45260801093591, -86.90391236333868 42.395911979629695, -86.9506351132748 42.248841166861375, -86.99717459338521 42.101773622437854, -87.043518047043 41.95468930157799, -87.0896603452339 41.80761622252643, -87.13558843899638 41.6605833263876, -87.18128481015397 41.513546924840085, -87.19718242142045 41.462216878696054))'
S2B_MSIL2A_20230621T162839_N0510_R083_T16TEQ_20240925T142800.SAFE	geography'SRID=4326;POLYGON ((-85.60808247163902 44.95647833962974, -85.60358882685107 45.145299673094094, -85.99895761977129 45.14771649484273, -86.0040075952609 45.13278861795928, -86.0432201634178 45.017975241692554, -85.73102540793803 44.97379011898848, -85.73110525880956 44.973557611405234, -85.70971998407883 44.97046267044412, -85.70968448660814 44.97056555286638, -85.70963537444622 44.97055854581656, -85.70953505793312 44.97084940650694, -85.70836078642292 44.970682349109445, -85.70831522056628 44.970813801389305, -85.60808247163902 44.95647833962974))'
S2B_MSIL2A_20230621T162839_N0510_R083_T17TLK_20240925T142800.SAFE	geography'SRID=4326;POLYGON ((-82.65180858992832 44.38825008653252, -82.44661536452965 44.33776684274278, -82.4004570478951 44.45183572106325, -82.40042576941057 44.4519135563496, -82.39887977942045 44.45573666079199, -82.3412150649319 44.598388711142746, -82.28204373268765 44.74403575596779, -82.22253289393228 44.88966482225192, -82.16272743743053 45.035264052883285, -82.14599400084848 45.07579723991459, -82.14740738161733 45.148073182871244, -83.54313948300323 45.12551356202371, -83.51963998955698 44.58320109508244, -83.35106997260648 44.547749276520456, -83.34285944696373 44.54591956459527, -83.34261877485646 44.54654406411079, -83.34174087632165 44.54634677388887, -83.34169121576353 44.546474970083295, -83.06665093516973 44.48482077890132, -83.06675717073827 44.48454965936255, -83.06667509707772 44.484531214940944, -83.06669476867064 44.48448076145896, -83.0665976560944 44.48445905779329, -83.0666351937243 44.484363114719805, -83.0664398278424 44.48431957752141, -83.06649939537002 44.484167471118326, -82.76639973015635 44.41566918342361, -82.76659257153534 44.41518267026644, -82.75841467764877 44.413188510368926, -82.752119932125 44.41176404040952, -82.75174256095794 44.41271946541125, -82.75171638769729 44.41271299761038, -82.75165208563334 44.41287565878911, -82.65180858992832 44.38825008653252))'
S2B_MSIL2A_20230621T162839_N0510_R083_T17TLJ_20240925T130436.SAFE	geography'SRID=4326;POLYGON ((-82.48478951031153 44.24218187750953, -83.50407140709622 44.22596415476343, -83.46322767686333 43.23826255332707, -82.87784743453659 43.2474116105286, -82.84174695640479 43.33985213668287, -82.78456073675895 43.48574822285909, -82.7272044205546 43.63152726972109, -82.6696567139476 43.77716455029917, -82.64357308984617 43.84294526503777, -82.61230936559278 43.92190828311215, -82.5545109086106 44.067527364768765, -82.49643250483794 44.213142169956406, -82.48478951031153 44.24218187750953))'
S2B_MSIL2A_20230621T162839_N0510_R083_T17TLK_20240925T130436.SAFE	geography'SRID=4326;POLYGON ((-83.52748974404818 44.76435477538398, -83.50034838689311 44.137996748196564, -82.52019382907189 44.15356751957739, -82.49643250483794 44.213142169956406, -82.43806207132401 44.358728454923664, -82.39979235715654 44.453591991786446, -82.37946813134984 44.50406368759556, -82.48115830077616 44.529168061756415, -82.6854826538002 44.57894607697726, -82.68529126680376 44.57942780429591, -82.69547283846093 44.581895853464765, -82.69767630817837 44.5823983685098, -82.69813220684061 44.58125199567738, -82.69863302588993 44.58136523164512, -82.69873438846808 44.5811104963824, -82.9803732819961 44.64487658490648, -82.98004030025264 44.64572365610068, -82.98026188634844 44.64577412650112, -82.9802518351326 44.64579972412201, -82.98051677632286 44.64586016104623, -82.98040607992826 44.64614186729506, -82.98068993004532 44.646206792401095, -82.98054559045183 44.64657425444194, -82.98069671993288 44.64660887242911, -82.98063975460308 44.646754051361135, -82.980931033904 44.64682087141971, -82.98091345529454 44.646865673568286, -83.0388455739311 44.65988862973376, -83.26482710995586 44.71049935256941, -83.27834227106364 44.71352252057528, -83.2922758076834 44.716624862240536, -83.2927492489474 44.71540340613304, -83.29307937276353 44.71547241534708, -83.2931370802543 44.71532363761704, -83.52748974404818 44.76435477538398))'
S2B_MSIL2A_20230621T162839_N0510_R083_T16TGS_20240925T142800.SAFE	geography'SRID=4326;POLYGON ((-84.37351464472057 46.92357305830357, -84.42054054444473 45.93643087306754, -83.00699783345478 45.895735251937936, -82.93434286730421 46.881459661637656, -84.37351464472057 46.92357305830357))'
S2B_MSIL2A_20230621T162839_N0510_R083_T16TFQ_20240925T142800.SAFE	geography'SRID=4326;POLYGON ((-84.34939678694437 44.74825458459324, -84.33237892318714 45.122671880514964, -85.72795903223155 45.14675285555784, -85.7317066292228 44.97388653267106, -85.73102540793803 44.97379011898848, -85.73110525880956 44.973557611405234, -85.70971998407883 44.97046267044412, -85.70968448660814 44.97056555286638, -85.70963537444622 44.97055854581656, -85.70953505793312 44.97084940650694, -85.70836078642292 44.970682349109445, -85.70831522056628 44.970813801389305, -85.5261088784423 44.94475433402136, -85.41909014200839 44.92952934436986, -85.41911702167052 44.929452172923774, -85.41868110182595 44.92938982691084, -85.41905199841342 44.928333273901686, -85.09925407191494 44.87751596669278, -85.09911756462921 44.87790220462757, -85.09796212829248 44.87771423450897, -85.09787065822192 44.87797157298783, -84.8184704551598 44.832440778671995, -84.8188674651527 44.83134359933673, -84.52231556449173 44.77919198823248, -84.50771778974385 44.77651499136922, -84.5075000245429 44.77711132949564, -84.50744637642681 44.7771015126345, -84.5074237442794 44.77716363881996, -84.34939678694437 44.74825458459324))'
S2B_MSIL2A_20230621T162839_N0510_R083_T16TER_20240925T130436.SAFE	geography'SRID=4326;POLYGON ((-86.02930854894629 45.05933381307398, -85.60574612901156 45.05674859305782, -85.60387930208672 45.131573642405016, -85.67352554758537 45.14149794145207, -85.67358632027165 45.1413217378166, -85.67389697481897 45.141365296062, -85.67398277259582 45.14111685829358, -85.67406266018473 45.141128095278624, -85.6740731704961 45.14109763863859, -85.674636607487 45.141177794851856, -85.67468615298415 45.141034358734295, -85.67481513081276 45.1410526052328, -85.67487916769254 45.14086705761908, -85.67511560157952 45.1409006087148, -85.67513918547175 45.140832284169605, -85.67551149093386 45.140885276011225, -85.67560689198028 45.14060935609989, -85.67604857006349 45.1406724154168, -85.67608638930018 45.14056308862894, -85.67640262531921 45.14060838048728, -85.67646093436416 45.14043967857262, -85.6767289551951 45.140478172460966, -85.67680499508067 45.14025802197137, -85.98670481886016 45.184898473915865, -86.02930854894629 45.05933381307398))'
S2B_MSIL2A_20230621T162839_N0510_R083_T16TGQ_20240925T142800.SAFE	geography'SRID=4326;POLYGON ((-83.10364479379508 44.493113478528166, -83.0639024439136 45.08595696049961, -84.45736864275568 45.12552488296481, -84.4727357428436 44.77081790305794, -84.23281244956587 44.72692693905669, -84.23287578030036 44.726755365578384, -84.23280728995955 44.72674283287842, -84.23291880217667 44.72644306855068, -84.23289055178877 44.72643789577512, -84.23300218792214 44.72613657294121, -84.21552372373833 44.72293130401476, -84.21542139692531 44.723207112843994, -83.94138928383526 44.67038929219255, -83.94151685947227 44.670049811959885, -83.9251366532811 44.666722920403515, -83.92491958827561 44.66730098139608, -83.92487302611107 44.66729150416156, -83.92484993191998 44.66735316581399, -83.92414624742212 44.66720986249134, -83.92411226117747 44.66729990755233, -83.65146012632813 44.6117702058747, -83.65161820134936 44.61135701548058, -83.6515141397423 44.61133585150248, -83.6515802776438 44.6111624234427, -83.65154359862477 44.611154973773424, -83.65161906560931 44.61095750362311, -83.35106997260648 44.547749276520456, -83.34285944696373 44.54591956459527, -83.34261877485646 44.54654406411079, -83.34174087632165 44.54634677388887, -83.34169121576353 44.546474970083295, -83.10364479379508 44.493113478528166))'
S2B_MSIL2A_20230621T162839_N0510_R083_T16TEL_20240925T130436.SAFE	geography'SRID=4326;POLYGON ((-87.00023981916341 41.551844670066835, -87.0002362534332 40.56274991351036, -85.70336265383865 40.5554731412015, -85.68379957458711 41.54431153543986, -87.00023981916341 41.551844670066835))'
S2B_MSIL2A_20230621T162839_N0510_R083_T17TLL_20240925T142800.SAFE	geography'SRID=4326;POLYGON ((-82.14596957992092 45.075856394411595, -82.1658919102777 46.0476276229589, -83.58406512039718 46.02435339629007, -83.53921420699882 45.037023116804335, -82.15276392450448 45.05939854139315, -82.14596957992092 45.075856394411595))'
S2B_MSIL2A_20230621T162839_N0510_R083_T16TGR_20240925T142800.SAFE	geography'SRID=4326;POLYGON ((-84.41645116040286 46.024365075689296, -84.46129313653577 45.03703440306415, -83.06996660895842 44.99758761245698, -83.00067944006244 45.98354520692643, -84.41645116040286 46.024365075689296))'
S2B_MSIL2A_20230621T162839_N0510_R083_T16TFR_20240925T130436.SAFE	geography'SRID=4326;POLYGON ((-85.72789203814295 45.147617008701324, -85.72992432822251 45.05819732058294, -85.04504044112073 45.046397554353085, -85.0591429918447 45.04868433455435, -85.05915759080509 45.048643183537706, -85.0592192235444 45.04865289839009, -85.05927845339326 45.048485955227214, -85.05941728448573 45.04850787794774, -85.05950832912 45.04825141913804, -85.05996244202812 45.0483237190482, -85.06002765234477 45.04814015762656, -85.06002770055507 45.04814016527936, -85.06006488064777 45.048035420424654, -85.06015113871244 45.04804913830578, -85.06024642902705 45.047780646436856, -85.06045900367805 45.04781451147852, -85.06049319581443 45.04771830125743, -85.06077399135836 45.04776311836943, -85.06080294399611 45.04768169637112, -85.06099438306818 45.04771230723205, -85.06100341693083 45.04768688171762, -85.16612457859569 45.06452249002866, -85.3459563988342 45.09327736635783, -85.34594108716371 45.09332088093458, -85.34693900339245 45.09348070153101, -85.34685740590825 45.09371280726472, -85.34704528418635 45.09374295239486, -85.3467717305041 45.09452158942402, -85.469766620059 45.112463145451215, -85.67352554758537 45.14149794145207, -85.67358632027165 45.1413217378166, -85.67389697481897 45.141365296062, -85.67398277259582 45.14111685829358, -85.67406266018473 45.141128095278624, -85.6740731704961 45.14109763863859, -85.674636607487 45.141177794851856, -85.67468615298415 45.141034358734295, -85.67481513081276 45.1410526052328, -85.67487916769254 45.14086705761908, -85.67511560157952 45.1409006087148, -85.67513918547175 45.140832284169605, -85.67551149093386 45.140885276011225, -85.67560689198028 45.14060935609989, -85.67604857006349 45.1406724154168, -85.67608638930018 45.14056308862894, -85.67640262531921 45.14060838048728, -85.67646093436416 45.14043967857262, -85.6767289551951 45.140478172460966, -85.67680499508067 45.14025802197137, -85.72789203814295 45.147617008701324))'
S2B_MSIL2A_20230620T165849_N0510_R069_T15STB_20240910T230135.SAFE	geography'SRID=4326;POLYGON ((-96.09858186684153 36.91635166654629, -95.1360250458418 36.93866731150362, -95.16432984132963 37.92768043331917, -95.81352431990611 37.912288532493, -95.83339062759491 37.84342906352749, -95.87588020353904 37.69611472345292, -95.91821637365776 37.54878726385321, -95.96030552282562 37.401402321770426, -96.00251863158604 37.25402418634954, -96.04462415830989 37.106602172323406, -96.08650690710776 36.95912490039856, -96.09858186684153 36.91635166654629))'
S2B_MSIL2A_20230620T165849_N0510_R069_T15STD_20240910T230135.SAFE	geography'SRID=4326;POLYGON ((-95.5753409621636 38.73103695723311, -95.18865192655385 38.74036995699254, -95.21960079191267 39.7290432642928, -95.27994069553269 39.727556018895164, -95.31464439213704 39.61142517666185, -95.3584999593164 39.464251969976765, -95.40229446641864 39.317092962521045, -95.44597594110793 39.16987138399524, -95.48946430350706 39.02254304283607, -95.53296080283212 38.875191736481774, -95.5753409621636 38.73103695723311))'
S2B_MSIL2A_20230620T165849_N0510_R069_T15TWH_20240910T230135.SAFE	geography'SRID=4326;POLYGON ((-93.00024679052602 43.35285539234588, -93.00024288390158 42.36407192041621, -91.66698539119554 42.35632239007374, -91.64555267001921 43.34483481646455, -93.00024679052602 43.35285539234588))'
S2B_MSIL2A_20230620T165849_N0510_R069_T15TWG_20240910T230135.SAFE	geography'SRID=4326;POLYGON ((-93.00024322601921 42.45269119915018, -93.00023949430313 41.463751887157464, -91.68558188065235 41.45624189757688, -91.66510843311782 42.44491772432881, -93.00024322601921 42.45269119915018))'
S2B_MSIL2A_20230620T165849_N0510_R069_T15TYJ_20240910T230135.SAFE	geography'SRID=4326;POLYGON ((-90.05009379009125 44.21349958863569, -90.49642893280087 44.22597512802537, -90.53726452230805 43.238273156784096, -90.43597477990309 43.235492216764, -90.39104291817232 43.35068134082808, -90.33396342577389 43.496573160352575, -90.27674479863288 43.6424197991435, -90.21935769810416 43.788120252413975, -90.1615261093073 43.933697126495005, -90.10368376118586 44.0792914591304, -90.05009379009125 44.21349958863569))'
S2B_MSIL2A_20230620T165849_N0510_R069_T15STC_20240910T230135.SAFE	geography'SRID=4326;POLYGON ((-95.83911935955234 37.823567148010056, -95.16175219508035 37.83959549435291, -95.19134725642267 38.82843976082239, -95.54924983449696 38.81978510751055, -95.57629325249252 38.72779777162568, -95.6194507221028 38.580391898206685, -95.66253172509553 38.43298138352068, -95.70542776506669 38.28556599055537, -95.74821738490824 38.13817185080276, -95.79087194930534 37.990804894708496, -95.83339062759491 37.84342906352749, -95.83911935955234 37.823567148010056))'
S2B_MSIL2A_20230620T165849_N0510_R069_T15TVJ_20240910T230135.SAFE	geography'SRID=4326;POLYGON ((-94.17997720173824 43.258405496697485, -92.87974009973617 43.26472716389879, -92.87774350913473 44.25335216097235, -93.85498850490666 44.248515302563746, -93.88135668680471 44.16944268471388, -93.9300558342427 44.02256170775916, -93.97855578853888 43.875678477800015, -94.02679841013912 43.72882224557274, -94.07485820756109 43.5819665604137, -94.12269914031828 43.435144882088906, -94.17031586314988 43.28830906609669, -94.17997720173824 43.258405496697485))'
S2B_MSIL2A_20230620T165849_N0510_R069_T15TWK_20240910T230135.SAFE	geography'SRID=4326;POLYGON ((-93.0002544396381 45.15383725089235, -93.00025015292684 44.16536649550738, -91.62710599954544 44.157116557384406, -91.60358882685108 45.145299673094094, -93.0002544396381 45.15383725089235))'
S2B_MSIL2A_20230620T165849_N0510_R069_T15TUG_20240910T230135.SAFE	geography'SRID=4326;POLYGON ((-94.75453284094226 41.44849387921082, -94.08002716017 41.458681613653354, -94.09685168418683 42.44744302996699, -94.44209031309248 42.442128312166616, -94.45337594299377 42.406730864669456, -94.50009652428825 42.25964955176002, -94.54667359325448 42.112583214896965, -94.59302832921283 41.96553536131456, -94.63914634464872 41.81849693404912, -94.68499592002844 41.67142706789621, -94.73090836966067 41.52443640718248, -94.75453284094226 41.44849387921082))'
S2B_MSIL2A_20230620T165849_N0510_R069_T15UWP_20240910T230135.SAFE	geography'SRID=4326;POLYGON ((-92.62927285421716 47.762799402387564, -91.53521313306011 47.75581864580811, -91.50673052442279 48.7433372246506, -92.26279365659623 48.74823531422537, -92.27657275417505 48.711732266283725, -92.33149959930536 48.56551958544348, -92.38636214959561 48.41934127773253, -92.41284871422809 48.34826668556013, -92.4408705353142 48.27290913154107, -92.49272163105529 48.13291772964703, -92.49497749719251 48.126820092140456, -92.54898769329672 47.98042214402607, -92.60310357983217 47.8340460297316, -92.62927285421716 47.762799402387564))'
S2B_MSIL2A_20230620T165849_N0510_R069_T14SQH_20240910T230135.SAFE	geography'SRID=4326;POLYGON ((-95.84138619117104 37.81570788378943, -95.48163775999416 37.80685703267152, -95.43354720329413 38.79452724007538, -95.55577196965888 38.79760026985711, -95.57629325249252 38.72779777162568, -95.6194507221028 38.580391898206685, -95.66253172509553 38.43298138352068, -95.70542776506669 38.28556599055537, -95.74821738490824 38.13817185080276, -95.79087194930534 37.990804894708496, -95.83339062759491 37.84342906352749, -95.84138619117104 37.81570788378943))'
S2B_MSIL2A_20230620T165849_N0510_R069_T15SVB_20240910T230135.SAFE	geography'SRID=4326;POLYGON ((-94.13852907879905 37.9420809165272, -94.12362950841454 36.95256487264268, -92.89036811332885 36.957830487987216, -92.88891399416781 37.94753713280259, -94.13852907879905 37.9420809165272))'
S2B_MSIL2A_20230620T165849_N0510_R069_T15TUH_20240910T230135.SAFE	geography'SRID=4326;POLYGON ((-94.47041979272325 42.353075029793565, -94.09530924716697 42.35883991770658, -94.11292216497772 43.34744038882544, -94.15133544039388 43.346839046690064, -94.17031586314988 43.28830906609669, -94.21775578364948 43.14147403470033, -94.26512140024128 42.99464168995475, -94.31236862992918 42.84777704521123, -94.35948802327667 42.70082303259392, -94.40649148437853 42.55378425706141, -94.45337594299377 42.406730864669456, -94.47041979272325 42.353075029793565))'
S2B_MSIL2A_20230620T165849_N0510_R069_T15SWB_20240910T230135.SAFE	geography'SRID=4326;POLYGON ((-92.35292843348817 37.94415341745732, -93.00022763545478 37.947589571993284, -93.00022465569249 36.95788109520145, -92.68329486802597 36.95623593144959, -92.64900715821548 37.06009998066224, -92.6003956812071 37.206793038661296, -92.55160680204496 37.35350606237933, -92.50238363231645 37.50014850610588, -92.45303927113788 37.64685298006096, -92.40361125529914 37.79357590456512, -92.35422397919133 37.9403388291642, -92.35292843348817 37.94415341745732))'
S2B_MSIL2A_20230620T165849_N0510_R069_T15TXE_20240910T230135.SAFE	geography'SRID=4326;POLYGON ((-91.41016540034684 40.63834015806825, -91.81730037733891 40.64479964997401, -91.83433447991831 39.65575725270223, -91.76175473057911 39.65462887041673, -91.74641051036997 39.69810130469601, -91.69449367743756 39.84457978360619, -91.64235378013984 39.99098284716246, -91.5902125561972 40.1373437836159, -91.5377720543996 40.28352553358755, -91.50962324955535 40.36203443533288, -91.48567286650096 40.42890201860276, -91.46882444222689 40.475603744821655, -91.43269773927257 40.57588001744166, -91.41016540034684 40.63834015806825))'
S2B_MSIL2A_20230620T165849_N0510_R069_T15TUF_20240910T230135.SAFE	geography'SRID=4326;POLYGON ((-95.0334423209283 40.5434759487738, -94.06541547567339 40.55783709926159, -94.0814918073836 41.546758769895376, -94.72698651165452 41.53699240243362, -94.73090836966067 41.52443640718248, -94.77663938863552 41.37743082359607, -94.82222252916728 41.23044325713227, -94.86751519151672 41.0833806590892, -94.91294476666816 40.93631844030576, -94.95816247603214 40.78913758645552, -95.00337590682838 40.641949071330174, -95.0334423209283 40.5434759487738))'
S2B_MSIL2A_20230620T165849_N0510_R069_T15TYK_20240910T230135.SAFE	geography'SRID=4326;POLYGON ((-89.68875796996723 45.10369993483755, -90.45736864275568 45.12552488296481, -90.50015121099592 44.13800768802703, -90.08486581261887 44.12641821861015, -90.04555211179145 44.22487354792288, -90.02811163176838 44.26839930586706, -89.9875907611606 44.369608729161854, -89.92897470861612 44.51520012818857, -89.88713091520742 44.61850092022515, -89.86966996477837 44.661645866412286, -89.81046983989891 44.80730119462774, -89.75076899076758 44.95290919579019, -89.70045851461818 45.07523559501957, -89.69121260312326 45.097755799059605, -89.68875796996723 45.10369993483755))'
S2B_MSIL2A_20230620T165849_N0510_R069_T15SWD_20240910T230135.SAFE	geography'SRID=4326;POLYGON ((-91.73040453211003 39.74326067241086, -93.00023345437725 39.7502679270046, -93.00023019602958 38.760864457162924, -92.0755903989868 38.75586789835973, -92.0536860426408 38.819367244818174, -92.00301178725658 38.96577344812617, -91.95211935271942 39.11218369440351, -91.9009812554916 39.25864889548375, -91.84964048807315 39.40510982293047, -91.79811808690867 39.55160612982357, -91.74641051036997 39.69810130469601, -91.73040453211003 39.74326067241086))'
S2B_MSIL2A_20230620T165849_N0510_R069_T15SVD_20240910T230135.SAFE	geography'SRID=4326;POLYGON ((-94.16762472753088 39.74439520181332, -94.15133248212537 38.755193805393134, -92.88766443792474 38.760810475743604, -92.88607436984347 39.750212021802014, -94.16762472753088 39.74439520181332))'
S2B_MSIL2A_20230620T165849_N0510_R069_T15TWE_20240910T230135.SAFE	geography'SRID=4326;POLYGON ((-91.71802022930831 39.77820182221331, -91.70165933840751 40.64355721409192, -93.0002365638915 40.650856515774606, -93.00023315577859 39.66160695799293, -91.76169961526796 39.65478502020534, -91.74641051036997 39.69810130469601, -91.71802022930831 39.77820182221331))'
S2B_MSIL2A_20230620T165849_N0510_R069_T15TUE_20240910T230135.SAFE	geography'SRID=4326;POLYGON ((-95.30653278671045 39.63856947718968, -94.0514493575497 39.656847486720984, -94.06681520423501 40.645928490590144, -95.0064245793618 40.6319640992939, -95.04832141898268 40.49474412324359, -95.09311373703584 40.34748288565383, -95.13771572308605 40.200224630487966, -95.1821907911051 40.05300393686587, -95.22657123278206 39.90582812737774, -95.27066213802289 39.758605353800576, -95.30653278671045 39.63856947718968))'
S2B_MSIL2A_20230620T165849_N0510_R069_T15TVL_20240910T230135.SAFE	geography'SRID=4326;POLYGON ((-93.58175670167768 45.061649756384064, -92.87602550148868 45.06519270654337, -92.87383276277595 46.05350473573164, -93.24085833794909 46.051631062854284, -93.283464788092 45.92983225839179, -93.3344956153616 45.783155017269806, -93.38529171792857 45.636483223117054, -93.43582219415859 45.48982176507239, -93.48606118568473 45.343188334662536, -93.53602804402524 45.19655268743201, -93.58175670167768 45.061649756384064))'
S2B_MSIL2A_20230620T165849_N0510_R069_T15TXF_20240910T230135.SAFE	geography'SRID=4326;POLYGON ((-91.08185449356868 41.53397763713332, -91.8010303852103 41.545593768972765, -91.81885207154319 40.55671174263467, -91.44175516883796 40.55073946482927, -91.43269773927257 40.57588001744166, -91.37996173066556 40.72206539679961, -91.32688373764675 40.86821684383736, -91.27352001426429 41.0143937069578, -91.2197500547536 41.16058070089538, -91.1659688705955 41.30681739874755, -91.11190203862016 41.45307553773868, -91.09839857712353 41.48942398645754, -91.08185449356868 41.53397763713332))'
S2B_MSIL2A_20230620T165849_N0510_R069_T15SUB_20240910T230135.SAFE	geography'SRID=4326;POLYGON ((-95.27552823620451 37.925581750319026, -95.24577213045468 36.936641907455304, -94.01312514326094 36.95355914294569, -94.0265600589798 37.943111174604404, -95.27552823620451 37.925581750319026))'
S2B_MSIL2A_20230620T165849_N0510_R069_T15SWC_20240910T230135.SAFE	geography'SRID=4326;POLYGON ((-92.04521966153706 38.84382800312159, -93.00023047979299 38.848998483821255, -93.00022736409076 37.85944195932729, -92.38254786085317 37.85616946336208, -92.35422397919133 37.9403388291642, -92.30441329867804 38.087000763432485, -92.25447218396788 38.233617260593526, -92.20444112825008 38.38013578259388, -92.15423860858826 38.526527423720495, -92.10418214460829 38.672982232495286, -92.0536860426408 38.819367244818174, -92.04521966153706 38.84382800312159))'
S2B_MSIL2A_20230620T165849_N0510_R069_T15TYH_20240910T230135.SAFE	geography'SRID=4326;POLYGON ((-90.40198316411409 43.32263448724724, -90.53371085886852 43.32625697177811, -90.54873459872465 42.94563737796081, -90.50498407765728 43.05887467922577, -90.44797621628628 43.20472485277685, -90.40198316411409 43.32263448724724))'
S2B_MSIL2A_20230620T165849_N0510_R069_T15TWN_20240910T230135.SAFE	geography'SRID=4326;POLYGON ((-92.95391879172284 46.865408378463016, -91.55985017558999 46.85663988190739, -91.53272262323176 47.844325046514086, -92.59678983713616 47.851123845169255, -92.60310357983217 47.8340460297316, -92.6568839589471 47.68762734907382, -92.71004296778115 47.54136818553586, -92.71018794443225 47.54096912189868, -92.7104717735833 47.54019431711534, -92.76367423994982 47.39474956915146, -92.81668977846319 47.24834995777776, -92.86937476144122 47.10193212630501, -92.92179420098024 46.95552421968329, -92.95391879172284 46.865408378463016))'
S2B_MSIL2A_20230620T165849_N0510_R069_T15SVC_20240910T230135.SAFE	geography'SRID=4326;POLYGON ((-94.15275135075291 38.843310058483205, -94.13717219597592 37.85395064837389, -92.88904641935848 37.85938968525829, -92.88752596186193 38.84894433319432, -94.15275135075291 38.843310058483205))'
S2B_MSIL2A_20230620T165849_N0510_R069_T15TVF_20240910T230135.SAFE	geography'SRID=4326;POLYGON ((-94.19944910163338 41.54558876800179, -94.18162029219913 40.556706911840905, -92.88470843547175 40.5626923872254, -92.88296836561119 41.55178511688993, -94.19944910163338 41.54558876800179))'
S2B_MSIL2A_20230620T165849_N0510_R069_T15SUD_20240910T230135.SAFE	geography'SRID=4326;POLYGON ((-95.32832465213596 39.565516119686436, -95.301097327331 38.73820958831532, -94.03810488537859 38.75625435897602, -94.05279562809639 39.74549354563108, -95.27993069785609 39.72758947465691, -95.31464439213704 39.61142517666185, -95.32832465213596 39.565516119686436))'
S2B_MSIL2A_20230620T165849_N0510_R069_T14SQJ_20240910T230135.SAFE	geography'SRID=4326;POLYGON ((-95.58145574078405 38.7101651091341, -95.43792685625729 38.70656329494251, -95.40777620596411 39.29861761674365, -95.44597594110793 39.16987138399524, -95.48946430350706 39.02254304283607, -95.53296080283212 38.875191736481774, -95.57629325249252 38.72779777162568, -95.58145574078405 38.7101651091341))'
S2B_MSIL2A_20230620T165849_N0510_R069_T15TVK_20240910T230135.SAFE	geography'SRID=4326;POLYGON ((-93.88437882795687 44.16032763715602, -92.8779255090639 44.165301274896635, -92.87583360281222 45.153769755990965, -93.55168224043778 45.15037164719017, -93.58574254782172 45.049891214691804, -93.63538321037448 44.903255468959046, -93.68482002691027 44.75660858789925, -93.73403544602931 44.60990361092081, -93.78330855743027 44.46313120201456, -93.83238983458092 44.316283949999935, -93.88135668680471 44.16944268471388, -93.88437882795687 44.16032763715602))'
S2B_MSIL2A_20230620T165849_N0510_R069_T15TXJ_20240910T230135.SAFE	geography'SRID=4326;POLYGON ((-90.41372196125002 43.29254043577532, -90.37335402628884 44.22320974043625, -91.74751912777681 44.24655093494868, -91.76796729995817 43.25815531909012, -90.4358047147083 43.23592820272288, -90.41372196125002 43.29254043577532))'
S2B_MSIL2A_20230620T165849_N0510_R069_T15TVG_20240910T230135.SAFE	geography'SRID=4326;POLYGON ((-94.2164833149824 42.44623570214159, -94.19782479530706 41.4575152063026, -92.88312689683454 41.46369251697452, -92.88130582637643 42.452629745736225, -94.2164833149824 42.44623570214159))'
S2B_MSIL2A_20230620T165849_N0510_R069_T15TWL_20240910T230135.SAFE	geography'SRID=4326;POLYGON ((-93.00025853973813 46.05357436995249, -93.00025404640142 45.06525999447365, -91.60574612901156 45.05674859305782, -91.58109585564665 46.044766226835556, -93.00025853973813 46.05357436995249))'
S2B_MSIL2A_20230620T165849_N0510_R069_T16TCR_20240910T230135.SAFE	geography'SRID=4326;POLYGON ((-89.30272870406264 46.02897052449221, -89.58406512039718 46.02435339629007, -89.55674763618394 45.42299709650758, -89.51048590702352 45.53428514180934, -89.44976251959139 45.67957208375546, -89.38886809801424 45.8248471021098, -89.32763832437745 45.970107926357166, -89.30272870406264 46.02897052449221))'
S2B_MSIL2A_20230620T165849_N0510_R069_T15TXK_20240910T230135.SAFE	geography'SRID=4326;POLYGON ((-91.72795903223157 45.14675285555784, -91.74938307519848 44.158520786393645, -90.37725879085306 44.135250725162805, -90.33237892318715 45.122671880514964, -91.72795903223157 45.14675285555784))'
S2B_MSIL2A_20230620T165849_N0510_R069_T15TVM_20240910T230135.SAFE	geography'SRID=4326;POLYGON ((-93.27170335825409 45.963454587598356, -92.87403273692426 45.96548172662488, -92.87173305487556 46.95363733424615, -92.9225607127234 46.9533740023905, -92.9739920337248 46.80909895794719, -93.02591681660591 46.66266336545376, -93.07761269497004 46.516198699000455, -93.12928277727245 46.3697120208276, -93.18071451304125 46.223093399275854, -93.23216914791193 46.07647079849816, -93.27170335825409 45.963454587598356))'
S2B_MSIL2A_20230620T165849_N0510_R069_T15TWM_20240910T230135.SAFE	geography'SRID=4326;POLYGON ((-93.0002617994911 46.735014320492674, -93.00025812995321 45.965551148516354, -91.58334389839345 45.956769859075806, -91.55749190205454 46.94462144140276, -92.92261557816128 46.95322009396784, -92.9739920337248 46.80909895794719, -93.0002617994911 46.735014320492674))'
S2B_MSIL2A_20230620T165849_N0510_R069_T15TWJ_20240910T230135.SAFE	geography'SRID=4326;POLYGON ((-93.00025052587905 44.25341758107761, -93.00024643448815 43.26479037737325, -91.64750596751658 43.256794294201605, -91.62505994125077 44.24514241182411, -93.00025052587905 44.25341758107761))'
S2B_MSIL2A_20230620T165849_N0510_R069_T15TWF_20240910T230135.SAFE	geography'SRID=4326;POLYGON ((-93.00023981916341 41.551844670066835, -93.00023625343321 40.56274991351036, -91.70336265383867 40.5554731412015, -91.68379957458711 41.54431153543986, -93.00023981916341 41.551844670066835))'
S2B_MSIL2A_20230620T165849_N0510_R069_T15TXH_20240910T230135.SAFE	geography'SRID=4326;POLYGON ((-90.4137522743456 43.29246272390689, -90.41246381589345 43.323576596360866, -91.76618786223798 43.346200009839855, -91.78571286582209 42.35764145317536, -90.77960620436703 42.34113467263894, -90.72866477564928 42.47525429576739, -90.6730520486712 42.62107057560967, -90.61737442808064 42.766994535274456, -90.56136625926975 42.91294347819173, -90.50498407765728 43.05887467922577, -90.44797621628628 43.20472485277685, -90.4137522743456 43.29246272390689))'
S2B_MSIL2A_20230620T165849_N0510_R069_T15SUA_20240910T230135.SAFE	geography'SRID=4326;POLYGON ((-95.24837990395393 37.02527578563511, -95.2199171916993 36.03616769808406, -94.00145196296421 36.05254100905861, -94.01430253846532 37.042247242200354, -95.24837990395393 37.02527578563511))'
S2B_MSIL2A_20230620T165849_N0510_R069_T15TVH_20240910T230135.SAFE	geography'SRID=4326;POLYGON ((-94.22953876695652 43.104947051805105, -94.21477274309102 42.35763630855867, -92.88147277912854 42.364010656318975, -92.8795663539466 43.352791985217806, -94.1514134940294 43.34659835248474, -94.17031586314988 43.28830906609669, -94.21775578364948 43.14147403470033, -94.22953876695652 43.104947051805105))'
S2B_MSIL2A_20230620T165849_N0510_R069_T14SQG_20240910T230135.SAFE	geography'SRID=4326;POLYGON ((-96.09732466744589 36.92080505479224, -95.52344565573671 36.90697181308603, -95.47744908495345 37.89483865903757, -95.81614985286302 37.90318805906853, -95.83339062759491 37.84342906352749, -95.87588020353904 37.69611472345292, -95.91821637365776 37.54878726385321, -95.96030552282562 37.401402321770426, -96.00251863158604 37.25402418634954, -96.04462415830989 37.106602172323406, -96.08650690710776 36.95912490039856, -96.09732466744589 36.92080505479224))'
S2B_MSIL2A_20230620T165849_N0510_R069_T15TXG_20240910T230135.SAFE	geography'SRID=4326;POLYGON ((-90.74616292025205 42.429184826994266, -91.78400297732625 42.44624086265282, -91.80265404258907 41.457520191909595, -91.11436162098288 41.44642203269827, -91.11190203862016 41.45307553773868, -91.09839857712353 41.48942398645754, -91.057881484722 41.598537578351085, -91.00349311965616 41.74474383207144, -90.97534382350082 41.82006788315569, -90.94863235254343 41.89160154206528, -90.89400422548576 42.0376002184157, -90.83907733543732 42.183485784325626, -90.78406825441353 42.329386897092014, -90.74616292025205 42.429184826994266))'
S2B_MSIL2A_20230620T165849_N0510_R069_T15SUC_20240910T230135.SAFE	geography'SRID=4326;POLYGON ((-95.30393084279649 38.82627262441358, -95.27281842761565 37.837503416034735, -94.025336559118 37.85497766278228, -94.03938428014581 38.84437393595428, -95.30393084279649 38.82627262441358))'
S2B_MSIL2A_20230620T165849_N0510_R069_T15TVE_20240910T230135.SAFE	geography'SRID=4326;POLYGON ((-94.18317260660315 40.64479480422486, -94.16613169555373 39.655752572676114, -92.88622008547372 39.66155122739065, -92.8845569323803 40.65079881136531, -94.18317260660315 40.64479480422486))'
S2B_MSIL2A_20230619T172859_N0510_R055_T13TGF_20240913T053807.SAFE	geography'SRID=4326;POLYGON ((-102.58597871798042 40.53723867422236, -101.34444498559898 40.50488583658978, -101.28942535132569 41.49194363396281, -102.28418770329428 41.518381362014544, -102.3241696369791 41.390387676699525, -102.36937295097248 41.24326758261026, -102.41478601639443 41.09626610030801, -102.46027094351804 40.949284409029445, -102.50512892295912 40.802066980118845, -102.5501410291132 40.654882534418846, -102.58597871798042 40.53723867422236))'
S2B_MSIL2A_20230619T172859_N0510_R055_T13SGA_20240913T053807.SAFE	geography'SRID=4326;POLYGON ((-102.75206945697532 37.02528430302893, -102.78052649213598 36.03617591535172, -101.56341398032555 36.007451011934776, -101.51941449107781 36.995510653879045, -102.75206945697532 37.02528430302893))'
S2B_MSIL2A_20230619T172859_N0510_R055_T14TLK_20240913T053807.SAFE	geography'SRID=4326;POLYGON ((-101.3646807870274 40.62663972727231, -101.33065130260063 39.638218234831534, -100.05144935754969 39.656847486720984, -100.066815204235 40.645928490590144, -101.3646807870274 40.62663972727231))'
S2B_MSIL2A_20230619T172859_N0510_R055_T13TGH_20240913T053807.SAFE	geography'SRID=4326;POLYGON ((-102.03061498524929 42.32373760598825, -101.2421415546785 42.30245161555175, -101.18187629631363 43.28908179915951, -101.71706552621458 43.30379939298074, -101.71789138076474 43.3012513907816, -101.76528560966705 43.154383045895806, -101.81257747200712 43.00754073062426, -101.85974716901171 42.86070724994551, -101.90667771805897 42.71379466084228, -101.95348243274653 42.56679858105794, -102.00022263131837 42.41973617797432, -102.03061498524929 42.32373760598825))'
S2B_MSIL2A_20230619T172859_N0510_R055_T13SGC_20240913T053807.SAFE	geography'SRID=4326;POLYGON ((-102.6965295968872 38.82628170870513, -102.72763580740045 37.83751218570364, -101.48163775999417 37.80685703267152, -101.43354720329414 38.79452724007538, -102.6965295968872 38.82628170870513))'
S2B_MSIL2A_20230619T172859_N0510_R055_T14TKL_20240913T053807.SAFE	geography'SRID=4326;POLYGON ((-102.54894036424086 40.658808571407675, -102.54082260253305 40.50846282585221, -101.24618611840133 40.54090999482793, -101.28005188450415 41.52923550071836, -102.28885202675404 41.50344951920218, -102.3241696369791 41.390387676699525, -102.36937295097248 41.24326758261026, -102.41478601639443 41.09626610030801, -102.46027094351804 40.949284409029445, -102.50512892295912 40.802066980118845, -102.54894036424086 40.658808571407675))'
S2B_MSIL2A_20230619T172859_N0510_R055_T14TMP_20240913T053807.SAFE	geography'SRID=4326;POLYGON ((-100.25298174570909 44.246545441411556, -100.23252540128634 43.25815001081029, -98.87974009973617 43.26472716389879, -98.87774350913473 44.25335216097235, -100.25298174570909 44.246545441411556))'
S2B_MSIL2A_20230619T172859_N0510_R055_T14TNN_20240913T053807.SAFE	geography'SRID=4326;POLYGON ((-97.94643633351568 43.346616222479376, -99.00024679052602 43.35285539234588, -99.00024288390156 42.36407192041621, -98.32665939009449 42.36015673092581, -98.27773369412448 42.488559499284165, -98.22205246845294 42.63440729293911, -98.16598374402045 42.78031025527303, -98.1096572041731 42.926245176426775, -98.05353985418611 43.07226623388452, -97.9967044278667 43.218190295260754, -97.94643633351568 43.346616222479376))'
S2B_MSIL2A_20230619T172859_N0510_R055_T13TGJ_20240913T053807.SAFE	geography'SRID=4326;POLYGON ((-101.7452316221011 43.21652765781135, -101.1873683405316 43.201211355403785, -101.12426105372481 44.18762158427181, -101.4244567410518 44.19601237129145, -101.42891801794656 44.18260176947164, -101.4778000766565 44.03575209850214, -101.52618008314198 43.88879808437673, -101.57477595358284 43.74197966282527, -101.6225534416734 43.594993268918174, -101.67030133622184 43.44808056079601, -101.71789138076474 43.3012513907816, -101.7452316221011 43.21652765781135))'
S2B_MSIL2A_20230619T172859_N0510_R055_T14TNS_20240913T053807.SAFE	geography'SRID=4326;POLYGON ((-99.00026284243779 46.953709179213256, -99.00025812995321 45.965551148516354, -97.58334389839344 45.956769859075806, -97.55749190205454 46.94462144140276, -99.00026284243779 46.953709179213256))'
S2B_MSIL2A_20230619T172859_N0510_R055_T14TMM_20240913T053807.SAFE	geography'SRID=4326;POLYGON ((-100.21648331498238 42.44623570214159, -100.19782479530704 41.4575152063026, -98.88312689683454 41.46369251697452, -98.88130582637643 42.452629745736225, -100.21648331498238 42.44623570214159))'
S2B_MSIL2A_20230619T172859_N0510_R055_T14TPS_20240913T053807.SAFE	geography'SRID=4326;POLYGON ((-96.4693703872304 46.924536267210115, -97.68596471962562 46.94616825397537, -97.70951593127273 45.95826451839171, -96.89138305031082 45.943951796365695, -96.87445228960085 45.98404478930524, -96.81274260607967 46.12927051542456, -96.75076875072772 46.27451834906186, -96.68841051792909 46.41981218520836, -96.6257004763752 46.56509192129048, -96.56267363154835 46.7103508161528, -96.4994545383114 46.855617139018655, -96.4693703872304 46.924536267210115))'
S2B_MSIL2A_20230619T172859_N0510_R055_T13SGD_20240913T053807.SAFE	geography'SRID=4326;POLYGON ((-102.66683353200474 39.72681533153163, -102.69936254729447 38.73821864423846, -101.43792685625729 38.70656329494251, -101.38763948191425 39.69403311805837, -102.66683353200474 39.72681533153163))'
S2B_MSIL2A_20230619T172859_N0510_R055_T14TNP_20240913T053807.SAFE	geography'SRID=4326;POLYGON ((-97.62707768502639 44.156296696378575, -97.62505994125075 44.24514241182411, -99.00025052587905 44.25341758107761, -99.00024643448813 43.26479037737325, -97.98082297790145 43.2587645394945, -97.93959723246704 43.36408889385976, -97.88246490327457 43.50991127264265, -97.8252478230504 43.65565688321704, -97.76788598122612 43.80130714208904, -97.710343375191 43.94692304764504, -97.65250511174752 44.09252461024521, -97.62707768502639 44.156296696378575))'
S2B_MSIL2A_20230619T172859_N0510_R055_T14TLN_20240913T053807.SAFE	geography'SRID=4326;POLYGON ((-101.46678204877878 43.32624633586568, -101.42778068203103 42.33836182515417, -100.09530924716697 42.35883991770658, -100.1129221649777 43.34744038882544, -101.46678204877878 43.32624633586568))'
S2B_MSIL2A_20230619T172859_N0510_R055_T14SLJ_20240913T053807.SAFE	geography'SRID=4326;POLYGON ((-101.33363283056225 39.72680595308774, -101.301097327331 38.73820958831532, -100.03810488537859 38.75625435897602, -100.05279562809639 39.74549354563108, -101.33363283056225 39.72680595308774))'
S2B_MSIL2A_20230619T172859_N0510_R055_T14TKK_20240913T053807.SAFE	geography'SRID=4326;POLYGON ((-102.54546370146345 40.59640146890937, -102.49451264760637 39.609013147606916, -101.21676465654707 39.64044856303257, -101.24913477999112 40.62894899386581, -102.54546370146345 40.59640146890937))'
S2B_MSIL2A_20230619T172859_N0510_R055_T13TGG_20240913T053807.SAFE	geography'SRID=4326;POLYGON ((-102.31147778827312 41.43101793991149, -101.2944377014587 41.40403474612011, -101.23686356729512 42.39088066238852, -102.00280067541357 42.41159305907611, -102.04679549324456 42.27262917045584, -102.09343846866909 42.125546572648, -102.13988774917215 41.97847685532015, -102.18620498687959 41.831413027409205, -102.23234556731984 41.68436633853667, -102.27826406440457 41.53734463622601, -102.31147778827312 41.43101793991149))'
S2B_MSIL2A_20230619T172859_N0510_R055_T14TNQ_20240913T053807.SAFE	geography'SRID=4326;POLYGON ((-99.0002544396381 45.15383725089235, -99.00025015292682 44.16536649550738, -97.62710599954542 44.157116557384406, -97.60358882685108 45.145299673094094, -99.0002544396381 45.15383725089235))'
S2B_MSIL2A_20230619T172859_N0510_R055_T14SMJ_20240913T053807.SAFE	geography'SRID=4326;POLYGON ((-99.28267143126733 39.7484119101634, -100.16762472753088 39.74439520181332, -100.15133248212537 38.755193805393134, -99.62906344260995 38.75751515318908, -99.60294690041091 38.83316984620221, -99.55226131346672 38.97955595335599, -99.50132508516359 39.12596629850732, -99.4502434775286 39.27244413929947, -99.3988150149644 39.4189011176421, -99.34734969747328 39.56539283027518, -99.29558174174896 39.71185367881964, -99.28267143126733 39.7484119101634))'
S2B_MSIL2A_20230619T172859_N0510_R055_T14TMN_20240913T053807.SAFE	geography'SRID=4326;POLYGON ((-100.2343055501801 43.346194685301704, -100.214772743091 42.35763630855867, -98.88147277912853 42.364010656318975, -98.8795663539466 43.352791985217806, -100.2343055501801 43.346194685301704))'
S2B_MSIL2A_20230619T172859_N0510_R055_T14TPP_20240913T053807.SAFE	geography'SRID=4326;POLYGON ((-97.59213096481788 44.24391155389277, -97.74751912777681 44.24655093494868, -97.75611414838528 43.8310966531537, -97.710343375191 43.94692304764504, -97.65250511174752 44.09252461024521, -97.59444110193627 44.23814937501369, -97.59213096481788 44.24391155389277))'
S2B_MSIL2A_20230619T172859_N0510_R055_T14TNM_20240913T053807.SAFE	geography'SRID=4326;POLYGON ((-98.29296976310764 42.44857328350226, -99.00024322601921 42.45269119915018, -99.00023949430312 41.463751887157464, -98.66305950044195 41.46182574440031, -98.6612232485799 41.46678775392563, -98.60706251226931 41.613012783808585, -98.55253888333779 41.75910719313347, -98.49799807579657 41.90509771307521, -98.44325181023176 42.05098337677856, -98.38837876424712 42.196852968679615, -98.33329324591696 42.3427465452226, -98.29296976310764 42.44857328350226))'
S2B_MSIL2A_20230619T172859_N0510_R055_T14TNK_20240913T053807.SAFE	geography'SRID=4326;POLYGON ((-98.96013463929154 40.650631102884276, -99.00023656389149 40.650856515774606, -99.000236181154 40.539761926541615, -98.98230419538932 40.58942157237393, -98.96013463929154 40.650631102884276))'
S2B_MSIL2A_20230619T172859_N0510_R055_T14SLF_20240913T053807.SAFE	geography'SRID=4326;POLYGON ((-100.21020732692817 37.039553092140316, -101.24837990395392 37.02527578563511, -101.21991719169928 36.03616769808406, -100.53583906762995 36.04536010143881, -100.53546223562323 36.046521461023126, -100.48773484607858 36.1934705188788, -100.43994125777824 36.34038145639705, -100.39203473194243 36.48720317976598, -100.3824403248944 36.51649658655287, -100.34423111938763 36.63323249857034, -100.32753937829936 36.683747064397465, -100.2955930534774 36.78056234372281, -100.24739367605903 36.92730265069612, -100.21020732692817 37.039553092140316))'
S2B_MSIL2A_20230619T172859_N0510_R055_T14TLP_20240913T053807.SAFE	geography'SRID=4326;POLYGON ((-101.4941518039098 43.98608381335055, -101.46322767686333 43.23826255332707, -100.1113169858077 43.25939191053712, -100.12976271323852 44.24783068396879, -101.41401607591625 44.22739701881948, -101.42891801794656 44.18260176947164, -101.4778000766565 44.03575209850214, -101.4941518039098 43.98608381335055))'
S2B_MSIL2A_20230619T172859_N0510_R055_T13SGB_20240913T053807.SAFE	geography'SRID=4326;POLYGON ((-102.72492653924301 37.925590547672954, -102.75467671035365 36.93665039764339, -101.52344565573672 36.90697181308603, -101.47744908495345 37.89483865903757, -102.72492653924301 37.925590547672954))'
S2B_MSIL2A_20230619T172859_N0510_R055_T14SKH_20240913T053807.SAFE	geography'SRID=4326;POLYGON ((-102.4545029640868 38.797894647715, -102.40791466143585 37.81010790673744, -101.16175219508035 37.83959549435291, -101.19134725642266 38.82843976082239, -102.4545029640868 38.797894647715))'
S2B_MSIL2A_20230619T172859_N0510_R055_T14TNR_20240913T053807.SAFE	geography'SRID=4326;POLYGON ((-99.00025853973813 46.05357436995249, -99.00025404640142 45.06525999447365, -97.60574612901156 45.05674859305782, -97.58109585564665 46.044766226835556, -99.00025853973813 46.05357436995249))'
S2B_MSIL2A_20230619T172859_N0510_R055_T14TLM_20240913T053807.SAFE	geography'SRID=4326;POLYGON ((-101.43119626719712 42.42690168750588, -101.39393916355972 41.438836285507165, -100.08002716017 41.458681613653354, -100.09685168418683 42.44744302996699, -101.43119626719712 42.42690168750588))'
S2B_MSIL2A_20230619T172859_N0510_R055_T14SMG_20240913T053807.SAFE	geography'SRID=4326;POLYGON ((-99.9073761821443 37.943090203476714, -100.13852907879905 37.9420809165272, -100.1286382466781 37.285207139734666, -100.10128954296361 37.36744561427157, -100.05218168461144 37.514208221048406, -100.00282035848696 37.660961280254526, -99.95326819585524 37.80768325527668, -99.9073761821443 37.943090203476714))'
S2B_MSIL2A_20230619T172859_N0510_R055_T14TPQ_20240913T053807.SAFE	geography'SRID=4326;POLYGON ((-97.22840136362322 45.138132901982786, -97.72795903223157 45.14675285555784, -97.74938307519847 44.158520786393645, -97.62701831996573 44.15644558418401, -97.59444110193627 44.23814937501369, -97.53607113829364 44.383741672976655, -97.4773001838488 44.5293641639231, -97.41813874274516 44.67501067751777, -97.35869212330896 44.8206480046408, -97.29909173501832 44.96628698856548, -97.23923255688197 45.11194256715315, -97.22840136362322 45.138132901982786))'
S2B_MSIL2A_20230619T172859_N0510_R055_T14TLL_20240913T053807.SAFE	geography'SRID=4326;POLYGON ((-101.3971826192205 41.52685230149302, -101.36158097735908 40.538607851727775, -100.06541547567339 40.55783709926159, -100.08149180738359 41.546758769895376, -101.3971826192205 41.52685230149302))'
S2B_MSIL2A_20230619T172859_N0510_R055_T14TMK_20240913T053807.SAFE	geography'SRID=4326;POLYGON ((-98.96020056590787 40.65044908132212, -100.18317260660315 40.64479480422486, -100.16613169555372 39.655752572676114, -99.31404671425008 39.65961295377986, -99.29558174174896 39.71185367881964, -99.24385778541016 39.858320827269566, -99.1918908262608 40.00468396161156, -99.13977906743648 40.15093484100021, -99.08762725775692 40.29712194250544, -99.0350819263422 40.4432624430199, -98.98230419538932 40.58942157237393, -98.96020056590787 40.65044908132212))'
S2B_MSIL2A_20230619T172859_N0510_R055_T14TKM_20240913T053807.SAFE	geography'SRID=4326;POLYGON ((-102.31657997204813 41.414684380117585, -101.27696656733475 41.441212166985935, -101.3124072413961 42.42936087235922, -102.00286070501556 42.41140344704137, -102.04679549324456 42.27262917045584, -102.09343846866909 42.125546572648, -102.13988774917215 41.97847685532015, -102.18620498687959 41.831413027409205, -102.23234556731984 41.68436633853667, -102.27826406440457 41.53734463622601, -102.31657997204813 41.414684380117585))'
S2B_MSIL2A_20230619T172859_N0510_R055_T14SMH_20240913T053807.SAFE	geography'SRID=4326;POLYGON ((-99.59858142193431 38.84577787618827, -100.15275135075291 38.843310058483205, -100.13717219597591 37.85395064837389, -99.93729207941496 37.85482167863927, -99.9035511435942 37.95437619323691, -99.85365612250496 38.1010042322574, -99.80379908518067 38.24757660942748, -99.7537912299544 38.393989242490754, -99.70365302295964 38.54035546438997, -99.6534873701898 38.6867636452312, -99.60294690041091 38.83316984620221, -99.59858142193431 38.84577787618827))'
S2B_MSIL2A_20230619T172859_N0510_R055_T14TNL_20240913T053807.SAFE	geography'SRID=4326;POLYGON ((-98.63050242273779 41.549728902491836, -99.00023981916341 41.551844670066835, -99.0002362534332 40.56274991351036, -98.99195205587245 40.56270343078496, -98.98230419538932 40.58942157237393, -98.92936205102886 40.73559336698376, -98.87631373854066 40.88180259817922, -98.82282148923123 41.02802370386438, -98.769263126784 41.174299908413246, -98.715342301997 41.3205446028047, -98.6612232485799 41.46678775392563, -98.63050242273779 41.549728902491836))'
S2B_MSIL2A_20230619T172859_N0510_R055_T14SLH_20240913T053807.SAFE	geography'SRID=4326;POLYGON ((-101.30393084279649 38.82627262441358, -101.27281842761563 37.837503416034735, -100.02533655911799 37.85497766278228, -100.03938428014581 38.84437393595428, -101.30393084279649 38.82627262441358))'
S2B_MSIL2A_20230619T172859_N0510_R055_T14SLG_20240913T053807.SAFE	geography'SRID=4326;POLYGON ((-100.0219569426207 37.60406750359015, -100.0265600589798 37.943111174604404, -101.27552823620451 37.925581750319026, -101.24577213045467 36.936641907455304, -100.23972568056404 36.95044920580097, -100.19879840174217 37.0739919902431, -100.15009269611647 37.220692886618245, -100.10128954296361 37.36744561427157, -100.05218168461144 37.514208221048406, -100.0219569426207 37.60406750359015))'
S2B_MSIL2A_20230619T172859_N0510_R055_T14SKF_20240913T053807.SAFE	geography'SRID=4326;POLYGON ((-102.37131820920371 36.99866808026183, -102.32869364809063 36.01049725766069, -101.11143123293883 36.03812799310683, -101.13850562461279 37.02730768000537, -102.37131820920371 36.99866808026183))'
S2B_MSIL2A_20230619T172859_N0510_R055_T13TGE_20240913T053807.SAFE	geography'SRID=4326;POLYGON ((-102.64561443290083 40.3412829230259, -102.6698144654414 39.63822758400475, -101.39224764301619 39.60554763793313, -101.33965430802601 40.59281342227294, -102.55934954763988 40.62465386453495, -102.59499416199128 40.50764380724444, -102.63981822731944 40.360421993351366, -102.64561443290083 40.3412829230259))'
S2B_MSIL2A_20230619T172859_N0510_R055_T14SKG_20240913T053807.SAFE	geography'SRID=4326;POLYGON ((-102.41197247867947 37.8980997878049, -102.36741300313712 36.910119161555244, -101.13602504584179 36.93866731150362, -101.16432984132963 37.92768043331917, -102.41197247867947 37.8980997878049))'
S2B_MSIL2A_20230619T172859_N0510_R055_T14TML_20240913T053807.SAFE	geography'SRID=4326;POLYGON ((-98.88418520514495 40.86010763698985, -98.88296836561119 41.55178511688993, -100.19944910163338 41.54558876800179, -100.18162029219911 40.556706911840905, -98.99213507331736 40.562196594475004, -98.98230419538932 40.58942157237393, -98.92936205102886 40.73559336698376, -98.88418520514495 40.86010763698985))'
S2B_MSIL2A_20230619T172859_N0510_R055_T14SKJ_20240913T053807.SAFE	geography'SRID=4326;POLYGON ((-102.49897689950004 39.6975094680204, -102.45026011044494 38.7099201955759, -101.18865192655385 38.74036995699254, -101.21960079191267 39.7290432642928, -102.49897689950004 39.6975094680204))'
S2B_MSIL2A_20230619T172859_N0510_R055_T14TPR_20240913T053807.SAFE	geography'SRID=4326;POLYGON ((-96.85436441352049 46.031318996909384, -97.7074679641667 46.046265456303395, -97.72992432822251 45.05819732058294, -97.26461450763293 45.0501805644425, -97.23923255688197 45.11194256715315, -97.1790358168954 45.25750111626572, -97.11874856818737 45.402969737519854, -97.05786417280096 45.548250723207126, -96.99686949537336 45.693492203607335, -96.93579638200865 45.83877853069344, -96.87445228960085 45.98404478930524, -96.85436441352049 46.031318996909384))'
S2A_MSIL2A_20230618T170901_N0510_R112_T14TPL_20240910T000429.SAFE	geography'SRID=4326;POLYGON ((-97.55060126592765 40.55246331651087, -96.52280187838811 40.536185528423594, -96.48546160940654 41.52434469691515, -97.24723765874052 41.536648906669726, -97.2870224303726 41.40927116666648, -97.33256311189288 41.26205217808412, -97.37814954690185 41.11488198120005, -97.42352476917328 40.96769855888423, -97.46869252479208 40.82051962817842, -97.513745190622 40.67337663753223, -97.55060126592765 40.55246331651087))'
S2A_MSIL2A_20230618T170901_N0510_R112_T14SNH_20240910T000429.SAFE	geography'SRID=4326;POLYGON ((-98.35012380333696 37.85599767913281, -97.75213459127728 37.85282950328523, -97.73503988519937 38.84214867288121, -98.06233637564321 38.84392067394608, -98.08716899399943 38.7591735002752, -98.13031128917437 38.61193284161153, -98.17329944839727 38.46468380344308, -98.21635615753952 38.31741556984285, -98.25919385313283 38.17007630397006, -98.30190858849028 38.0227031226073, -98.3445636883896 37.875280488129775, -98.35012380333696 37.85599767913281))'
S2A_MSIL2A_20230618T170901_N0510_R112_T14SPJ_20240910T000429.SAFE	geography'SRID=4326;POLYGON ((-97.83505154845943 39.61019381571689, -97.84912778038333 38.75519833855342, -96.58623972133758 38.73593643111066, -96.55211502393708 39.72445184157785, -97.79502009751168 39.7438107980707, -97.82517548282418 39.64322239016516, -97.83505154845943 39.61019381571689))'
S2A_MSIL2A_20230618T170901_N0510_R112_T14TPK_20240910T000429.SAFE	geography'SRID=4326;POLYGON ((-97.82147758112374 39.65555736916752, -96.5552421778473 39.63587147039632, -96.51955068002488 40.62420990912828, -97.52387489076082 40.64014424166324, -97.55858858250684 40.52625941483033, -97.60333273688607 40.37916778757149, -97.64790736147609 40.232070694793606, -97.6923087461075 40.084898399160494, -97.73664017173027 39.937717461135605, -97.7810159535216 39.790523998165625, -97.82147758112374 39.65555736916752))'
S2A_MSIL2A_20230618T170901_N0510_R112_T14SNJ_20240910T000429.SAFE	geography'SRID=4326;POLYGON ((-98.08811771792809 38.755935593353975, -97.73659678080747 38.754036048213806, -97.71871965132908 39.74319619212293, -97.79507802892311 39.7436175580115, -97.82517548282418 39.64322239016516, -97.8692477695088 39.495831226960206, -97.9133770411654 39.34846528133527, -97.95717447288791 39.20110571882374, -98.00065352970049 39.05374340434194, -98.04401427295711 38.90644917561599, -98.08716899399943 38.7591735002752, -98.08811771792809 38.755935593353975))'
S2A_MSIL2A_20230618T170901_N0510_R112_T14TPM_20240910T000429.SAFE	geography'SRID=4326;POLYGON ((-97.27461179430381 41.44900593727332, -96.48886345311317 41.43633638009555, -96.44978706678563 42.42431413705452, -96.96591463442842 42.43279626311824, -97.01080850306143 42.29122110817652, -97.0570281776913 42.14430692838452, -97.1032674941126 41.99741332565287, -97.14908538103727 41.85038176285192, -97.19517857936164 41.70341864393573, -97.24108375179208 41.556351690602526, -97.27461179430381 41.44900593727332))'
S2B_MSIL2A_20230618T161829_N0510_R040_T16TGQ_20240909T225812.SAFE	geography'SRID=4326;POLYGON ((-83.82948390441415 44.119291214322665, -83.13001323357865 44.099770918209835, -83.0639024439136 45.08595696049961, -83.50101663350652 45.09836895899417, -83.54049498778856 44.98181826320919, -83.59000282582817 44.83517188470519, -83.6391941471329 44.68848416636538, -83.68832847376095 44.541795541606085, -83.73752182902521 44.395048338702274, -83.78653830358525 44.24821267230507, -83.82948390441415 44.119291214322665))'
S2B_MSIL2A_20230618T161829_N0510_R040_T17TLL_20240909T225812.SAFE	geography'SRID=4326;POLYGON ((-83.52170011526837 45.037305770458566, -82.14563453547973 45.05951360004942, -82.1658919102777 46.0476276229589, -83.18007146744924 46.03098350309535, -83.18793073774673 46.008501461866615, -83.23899378561866 45.86184827159676, -83.28986263555686 45.71518034953845, -83.34051389220313 45.5684851488566, -83.3909136278738 45.42178699442004, -83.44106028367005 45.27513793088737, -83.49082238263885 45.12846512316416, -83.52170011526837 45.037305770458566))'
S2B_MSIL2A_20230618T161829_N0510_R040_T17TLG_20240909T225812.SAFE	geography'SRID=4326;POLYGON ((-83.43119626719712 42.42690168750588, -83.39393916355972 41.438836285507165, -82.08002716017 41.458681613653354, -82.09685168418683 42.44744302996699, -83.43119626719712 42.42690168750588))'
S2B_MSIL2A_20230618T161829_N0510_R040_T17TMF_20240909T225812.SAFE	geography'SRID=4326;POLYGON ((-81.00764091604286 41.55119831406167, -82.19944910163338 41.54558876800179, -82.18162029219911 40.556706911840905, -81.37039756197856 40.56045084683378, -81.33659030278373 40.654227112694166, -81.28360949522643 40.80038692513236, -81.23039554296501 40.94659561950537, -81.17687857917795 41.09283113208687, -81.12310429239909 41.23906777556618, -81.06916922725145 41.38535171177648, -81.05549910894997 41.42219118825346, -81.01522099727276 41.53082228885406, -81.00764091604286 41.55119831406167))'
S2B_MSIL2A_20230618T161829_N0510_R040_T17TLH_20240909T225812.SAFE	geography'SRID=4326;POLYGON ((-83.46678204877878 43.32624633586568, -83.42778068203103 42.33836182515417, -82.09530924716697 42.35883991770658, -82.1129221649777 43.34744038882544, -83.46678204877878 43.32624633586568))'
S2B_MSIL2A_20230618T161829_N0510_R040_T16TGR_20240909T225812.SAFE	geography'SRID=4326;POLYGON ((-83.53072865272257 45.01065110510219, -83.06996660895842 44.99758761245698, -83.00067944006244 45.98354520692643, -83.19467272201919 45.9891384676171, -83.23899378561866 45.86184827159676, -83.28986263555686 45.71518034953845, -83.34051389220313 45.5684851488566, -83.3909136278738 45.42178699442004, -83.44106028367005 45.27513793088737, -83.49082238263885 45.12846512316416, -83.53072865272257 45.01065110510219))'
S2A_MSIL2A_20230617T173911_N0510_R098_T13TFL_20240928T201358.SAFE	geography'SRID=4326;POLYGON ((-103.65469153048537 45.056901145504455, -102.33649579223146 45.034190140253024, -102.28945585240228 46.02142174250963, -103.31693660778491 46.03942330794306, -103.3182008515884 46.03580670619686, -103.36896862553017 45.889283624269375, -103.41969222753136 45.74281512166144, -103.47019484693823 45.5962724879244, -103.52052996907987 45.44965201934152, -103.57072096744992 45.30295579090244, -103.62099048031621 45.156272360751245, -103.65469153048537 45.056901145504455))'
S2A_MSIL2A_20230617T173911_N0510_R098_T13TFM_20240928T201358.SAFE	geography'SRID=4326;POLYGON ((-103.34726370408808 45.951927142701706, -102.29374566695488 45.93349650488509, -102.24441508393578 46.920536388192055, -103.00066875620196 46.93398316251446, -103.00731903140696 46.9154592688864, -103.05967286212297 46.76889587727391, -103.11192838253129 46.622272233946646, -103.1638676028062 46.475600259944784, -103.21550530967971 46.32891693587669, -103.26698485473592 46.1823194778143, -103.3182008515884 46.03580670619686, -103.34726370408808 45.951927142701706))'
S2B_MSIL2A_20230617T164849_N0510_R026_T15SVD_20240913T222807.SAFE	geography'SRID=4326;POLYGON ((-93.05181375338243 38.76008087543646, -92.88766443792474 38.760810475743604, -92.88676650913146 39.31953632326181, -92.90117719305488 39.270988008302126, -92.94475939752297 39.123772178130174, -92.9882365721811 38.976479475399245, -93.03156423337282 38.82909581923417, -93.05181375338243 38.76008087543646))'
S2B_MSIL2A_20230617T164849_N0510_R026_T15TWH_20240913T222807.SAFE	geography'SRID=4326;POLYGON ((-91.9539283861291 42.357990240026176, -91.66698539119554 42.35632239007374, -91.64616110324333 43.31677287333926, -91.67031690554585 43.24218525166041, -91.7177884251784 43.09535717399184, -91.7651057279798 42.94854691007111, -91.81217920920454 42.801686083187775, -91.85914563412838 42.65475470341648, -91.90619166545392 42.50777954312446, -91.95304979002674 42.36075753825687, -91.9539283861291 42.357990240026176))'
S2B_MSIL2A_20230617T164849_N0510_R026_T16TCK_20240913T222807.SAFE	geography'SRID=4326;POLYGON ((-88.89697094766825 40.633590789471995, -89.36468078702738 40.62663972727231, -89.33065130260064 39.638218234831534, -89.25210009669136 39.63936219041006, -89.24753269365385 39.65230973987232, -89.19561915717344 39.79879274437238, -89.14361686779024 39.94519123505157, -89.091565298226 40.09149662105391, -89.03945733256418 40.2377311038435, -88.98707970677125 40.38389665846629, -88.93444733232796 40.53006952615865, -88.89697094766825 40.633590789471995))'
S2B_MSIL2A_20230617T164849_N0510_R026_T16TER_20241002T034128.SAFE	geography'SRID=4326;POLYGON ((-86.77683877377447 46.05218769787055, -87.00025853973811 46.05357436995249, -87.00025611434076 45.52010554078045, -86.9889140650252 45.54738057166544, -86.92821098110377 45.69270570400976, -86.86730104709639 45.838033657303, -86.80603234394198 45.98330738860708, -86.77683877377447 46.05218769787055))'
S2B_MSIL2A_20230617T164849_N0510_R026_T15SXD_20240913T222807.SAFE	geography'SRID=4326;POLYGON ((-91.83284204446889 39.744399896499196, -91.84912778038334 38.75519833855342, -90.58623972133758 38.73593643111066, -90.55211502393708 39.72445184157785, -91.83284204446889 39.744399896499196))'
S2B_MSIL2A_20230617T164849_N0510_R026_T15TXE_20240913T222807.SAFE	geography'SRID=4326;POLYGON ((-91.81730037733891 40.64479964997401, -91.83433447991831 39.65575725270223, -90.5552421778473 39.63587147039632, -90.51955068002489 40.62420990912828, -91.81730037733891 40.64479964997401))'
S2B_MSIL2A_20230617T164849_N0510_R026_T15TXF_20240913T222807.SAFE	geography'SRID=4326;POLYGON ((-91.8010303852103 41.545593768972765, -91.81885207154319 40.55671174263467, -90.52280187838811 40.536185528423594, -90.48546160940656 41.52434469691515, -91.8010303852103 41.545593768972765))'
S2B_MSIL2A_20230617T164849_N0510_R026_T15SWD_20240913T222807.SAFE	geography'SRID=4326;POLYGON ((-93.0002307717397 38.93567992760236, -93.00023019602958 38.760864457162924, -91.73659678080747 38.754036048213806, -91.71871965132908 39.74319619212293, -92.75869202418968 39.74893503698565, -92.76960769282458 39.71252566814485, -92.81366600967232 39.565356554880005, -92.8574881654532 39.41817246419336, -92.90117719305488 39.270988008302126, -92.94475939752297 39.123772178130174, -92.9882365721811 38.976479475399245, -93.0002307717397 38.93567992760236))'
S2B_MSIL2A_20230617T164849_N0510_R026_T15TXG_20240913T222807.SAFE	geography'SRID=4326;POLYGON ((-91.78400297732625 42.44624086265282, -91.80265404258907 41.457520191909595, -90.48886345311317 41.43633638009555, -90.44978706678563 42.42431413705452, -91.78400297732625 42.44624086265282))'
S2B_MSIL2A_20230617T164849_N0510_R026_T15TXN_20241002T034128.SAFE	geography'SRID=4326;POLYGON ((-90.449490278985 46.836189629567436, -90.24891500137984 46.83262831925138, -90.21448103859653 47.48911818769251, -90.24411145111424 47.40760583284601, -90.29715007698749 47.26115338828603, -90.34992894420246 47.114732813659856, -90.4023761990472 46.96830511043164, -90.449490278985 46.836189629567436))'
S2B_MSIL2A_20230617T164849_N0510_R026_T15TYF_20240913T222807.SAFE	geography'SRID=4326;POLYGON ((-90.6032964141397 41.5268622914542, -90.63889095789968 40.53861750192735, -89.34444498559898 40.50488583658978, -89.28942535132568 41.49194363396281, -90.6032964141397 41.5268622914542))'
S2B_MSIL2A_20230617T164849_N0510_R026_T15TWG_20240913T222807.SAFE	geography'SRID=4326;POLYGON ((-92.23640844602723 41.459388497667824, -91.68558188065235 41.45624189757688, -91.66510843311782 42.44491772432881, -91.92574302994197 42.44643520143057, -91.95304979002674 42.36075753825687, -91.99974057885123 42.2136964063502, -92.04618952150868 42.0665909290697, -92.09264078548205 41.919549225486335, -92.13886836299812 41.772508240398686, -92.1847922622406 41.62545386756443, -92.23050077786863 41.47840379242994, -92.23640844602723 41.459388497667824))'
S2B_MSIL2A_20230617T164849_N0510_R026_T16TBL_20240913T222807.SAFE	geography'SRID=4326;POLYGON ((-90.59412455183306 41.49564643575739, -90.54082260253305 40.50846282585221, -89.24618611840131 40.54090999482793, -89.28005188450415 41.52923550071836, -90.59412455183306 41.49564643575739))'
S2B_MSIL2A_20230616T171859_N0510_R012_T15TUN_20240909T161911.SAFE	geography'SRID=4326;POLYGON ((-95.67207324053518 47.82259512731069, -95.62271963783218 46.835643714163524, -94.18335153308469 46.859583083848264, -94.20564501110893 47.84737115234881, -95.67207324053518 47.82259512731069))'
S2B_MSIL2A_20230616T171859_N0510_R012_T15TUM_20240909T161911.SAFE	geography'SRID=4326;POLYGON ((-94.17390476409514 46.41815114479029, -94.18528956021278 46.947573655919015, -95.62701019239009 46.92356100851489, -95.5799749213695 45.93641922924405, -94.37080951568238 45.956234208023886, -94.35283865775402 45.99877135492002, -94.2912517870631 46.14403717091541, -94.22920077201076 46.28928559930976, -94.17390476409514 46.41815114479029))'
S2B_MSIL2A_20230616T171859_N0510_R012_T14TQT_20240909T161911.SAFE	geography'SRID=4326;POLYGON ((-96.32846057360034 47.82260755999096, -96.37780434448764 46.835655727197015, -94.94097013495497 46.79367068819608, -94.86474152472253 47.779157072334634, -96.32846057360034 47.82260755999096))'
S2B_MSIL2A_20230616T171859_N0510_R012_T14SMH_20240909T161911.SAFE	geography'SRID=4326;POLYGON ((-100.15275135075291 38.843310058483205, -100.13717219597591 37.85395064837389, -98.88904641935848 37.85938968525829, -98.88752596186193 38.84894433319432, -100.15275135075291 38.843310058483205))'
S2B_MSIL2A_20230616T171859_N0510_R012_T14SLG_20240909T161911.SAFE	geography'SRID=4326;POLYGON ((-101.1288710022163 36.93824629535877, -100.01312514326092 36.95355914294569, -100.0265600589798 37.943111174604404, -100.84504503560942 37.931623635779815, -100.86234392548515 37.87175087600623, -100.90476384317952 37.72438296746103, -100.94698782275437 37.57702650866184, -100.98908519555066 37.42966146545774, -101.03110815253173 37.28229386444456, -101.07303101885572 37.13484156194235, -101.11494063142902 36.98734546928148, -101.1288710022163 36.93824629535877))'
S2B_MSIL2A_20230616T171859_N0510_R012_T15TUH_20240909T161911.SAFE	geography'SRID=4326;POLYGON ((-95.43916126814138 43.32667872646579, -95.46678204877878 43.32624633586568, -95.46426335654907 43.26244916031872, -95.43916126814138 43.32667872646579))'
S2B_MSIL2A_20230616T171859_N0510_R012_T14SMF_20240909T161911.SAFE	geography'SRID=4326;POLYGON ((-100.12493526264659 37.04124978452211, -100.11068371215597 36.05157871290146, -98.8916315425469 36.05667498554276, -98.8902406792213 37.04653228101576, -100.12493526264659 37.04124978452211))'
S2B_MSIL2A_20230616T171859_N0510_R012_T14SLH_20240909T161911.SAFE	geography'SRID=4326;POLYGON ((-100.87058020790808 37.843137814481686, -100.02533655911799 37.85497766278228, -100.03938428014581 38.84437393595428, -100.58104572204805 38.83662034047662, -100.60481989086313 38.75622771399745, -100.6478856754448 38.60874060594912, -100.6910215322516 38.46130614419892, -100.73414033439676 38.31389939996853, -100.77701520449514 38.16648980407697, -100.81976998447635 38.01910248995053, -100.86234392548515 37.87175087600623, -100.87058020790808 37.843137814481686))'
S2B_MSIL2A_20230616T171859_N0510_R012_T14TQS_20240909T161911.SAFE	geography'SRID=4326;POLYGON ((-96.37351464472056 46.92357305830357, -96.42054054444473 45.93643087306754, -95.00699783345478 45.895735251937936, -94.93434286730421 46.881459661637656, -96.37351464472056 46.92357305830357))'
S2B_MSIL2A_20230616T171859_N0510_R012_T14SLF_20240909T161911.SAFE	geography'SRID=4326;POLYGON ((-101.23507526371597 36.562926057907745, -101.21991719169928 36.03616769808406, -100.0014519629642 36.05254100905861, -100.01430253846532 37.042247242200354, -101.10359734058612 37.027266885264936, -101.11494063142902 36.98734546928148, -101.15679204154895 36.8398354212169, -101.19867204457177 36.69234549291267, -101.23507526371597 36.562926057907745))'
S2B_MSIL2A_20230616T171859_N0510_R012_T14SMG_20240909T161911.SAFE	geography'SRID=4326;POLYGON ((-100.13852907879905 37.9420809165272, -100.12362950841454 36.95256487264268, -98.89036811332885 36.957830487987216, -98.88891399416781 37.94753713280259, -100.13852907879905 37.9420809165272))'
S2A_MSIL2A_20230616T162841_N0510_R083_T16TFS_20240909T194424.SAFE	geography'SRID=4326;POLYGON ((-85.70836519211096 46.00653462583302, -85.70951593127272 45.95826451839171, -84.29374566695486 45.93349650488509, -84.24441508393578 46.920536388192055, -85.3780473481459 46.94069324531614, -85.41262556225252 46.84417486558501, -85.4649161971011 46.697648117833765, -85.51694299001646 46.551014567632166, -85.56877852069914 46.4043586005874, -85.62037748433137 46.257711330146414, -85.6718525606735 46.11116094980482, -85.70836519211096 46.00653462583302))'
S2A_MSIL2A_20230616T162841_N0510_R083_T16TER_20240909T194424.SAFE	geography'SRID=4326;POLYGON ((-86.03417267031301 45.05936350131667, -85.60574612901156 45.05674859305782, -85.58109585564665 46.044766226835556, -85.69477684726944 46.04547179671497, -85.72297858350846 45.96466020149031, -85.7737697645572 45.81816079065843, -85.82435161048633 45.6716610682088, -85.87486088547004 45.52510888259583, -85.92525630810617 45.37848648305078, -85.97551543177758 45.23180221451281, -86.0254274012565 45.085026788275165, -86.03417267031301 45.05936350131667))'
S2A_MSIL2A_20230616T162841_N0510_R083_T16SEH_20240909T194424.SAFE	geography'SRID=4326;POLYGON ((-87.00023047979299 38.848998483821255, -87.00022736409076 37.85944195932729, -85.75213459127728 37.85282950328523, -85.73503988519937 38.84214867288121, -87.00023047979299 38.848998483821255))'
S2A_MSIL2A_20230616T162841_N0510_R083_T16SDH_20240909T194424.SAFE	geography'SRID=4326;POLYGON ((-88.14464503201833 38.32851558880858, -88.13717219597591 37.85395064837389, -86.88904641935846 37.85938968525829, -86.88752596186193 38.84894433319432, -87.99389233243076 38.844017486074705, -88.01773289900649 38.76289907874157, -88.06084941538461 38.61562932986532, -88.10386971816402 38.468378448979806, -88.14464503201833 38.32851558880858))'
S2A_MSIL2A_20230616T162841_N0510_R083_T16SCH_20240909T194424.SAFE	geography'SRID=4326;POLYGON ((-88.28324818153371 37.85136493586179, -88.02533655911799 37.85497766278228, -88.03727954449 38.69613511417437, -88.06084941538461 38.61562932986532, -88.10386971816402 38.468378448979806, -88.14682188680234 38.32104878824984, -88.18973580037877 38.17369860275941, -88.23257461778371 38.02630960049302, -88.27530389521398 37.878874847050646, -88.28324818153371 37.85136493586179))'
S2A_MSIL2A_20230616T162841_N0510_R083_T16SEG_20240909T194424.SAFE	geography'SRID=4326;POLYGON ((-87.00022763545476 37.947589571993284, -87.00022465569248 36.95788109520145, -85.76699475177708 36.95147947183065, -85.75064570841931 37.94095623057468, -87.00022763545476 37.947589571993284))'
S2A_MSIL2A_20230615T165901_N0510_R069_T15STD_20240913T160348.SAFE	geography'SRID=4326;POLYGON ((-95.57965401242413 38.73093285886637, -95.18865192655385 38.74036995699254, -95.21960079191267 39.7290432642928, -95.28366624115473 39.727464192421344, -95.29785459072502 39.680049182651146, -95.34188077698795 39.53276843356258, -95.38589224118908 39.38542344164253, -95.4298036515988 39.23803092520294, -95.47368243840243 39.09069500433208, -95.51717443942464 38.94332330620477, -95.56052571532771 38.79599942329414, -95.57965401242413 38.73093285886637))'
S2A_MSIL2A_20230615T165901_N0510_R069_T14SQF_20240913T160348.SAFE	geography'SRID=4326;POLYGON ((-96.35354976074468 36.026098896792234, -95.56341398032555 36.007451011934776, -95.51941449107781 36.995510653879045, -96.0770308987387 37.008979366325946, -96.1137183782003 36.87986725148481, -96.15543137753792 36.73249297410188, -96.19690550146832 36.58509857824595, -96.23834564562344 36.43765687063665, -96.27969293155329 36.290152108628895, -96.321090293436 36.14265141190743, -96.35354976074468 36.026098896792234))'
S2A_MSIL2A_20230615T165901_N0510_R069_T15TVF_20240913T161323.SAFE	geography'SRID=4326;POLYGON ((-94.19944910163338 41.54558876800179, -94.18162029219913 40.556706911840905, -92.88470843547175 40.5626923872254, -92.88296836561119 41.55178511688993, -94.19944910163338 41.54558876800179))'
S2A_MSIL2A_20230615T165901_N0510_R069_T15SVD_20240913T160348.SAFE	geography'SRID=4326;POLYGON ((-94.16762472753088 39.74439520181332, -94.15133248212537 38.755193805393134, -92.88766443792474 38.760810475743604, -92.88607436984347 39.750212021802014, -94.16762472753088 39.74439520181332))'
S2A_MSIL2A_20230615T165901_N0510_R069_T15SWD_20240913T161323.SAFE	geography'SRID=4326;POLYGON ((-91.83987952632813 39.4511076593553, -91.83009468019652 39.47889481696853, -91.77867149264056 39.6252196695912, -91.73691618446979 39.74329660544492, -93.00023345437725 39.7502679270046, -93.00023336165546 39.722112778468535, -92.95931581572182 39.71351355143102, -92.9593592009516 39.71338398654454, -92.959346681136 39.713381356792574, -92.95943257953617 39.713123110577456, -92.95698889696152 39.71261001224563, -92.95712490337411 39.71220043774047, -92.9571039689652 39.71219604725146, -92.9571632193707 39.71202018152321, -92.95700268826356 39.71198656936991, -92.95711195126393 39.71165753583717, -92.67289214910365 39.65004461138528, -92.67247369350106 39.65127765697131, -92.624280817589 39.64009316469989, -92.41633753552387 39.59191348346173, -92.41645886930496 39.59155728379123, -92.4138968199029 39.59096440338437, -92.41399378345751 39.59067934847119, -92.41389515260356 39.590656595479935, -92.41391699323991 39.590593319585615, -92.4136457594034 39.590530965937376, -92.41372535084771 39.59029709159411, -92.13486282765977 39.52451361720464, -92.13490285730809 39.524397479485465, -92.12419846503059 39.52190561893144, -92.12377028743784 39.523146390738845, -92.12370403059198 39.52312951499233, -92.12366602032183 39.5232403814303, -91.83987952632813 39.4511076593553))'
S2A_MSIL2A_20230615T165901_N0510_R069_T15STB_20240913T160348.SAFE	geography'SRID=4326;POLYGON ((-96.10338288245099 36.91624036115898, -95.1360250458418 36.93866731150362, -95.16432984132963 37.92768043331917, -95.81816603493648 37.91217848100647, -95.86074673395473 37.76480571055568, -95.90312743123592 37.61731598348726, -95.94546943842185 37.469746341777096, -95.9878222570926 37.322221532413074, -96.02981970432384 37.1746884870431, -96.07184086656449 37.02724434500366, -96.10338288245099 36.91624036115898))'
S2A_MSIL2A_20230615T165901_N0510_R069_T15TUH_20240913T161323.SAFE	geography'SRID=4326;POLYGON ((-94.4747634664261 42.35300827402697, -94.09530924716697 42.35883991770658, -94.11292216497772 43.34744038882544, -94.15522201255746 43.3467782041928, -94.19774538644072 43.2157181139694, -94.24533704643775 43.06877009538978, -94.29283838849908 42.92179878021283, -94.34016280547183 42.774784555694616, -94.38724112719362 42.6277676994283, -94.43416016153832 42.48077379770417, -94.4747634664261 42.35300827402697))'
S2A_MSIL2A_20230615T165901_N0510_R069_T14SQJ_20240913T160348.SAFE	geography'SRID=4326;POLYGON ((-95.5857278080442 38.71027231537719, -95.43792685625729 38.70656329494251, -95.40695615604562 39.31472055626931, -95.4298036515988 39.23803092520294, -95.47368243840243 39.09069500433208, -95.51717443942464 38.94332330620477, -95.56052571532771 38.79599942329414, -95.5857278080442 38.71027231537719))'
S2A_MSIL2A_20230615T165901_N0510_R069_T15SXD_20240913T161323.SAFE	geography'SRID=4326;POLYGON ((-91.73705362843452 39.74290793720323, -91.83284204446889 39.744399896499196, -91.83756232925623 39.4576880714938, -91.83009468019652 39.47889481696853, -91.77867149264056 39.6252196695912, -91.73705362843452 39.74290793720323))'
S2A_MSIL2A_20230615T165901_N0510_R069_T15SVB_20240913T160348.SAFE	geography'SRID=4326;POLYGON ((-94.13852907879905 37.9420809165272, -94.12362950841454 36.95256487264268, -92.89036811332885 36.957830487987216, -92.88891399416781 37.94753713280259, -94.13852907879905 37.9420809165272))'
S2A_MSIL2A_20230615T165901_N0510_R069_T15SUA_20240913T160348.SAFE	geography'SRID=4326;POLYGON ((-95.24837990395393 37.02527578563511, -95.2199171916993 36.03616769808406, -94.00145196296421 36.05254100905861, -94.01430253846532 37.042247242200354, -95.24837990395393 37.02527578563511))'
S2A_MSIL2A_20230615T165901_N0510_R069_T15SXD_20240913T160348.SAFE	geography'SRID=4326;POLYGON ((-91.83469697863296 39.631730516704486, -91.83756544651763 39.45749872789573, -91.83212142890028 39.47300475157306, -91.78111203853923 39.61828092615965, -91.83469697863296 39.631730516704486))'
S2A_MSIL2A_20230615T165901_N0510_R069_T15STA_20240913T160348.SAFE	geography'SRID=4326;POLYGON ((-96.33260988542729 36.101287904400735, -96.32869364809063 36.01049725766069, -95.11143123293884 36.03812799310683, -95.1385056246128 37.02730768000537, -96.07802479337691 37.00548161067325, -96.1137183782003 36.87986725148481, -96.15543137753792 36.73249297410188, -96.19690550146832 36.58509857824595, -96.23834564562344 36.43765687063665, -96.27969293155329 36.290152108628895, -96.321090293436 36.14265141190743, -96.33260988542729 36.101287904400735))'
S2A_MSIL2A_20230615T165901_N0510_R069_T15TVG_20240913T161323.SAFE	geography'SRID=4326;POLYGON ((-94.2164833149824 42.44623570214159, -94.19782479530706 41.4575152063026, -92.88312689683454 41.46369251697452, -92.88130582637643 42.452629745736225, -94.2164833149824 42.44623570214159))'
S2A_MSIL2A_20230615T165901_N0510_R069_T14SQG_20240913T160348.SAFE	geography'SRID=4326;POLYGON ((-96.10205342583265 36.920919040591336, -95.52344565573671 36.90697181308603, -95.47744908495345 37.89483865903757, -95.820731025336 37.90330099073333, -95.86074673395473 37.76480571055568, -95.90312743123592 37.61731598348726, -95.94546943842185 37.469746341777096, -95.9878222570926 37.322221532413074, -96.02981970432384 37.1746884870431, -96.07184086656449 37.02724434500366, -96.10205342583265 36.920919040591336))'
S2A_MSIL2A_20230615T165901_N0510_R069_T15SVD_20240913T161323.SAFE	geography'SRID=4326;POLYGON ((-92.88616104908832 39.69627686023922, -92.88607436984347 39.750212021802014, -93.12869746948374 39.74911078150565, -92.95931581572182 39.71351355143102, -92.9593592009516 39.71338398654454, -92.959346681136 39.713381356792574, -92.95943257953617 39.713123110577456, -92.95698889696152 39.71261001224563, -92.95712490337411 39.71220043774047, -92.9571039689652 39.71219604725146, -92.9571632193707 39.71202018152321, -92.95700268826356 39.71198656936991, -92.95711195126393 39.71165753583717, -92.88616104908832 39.69627686023922))'
S2A_MSIL2A_20230615T165901_N0510_R069_T15TXF_20240913T161323.SAFE	geography'SRID=4326;POLYGON ((-91.08889247028391 41.534091314560996, -91.8010303852103 41.545593768972765, -91.81885207154319 40.55671174263467, -91.4483383314014 40.55084372576429, -91.41249438263128 40.649985177098, -91.35945682981155 40.79614728800292, -91.30633705560695 40.94224327417704, -91.25308059008664 41.08830300623837, -91.1994849643002 41.23426917567419, -91.14567208919053 41.380297211625205, -91.09175492603836 41.526378987552974, -91.08889247028391 41.534091314560996))'
S2A_MSIL2A_20230615T165901_N0510_R069_T15TWE_20240913T161323.SAFE	geography'SRID=4326;POLYGON ((-92.71908554182114 39.66005837535967, -91.7682036887602 39.654820845141266, -91.72691976701037 39.77156478007543, -91.71765236861334 39.79765860105101, -91.70165933840751 40.64355721409192, -93.0002365638915 40.650856515774606, -93.00023336423021 39.72211277900965, -92.95931581572182 39.71351355143102, -92.9593592009516 39.71338398654454, -92.959346681136 39.713381356792574, -92.95943257953617 39.713123110577456, -92.95698889696152 39.71261001224563, -92.95712490337411 39.71220043774047, -92.9571039689652 39.71219604725146, -92.9571632193707 39.71202018152321, -92.95700268826356 39.71198656936991, -92.95711195126393 39.71165753583717, -92.71908554182114 39.66005837535967))'
S2A_MSIL2A_20230614T172901_N0510_R055_T14TNQ_20240910T105737.SAFE	geography'SRID=4326;POLYGON ((-97.62678155493661 44.17074960284332, -97.60358882685108 45.145299673094094, -99.0002544396381 45.15383725089235, -99.00025015292682 44.16536649550738, -97.63221940530092 44.15714727905407, -97.62678155493661 44.17074960284332))'
S2A_MSIL2A_20230614T172901_N0510_R055_T14TLN_20240910T105737.SAFE	geography'SRID=4326;POLYGON ((-101.46678204877878 43.32624633586568, -101.42778068203103 42.33836182515417, -100.09530924716697 42.35883991770658, -100.1129221649777 43.34744038882544, -101.46678204877878 43.32624633586568))'
S2A_MSIL2A_20230614T172901_N0510_R055_T13TGJ_20240910T105737.SAFE	geography'SRID=4326;POLYGON ((-101.74838969854319 43.21661436373986, -101.1873683405316 43.201211355403785, -101.12426105372481 44.18762158427181, -101.4283773211055 44.1961219556513, -101.43411800097545 44.17889042703542, -101.48288710272637 44.03216474672832, -101.53096913777686 43.8853471494628, -101.5791625879372 43.73862898243674, -101.6269246510607 43.59178437285097, -101.67447187185138 43.44485616292032, -101.72210383254848 43.297927027665054, -101.74838969854319 43.21661436373986))'
S2A_MSIL2A_20230614T172901_N0510_R055_T13TGH_20240910T105737.SAFE	geography'SRID=4326;POLYGON ((-102.03458038318426 42.32384465768999, -101.2421415546785 42.30245161555175, -101.18187629631363 43.28908179915951, -101.72017241242708 43.303884831713006, -101.72210383254848 43.297927027665054, -101.76962627602968 43.15092116236584, -101.81708933131955 43.00389485043807, -101.86451020503553 42.85687170155834, -101.91167244486647 42.70981306161732, -101.95862342875232 42.56274098020232, -102.00546958794456 42.415751032347394, -102.03458038318426 42.32384465768999))'
S2A_MSIL2A_20230614T172901_N0510_R055_T14TQT_20240910T105737.SAFE	geography'SRID=4326;POLYGON ((-96.08003056006078 47.81523291712829, -96.32846057360034 47.82260755999096, -96.36024525451849 47.18686471904369, -96.31608288180155 47.286754174966525, -96.25165149580344 47.431960455120446, -96.18697775999937 47.57704016885311, -96.12197327113459 47.72205326353553, -96.08003056006078 47.81523291712829))'
S2A_MSIL2A_20230614T172901_N0510_R055_T14TML_20240910T105737.SAFE	geography'SRID=4326;POLYGON ((-98.8841554814149 40.8770032375349, -98.88296836561119 41.55178511688993, -100.19944910163338 41.54558876800179, -100.18162029219911 40.556706911840905, -98.99828111380626 40.562168229421616, -98.98965218282748 40.58605716946733, -98.93667421262337 40.732308452577065, -98.8841554814149 40.8770032375349))'
S2A_MSIL2A_20230614T172901_N0510_R055_T14TNL_20240910T105737.SAFE	geography'SRID=4326;POLYGON ((-98.63681786121661 41.54976504165462, -99.00023981916341 41.551844670066835, -99.0002362534332 40.56274991351036, -98.99807538308222 40.56273778884259, -98.98965218282748 40.58605716946733, -98.93667421262337 40.732308452577065, -98.88362119702936 40.878475248805806, -98.83017505526973 41.0245253421174, -98.77672852578044 41.17052105371555, -98.72307502575107 41.31651501633926, -98.66909638590985 41.46256897082548, -98.63681786121661 41.54976504165462))'
S2A_MSIL2A_20230614T172901_N0510_R055_T14TNK_20240910T105737.SAFE	geography'SRID=4326;POLYGON ((-98.96624851420141 40.6506654689709, -99.00023656389149 40.650856515774606, -99.00023623969948 40.55675552124725, -98.98965218282748 40.58605716946733, -98.96624851420141 40.6506654689709))'
S2A_MSIL2A_20230614T172901_N0510_R055_T15UUP_20240910T105737.SAFE	geography'SRID=4326;POLYGON ((-95.66547824878886 48.721837894739174, -95.7193584952283 48.7209148694678, -95.71393031209887 48.61754346102812, -95.66547824878886 48.721837894739174))'
S2A_MSIL2A_20230614T172901_N0510_R055_T14TPQ_20240910T105737.SAFE	geography'SRID=4326;POLYGON ((-97.23431937497344 45.13823501828747, -97.72795903223157 45.14675285555784, -97.74938307519847 44.158520786393645, -97.6324630103809 44.156537921504174, -97.60102219348042 44.23518447170835, -97.54251844342905 44.38081737674, -97.48384897441562 44.52633363563788, -97.42498751857951 44.671738038652606, -97.36583762988109 44.81705855771995, -97.306457778104 44.96241269716003, -97.24684373097676 45.10787194746262, -97.23431937497344 45.13823501828747))'
S2A_MSIL2A_20230614T172901_N0510_R055_T13TGK_20240910T105737.SAFE	geography'SRID=4326;POLYGON ((-101.45737935821357 44.108906803325006, -101.13001323357867 44.099770918209835, -101.06390244391362 45.08595696049961, -101.12819986563235 45.08778270654167, -101.13764118546115 45.059920497920615, -101.18770548223651 44.9132005661844, -101.23750975614584 44.76642367980185, -101.28693102598429 44.619525332881146, -101.33616950698767 44.472598093309735, -101.38520605678835 44.325707108162575, -101.43411800097545 44.17889042703542, -101.45737935821357 44.108906803325006))'
S2A_MSIL2A_20230613T175921_N0510_R041_T13UEP_20240912T161103.SAFE	geography'SRID=4326;POLYGON ((-103.52668416406743 48.05152594726735, -103.5067305244228 48.7433372246506, -105.0002720958938 48.7530130044756, -105.00026690365507 47.765166566721895, -103.6602502508756 47.756616457541774, -103.64286058810212 47.79521280438948, -103.57715902513816 47.94003404784635, -103.52668416406743 48.05152594726735))'
S2A_MSIL2A_20230613T175921_N0510_R041_T13UFP_20240912T161103.SAFE	geography'SRID=4326;POLYGON ((-103.21172027209309 48.737156624260045, -103.63972075371633 48.74498411169783, -103.6656686510332 47.75740973734738, -103.65993933234839 47.757306541039874, -103.64286058810212 47.79521280438948, -103.57715902513816 47.94003404784635, -103.51160165418902 48.08484109937887, -103.44560587097922 48.2295331861496, -103.37954827628032 48.374219578504665, -103.3130303653583 48.51887781407517, -103.24605357141411 48.6635893454775, -103.21172027209309 48.737156624260045))'
S2A_MSIL2A_20230613T175921_N0510_R041_T13TEN_20240912T161103.SAFE	geography'SRID=4326;POLYGON ((-103.62032572741903 47.84488478170671, -105.0002673576574 47.85370184248753, -105.00026241255061 46.86569987335423, -104.05874566883067 46.85977786476094, -104.03045353827476 46.92453653406166, -103.9666829780095 47.069725088503006, -103.90207752868535 47.2148408820328, -103.8376984415126 47.36008634518801, -103.77290303941908 47.50516403021015, -103.70816327250448 47.650273532701945, -103.64286058810212 47.79521280438948, -103.62032572741903 47.84488478170671))'
S2A_MSIL2A_20230613T175921_N0510_R041_T13UEQ_20240912T161103.SAFE	geography'SRID=4326;POLYGON ((-105.00027707744742 49.652722814505665, -105.00027162195119 48.66503141156509, -103.50933035947723 48.65538534877128, -103.47940434627488 49.64273706516441, -105.00027707744742 49.652722814505665))'
S2A_MSIL2A_20230613T175921_N0510_R041_T13TFN_20240912T161103.SAFE	geography'SRID=4326;POLYGON ((-103.6202090245097 47.845142021560406, -103.66339978002995 47.84592105208886, -103.66595075105445 47.74396420056735, -103.64286058810212 47.79521280438948, -103.6202090245097 47.845142021560406))'
S2B_MSIL2A_20230613T170859_N0510_R112_T14TPL_20240928T175109.SAFE	geography'SRID=4326;POLYGON ((-97.55179945047188 40.55248229277641, -96.52280187838811 40.536185528423594, -96.48546160940654 41.52434469691515, -97.248934603871 41.53667631573417, -97.29013329219754 41.40452708515514, -97.33556455085973 41.25742675785752, -97.38093173337293 41.11034645463938, -97.42611341001944 40.963277299943954, -97.47118539281229 40.81618584120808, -97.51620068402352 40.66903845207239, -97.55179945047188 40.55248229277641))'
S2B_MSIL2A_20230613T170859_N0510_R112_T15TUN_20240928T175109.SAFE	geography'SRID=4326;POLYGON ((-95.48585465703846 46.83792003344649, -94.18335153308469 46.859583083848264, -94.20564501110893 47.84737115234881, -95.12544392846337 47.83183069796508, -95.1684358991463 47.714635859534525, -95.22192290964688 47.56816095161224, -95.27531595364874 47.42171143989408, -95.32838373401152 47.275240381525855, -95.38132393021726 47.128761616368976, -95.43411205088387 46.98234142978495, -95.48585465703846 46.83792003344649))'
S2B_MSIL2A_20230613T170859_N0510_R112_T15SUA_20240928T175109.SAFE	geography'SRID=4326;POLYGON ((-95.18186293346064 37.02619054990123, -95.24837990395393 37.02527578563511, -95.24307169408705 36.84081011480326, -95.21027744795335 36.940376882189376, -95.18186293346064 37.02619054990123))'
S2B_MSIL2A_20230613T170859_N0510_R112_T15TVE_20240928T175109.SAFE	geography'SRID=4326;POLYGON ((-93.92982911568768 40.64596611006895, -94.18317260660315 40.64479480422486, -94.17155770352873 39.97067417636457, -94.15470997217214 40.01797891468214, -94.1026907892572 40.16421186682723, -94.0504500244223 40.31044839142627, -93.9980851254364 40.45669091730103, -93.94546131182847 40.60292747013187, -93.92982911568768 40.64596611006895))'
S2B_MSIL2A_20230613T170859_N0510_R112_T14TQT_20240928T175109.SAFE	geography'SRID=4326;POLYGON ((-95.4958464294021 46.80988446060524, -94.94097013495497 46.79367068819608, -94.86474152472253 47.779157072334634, -95.14175027704309 47.787380074817676, -95.1684358991463 47.714635859534525, -95.22192290964688 47.56816095161224, -95.27531595364874 47.42171143989408, -95.32838373401152 47.275240381525855, -95.38132393021726 47.128761616368976, -95.43411205088387 46.98234142978495, -95.48656923081168 46.83592555056698, -95.4958464294021 46.80988446060524))'
S2B_MSIL2A_20230613T170859_N0510_R112_T15SUB_20240928T175109.SAFE	geography'SRID=4326;POLYGON ((-94.8792593365858 37.93114343379438, -95.27552823620451 37.925581750319026, -95.24577213045468 36.936641907455304, -95.21135204282032 36.93711429957905, -95.21027744795335 36.940376882189376, -95.161715087114 37.087038346260506, -95.11302789502062 37.233738402991, -95.06415115631306 37.38047596863001, -95.01516904513753 37.52724921764171, -94.96598163700514 37.674004698613054, -94.91650814605389 37.82070187817824, -94.8792593365858 37.93114343379438))'
S2B_MSIL2A_20230612T173909_N0510_R098_T14TNT_20240910T174627.SAFE	geography'SRID=4326;POLYGON ((-98.5806894282107 47.85102097249625, -99.00026735765739 47.85370184248753, -99.00026261003288 46.90515561845121, -98.94140166795876 47.03981067805372, -98.87771160259814 47.18477210938075, -98.8137230169263 47.32971360444667, -98.74948804636227 47.47467370980001, -98.68486269835832 47.619674514457806, -98.61971183722096 47.764635731737854, -98.5806894282107 47.85102097249625))'
S2B_MSIL2A_20230612T173909_N0510_R098_T14TMS_20240910T174627.SAFE	geography'SRID=4326;POLYGON ((-98.9793137306902 46.95307997197146, -100.31456075291094 46.946162221065514, -100.2910001297497 45.958258688896564, -99.4055168443661 45.962772468966946, -99.37991036724284 46.02326861242008, -99.31821324883757 46.16868239440805, -99.2559610570304 46.3140241328752, -99.19340771654451 46.4593450223036, -99.13068062484557 46.6046166383871, -99.0678409519694 46.749763448795086, -99.00477138983278 46.894840968510245, -98.9793137306902 46.95307997197146))'
S2B_MSIL2A_20230612T173909_N0510_R098_T14TMR_20240910T174627.SAFE	geography'SRID=4326;POLYGON ((-99.36815227732002 46.050981224756384, -100.29304891527646 46.0462596089832, -100.27058357693214 45.058191670236305, -99.78153816213948 45.06064680262918, -99.74464825532314 45.15023445420356, -99.68461887867502 45.295609752951016, -99.6380347412459 45.40801432326676, -99.62402547853553 45.44184285429565, -99.56336388318418 45.587164175711465, -99.50260003354019 45.7325155342417, -99.4414534307444 45.877871103023736, -99.37991036724284 46.02326861242008, -99.36815227732002 46.050981224756384))'
S2B_MSIL2A_20230612T173909_N0510_R098_T14TNS_20240910T174627.SAFE	geography'SRID=4326;POLYGON ((-98.97909696644723 46.95357585941442, -99.00026284243779 46.953709179213256, -99.00026261088787 46.90515561649528, -98.97909696644723 46.95357585941442))'
S2B_MSIL2A_20230612T173909_N0510_R098_T14TMP_20240910T174627.SAFE	geography'SRID=4326;POLYGON ((-100.11201703905691 44.24724314396274, -100.25298174570909 44.246545441411556, -100.24605855425914 43.91203548924734, -100.21697352443405 43.98507186000096, -100.17973476991011 44.078254310830005, -100.15845136711084 44.13158408333301, -100.11201703905691 44.24724314396274))'
S2A_MSIL2A_20230612T164841_N0510_R026_T15TWF_20240912T142600.SAFE	geography'SRID=4326;POLYGON ((-92.51565048569474 40.56003089733404, -91.70336265383867 40.5554731412015, -91.68379957458711 41.54431153543986, -92.21125203054066 41.547329804120416, -92.2361830276248 41.4671818081537, -92.28191408997252 41.32009654972521, -92.32741043693488 41.172886106709534, -92.37289653354547 41.02567064785397, -92.41818670265943 40.87844037743327, -92.46331022599838 40.731233553205456, -92.50834398919716 40.5840522882434, -92.51565048569474 40.56003089733404))'
S2A_MSIL2A_20230612T164841_N0510_R026_T15TXF_20240912T142600.SAFE	geography'SRID=4326;POLYGON ((-91.8010303852103 41.545593768972765, -91.81885207154319 40.55671174263467, -90.52280187838811 40.536185528423594, -90.48546160940656 41.52434469691515, -91.8010303852103 41.545593768972765))'
S2A_MSIL2A_20230612T164841_N0510_R026_T15TWE_20240912T142600.SAFE	geography'SRID=4326;POLYGON ((-92.78743735328139 39.66043486238259, -91.7203579213631 39.6545573069827, -91.70165933840751 40.64355721409192, -92.48878321732727 40.647981636868735, -92.50834398919716 40.5840522882434, -92.55310177699752 40.436903197383415, -92.59782027559406 40.28979342482195, -92.64224831431105 40.14266670939897, -92.68680187227181 39.9955831285612, -92.73110607109535 39.84840417122117, -92.77521726093681 39.7011745564206, -92.78743735328139 39.66043486238259))'
S2A_MSIL2A_20230611T171901_N0510_R012_T15TUH_20240909T154100.SAFE	geography'SRID=4326;POLYGON ((-95.44375549459943 43.32660680596646, -95.46678204877878 43.32624633586568, -95.46467578500959 43.27289576057659, -95.44375549459943 43.32660680596646))'
S2A_MSIL2A_20230611T171901_N0510_R012_T15UVP_20240909T154100.SAFE	geography'SRID=4326;POLYGON ((-93.13464694463259 48.75151148582334, -94.36082319775265 48.74497768846318, -94.33486493191529 47.757403531734624, -93.5877042122821 47.76132474124895, -93.54758118684397 47.85057134760352, -93.4821449339531 47.995363932466965, -93.41641584479011 48.1400924860285, -93.3504160531704 48.28477417762591, -93.28400317258179 48.42946148051901, -93.21715458185267 48.574214564892735, -93.14980868524164 48.719044649963934, -93.13464694463259 48.75151148582334))'
S2A_MSIL2A_20230611T171901_N0510_R012_T14TPT_20240909T154100.SAFE	geography'SRID=4326;POLYGON ((-97.66522330905715 47.77303850011663, -97.68811311448758 46.85818197246455, -96.24891500137984 46.83262831925138, -96.19715331707549 47.81947440295927, -97.63865379923571 47.84547470948005, -97.64555093017832 47.82675983980527, -97.66522330905715 47.77303850011663))'
S2A_MSIL2A_20230611T171901_N0510_R012_T15TVN_20240909T154100.SAFE	geography'SRID=4326;POLYGON ((-93.54780969849219 47.85006306367195, -94.33713470955433 47.84591482730969, -94.31241149952399 46.858175957972115, -93.98743338748865 46.85985723791777, -93.93473067972995 46.98006448323992, -93.87084389441152 47.12533904193268, -93.80667609614976 47.270575527308246, -93.74229667545328 47.41568336443776, -93.67766087679736 47.56072283080686, -93.61271856423988 47.70568471914163, -93.54780969849219 47.85006306367195))'
S2A_MSIL2A_20230611T171901_N0510_R012_T14TPR_20240909T154100.SAFE	geography'SRID=4326;POLYGON ((-97.7074679641667 46.046265456303395, -97.72992432822251 45.05819732058294, -96.33649579223145 45.034190140253024, -96.28945585240228 46.02142174250963, -97.7074679641667 46.046265456303395))'
S2A_MSIL2A_20230611T171901_N0510_R012_T15TUL_20240909T154100.SAFE	geography'SRID=4326;POLYGON ((-94.33754084449183 46.04481062135863, -95.58406512039718 46.02435339629007, -95.53921420699882 45.037023116804335, -94.75362961136209 45.04970138525705, -94.73669909227421 45.090906127556885, -94.67644094688032 45.23651563226553, -94.61599693475054 45.38214461324354, -94.55534115166088 45.527706404641215, -94.49444200588117 45.67318940286281, -94.43322409040596 45.81858193107881, -94.37181260306 45.96392630872736, -94.33754084449183 46.04481062135863))'
S2A_MSIL2A_20230611T171901_N0510_R012_T14UQV_20240909T154100.SAFE	geography'SRID=4326;POLYGON ((-96.23148519495957 49.61961011420237, -96.28591334225759 48.63304460468163, -94.79901938142156 48.5883487810417, -94.71495435702141 49.57334356268714, -96.23148519495957 49.61961011420237))'
S2A_MSIL2A_20230611T171901_N0510_R012_T14TQS_20240909T154100.SAFE	geography'SRID=4326;POLYGON ((-96.37351464472056 46.92357305830357, -96.42054054444473 45.93643087306754, -95.00699783345478 45.895735251937936, -94.93434286730421 46.881459661637656, -96.37351464472056 46.92357305830357))'
S2A_MSIL2A_20230611T171901_N0510_R012_T15TUN_20240909T154100.SAFE	geography'SRID=4326;POLYGON ((-95.67207324053518 47.82259512731069, -95.62271963783218 46.835643714163524, -94.18335153308469 46.859583083848264, -94.20564501110893 47.84737115234881, -95.67207324053518 47.82259512731069))'
S2A_MSIL2A_20230611T171901_N0510_R012_T14TQR_20240909T154100.SAFE	geography'SRID=4326;POLYGON ((-96.41645116040286 46.024365075689296, -96.46129313653579 45.03703440306415, -95.06996660895842 44.99758761245698, -95.00067944006244 45.98354520692643, -96.41645116040286 46.024365075689296))'
S2A_MSIL2A_20230611T171901_N0510_R012_T14TPQ_20240909T154100.SAFE	geography'SRID=4326;POLYGON ((-97.72795903223157 45.14675285555784, -97.74938307519847 44.158520786393645, -96.37725879085306 44.135250725162805, -96.33237892318714 45.122671880514964, -97.72795903223157 45.14675285555784))'
S2A_MSIL2A_20230611T171901_N0510_R012_T14UQU_20240909T154100.SAFE	geography'SRID=4326;POLYGON ((-96.28118473719852 48.720927698149374, -96.33299058185197 47.73416799677996, -94.8717393439406 47.69085106573984, -94.7917155642128 48.676094448248996, -96.28118473719852 48.720927698149374))'
S2A_MSIL2A_20230611T171901_N0510_R012_T14TPS_20240909T154100.SAFE	geography'SRID=4326;POLYGON ((-97.68596471962562 46.94616825397537, -97.70951593127273 45.95826451839171, -96.29374566695486 45.93349650488509, -96.24441508393578 46.920536388192055, -97.68596471962562 46.94616825397537))'
S2A_MSIL2A_20230611T171901_N0510_R012_T15TUJ_20240909T154100.SAFE	geography'SRID=4326;POLYGON ((-95.08493848844259 44.232632949225426, -95.50407140709622 44.22596415476343, -95.46466136996767 43.27293276995628, -95.43733815128003 43.34308278271215, -95.38024005156538 43.48897827191194, -95.32280266868861 43.63483948012194, -95.26513067690573 43.78066835839567, -95.2073311622134 43.92645623398791, -95.14934251945265 44.07220429735814, -95.09087546336522 44.21782787744267, -95.08493848844259 44.232632949225426))'
S2A_MSIL2A_20230611T171901_N0510_R012_T14TQP_20240909T154100.SAFE	geography'SRID=4326;POLYGON ((-95.12829050941453 44.12463842479466, -95.1242610537248 44.18762158427181, -96.49642893280087 44.22597512802537, -96.53726452230805 43.238273156784096, -95.48936714349608 43.20950282240966, -95.43733815128003 43.34308278271215, -95.38024005156538 43.48897827191194, -95.32280266868861 43.63483948012194, -95.26513067690573 43.78066835839567, -95.2073311622134 43.92645623398791, -95.14934251945265 44.07220429735814, -95.12829050941453 44.12463842479466))'
S2A_MSIL2A_20230611T171901_N0510_R012_T15TUK_20240909T154100.SAFE	geography'SRID=4326;POLYGON ((-94.7168503849412 45.13886911123277, -95.54313948300324 45.12551356202371, -95.50034838689312 44.137996748196564, -95.12050451379079 44.14403096194509, -95.09087546336522 44.21782787744267, -95.032490463761 44.36342291893104, -94.97384494534327 44.508919538614926, -94.91506205092824 44.65437237643181, -94.85596467801113 44.79983353544508, -94.79651493505854 44.94532899701628, -94.73669909227421 45.090906127556885, -94.7168503849412 45.13886911123277))'
S2A_MSIL2A_20230611T171901_N0510_R012_T14TPP_20240909T154100.SAFE	geography'SRID=4326;POLYGON ((-97.74751912777681 44.24655093494868, -97.76796729995816 43.25815531909012, -96.41619172041914 43.235600960154144, -96.37335402628884 44.22320974043625, -97.74751912777681 44.24655093494868))'
S2A_MSIL2A_20230611T171901_N0510_R012_T14TNR_20240909T154100.SAFE	geography'SRID=4326;POLYGON ((-98.6206857048169 45.06294329301955, -97.60574612901156 45.05674859305782, -97.58109585564665 46.044766226835556, -98.28158769526351 46.049113883693195, -98.32581403406819 45.922332635709616, -98.37669198062704 45.775741130024784, -98.42725114291629 45.62915660032724, -98.47757513505935 45.482589762365855, -98.5276831448248 45.336000956927634, -98.57768166067704 45.189376444510586, -98.6206857048169 45.06294329301955))'
S2A_MSIL2A_20230611T171901_N0510_R012_T15UUQ_20240909T154100.SAFE	geography'SRID=4326;POLYGON ((-95.76906793701309 49.619596875011254, -95.71462894820279 48.63303181535822, -94.2248689622095 48.6585189163826, -94.24946259503466 49.64598096654525, -95.76906793701309 49.619596875011254))'
S2A_MSIL2A_20230611T171901_N0510_R012_T14UPU_20240909T154100.SAFE	geography'SRID=4326;POLYGON ((-97.66526069773323 47.77293639910585, -97.6656686510332 47.75740973734738, -96.20190528469706 47.73104447774509, -96.14756129152693 48.71769475117851, -97.30541104497377 48.7388700880977, -97.31821558393875 48.70492550016998, -97.37324329590692 48.5586824547449, -97.42814817345804 48.41240984030794, -97.4829037139643 48.26609955402088, -97.5374245107268 48.119713992082765, -97.59157018679112 47.97323271176411, -97.64555093017832 47.82675983980527, -97.66526069773323 47.77293639910585))'
S2A_MSIL2A_20230611T171901_N0510_R012_T14TQQ_20240909T154100.SAFE	geography'SRID=4326;POLYGON ((-95.12835735592287 44.12447193055819, -95.0639024439136 45.08595696049961, -96.45736864275568 45.12552488296481, -96.50015121099591 44.13800768802703, -95.13818313428158 44.0999989175922, -95.12835735592287 44.12447193055819))'
S2A_MSIL2A_20230611T171901_N0510_R012_T14TQT_20240909T154100.SAFE	geography'SRID=4326;POLYGON ((-96.32846057360034 47.82260755999096, -96.37780434448764 46.835655727197015, -94.94097013495497 46.79367068819608, -94.86474152472253 47.779157072334634, -96.32846057360034 47.82260755999096))'
S2A_MSIL2A_20230611T171901_N0510_R012_T14TNT_20240909T154100.SAFE	geography'SRID=4326;POLYGON ((-97.99495753444116 46.85937664632004, -97.55985017558999 46.85663988190739, -97.53272262323176 47.844325046514086, -97.63882764234994 47.84500299866961, -97.64555093017832 47.82675983980527, -97.69917276767897 47.680329305661765, -97.75241115559729 47.53394073884952, -97.80540045857693 47.387610149514686, -97.85811951827544 47.241294141839774, -97.91054834269745 47.094918361842495, -97.96311728369695 46.94854641232944, -97.99495753444116 46.85937664632004))'
S2A_MSIL2A_20230611T171901_N0510_R012_T14TNP_20240909T154100.SAFE	geography'SRID=4326;POLYGON ((-99.00024918293671 43.92891440938832, -99.00024643448813 43.26479037737325, -97.64750596751658 43.256794294201605, -97.62505994125075 44.24514241182411, -98.89280617812976 44.252771037847246, -98.92306667719087 44.16184508847111, -98.9718299500747 44.015108095429255, -99.00024918293671 43.92891440938832))'
S2A_MSIL2A_20230611T171901_N0510_R012_T15UUP_20240909T154100.SAFE	geography'SRID=4326;POLYGON ((-95.7193584952283 48.7209148694678, -95.66754232973864 47.734155602346505, -94.20359829776481 47.75885537254857, -94.22700553578841 48.74648044472784, -95.7193584952283 48.7209148694678))'
S2A_MSIL2A_20230611T171901_N0510_R012_T14TNQ_20240909T154100.SAFE	geography'SRID=4326;POLYGON ((-98.92205109915058 44.16489667057797, -97.62710599954542 44.157116557384406, -97.60358882685108 45.145299673094094, -98.59062139898491 45.15133323423919, -98.6275726495312 45.0426954734996, -98.67732199248476 44.89598137604836, -98.72687290386828 44.7492119625011, -98.77622752899536 44.60240503846121, -98.82522323528369 44.45551804903519, -98.87420828832244 44.30865348657052, -98.92205109915058 44.16489667057797))'
S2A_MSIL2A_20230611T171901_N0510_R012_T14TNS_20240909T154100.SAFE	geography'SRID=4326;POLYGON ((-98.31222517477539 45.96128708200514, -97.58334389839344 45.956769859075806, -97.55749190205454 46.94462144140276, -97.96360538309385 46.947179472434364, -98.01542625664231 46.80205325449588, -98.06758037281276 46.655519698122056, -98.11961437423267 46.50896496587184, -98.17148731049632 46.36236119644876, -98.22321565303592 46.21570567197527, -98.27464791475715 46.06900777627188, -98.31222517477539 45.96128708200514))'
S2A_MSIL2A_20230610T160901_N0510_R140_T17SLC_20241121T031815.SAFE	geography'SRID=4326;POLYGON ((-83.25251597625437 37.837787804973466, -82.02533655911799 37.85497766278228, -82.03938428014581 38.84437393595428, -82.96369060645617 38.83114298245225, -82.99326041362563 38.73116287771952, -83.03614770592618 38.583726297566535, -83.07933290568721 38.43647311409493, -83.12193953590062 38.2891300725658, -83.16456323509142 38.141834469386886, -83.20716649603466 37.99453218974119, -83.24981009390297 37.847184360498446, -83.25251597625437 37.837787804973466))'
S2B_MSIL2A_20230609T172859_N0510_R055_T14SMH_20240925T131839.SAFE	geography'SRID=4326;POLYGON ((-99.60337607227446 38.84575652475366, -100.15275135075291 38.843310058483205, -100.13717219597591 37.85395064837389, -99.9422179490902 37.85480021286446, -99.90279062593437 37.97143391523238, -99.85304374090224 38.11788688059261, -99.80314247606344 38.2643336323628, -99.7530624263382 38.410832706475794, -99.70288130422016 38.55733325816082, -99.65249096143218 38.703866412966974, -99.60337607227446 38.84575652475366))'
S2B_MSIL2A_20230609T172859_N0510_R055_T14TNK_20240925T131839.SAFE	geography'SRID=4326;POLYGON ((-98.96519173681295 40.65065952882593, -99.00023656389149 40.650856515774606, -99.00023622963953 40.553835488583175, -98.98112070382273 40.60672734819413, -98.96519173681295 40.65065952882593))'
S2A_MSIL2A_20230609T163841_N0510_R126_T16TGR_20240927T103100.SAFE	geography'SRID=4326;POLYGON ((-84.27796547865437 46.02037222340012, -84.41645116040286 46.024365075689296, -84.43342936123634 45.6505390337862, -84.41456292172353 45.69561005496547, -84.35359440154522 45.84092338728976, -84.29244026381707 45.98614343047564, -84.27796547865437 46.02037222340012))'
S2A_MSIL2A_20230609T163841_N0510_R126_T16TDL_20240927T103100.SAFE	geography'SRID=4326;POLYGON ((-88.19944910163338 41.54558876800179, -88.18162029219911 40.556706911840905, -86.88470843547175 40.5626923872254, -86.88296836561118 41.55178511688993, -88.19944910163338 41.54558876800179))'
S2A_MSIL2A_20230609T163841_N0510_R126_T16TEK_20240927T103100.SAFE	geography'SRID=4326;POLYGON ((-86.37939177148867 40.647366747627636, -87.00023656389149 40.650856515774606, -87.00023315577859 39.66160695799293, -86.73244394592106 39.660131954474586, -86.71353021197164 39.71363971880056, -86.66162312197801 39.860180436428976, -86.60948134223142 40.00665717028578, -86.55713640170427 40.153010891598015, -86.5047321113628 40.29927750466527, -86.45219326586681 40.445444662078735, -86.39955583280515 40.591595816975165, -86.37939177148867 40.647366747627636))'
S2A_MSIL2A_20230609T163841_N0510_R126_T16TEL_20240927T103100.SAFE	geography'SRID=4326;POLYGON ((-86.04999122232678 41.54640701299235, -87.00023981916341 41.551844670066835, -87.0002362534332 40.56274991351036, -86.4111353841291 40.55944446192725, -86.39955583280515 40.591595816975165, -86.34675745915418 40.73762862203535, -86.29388739672099 40.883718788739145, -86.24055099116286 41.02982650334712, -86.18700552954193 41.175986449173145, -86.13312788511777 41.32221157456965, -86.0790017306467 41.468454763321866, -86.04999122232678 41.54640701299235))'
S2A_MSIL2A_20230609T163841_N0510_R126_T16SDJ_20240927T103100.SAFE	geography'SRID=4326;POLYGON ((-86.88692728911475 39.21949283083827, -86.88607436984346 39.750212021802014, -88.16762472753088 39.74439520181332, -88.15133248212535 38.755193805393134, -87.04618087669087 38.76010591208405, -87.0203410816715 38.83506583902368, -86.9697317052255 38.98140175509759, -86.91890363169745 39.12777684712981, -86.88692728911475 39.21949283083827))'
S2A_MSIL2A_20230609T163841_N0510_R126_T16SEJ_20240927T103100.SAFE	geography'SRID=4326;POLYGON ((-86.701140533519 39.74861745251399, -87.00023345437725 39.7502679270046, -87.00023063189153 38.89321476908114, -86.9697317052255 38.98140175509759, -86.91890363169745 39.12777684712981, -86.8678755757982 39.27413781169059, -86.81677055756897 39.42064241756776, -86.76531253377739 39.56714531008976, -86.71353021197164 39.71363971880056, -86.701140533519 39.74861745251399))'
S2A_MSIL2A_20230609T163841_N0510_R126_T16TDM_20240927T103100.SAFE	geography'SRID=4326;POLYGON ((-88.21648331498238 42.44623570214159, -88.19782479530704 41.4575152063026, -86.88312689683454 41.46369251697452, -86.88130582637642 42.452629745736225, -88.21648331498238 42.44623570214159))'
S2A_MSIL2A_20230609T163841_N0510_R126_T16TDK_20240927T103100.SAFE	geography'SRID=4326;POLYGON ((-88.18317260660315 40.64479480422486, -88.16613169555372 39.655752572676114, -86.88622008547372 39.66155122739065, -86.88455693238029 40.65079881136531, -88.18317260660315 40.64479480422486))'
S2B_MSIL2A_20230608T175919_N0510_R041_T13TFN_20240912T223627.SAFE	geography'SRID=4326;POLYGON ((-103.61948613984632 47.845128982908626, -103.66339978002995 47.84592105208886, -103.66599307738676 47.74227250766414, -103.63084512535329 47.820153798136175, -103.61948613984632 47.845128982908626))'
S2A_MSIL2A_20230608T170851_N0510_R112_T14SNF_20240913T002620.SAFE	geography'SRID=4326;POLYGON ((-98.86220813014171 36.05602250142653, -97.78119997991008 36.05052821595199, -97.76556196865786 37.04016090428803, -98.58397658925239 37.04441791900621, -98.6006169653027 36.98612355326373, -98.64250770906358 36.83862552436469, -98.6842795855692 36.691186592194335, -98.72570198832832 36.54372974389389, -98.767183486476 36.396331912090254, -98.80836793808253 36.248851397248046, -98.84952676509204 36.10132175862422, -98.86220813014171 36.05602250142653))'
S2B_MSIL2A_20230608T161829_N0510_R040_T16SFH_20240927T124715.SAFE	geography'SRID=4326;POLYGON ((-85.7666852667923 37.85251055767968, -84.61590002865951 37.83530211029287, -84.58326779678708 38.82399234658653, -85.47974704500407 38.83769167705566, -85.48330387924534 38.825623282529925, -85.52646354042315 38.678400088565645, -85.56957536591372 38.53118834481159, -85.61257093403499 38.38391630705166, -85.6554654394036 38.236565388119566, -85.69827194400483 38.089159443981615, -85.74103729907587 37.941734097557166, -85.7666852667923 37.85251055767968))'
S2B_MSIL2A_20230608T161829_N0510_R040_T16TGK_20240927T124715.SAFE	geography'SRID=4326;POLYGON ((-84.63579176628713 40.62664940733135, -84.66981446544139 39.63822758400475, -83.39224764301618 39.60554763793313, -83.339654308026 40.59281342227294, -84.63579176628713 40.62664940733135))'
S2B_MSIL2A_20230608T161829_N0510_R040_T16SFJ_20240927T124715.SAFE	geography'SRID=4326;POLYGON ((-85.50548605073884 38.749957022711946, -84.58623972133756 38.73593643111066, -84.55211502393708 39.72445184157785, -85.2132797840156 39.734749860386444, -85.22095739157763 39.70913630981202, -85.26503358394564 39.56181810158776, -85.3090126275047 39.41453859162272, -85.35285514335239 39.26728994969116, -85.39649572064063 39.12006686009095, -85.43992290872526 38.97281559783995, -85.48330387924534 38.825623282529925, -85.50548605073884 38.749957022711946))'
S2B_MSIL2A_20230608T161829_N0510_R040_T16TFK_20240927T124715.SAFE	geography'SRID=4326;POLYGON ((-85.239693834306 39.646512498113566, -84.5552421778473 39.63587147039632, -84.51955068002488 40.62420990912828, -84.94260290330205 40.63092193969898, -84.95439224541371 40.59229780741836, -84.99902182697589 40.44519915030572, -85.04348271020528 40.29807696390197, -85.08794993342165 40.15091812146628, -85.13232078828685 40.00366455344675, -85.1768088111314 39.856422022048825, -85.22095739157763 39.70913630981202, -85.239693834306 39.646512498113566))'
S2B_MSIL2A_20230608T161829_N0510_R040_T17SKC_20240927T124715.SAFE	geography'SRID=4326;POLYGON ((-84.4545029640868 38.797894647715, -84.40791466143585 37.81010790673744, -83.16175219508035 37.83959549435291, -83.19134725642266 38.82843976082239, -84.4545029640868 38.797894647715))'
S2B_MSIL2A_20230608T161829_N0510_R040_T16SGJ_20240927T124715.SAFE	geography'SRID=4326;POLYGON ((-84.66683353200473 39.72681533153163, -84.69936254729447 38.73821864423846, -83.43792685625728 38.70656329494251, -83.38763948191423 39.69403311805837, -84.66683353200473 39.72681533153163))'
S2B_MSIL2A_20230608T161829_N0510_R040_T17SKD_20240927T124715.SAFE	geography'SRID=4326;POLYGON ((-84.49897689950004 39.6975094680204, -84.45026011044494 38.7099201955759, -83.18865192655385 38.74036995699254, -83.21960079191267 39.7290432642928, -84.49897689950004 39.6975094680204))'
S2B_MSIL2A_20230608T161829_N0510_R040_T17TKF_20240927T124715.SAFE	geography'SRID=4326;POLYGON ((-84.59412455183308 41.49564643575739, -84.54082260253305 40.50846282585221, -83.24618611840133 40.54090999482793, -83.28005188450415 41.52923550071836, -84.59412455183308 41.49564643575739))'
S2B_MSIL2A_20230608T161829_N0510_R040_T16TGM_20240927T124715.SAFE	geography'SRID=4326;POLYGON ((-84.59458687420715 41.755888105462326, -84.60653922316477 41.43884624479472, -83.2944377014587 41.40403474612011, -83.2368635672951 42.39088066238852, -84.38458422723612 42.42191721270483, -84.40507131096406 42.35741209335781, -84.45151954571325 42.21045912570239, -84.49784737925967 42.06347596438188, -84.54407091369414 41.916422499073775, -84.59036962615971 41.769330922284006, -84.59458687420715 41.755888105462326))'
S2B_MSIL2A_20230608T161829_N0510_R040_T17TKE_20240927T124715.SAFE	geography'SRID=4326;POLYGON ((-84.54546370146345 40.59640146890937, -84.49451264760637 39.609013147606916, -83.21676465654707 39.64044856303257, -83.24913477999112 40.62894899386581, -84.54546370146345 40.59640146890937))'
S2B_MSIL2A_20230608T161829_N0510_R040_T17SLC_20240927T124715.SAFE	geography'SRID=4326;POLYGON ((-82.03705935512151 38.68062693742767, -82.03938428014581 38.84437393595428, -83.30393084279649 38.82627262441358, -83.27281842761563 37.837503416034735, -82.32021112232631 37.850847173187844, -82.30664162171301 37.89120316989008, -82.2570086146521 38.03764030827775, -82.20744095040146 38.18415929482956, -82.1573855673228 38.33059746717116, -82.10712315403441 38.4771087517727, -82.05680984808197 38.62365683900392, -82.03705935512151 38.68062693742767))'
S2B_MSIL2A_20230608T161829_N0510_R040_T17SLD_20240927T124715.SAFE	geography'SRID=4326;POLYGON ((-83.33363283056225 39.72680595308774, -83.301097327331 38.73820958831532, -82.03810488537859 38.75625435897602, -82.05279562809639 39.74549354563108, -83.33363283056225 39.72680595308774))'
S2B_MSIL2A_20230608T161829_N0510_R040_T16SGH_20240927T124715.SAFE	geography'SRID=4326;POLYGON ((-84.69652959688719 38.82628170870513, -84.72763580740043 37.83751218570364, -83.48163775999416 37.80685703267152, -83.43354720329413 38.79452724007538, -84.69652959688719 38.82628170870513))'
S2B_MSIL2A_20230608T161829_N0510_R040_T16TFL_20240927T124715.SAFE	geography'SRID=4326;POLYGON ((-84.96927132925984 40.5432564949924, -84.52280187838811 40.536185528423594, -84.48546160940654 41.52434469691515, -84.66614956062925 41.52726316941624, -84.68244667879881 41.47503252995315, -84.72823549136518 41.32786869155377, -84.77384269722138 41.18072700027726, -84.81921137301676 41.03359191833909, -84.86439380786737 40.886464238480336, -84.9094956960595 40.739387462190926, -84.95439224541371 40.59229780741836, -84.96927132925984 40.5432564949924))'
S2B_MSIL2A_20230608T161829_N0510_R040_T16TGL_20240927T124715.SAFE	geography'SRID=4326;POLYGON ((-84.6032964141397 41.5268622914542, -84.63889095789966 40.53861750192735, -83.34444498559897 40.50488583658978, -83.28942535132568 41.49194363396281, -84.6032964141397 41.5268622914542))'
S2B_MSIL2A_20230608T161829_N0510_R040_T17TKG_20240927T124715.SAFE	geography'SRID=4326;POLYGON ((-84.6067528241577 41.71710816299575, -84.58926866785167 41.407726190110715, -83.27696656733475 41.441212166985935, -83.3124072413961 42.42936087235922, -84.39113066608058 42.401305259116526, -84.40507131096406 42.35741209335781, -84.45151954571325 42.21045912570239, -84.49784737925967 42.06347596438188, -84.54407091369414 41.916422499073775, -84.59036962615971 41.769330922284006, -84.6067528241577 41.71710816299575))'
S2B_MSIL2A_20230608T161829_N0510_R040_T16TFM_20240927T124715.SAFE	geography'SRID=4326;POLYGON ((-84.69346022274237 41.43963533770744, -84.48886345311317 41.43633638009555, -84.45921054349198 42.186058088988844, -84.49784737925967 42.06347596438188, -84.54407091369414 41.916422499073775, -84.59036962615971 41.769330922284006, -84.63652338656829 41.622212104556105, -84.68244667879881 41.47503252995315, -84.69346022274237 41.43963533770744))'
S2A_MSIL2A_20230607T173911_N0510_R098_T14TNS_20240927T100945.SAFE	geography'SRID=4326;POLYGON ((-98.98080973214925 46.95358664779752, -99.00026284243779 46.953709179213256, -99.00026263088364 46.90934851857968, -98.98080973214925 46.95358664779752))'
S2B_MSIL2A_20230607T164849_N0510_R026_T16TDQ_20240927T092016.SAFE	geography'SRID=4326;POLYGON ((-87.15684601127201 45.15235684977919, -88.2725496583314 45.14674718783555, -88.25111705335956 44.15851530960486, -87.55897204145708 44.16193571519005, -87.5360229104121 44.219290122269854, -87.47733896884462 44.365029532802495, -87.43866887879096 44.4607365778233, -87.41883925742131 44.50991355251121, -87.35988669208987 44.65547629148693, -87.30076314826006 44.800939518623686, -87.24149448517619 44.94638780106376, -87.1818294461727 45.09178168185701, -87.15684601127201 45.15235684977919))'
S2B_MSIL2A_20230607T164849_N0510_R026_T16TDP_20240927T092016.SAFE	geography'SRID=4326;POLYGON ((-87.5235945365353 44.25015553168685, -88.25298174570908 44.246545441411556, -88.23252540128632 43.25815001081029, -87.91504961132733 43.2596935572031, -87.88191888304931 43.344673764332654, -87.82501526621105 43.490424443908665, -87.76781629032659 43.63615206779678, -87.71028426875964 43.78189501585605, -87.65245490665815 43.927684689510414, -87.59435946374016 44.073495563833085, -87.5360229104121 44.219290122269854, -87.5235945365353 44.25015553168685))'
S2B_MSIL2A_20230607T164849_N0510_R026_T16TCQ_20240927T092016.SAFE	geography'SRID=4326;POLYGON ((-89.54313948300323 45.12551356202371, -89.50034838689311 44.137996748196564, -88.12808129589992 44.15979663371134, -88.14740738161733 45.148073182871244, -89.54313948300323 45.12551356202371))'
S2B_MSIL2A_20230607T164849_N0510_R026_T16TES_20240927T092016.SAFE	geography'SRID=4326;POLYGON ((-86.39331066241164 46.949886103684634, -87.00026284243778 46.953709179213256, -87.0002581299532 45.965551148516354, -86.81750501687955 45.96441854080707, -86.77959990159715 46.0535822477876, -86.75551112851474 46.11033047908192, -86.69341884131089 46.2556682461023, -86.68887634370206 46.26625660166388, -86.63165610122945 46.40006857793173, -86.56899491567883 46.54514382929441, -86.50632783674082 46.69022880723033, -86.44330632966961 46.8352864949265, -86.39331066241164 46.949886103684634))'
S2B_MSIL2A_20230607T164849_N0510_R026_T16TDR_20240927T092016.SAFE	geography'SRID=4326;POLYGON ((-86.87432845087999 45.83008800436308, -86.87383276277595 46.05350473573164, -88.29304891527646 46.0462596089832, -88.27058357693213 45.058191670236305, -87.19339454751282 45.06359943319529, -87.1818294461727 45.09178168185701, -87.12187373676113 45.23715109082484, -87.06167569075593 45.38251050387754, -87.0011066870931 45.527879110273695, -86.94021663745107 45.67329471352016, -86.87912976664289 45.81873757367055, -86.87432845087999 45.83008800436308))'
S2B_MSIL2A_20230607T164849_N0510_R026_T16TCN_20240927T092016.SAFE	geography'SRID=4326;POLYGON ((-88.27461850149606 42.87498677667666, -88.10374941622392 42.83258056622874, -88.1129221649777 43.34744038882544, -89.46678204877877 43.32624633586568, -89.45936272992651 43.13831881472062, -89.25848951519329 43.09704427700428, -89.25864120956082 43.09662939173321, -89.25852225906547 43.09660498488374, -89.25859495057523 43.09640595505356, -89.25856110304619 43.09639901942008, -89.25874577234633 43.09589387416218, -88.9576394616939 43.03199912899176, -88.95730883752451 43.0328898528539, -88.9563078130062 43.0326629301001, -88.95625944594441 43.032793329125674, -88.68784436577756 42.972098736397605, -88.687965552419 42.97177561588849, -88.68772871028706 42.97172222423692, -88.68777507827457 42.97159843889956, -88.68762026659934 42.971563640485456, -88.68780707674209 42.97106542806248, -88.39483763346608 42.903628215050986, -88.39488779400828 42.90349604465198, -88.38102777134942 42.90008740969056, -88.38060773836368 42.90119243296581, -88.3805932880943 42.90118883047212, -88.38053582261212 42.90133988017552, -88.27461850149606 42.87498677667666))'
S2B_MSIL2A_20230607T164849_N0510_R026_T16TCR_20240927T092016.SAFE	geography'SRID=4326;POLYGON ((-89.58406512039718 46.02435339629007, -89.53921420699882 45.037023116804335, -88.14563453547973 45.05951360004942, -88.1658919102777 46.0476276229589, -89.58406512039718 46.02435339629007))'
S2B_MSIL2A_20230607T164849_N0510_R026_T15TYH_20240927T092016.SAFE	geography'SRID=4326;POLYGON ((-89.19450919172125 43.082262874729565, -89.18187629631363 43.28908179915951, -90.4571781879041 43.32415233905686, -90.39712828642058 43.3142702010445, -90.39759717932404 43.3129180762766, -90.0941450330515 43.259038089485514, -90.09387120349376 43.25981542602193, -90.09385038146317 43.25981157980635, -90.09382281857728 43.25988990693752, -89.82591077733379 43.21041163409334, -89.82597163011792 43.210240860594325, -89.8257296198321 43.21019615909849, -89.82583553622959 43.209898905740616, -89.8258124314764 43.20989463560024, -89.825925199621 43.20957780713398, -89.80880554014583 43.20640922981884, -89.80879794137934 43.20643057367475, -89.54145306088702 43.154411946602245, -89.54146851857021 43.154369045547206, -89.5256895962477 43.15113581626758, -89.5254742701249 43.15173160798233, -89.52546349578638 43.151729395546425, -89.52543575125306 43.15180620862171, -89.52457391393963 43.151629139361766, -89.52454399661262 43.151711972458486, -89.25848951519329 43.09704427700428, -89.25864120956082 43.09662939173321, -89.25852225906547 43.09660498488374, -89.25859495057523 43.09640595505356, -89.25856110304619 43.09639901942008, -89.25874577234633 43.09589387416218, -89.19450919172125 43.082262874729565))'
S2B_MSIL2A_20230607T164849_N0510_R026_T16TDN_20240927T092016.SAFE	geography'SRID=4326;POLYGON ((-87.88065270549718 43.34791690156963, -88.2343055501801 43.346194685301704, -88.22475046894257 42.86261055145301, -88.08216810929785 42.827224527470825, -88.05137201666602 42.90739315854192, -87.99515229010655 43.05320319310441, -87.93872547224302 43.1989650532082, -87.88191888304931 43.344673764332654, -87.88065270549718 43.34791690156963))'
S2B_MSIL2A_20230607T164849_N0510_R026_T16TCP_20240927T092016.SAFE	geography'SRID=4326;POLYGON ((-89.5040714070962 44.22596415476343, -89.46322767686333 43.23826255332707, -88.1113169858077 43.25939191053712, -88.1297627132385 44.24783068396879, -89.5040714070962 44.22596415476343))'
S2B_MSIL2A_20230607T164849_N0510_R026_T16TER_20240927T092016.SAFE	geography'SRID=4326;POLYGON ((-86.78018392388226 46.052208459803786, -87.00025853973811 46.05357436995249, -87.00025615891782 45.52991031353948, -86.94021663745107 45.67329471352016, -86.87912976664289 45.81873757367055, -86.81763148007279 45.964121063091405, -86.78018392388226 46.052208459803786))'
S2B_MSIL2A_20230606T171859_N0510_R012_T14TPS_20241002T130138.SAFE	geography'SRID=4326;POLYGON ((-97.68596471962562 46.94616825397537, -97.70951593127273 45.95826451839171, -96.29374566695486 45.93349650488509, -96.24441508393578 46.920536388192055, -97.68596471962562 46.94616825397537))'
S2B_MSIL2A_20230606T171859_N0510_R012_T14SNJ_20241002T130138.SAFE	geography'SRID=4326;POLYGON ((-99.00023345437725 39.7502679270046, -99.00023019602958 38.760864457162924, -97.73659678080747 38.754036048213806, -97.71871965132908 39.74319619212293, -99.00023345437725 39.7502679270046))'
S2B_MSIL2A_20230606T171859_N0510_R012_T15TTE_20241002T130138.SAFE	geography'SRID=4326;POLYGON ((-96.46490482219814 40.59842409764959, -96.54546370146345 40.59640146890937, -96.53548341626986 40.40299198475891, -96.5300529781273 40.4181101364061, -96.47722171026712 40.5644674752752, -96.46490482219814 40.59842409764959))'
S2B_MSIL2A_20230606T171859_N0510_R012_T14SPG_20241002T130138.SAFE	geography'SRID=4326;POLYGON ((-97.39662197408904 37.935113656994176, -97.86192606806475 37.94208532019618, -97.8768196851591 36.952569122489834, -97.7255613089714 36.95035300544721, -97.69277056396872 37.04955806949748, -97.64404361476664 37.19633983928107, -97.59529157809408 37.343086984441534, -97.54629328904385 37.48968270788603, -97.49727298813455 37.636235432527606, -97.44801187122296 37.7827615694292, -97.39859160788065 37.929295779375366, -97.39662197408904 37.935113656994176))'
S2B_MSIL2A_20230606T171859_N0510_R012_T14TQM_20241002T130138.SAFE	geography'SRID=4326;POLYGON ((-95.79554582328888 42.4059884935483, -96.5692895469665 42.426911995973605, -96.60653922316477 41.43884624479472, -96.16207672116052 41.427054165033, -96.15654321210525 41.44206244690121, -96.10236761091677 41.58806096648701, -96.04817296894932 41.73407417124556, -95.99366179329124 41.880147079682246, -95.93887863284836 42.02626583759248, -95.88564720795257 42.16821132568143, -95.88434592286096 42.17168885100016, -95.88349857219156 42.17392711481002, -95.82877807231837 42.318522723237976, -95.79554582328888 42.4059884935483))'
S2B_MSIL2A_20230606T171859_N0510_R012_T14TPL_20241002T130138.SAFE	geography'SRID=4326;POLYGON ((-97.8010303852103 41.545593768972765, -97.81885207154318 40.55671174263467, -96.52280187838811 40.536185528423594, -96.48546160940654 41.52434469691515, -97.8010303852103 41.545593768972765))'
S2B_MSIL2A_20230606T171859_N0510_R012_T14SNH_20241002T130138.SAFE	geography'SRID=4326;POLYGON ((-99.00023047979299 38.848998483821255, -99.00022736409076 37.85944195932729, -97.75213459127728 37.85282950328523, -97.73503988519937 38.84214867288121, -99.00023047979299 38.848998483821255))'
S2B_MSIL2A_20230606T171859_N0510_R012_T14SPH_20241002T130138.SAFE	geography'SRID=4326;POLYGON ((-97.08967565055036 38.83173089553193, -97.84770947866411 38.84331460585068, -97.86328240873523 37.853955038178526, -97.42620539955853 37.84741913863171, -97.39859160788065 37.929295779375366, -97.34897407344388 38.075855380622045, -97.29918821919536 38.22241431454392, -97.2490278433723 38.36901595325264, -97.19870433214764 38.51563805270838, -97.14815277951507 38.66225942941806, -97.09759817790268 38.808918824841726, -97.08967565055036 38.83173089553193))'
S2B_MSIL2A_20230606T171859_N0510_R012_T14TLK_20241002T130138.SAFE	geography'SRID=4326;POLYGON ((-100.34115914005186 39.652628390171024, -100.05144935754969 39.656847486720984, -100.0655603905977 40.56515765137288, -100.0906072967862 40.483470460809656, -100.13533057913611 40.33639767080143, -100.17980207145312 40.18930443428805, -100.22417493700496 40.042164533129046, -100.26844271355657 39.894918370207535, -100.31275368705958 39.74763657830682, -100.34115914005186 39.652628390171024))'
S2B_MSIL2A_20230606T171859_N0510_R012_T15TTF_20241002T130138.SAFE	geography'SRID=4326;POLYGON ((-96.13227925972473 41.50745168207614, -96.59412455183308 41.49564643575739, -96.54082260253307 40.50846282585221, -96.49704187577296 40.50956009188517, -96.47722171026712 40.5644674752752, -96.45322035141255 40.63063719887196, -96.42389736580776 40.711526324956886, -96.37078989773933 40.85781930385456, -96.3174180127561 41.00396407161378, -96.26403126312029 41.15003525382828, -96.21038261984721 41.296036299850726, -96.15654321210525 41.44206244690121, -96.13227925972473 41.50745168207614))'
S2B_MSIL2A_20230606T171859_N0510_R012_T14TQL_20241002T130138.SAFE	geography'SRID=4326;POLYGON ((-96.12974666881684 41.51427679366064, -96.6032964141397 41.5268622914542, -96.63889095789968 40.53861750192735, -96.48797251352597 40.53468475342504, -96.47722171026712 40.5644674752752, -96.45322035141255 40.63063719887196, -96.42389736580776 40.711526324956886, -96.37078989773933 40.85781930385456, -96.3174180127561 41.00396407161378, -96.26403126312029 41.15003525382828, -96.21038261984721 41.296036299850726, -96.15654321210525 41.44206244690121, -96.12974666881684 41.51427679366064))'
S2B_MSIL2A_20230606T171859_N0510_R012_T14SLJ_20241002T130138.SAFE	geography'SRID=4326;POLYGON ((-100.6094357477281 38.74809157506693, -100.03810488537859 38.75625435897602, -100.05279562809639 39.74549354563108, -100.31453615899562 39.741674714959935, -100.35680871808624 39.600284987848205, -100.40076727644428 39.45291472102584, -100.44470279102131 39.30558462712376, -100.48842297188656 39.15825006571574, -100.53204606948556 39.01093998745629, -100.57544330802014 38.86366169787152, -100.6094357477281 38.74809157506693))'
S2B_MSIL2A_20230606T171859_N0510_R012_T14SPF_20241002T130138.SAFE	geography'SRID=4326;POLYGON ((-97.69638458388982 37.03862421978704, -97.87551445266065 37.041254047993014, -97.88374305923166 36.46960604677699, -97.83795283933257 36.60898676895343, -97.78968370479261 36.75584991970658, -97.74131338146616 36.90269671216564, -97.69638458388982 37.03862421978704))'
S2B_MSIL2A_20230606T171859_N0510_R012_T14TQK_20241002T130138.SAFE	geography'SRID=4326;POLYGON ((-96.45636580487489 40.62196544876604, -96.63579176628713 40.62664940733135, -96.65496873260362 40.069523356677166, -96.63475560582627 40.12609054560392, -96.58885127245402 40.2543412296685, -96.58263864604592 40.27171345879142, -96.5300529781273 40.4181101364061, -96.47722171026712 40.5644674752752, -96.45636580487489 40.62196544876604))'
S2B_MSIL2A_20230605T174909_N0510_R141_T13TGK_20240913T034806.SAFE	geography'SRID=4326;POLYGON ((-102.27546742763454 45.1203597392518, -102.45736864275568 45.12552488296481, -102.47919698932547 44.62167790833534, -102.46146627117724 44.66551797837977, -102.40225875794768 44.81095957554952, -102.34289689375696 44.95642708846853, -102.28312473719457 45.10182714591607, -102.27546742763454 45.1203597392518))'
S2A_MSIL2A_20230605T165851_N0510_R069_T14SQJ_20240913T013237.SAFE	geography'SRID=4326;POLYGON ((-95.58685006700829 38.71030047812838, -95.43792685625729 38.70656329494251, -95.40661374732274 39.32144427739101, -95.42175588218868 39.270502895208, -95.46531060093609 39.12327526753942, -95.50873090090842 38.97598276862298, -95.55203998505 38.82862686390583, -95.58685006700829 38.71030047812838))'
S2A_MSIL2A_20230605T165851_N0510_R069_T15SWC_20240913T013237.SAFE	geography'SRID=4326;POLYGON ((-92.05332462471137 38.84387188383462, -93.00023047979299 38.848998483821255, -93.00022736409076 37.85944195932729, -92.39070429409266 37.85621267654096, -92.37795990553603 37.89403659734063, -92.32821990508364 38.04068723360765, -92.27828015282896 38.18722298442863, -92.22824926686816 38.33370255435385, -92.17834006972221 38.48022003391865, -92.12822386603187 38.62662262044849, -92.07779489748904 38.77301644753458, -92.05332462471137 38.84387188383462))'
S2A_MSIL2A_20230605T165851_N0510_R069_T14SQH_20240913T013237.SAFE	geography'SRID=4326;POLYGON ((-95.84707821851397 37.815847924112624, -95.48163775999416 37.80685703267152, -95.43354720329413 38.79452724007538, -95.56112798879161 38.79773493328741, -95.59540458600164 38.68122196817941, -95.63863931276923 38.53375748039471, -95.68169924248296 38.38629935350381, -95.72470355083315 38.238902982230776, -95.76750268595076 38.09153768167659, -95.8100666533792 37.94420086619377, -95.84707821851397 37.815847924112624))'
S2A_MSIL2A_20230605T165851_N0510_R069_T15SUD_20240913T013237.SAFE	geography'SRID=4326;POLYGON ((-95.32888730724514 39.58261248336053, -95.301097327331 38.73820958831532, -94.03810488537859 38.75625435897602, -94.05279562809639 39.74549354563108, -95.28553037339196 39.72750777461369, -95.2901587065922 39.71204904948687, -95.32888730724514 39.58261248336053))'
S2A_MSIL2A_20230605T165851_N0510_R069_T15STC_20240913T013237.SAFE	geography'SRID=4326;POLYGON ((-95.84489170712267 37.82343055859309, -95.16175219508035 37.83959549435291, -95.19134725642267 38.82843976082239, -95.55467974252294 38.81965380370231, -95.59540458600164 38.68122196817941, -95.63863931276923 38.53375748039471, -95.68169924248296 38.38629935350381, -95.72470355083315 38.238902982230776, -95.76750268595076 38.09153768167659, -95.8100666533792 37.94420086619377, -95.84489170712267 37.82343055859309))'
S2A_MSIL2A_20230605T165851_N0510_R069_T15STD_20240913T013237.SAFE	geography'SRID=4326;POLYGON ((-95.58078834345564 38.730905481024564, -95.18865192655385 38.74036995699254, -95.21960079191267 39.7290432642928, -95.28555737758106 39.727417580083944, -95.2901587065922 39.71204904948687, -95.33419766433688 39.56486450446971, -95.3780009020862 39.417704012061336, -95.42175588218868 39.270502895208, -95.46531060093609 39.12327526753942, -95.50873090090842 38.97598276862298, -95.55203998505 38.82862686390583, -95.58078834345564 38.730905481024564))'
S2B_MSIL2A_20230604T163839_N0510_R126_T16TFQ_20240910T075951.SAFE	geography'SRID=4326;POLYGON ((-84.64780324287568 45.12811458145424, -85.72795903223155 45.14675285555784, -85.74938307519847 44.158520786393645, -85.0460939088681 44.14659360009558, -85.0123273410595 44.23102489368243, -84.9538190263682 44.37665461053224, -84.89518797648797 44.52218225460563, -84.83618505437981 44.66766623427508, -84.77710564970621 44.81318756317376, -84.71767478050988 44.95864177939677, -84.65776984233977 45.104060449225294, -84.64780324287568 45.12811458145424))'
S2B_MSIL2A_20230604T163839_N0510_R126_T16TCR_20240910T075951.SAFE	geography'SRID=4326;POLYGON ((-88.55347066212731 45.052931678857135, -88.14563453547973 45.05951360004942, -88.1658919102777 46.0476276229589, -88.21130272230994 46.046882367354776, -88.25012923090135 45.93545095448816, -88.30090947360162 45.788889429939765, -88.35141024889914 45.6422791465588, -88.4019572432484 45.49572676478904, -88.45230006106874 45.34915633444248, -88.50242009123926 45.20253474060488, -88.55247688446998 45.05585603375288, -88.55347066212731 45.052931678857135))'
S2B_MSIL2A_20230604T163839_N0510_R126_T16TFM_20240910T075951.SAFE	geography'SRID=4326;POLYGON ((-85.7090868304546 42.44500967826777, -85.78400297732624 42.44624086265282, -85.78794379395131 42.23733232032999, -85.75078974876166 42.33516931546272, -85.7090868304546 42.44500967826777))'
S2B_MSIL2A_20230604T163839_N0510_R126_T16SCF_20240910T075951.SAFE	geography'SRID=4326;POLYGON ((-89.24837990395392 37.02527578563511, -89.21991719169928 36.03616769808406, -88.0014519629642 36.05254100905861, -88.01430253846532 37.042247242200354, -89.24837990395392 37.02527578563511))'
S2B_MSIL2A_20230604T163839_N0510_R126_T16TDQ_20240910T075951.SAFE	geography'SRID=4326;POLYGON ((-88.2725496583314 45.14674718783555, -88.25111705335956 44.15851530960486, -86.87792550906389 44.165301274896635, -86.87583360281221 45.153769755990965, -88.2725496583314 45.14674718783555))'
S2B_MSIL2A_20230604T163839_N0510_R126_T16TCP_20240910T075951.SAFE	geography'SRID=4326;POLYGON ((-89.15394787327408 43.2430963663083, -88.1113169858077 43.25939191053712, -88.1297627132385 44.24783068396879, -88.82825323043139 44.2367170503564, -88.84880503884169 44.17501886785559, -88.89734259881422 44.02822732680293, -88.9457150978222 43.88143682281295, -88.99388567101833 43.734659475147005, -89.04182816795444 43.58787148456901, -89.08970726159424 43.44107183442895, -89.13737980441584 43.29415607625784, -89.15394787327408 43.2430963663083))'
S2B_MSIL2A_20230604T163839_N0510_R126_T16TER_20240910T075951.SAFE	geography'SRID=4326;POLYGON ((-87.00025853973811 46.05357436995249, -87.00025404640141 45.06525999447365, -85.60574612901156 45.05674859305782, -85.58109585564665 46.044766226835556, -87.00025853973811 46.05357436995249))'
S2B_MSIL2A_20230604T163839_N0510_R126_T16TCN_20240910T075951.SAFE	geography'SRID=4326;POLYGON ((-89.42964386911558 42.38555539335144, -89.42778068203101 42.33836182515417, -88.09530924716697 42.35883991770658, -88.1129221649777 43.34744038882544, -89.12523188816577 43.331593146328906, -89.13737980441584 43.29415607625784, -89.18505530820117 43.14722903148239, -89.23267363227995 43.00026404537396, -89.28003976288896 42.85323892127137, -89.32729615862648 42.70623125111496, -89.3744464848141 42.55929703808361, -89.42116598812338 42.41229334510644, -89.42964386911558 42.38555539335144))'
S2B_MSIL2A_20230604T163839_N0510_R126_T16TFP_20240910T075951.SAFE	geography'SRID=4326;POLYGON ((-85.01111495531727 44.2340425740461, -85.74751912777681 44.24655093494868, -85.76796729995816 43.25815531909012, -85.39919596702391 43.252002373931035, -85.35869371192709 43.35601180674502, -85.30155473366915 43.5018634583938, -85.24419569619795 43.6477339008076, -85.18659139052794 43.793604630172986, -85.12866733095326 43.93944584152721, -85.07061149740046 44.08528882884514, -85.0123273410595 44.23102489368243, -85.01111495531727 44.2340425740461))'
S2B_MSIL2A_20230604T163839_N0510_R126_T16TCQ_20240910T075951.SAFE	geography'SRID=4326;POLYGON ((-88.85767076950879 44.148206348480535, -88.12808129589992 44.15979663371134, -88.14740738161733 45.148073182871244, -88.52307830216118 45.14200110534111, -88.55247688446998 45.05585603375288, -88.60235195105409 44.90909041262435, -88.65208877505337 44.762287359859855, -88.70163050081004 44.615476675535696, -88.75090573768672 44.468641669476014, -88.7999124535126 44.321798343040726, -88.84880503884169 44.17501886785559, -88.85767076950879 44.148206348480535))'
S2B_MSIL2A_20230604T163839_N0510_R126_T15TYH_20240910T075951.SAFE	geography'SRID=4326;POLYGON ((-89.4541788218562 42.30817587088659, -89.2421415546785 42.30245161555175, -89.19181531665127 43.126365538968095, -89.23267363227995 43.00026404537396, -89.28003976288896 42.85323892127137, -89.32729615862648 42.70623125111496, -89.3744464848141 42.55929703808361, -89.42116598812338 42.41229334510644, -89.4541788218562 42.30817587088659))'
S2B_MSIL2A_20230604T163839_N0510_R126_T16TEL_20240910T075951.SAFE	geography'SRID=4326;POLYGON ((-86.04687579348305 41.54638918541149, -87.00023981916341 41.551844670066835, -87.0002362534332 40.56274991351036, -86.40772936758111 40.55942535073021, -86.39956621000167 40.58198351911092, -86.34653348468396 40.72816857576142, -86.29360280591578 40.87428882869032, -86.24042018528209 41.020361540768405, -86.18706792756849 41.16642962223659, -86.13339472910589 41.312484807703136, -86.07950100290164 41.45850164154096, -86.04687579348305 41.54638918541149))'
S2B_MSIL2A_20230604T163839_N0510_R126_T16TEQ_20240910T075951.SAFE	geography'SRID=4326;POLYGON ((-87.0002544396381 45.15383725089235, -87.00025015292682 44.16536649550738, -85.62710599954542 44.157116557384406, -85.60358882685107 45.145299673094094, -87.0002544396381 45.15383725089235))'
S2B_MSIL2A_20230604T163839_N0510_R126_T15SYA_20240910T075951.SAFE	geography'SRID=4326;POLYGON ((-90.75206945697532 37.02528430302893, -90.78052649213598 36.03617591535172, -89.56341398032555 36.007451011934776, -89.51941449107781 36.995510653879045, -90.75206945697532 37.02528430302893))'
S2B_MSIL2A_20230604T163839_N0510_R126_T16TDR_20240910T075951.SAFE	geography'SRID=4326;POLYGON ((-88.28804160299788 45.82602857369116, -88.27058357693213 45.058191670236305, -86.87602550148868 45.06519270654337, -86.87383276277595 46.05350473573164, -88.21137443302183 46.04667655884317, -88.25012923090135 45.93545095448816, -88.28804160299788 45.82602857369116))'
S2B_MSIL2A_20230602T173909_N0510_R098_T14TNS_20240911T145543.SAFE	geography'SRID=4326;POLYGON ((-98.97616780466493 46.9535574091854, -99.00026284243779 46.953709179213256, -99.00026257933631 46.89853958999993, -98.98372048897056 46.93637891680041, -98.97616780466493 46.9535574091854))'
S2A_MSIL2A_20230601T171901_N0510_R012_T14TQT_20240909T202047.SAFE	geography'SRID=4326;POLYGON ((-96.32846057360034 47.82260755999096, -96.37780434448764 46.835655727197015, -94.94097013495497 46.79367068819608, -94.86474152472253 47.779157072334634, -96.32846057360034 47.82260755999096))'
S2A_MSIL2A_20230601T171901_N0510_R012_T15UVP_20240909T202047.SAFE	geography'SRID=4326;POLYGON ((-93.13684219843172 48.75149978820366, -94.36082319775265 48.74497768846318, -94.33486493191529 47.757403531734624, -93.58999767759406 47.761312704805164, -93.5348791728068 47.88341237639364, -93.4691100472574 48.028353061049295, -93.4031435564322 48.173223155144925, -93.33690036025703 48.318033556022, -93.27044115848936 48.46274050993791, -93.20366978569376 48.60736794470419, -93.13684219843172 48.75149978820366))'
S2A_MSIL2A_20230601T171901_N0510_R012_T15TUN_20240909T202047.SAFE	geography'SRID=4326;POLYGON ((-95.67207324053518 47.82259512731069, -95.62271963783218 46.835643714163524, -94.18335153308469 46.859583083848264, -94.20564501110893 47.84737115234881, -95.67207324053518 47.82259512731069))'
S2B_MSIL2A_20230601T162839_N0510_R083_T17TLH_20240909T192645.SAFE	geography'SRID=4326;POLYGON ((-82.84586124544698 43.33596656507632, -83.46678204877878 43.32624633586568, -83.42778068203103 42.33836182515417, -83.22780657883301 42.34143512795544, -83.17552685620272 42.47938216286659, -83.12003454720977 42.62520160970907, -83.06441000648401 42.7710516482171, -83.00842091491678 42.916868470868415, -82.9521818511214 43.06266077003246, -82.89558972124458 43.20850607494221, -82.84586124544698 43.33596656507632))'
S2B_MSIL2A_20230601T162839_N0510_R083_T17TLG_20240909T192645.SAFE	geography'SRID=4326;POLYGON ((-83.19403245558631 42.4305526657732, -83.43119626719712 42.42690168750588, -83.4097600394535 41.85840889244114, -83.39592968082167 41.89542624135228, -83.34104590303015 42.04153611406559, -83.28601643629212 42.18757564762556, -83.23080538188307 42.33352238534269, -83.19403245558631 42.4305526657732))'
S2A_MSIL2A_20230531T174911_N0510_R141_T13TFF_20240909T001022.SAFE	geography'SRID=4326;POLYGON ((-103.67930971591676 41.543627736242065, -103.80103038521031 41.545593768972765, -103.80732027688005 41.19658297932886, -103.7850480816451 41.25704438457582, -103.73137277879457 41.40310868986021, -103.67930971591676 41.543627736242065))'
S2A_MSIL2A_20230531T174911_N0510_R141_T13TFH_20240909T001022.SAFE	geography'SRID=4326;POLYGON ((-102.9974052922063 43.33335212846829, -103.76618786223798 43.346200009839855, -103.78571286582209 42.35764145317536, -103.37629977401552 42.350924380011946, -103.34796547526915 42.425057358673776, -103.29259738947684 42.571153732032144, -103.23594465492688 42.716939762717686, -103.17973706641166 42.862824354673705, -103.12344611559536 43.00865395752601, -103.06692190097633 43.154347338447664, -103.01039159610812 43.29998636241231, -102.9974052922063 43.33335212846829))'
S2A_MSIL2A_20230531T174911_N0510_R141_T13TFG_20240909T001022.SAFE	geography'SRID=4326;POLYGON ((-103.34268592472569 42.43898818500315, -103.78400297732625 42.44624086265282, -103.80265404258907 41.457520191909595, -103.71175605811682 41.45605453534853, -103.67730906317937 41.54902753024688, -103.62314967362848 41.69493134605917, -103.56822399790876 41.84074226278837, -103.51385894665769 41.98685676500886, -103.45886679508288 42.132930889964186, -103.40376349953988 42.27906914207241, -103.34796547526915 42.425057358673776, -103.34268592472569 42.43898818500315))'
S2A_MSIL2A_20230531T174911_N0510_R141_T13TEH_20240909T001022.SAFE	geography'SRID=4326;POLYGON ((-105.00024679052603 43.35285539234588, -105.00024288390158 42.36407192041621, -103.66698539119554 42.35632239007374, -103.64555267001923 43.34483481646455, -105.00024679052603 43.35285539234588))'
S2A_MSIL2A_20230531T174911_N0510_R141_T13TEF_20240909T001022.SAFE	geography'SRID=4326;POLYGON ((-103.68406713501052 41.530787385380215, -103.68379957458713 41.54431153543986, -105.00023981916343 41.551844670066835, -105.00023625343321 40.56274991351036, -104.04028421777936 40.55736361187459, -103.99880800463892 40.67196529929301, -103.94569655099983 40.8183770162956, -103.89248999587328 40.964749083960825, -103.83886349668678 41.11095390795041, -103.7850480816451 41.25704438457582, -103.73137277879457 41.40310868986021, -103.68406713501052 41.530787385380215))'
S2B_MSIL2A_20230531T165849_N0510_R069_T15UWP_20240908T074954.SAFE	geography'SRID=4326;POLYGON ((-92.63102376050057 47.76281057421879, -91.53521313306011 47.75581864580811, -91.50673052442279 48.7433372246506, -92.26472597406183 48.74824783257686, -92.31272673351855 48.62052691882957, -92.36751160074536 48.474303198835806, -92.4220635029722 48.32807019244596, -92.47646730722488 48.181775366404736, -92.53063852805501 48.03538516318358, -92.58467005092496 47.88898062377898, -92.63102376050057 47.76281057421879))'
S2A_MSIL2A_20230531T160901_N0510_R140_T17TNF_20240909T003424.SAFE	geography'SRID=4326;POLYGON ((-81.00023981916341 41.551844670066835, -81.0002362534332 40.56274991351036, -79.70336265383867 40.5554731412015, -79.68379957458711 41.54431153543986, -81.00023981916341 41.551844670066835))'
S2A_MSIL2A_20230531T160901_N0510_R140_T17TMF_20240909T003424.SAFE	geography'SRID=4326;POLYGON ((-82.1964271012555 41.377972340554834, -82.18162029219911 40.556706911840905, -80.88470843547175 40.5626923872254, -80.88296836561119 41.55178511688993, -82.14431136095833 41.54584828769606, -82.16319752876721 41.485287268784845, -82.1964271012555 41.377972340554834))'
S2A_MSIL2A_20230531T160901_N0510_R140_T17TLF_20240909T003424.SAFE	geography'SRID=4326;POLYGON ((-82.44982828414808 40.552134147717425, -82.06541547567339 40.55783709926159, -82.08149180738359 41.546758769895376, -82.14432388822576 41.54580811734032, -82.16319752876721 41.485287268784845, -82.20879341218986 41.33803533050571, -82.25433003570032 41.19082513964639, -82.29955086293084 41.04357400714275, -82.34479715017379 40.89642872168992, -82.38982611392188 40.74929588902778, -82.43459100182987 40.60220252969221, -82.44982828414808 40.552134147717425))'
S2B_MSIL2A_20230530T172859_N0510_R055_T13TGF_20240907T164812.SAFE	geography'SRID=4326;POLYGON ((-102.58909357898297 40.537319843657905, -101.34444498559898 40.50488583658978, -101.28942535132569 41.49194363396281, -102.28687700178092 41.518452835308544, -102.30021626053464 41.47574466432626, -102.34583620256251 41.328717729556345, -102.3912731145688 41.18169914686881, -102.43668413616528 41.034713987364455, -102.48180426444597 40.88763775329844, -102.52696333059438 40.740506171283656, -102.5720308901108 40.59329288737933, -102.58909357898297 40.537319843657905))'
S2B_MSIL2A_20230530T172859_N0510_R055_T14UQU_20240907T164812.SAFE	geography'SRID=4326;POLYGON ((-95.67083618408391 48.70255611335634, -96.28118473719852 48.720927698149374, -96.33299058185197 47.73416799677996, -96.11699056198633 47.72776495141552, -96.0801124202934 47.80988110592085, -96.01472184951075 47.95477814284475, -95.94895516186048 48.099694337019294, -95.88267604758201 48.24456910293976, -95.8159825961096 48.38943385035229, -95.74905455607066 48.53432168238552, -95.68175948761885 48.67915975968113, -95.67083618408391 48.70255611335634))'
S2B_MSIL2A_20230530T172859_N0510_R055_T14SKH_20240907T164812.SAFE	geography'SRID=4326;POLYGON ((-102.4545029640868 38.797894647715, -102.40791466143585 37.81010790673744, -101.16175219508035 37.83959549435291, -101.19134725642266 38.82843976082239, -102.4545029640868 38.797894647715))'
S2B_MSIL2A_20230530T172859_N0510_R055_T14TPQ_20240907T164812.SAFE	geography'SRID=4326;POLYGON ((-97.23089603312089 45.13817594793445, -97.72795903223157 45.14675285555784, -97.74938307519847 44.158520786393645, -97.6297136174248 44.156491294137275, -97.62145418321597 44.17723982205997, -97.563308728091 44.32286007695842, -97.50464395239943 44.46846398913999, -97.44570192052096 44.61414617535424, -97.38637119283376 44.75977809962736, -97.32675848394237 44.90539317318781, -97.26686357148179 45.050974209121634, -97.23089603312089 45.13817594793445))'
S2B_MSIL2A_20230530T172859_N0510_R055_T14TKM_20240907T164812.SAFE	geography'SRID=4326;POLYGON ((-102.31918282997549 41.41461796306291, -101.27696656733475 41.441212166985935, -101.3124072413961 42.42936087235922, -102.00538795331411 42.411337717959, -102.02229242121177 42.358132599553, -102.06893340238362 42.21099736238768, -102.11554491332046 42.06391102159611, -102.16190527626657 41.91681710425051, -102.2082038331912 41.769768718239696, -102.25431088701625 41.62271943836936, -102.30021626053464 41.47574466432626, -102.31918282997549 41.41461796306291))'
S2B_MSIL2A_20230530T172859_N0510_R055_T13SGC_20240907T164812.SAFE	geography'SRID=4326;POLYGON ((-102.6965295968872 38.82628170870513, -102.72763580740045 37.83751218570364, -101.48163775999417 37.80685703267152, -101.43354720329414 38.79452724007538, -102.6965295968872 38.82628170870513))'
S2B_MSIL2A_20230530T172859_N0510_R055_T14TKL_20240907T164812.SAFE	geography'SRID=4326;POLYGON ((-102.5493952009725 40.667232416549346, -102.54082260253305 40.50846282585221, -101.24618611840133 40.54090999482793, -101.28005188450415 41.52923550071836, -102.2915848813215 41.50337966459529, -102.30021626053464 41.47574466432626, -102.34583620256251 41.328717729556345, -102.3912731145688 41.18169914686881, -102.43668413616528 41.034713987364455, -102.48180426444597 40.88763775329844, -102.52696333059438 40.740506171283656, -102.5493952009725 40.667232416549346))'
S2B_MSIL2A_20230530T172859_N0510_R055_T13TGG_20240907T164812.SAFE	geography'SRID=4326;POLYGON ((-102.31407283497984 41.431086789359114, -101.2944377014587 41.40403474612011, -101.23686356729512 42.39088066238852, -102.00528547670012 42.41166025283052, -102.02229242121177 42.358132599553, -102.06893340238362 42.21099736238768, -102.11554491332046 42.06391102159611, -102.16190527626657 41.91681710425051, -102.2082038331912 41.769768718239696, -102.25431088701625 41.62271943836936, -102.30021626053464 41.47574466432626, -102.31407283497984 41.431086789359114))'
S2A_MSIL2A_20230530T163841_N0510_R126_T16TGS_20240907T164257.SAFE	geography'SRID=4326;POLYGON ((-83.89872369035918 46.90967960923225, -84.37351464472057 46.92357305830357, -84.42054054444473 45.93643087306754, -84.31721914882208 45.93345627008021, -84.30302814143232 45.96704540670563, -84.24133653771865 46.11241849357897, -84.17923944701462 46.257664186340776, -84.11701079627211 46.402823762047895, -84.05477749498841 46.54796123544057, -83.99273055603747 46.693142728649725, -83.92988269543075 46.838144040201776, -83.89872369035918 46.90967960923225))'
S2A_MSIL2A_20230530T163841_N0510_R126_T16TGR_20240907T164257.SAFE	geography'SRID=4326;POLYGON ((-84.28036857413146 46.02044151002352, -84.41645116040286 46.024365075689296, -84.43306385496166 45.658586751285355, -84.42573492186324 45.67606316720868, -84.36447229896429 45.821611319787614, -84.30302814143232 45.96704540670563, -84.28036857413146 46.02044151002352))'
S2A_MSIL2A_20230530T163841_N0510_R126_T16TFN_20240907T164257.SAFE	geography'SRID=4326;POLYGON ((-85.37121347341962 43.33959920450144, -85.76618786223797 43.346200009839855, -85.78571286582208 42.35764145317536, -85.74897258250768 42.357038670372354, -85.70557951966776 42.47127997068104, -85.64991504632029 42.617278999066045, -85.59403285466045 42.76320221255408, -85.53786553582566 42.908982255347375, -85.48166259344217 43.05470341023466, -85.42534801442346 43.200401586315216, -85.37121347341962 43.33959920450144))'
S2A_MSIL2A_20230529T170851_N0510_R112_T15TWH_20240906T152119.SAFE	geography'SRID=4326;POLYGON ((-92.91879379087442 43.35237314328716, -93.00024679052602 43.35285539234588, -93.00024596198446 43.1431479541509, -92.98723969552253 43.17674528119535, -92.93047410502272 43.32254656446656, -92.91879379087442 43.35237314328716))'
S2A_MSIL2A_20230529T170851_N0510_R112_T14SNJ_20240906T152119.SAFE	geography'SRID=4326;POLYGON ((-98.09327140781592 38.75596344280915, -97.73659678080747 38.754036048213806, -97.71871965132908 39.74319619212293, -97.80015340238882 39.743645565275635, -97.8039849220682 39.730901257075615, -97.848050104999 39.583636152661086, -97.89198916686563 39.43627600720005, -97.93586021071793 39.288901314604736, -97.97965081424152 39.14153243996456, -98.02336828798934 38.99422479100407, -98.06650392923927 38.84680574255277, -98.09327140781592 38.75596344280915))'
S2A_MSIL2A_20230529T170851_N0510_R112_T15TWJ_20240906T152119.SAFE	geography'SRID=4326;POLYGON ((-92.56285076491052 44.25078554076705, -93.00025052587905 44.25341758107761, -93.00024643448815 43.26479037737325, -92.95306920140594 43.26451151155328, -92.93047410502272 43.32254656446656, -92.87334114038323 43.46843997550312, -92.81594630152867 43.61436256944474, -92.75835649514232 43.76029314866207, -92.70041741395455 43.906061781319046, -92.64237753988277 44.05181019532444, -92.58417484456204 44.1975262288716, -92.56285076491052 44.25078554076705))'
S2A_MSIL2A_20230529T170851_N0510_R112_T15TWK_20240906T152119.SAFE	geography'SRID=4326;POLYGON ((-92.19835041286493 45.148935348853215, -93.0002544396381 45.15383725089235, -93.00025015292684 44.16536649550738, -92.59798560514496 44.16294966431009, -92.58417484456204 44.1975262288716, -92.52585522531967 44.343186104543214, -92.46719464822594 44.48869994936064, -92.40859895855594 44.63418465764262, -92.34952371037072 44.779550574412944, -92.2903407306773 44.924980247437055, -92.23073367790695 45.07044123802624, -92.19835041286493 45.148935348853215))'
S2B_MSIL2A_20230529T161829_N0510_R040_T16TGP_20240906T150720.SAFE	geography'SRID=4326;POLYGON ((-84.12538877438969 43.22696498555671, -83.1873683405316 43.201211355403785, -83.1242610537248 44.18762158427181, -83.80378583087601 44.206615020621335, -83.8492897224394 44.06959343868877, -83.89789047434705 43.92270610307828, -83.94625411337054 43.77579905840816, -83.9944850152294 43.62888077955584, -84.04253586249477 43.48196706931967, -84.09040712000062 43.335083711202174, -84.12538877438969 43.22696498555671))'
S2B_MSIL2A_20230529T161829_N0510_R040_T17TKG_20240906T150720.SAFE	geography'SRID=4326;POLYGON ((-84.6065783524136 41.714020887209976, -84.58926866785167 41.407726190110715, -83.27696656733475 41.441212166985935, -83.3124072413961 42.42936087235922, -84.38969554580481 42.4013425839567, -84.41982028948811 42.30662225941315, -84.46638639170584 42.15954054347018, -84.51275585562038 42.01239893086465, -84.559052359803 41.86530588609968, -84.60525283431201 41.718255698715055, -84.6065783524136 41.714020887209976))'
S2B_MSIL2A_20230529T161829_N0510_R040_T17TLH_20240906T150720.SAFE	geography'SRID=4326;POLYGON ((-83.46678204877878 43.32624633586568, -83.42778068203103 42.33836182515417, -82.09530924716697 42.35883991770658, -82.1129221649777 43.34744038882544, -83.46678204877878 43.32624633586568))'
S2B_MSIL2A_20230529T161829_N0510_R040_T16TGR_20240906T150720.SAFE	geography'SRID=4326;POLYGON ((-83.53440503643529 45.01075533767135, -83.06996660895842 44.99758761245698, -83.00067944006244 45.98354520692643, -83.19786010694358 45.989230367061374, -83.20221977778611 45.976725948381656, -83.25324193849079 45.83007690559269, -83.30414782920664 45.68342123086952, -83.35487171075857 45.53673052985443, -83.40532120496337 45.390029025182656, -83.45547367160515 45.24332491534752, -83.5053711499135 45.0966287518532, -83.53440503643529 45.01075533767135))'
S2B_MSIL2A_20230529T161829_N0510_R040_T17TLJ_20240906T150720.SAFE	geography'SRID=4326;POLYGON ((-83.50407140709622 44.22596415476343, -83.46322767686333 43.23826255332707, -82.1113169858077 43.25939191053712, -82.12976271323852 44.24783068396879, -83.50407140709622 44.22596415476343))'
S2B_MSIL2A_20230529T161829_N0510_R040_T17TLL_20240906T150720.SAFE	geography'SRID=4326;POLYGON ((-83.525448763235 45.037245272371514, -82.14563453547973 45.05951360004942, -82.1658919102777 46.0476276229589, -83.18332145439427 46.0309301662164, -83.20221977778611 45.976725948381656, -83.25324193849079 45.83007690559269, -83.30414782920664 45.68342123086952, -83.35487171075857 45.53673052985443, -83.40532120496337 45.390029025182656, -83.45547367160515 45.24332491534752, -83.5053711499135 45.0966287518532, -83.525448763235 45.037245272371514))'
S2B_MSIL2A_20230529T161829_N0510_R040_T16SFJ_20240906T150720.SAFE	geography'SRID=4326;POLYGON ((-85.50441817356376 38.74994073516282, -84.58623972133756 38.73593643111066, -84.55211502393708 39.72445184157785, -85.21254199976187 39.73473836897525, -85.23553450011987 39.65805748451578, -85.27945889010392 39.51082748465191, -85.32333511153267 39.36362777633894, -85.36695905577977 39.21641185238934, -85.41043549926803 39.06921420484184, -85.45377807962322 38.9219582012613, -85.49716310360844 38.77463928146652, -85.50441817356376 38.74994073516282))'
S2B_MSIL2A_20230529T161829_N0510_R040_T16TGQ_20240906T150720.SAFE	geography'SRID=4326;POLYGON ((-83.83275512804059 44.11938250514657, -83.13001323357865 44.099770918209835, -83.0639024439136 45.08595696049961, -83.50474323977188 45.09847477718186, -83.5053711499135 45.0966287518532, -83.55496356303459 44.94994946284282, -83.60426828975476 44.80323870171558, -83.65354447834913 44.65657275481141, -83.70264772654906 44.509893072960296, -83.7516248606294 44.36319123604504, -83.8005274626724 44.216426637835525, -83.83275512804059 44.11938250514657))'
S2B_MSIL2A_20230529T161829_N0510_R040_T17TLG_20240906T150720.SAFE	geography'SRID=4326;POLYGON ((-83.43119626719712 42.42690168750588, -83.39393916355972 41.438836285507165, -82.08002716017 41.458681613653354, -82.09685168418683 42.44744302996699, -83.43119626719712 42.42690168750588))'
S2B_MSIL2A_20230529T161829_N0510_R040_T16TGM_20240906T150720.SAFE	geography'SRID=4326;POLYGON ((-84.59474469814032 41.75170174898905, -84.60653922316477 41.43884624479472, -83.2944377014587 41.40403474612011, -83.2368635672951 42.39088066238852, -84.3831642269457 42.42187881319526, -84.41982028948811 42.30662225941315, -84.46638639170584 42.15954054347018, -84.51275585562038 42.01239893086465, -84.559052359803 41.86530588609968, -84.59474469814032 41.75170174898905))'
S2B_MSIL2A_20230529T161829_N0510_R040_T17TLK_20240906T150720.SAFE	geography'SRID=4326;POLYGON ((-83.53773943168393 45.00089320970522, -83.50034838689311 44.137996748196564, -82.12808129589992 44.15979663371134, -82.14740738161733 45.148073182871244, -83.49528311717813 45.12628707827879, -83.5053711499135 45.0966287518532, -83.53773943168393 45.00089320970522))'
S2B_MSIL2A_20230529T161829_N0510_R040_T17TMG_20240906T150720.SAFE	geography'SRID=4326;POLYGON ((-80.88233268448167 41.89499167939716, -80.88130582637643 42.452629745736225, -82.21648331498238 42.44623570214159, -82.19782479530704 41.4575152063026, -81.04351693886356 41.46293889964582, -81.02982533675484 41.499951258129386, -80.97552327185694 41.64603267717767, -80.92094555219028 41.791978928152645, -80.88233268448167 41.89499167939716))'
S2B_MSIL2A_20230529T161829_N0510_R040_T16TFM_20240906T150720.SAFE	geography'SRID=4326;POLYGON ((-84.69227354283301 41.43961620345265, -84.48886345311317 41.43633638009555, -84.45938465741122 42.1816559245217, -84.46638639170584 42.15954054347018, -84.51275585562038 42.01239893086465, -84.559052359803 41.86530588609968, -84.60525283431201 41.718255698715055, -84.65128448106596 41.57119218669138, -84.69227354283301 41.43961620345265))'
S2B_MSIL2A_20230529T161829_N0510_R040_T16TGN_20240906T150720.SAFE	geography'SRID=4326;POLYGON ((-84.4111100430236 42.334009625116465, -83.24214155467848 42.30245161555175, -83.18187629631362 43.28908179915951, -84.09714733038192 43.31425156447457, -84.13792730288284 43.18821182348293, -84.18522927472934 43.04131413221485, -84.23234388132947 42.89441262542016, -84.27932467922318 42.74752167948083, -84.32625198040203 42.60061883212168, -84.37306141593153 42.45364477768359, -84.4111100430236 42.334009625116465))'
S2B_MSIL2A_20230529T161829_N0510_R040_T17TNG_20240906T150720.SAFE	geography'SRID=4326;POLYGON ((-80.67276784891162 42.45078455900261, -81.00024322601921 42.45269119915018, -81.00023993122726 41.579540828631266, -80.97552327185694 41.64603267717767, -80.92094555219028 41.791978928152645, -80.86625206386915 41.937892118274576, -80.81719331852089 42.06857285082593, -80.81178678985411 42.08299464470564, -80.75683999991075 42.22893506590743, -80.70165182296931 42.37485078681789, -80.67276784891162 42.45078455900261))'
S2A_MSIL2A_20230528T173911_N0510_R098_T13TFF_20240908T221357.SAFE	geography'SRID=4326;POLYGON ((-103.80103038521031 41.545593768972765, -103.81885207154319 40.55671174263467, -102.52280187838811 40.536185528423594, -102.48546160940656 41.52434469691515, -103.80103038521031 41.545593768972765))'
S2A_MSIL2A_20230528T173911_N0510_R098_T14UNU_20240908T221357.SAFE	geography'SRID=4326;POLYGON ((-98.17497359317828 48.74766637954416, -99.00027209589379 48.7530130044756, -99.00026690365507 47.765166566721895, -98.62494010125933 47.76277175682752, -98.61173857777295 47.79216523301836, -98.54659715106314 47.93699968557655, -98.48115701310864 48.081795946644455, -98.41536707414824 48.226571078195846, -98.34921345612217 48.3713013727649, -98.28267901129308 48.51606419451147, -98.21554225482905 48.66085637895424, -98.17497359317828 48.74766637954416))'
S2B_MSIL2A_20230528T164849_N0510_R026_T15TWE_20240908T193552.SAFE	geography'SRID=4326;POLYGON ((-92.78853187566175 39.66044089109585, -91.7203579213631 39.6545573069827, -91.70165933840751 40.64355721409192, -92.48979300156692 40.64798731286524, -92.52214264239096 40.54190393675135, -92.56687162173063 40.39469959342163, -92.61154951345968 40.24746192012981, -92.65614061178634 40.1002276798149, -92.70060206919631 39.952954942016646, -92.74491523486704 39.805677128101294, -92.78853187566175 39.66044089109585))'
S2B_MSIL2A_20230528T164849_N0510_R026_T15SVD_20240908T193552.SAFE	geography'SRID=4326;POLYGON ((-93.05502631246192 38.76006659646073, -92.88766443792474 38.760810475743604, -92.88674762482158 39.331286867541735, -92.92078136089002 39.21677675240454, -92.96416176145088 39.06952586701401, -93.00753871247689 38.92231518904493, -93.05064640657464 38.77500009939512, -93.05502631246192 38.76006659646073))'
S2B_MSIL2A_20230528T164849_N0510_R026_T15UYP_20240908T210009.SAFE	geography'SRID=4326;POLYGON ((-90.13066825608288 47.72817040922907, -88.8717393439406 47.69085106573984, -88.7917155642128 48.676094448248996, -89.76725495034327 48.70545833296665, -89.82240468856233 48.55953066508639, -89.87678769701027 48.413189875929085, -89.93153710589564 48.26702528856151, -89.9857666099691 48.1207607103059, -90.03948693589248 47.97441693693876, -90.09371869781624 47.828254181261485, -90.13066825608288 47.72817040922907))'
S2B_MSIL2A_20230528T164849_N0510_R026_T16TCQ_20240908T210009.SAFE	geography'SRID=4326;POLYGON ((-88.13890382860099 44.71322765059557, -88.14740738161733 45.148073182871244, -89.54313948300323 45.12551356202371, -89.53733989315293 44.99167280983224, -89.47537711255079 44.980788199015215, -89.47508928921421 44.981567415257686, -89.47501180779872 44.981553255929086, -89.47498072069078 44.981637824294246, -89.19943366664401 44.93129700683704, -89.1995048393197 44.931105849703954, -89.19945049829171 44.931095919198235, -89.1995725194795 44.93077171642698, -89.19943038261158 44.93074572534105, -89.19955868695241 44.93040193929024, -89.18175644260639 44.92714154501288, -89.18173814751857 44.927190300557534, -88.90678381819487 44.87425872308078, -88.90682385807497 44.87415332432264, -88.89077850639532 44.87089858299122, -88.89053284837905 44.871545555374325, -88.89046461063576 44.8715316835588, -88.89043173245565 44.87161870222775, -88.88973852864723 44.871477708820365, -88.88971303456978 44.871544467019206, -88.61609073982467 44.81588680488117, -88.6162582478101 44.81545312711221, -88.61603901604266 44.815408597297456, -88.61612435341695 44.81518598526228, -88.61612190627035 44.81518548886747, -88.61628470571277 44.8147636685965, -88.3066567521591 44.74970103496408, -88.3063168387526 44.75057329738989, -88.30626940070799 44.750562649288, -88.30626311432574 44.75057885069932, -88.3054214899463 44.75038968727069, -88.30537787860544 44.75050093985717, -88.13890382860099 44.71322765059557))'
S2B_MSIL2A_20230528T164849_N0510_R026_T16UCU_20240908T210009.SAFE	geography'SRID=4326;POLYGON ((-89.7193584952283 48.7209148694678, -89.66754232973864 47.734155602346505, -88.2035982977648 47.75885537254857, -88.22700553578841 48.74648044472784, -89.7193584952283 48.7209148694678))'
S2B_MSIL2A_20230528T164849_N0510_R026_T16SBH_20240908T193552.SAFE	geography'SRID=4326;POLYGON ((-89.5417249189505 38.81996707193117, -90.4545029640868 38.797894647715, -90.40791466143584 37.81010790673744, -89.88193631957982 37.82255398247641, -89.87580745499267 37.84072548317102, -89.82634813100665 37.98731893574469, -89.77664997597293 38.13377188938878, -89.73384260932725 38.25965548817919, -89.72710440839914 38.27947975820028, -89.72578585281644 38.283339953924205, -89.67689694791994 38.42673597570527, -89.62678279747735 38.57322710944303, -89.57641576805585 38.71971971651088, -89.5417249189505 38.81996707193117))'
S2B_MSIL2A_20230527T171859_N0510_R012_T14TQP_20240907T163707.SAFE	geography'SRID=4326;POLYGON ((-95.12832016868315 44.12417483005909, -95.1242610537248 44.18762158427181, -96.49642893280087 44.22597512802537, -96.53726452230805 43.238273156784096, -95.4885429197332 43.20948019310098, -95.46093943828208 43.280451201562016, -95.40423143304822 43.426174048848, -95.34716405590096 43.57184559096275, -95.28987170745312 43.717513746417495, -95.23238385018593 43.863174379847855, -95.17454499598098 44.0088519160968, -95.12832016868315 44.12417483005909))'
S2B_MSIL2A_20230527T171859_N0510_R012_T14TQN_20240907T163707.SAFE	geography'SRID=4326;POLYGON ((-95.45466162130741 43.296583339529434, -96.53371085886852 43.32625697177811, -96.5727044512481 42.33837210189082, -95.83078117888341 42.318342800879705, -95.79789588436724 42.40476366651418, -95.7421802294824 42.55080553484103, -95.68639716183168 42.696862949470365, -95.63024886214643 42.84288142222969, -95.57404764693364 42.98886185452338, -95.51762126437472 43.13471718006437, -95.46093943828208 43.280451201562016, -95.45466162130741 43.296583339529434))'
S2B_MSIL2A_20230527T171859_N0510_R012_T14UQU_20240907T163707.SAFE	geography'SRID=4326;POLYGON ((-96.28118473719852 48.720927698149374, -96.33299058185197 47.73416799677996, -94.8717393439406 47.69085106573984, -94.7917155642128 48.676094448248996, -96.28118473719852 48.720927698149374))'
S2B_MSIL2A_20230527T171859_N0510_R012_T15TVM_20240907T163707.SAFE	geography'SRID=4326;POLYGON ((-93.9484444629155 46.9480590246192, -94.31456075291095 46.946162221065514, -94.29543311861978 46.144135154593194, -94.27533636450428 46.19138996778086, -94.21297590108937 46.336721096516, -94.15051179623565 46.48204048164851, -94.08776089744654 46.62728803692616, -94.02496524800688 46.772422105373856, -93.96183266198973 46.91750306595806, -93.9484444629155 46.9480590246192))'
S2B_MSIL2A_20230527T171859_N0510_R012_T14TQQ_20240907T163707.SAFE	geography'SRID=4326;POLYGON ((-95.12838874099302 44.124003754058265, -95.0639024439136 45.08595696049961, -96.45736864275568 45.12552488296481, -96.50015121099591 44.13800768802703, -95.138012496634 44.099994155566364, -95.12838874099302 44.124003754058265))'
S2B_MSIL2A_20230527T171859_N0510_R012_T14TQM_20240907T163707.SAFE	geography'SRID=4326;POLYGON ((-95.79740938152537 42.40603888770865, -96.5692895469665 42.426911995973605, -96.60653922316477 41.43884624479472, -96.16383973351942 41.42710093969287, -96.12624991837971 41.52873372398293, -96.10775495419105 41.57848470832955, -96.07232052241751 41.67388580866697, -96.01796741623448 41.81988141877497, -96.01402344548671 41.830425015567, -95.96311130844998 41.96668046828878, -95.9085442473374 42.112708909708815, -95.8534593093528 42.25874583831726, -95.79789588436724 42.40476366651418, -95.79740938152537 42.40603888770865))'
S2B_MSIL2A_20230527T171859_N0510_R012_T15TUK_20240907T163707.SAFE	geography'SRID=4326;POLYGON ((-94.71635441172147 45.13887712779109, -95.54313948300324 45.12551356202371, -95.50034838689312 44.137996748196564, -95.12036032691063 44.14403325250317, -95.11615979825072 44.154512841796624, -95.05760197816372 44.30023699681163, -94.9988074732992 44.44594003045752, -94.93976676505469 44.591610613173685, -94.88059561441305 44.73730361319248, -94.82131545176547 44.88288322293519, -94.76180784176472 45.02833924182156, -94.71635441172147 45.13887712779109))'
S2B_MSIL2A_20230527T171859_N0510_R012_T15TUJ_20240907T163707.SAFE	geography'SRID=4326;POLYGON ((-95.08476690348434 44.23263567930166, -95.50407140709622 44.22596415476343, -95.4645847077408 43.27107888923048, -95.46093943828208 43.280451201562016, -95.40423143304822 43.426174048848, -95.34716405590096 43.57184559096275, -95.28987170745312 43.717513746417495, -95.23238385018593 43.863174379847855, -95.17454499598098 44.0088519160968, -95.11615979825072 44.154512841796624, -95.08476690348434 44.23263567930166))'
S2B_MSIL2A_20230527T171859_N0510_R012_T15TTG_20240907T163707.SAFE	geography'SRID=4326;POLYGON ((-95.79328330079493 42.416854170055885, -96.64504576622768 42.39470139413761, -96.58926866785168 41.407726190110715, -96.16702061748201 41.41850068208532, -96.12624991837971 41.52873372398293, -96.10775495419105 41.57848470832955, -96.07232052241751 41.67388580866697, -96.01796741623448 41.81988141877497, -96.01402344548671 41.830425015567, -95.96311130844998 41.96668046828878, -95.9085442473374 42.112708909708815, -95.8534593093528 42.25874583831726, -95.79789588436724 42.40476366651418, -95.79328330079493 42.416854170055885))'
S2B_MSIL2A_20230527T171859_N0510_R012_T15TUH_20240907T163707.SAFE	geography'SRID=4326;POLYGON ((-95.44297323223618 43.32661905192349, -95.46678204877878 43.32624633586568, -95.46460227257381 43.27103372848096, -95.46093943828208 43.280451201562016, -95.44297323223618 43.32661905192349))'
S2A_MSIL2A_20230527T162841_N0510_R083_T17TLL_20240908T094700.SAFE	geography'SRID=4326;POLYGON ((-82.14653620728882 45.103495338428864, -82.1658919102777 46.0476276229589, -83.58406512039718 46.02435339629007, -83.53921420699882 45.037023116804335, -82.16481391674351 45.059204070883794, -82.14653620728882 45.103495338428864))'
S2A_MSIL2A_20230527T162841_N0510_R083_T16TER_20240908T094700.SAFE	geography'SRID=4326;POLYGON ((-86.03799170073613 45.05938681083004, -85.60574612901156 45.05674859305782, -85.58109585564665 46.044766226835556, -85.69863942389084 46.04549577009594, -85.71263291818923 46.00545424005606, -85.76385902082578 45.85879587951301, -85.81477403333929 45.71209118999621, -85.8653947023032 45.565455634160266, -85.9156644248068 45.41885476002735, -85.96569308659933 45.272291272789694, -86.01539362275327 45.12569758967332, -86.03799170073613 45.05938681083004))'
S2A_MSIL2A_20230527T162841_N0510_R083_T16TEQ_20240908T094700.SAFE	geography'SRID=4326;POLYGON ((-86.3396759139198 44.161397723121745, -85.62710599954542 44.157116557384406, -85.60358882685107 45.145299673094094, -86.00790986793234 45.14777121840322, -86.01539362275327 45.12569758967332, -86.06533994974451 44.97913734478598, -86.114998113699 44.8324442280688, -86.16435351619641 44.6856502729844, -86.21366673101002 44.538842113995415, -86.26295562001462 44.392027604957136, -86.31190585872096 44.24512443876336, -86.3396759139198 44.161397723121745))'
S2A_MSIL2A_20230527T162841_N0510_R083_T17TLJ_20240908T094700.SAFE	geography'SRID=4326;POLYGON ((-82.49622963506133 44.24199985448728, -83.50407140709622 44.22596415476343, -83.46322767686333 43.23826255332707, -82.88984601447268 43.24722408166063, -82.87716459602022 43.27975228721694, -82.82001067590691 43.42572346333806, -82.76270065285969 43.57159312914171, -82.70512861240773 43.71742635806303, -82.64726245798947 43.86315612951472, -82.5893444642483 44.0088391421116, -82.5312608187185 44.1544283773611, -82.49622963506133 44.24199985448728))'
S2A_MSIL2A_20230527T162841_N0510_R083_T16TGQ_20240908T094700.SAFE	geography'SRID=4326;POLYGON ((-84.45736864275568 45.12552488296481, -84.50015121099591 44.13800768802703, -83.13001323357865 44.099770918209835, -83.0639024439136 45.08595696049961, -84.45736864275568 45.12552488296481))'
S2A_MSIL2A_20230527T162841_N0510_R083_T16TGP_20240908T094700.SAFE	geography'SRID=4326;POLYGON ((-84.49642893280085 44.22597512802537, -84.53726452230805 43.238273156784096, -83.1873683405316 43.201211355403785, -83.1242610537248 44.18762158427181, -84.49642893280085 44.22597512802537))'
S2A_MSIL2A_20230527T162841_N0510_R083_T17TLK_20240908T094700.SAFE	geography'SRID=4326;POLYGON ((-82.14653567199825 45.10349663556609, -82.14740738161733 45.148073182871244, -83.54313948300323 45.12551356202371, -83.50034838689311 44.137996748196564, -82.53167704135761 44.153385096844374, -82.5312608187185 44.1544283773611, -82.47306352796109 44.29991083568295, -82.41469414901533 44.44537098936158, -82.35601635277757 44.59087040614801, -82.29699137813681 44.736444364868746, -82.23758143455939 44.88209262674739, -82.1777912145249 45.02775697027898, -82.14653567199825 45.10349663556609))'
S2A_MSIL2A_20230527T162841_N0510_R083_T16TFP_20240908T094700.SAFE	geography'SRID=4326;POLYGON ((-85.74751912777681 44.24655093494868, -85.76796729995816 43.25815531909012, -84.41619172041912 43.235600960154144, -84.37335402628884 44.22320974043625, -85.74751912777681 44.24655093494868))'
S2A_MSIL2A_20230527T162841_N0510_R083_T16TFQ_20240908T094700.SAFE	geography'SRID=4326;POLYGON ((-85.72795903223155 45.14675285555784, -85.74938307519847 44.158520786393645, -84.37725879085305 44.135250725162805, -84.33237892318714 45.122671880514964, -85.72795903223155 45.14675285555784))'
S2A_MSIL2A_20230527T162841_N0510_R083_T16TGR_20240908T094700.SAFE	geography'SRID=4326;POLYGON ((-84.41645116040286 46.024365075689296, -84.46129313653577 45.03703440306415, -83.06996660895842 44.99758761245698, -83.00067944006244 45.98354520692643, -84.41645116040286 46.024365075689296))'
S2A_MSIL2A_20230526T165901_N0510_R069_T15STD_20240906T131926.SAFE	geography'SRID=4326;POLYGON ((-95.58315901129666 38.73084826336295, -95.18865192655385 38.74036995699254, -95.21960079191267 39.7290432642928, -95.28752111208111 39.72736917836431, -95.29865243523166 39.69011565564314, -95.34264638032458 39.54293244741613, -95.38647224000584 39.395699744302064, -95.43021606598904 39.24842951359581, -95.47395007075386 39.101099766206126, -95.51750614718041 38.95368643794188, -95.56092921049472 38.80623905007821, -95.58315901129666 38.73084826336295))'
S2A_MSIL2A_20230526T165901_N0510_R069_T15TVG_20240906T131926.SAFE	geography'SRID=4326;POLYGON ((-94.2164833149824 42.44623570214159, -94.19782479530706 41.4575152063026, -92.88312689683454 41.46369251697452, -92.88130582637643 42.452629745736225, -94.2164833149824 42.44623570214159))'
S2A_MSIL2A_20230526T165901_N0510_R069_T15TUH_20240906T131926.SAFE	geography'SRID=4326;POLYGON ((-94.47860180781295 42.352949284462085, -94.09530924716697 42.35883991770658, -94.11292216497772 43.34744038882544, -94.15942072305724 43.34671247531365, -94.20045758522093 43.21988301281701, -94.24792981094932 43.07304534440773, -94.29532525697 42.92614736029186, -94.34257925921327 42.77919918414157, -94.38962128151442 42.63218978973976, -94.43652947175677 42.48515566647024, -94.47860180781295 42.352949284462085))'
S2A_MSIL2A_20230526T165901_N0510_R069_T15TUE_20240906T131926.SAFE	geography'SRID=4326;POLYGON ((-95.31409280655697 39.638459379237936, -94.0514493575497 39.656847486720984, -94.06681520423501 40.645928490590144, -95.01417491501078 40.63184891449207, -95.03205824433812 40.573365043343365, -95.07692984902272 40.42611392961968, -95.12169420577423 40.27886867570479, -95.16619227710602 40.131644687559685, -95.21065830178873 39.98447115118014, -95.25468238997917 39.837271484084326, -95.29865243523166 39.69011565564314, -95.31409280655697 39.638459379237936))'
S2A_MSIL2A_20230526T165901_N0510_R069_T15SVD_20240906T131926.SAFE	geography'SRID=4326;POLYGON ((-94.16762472753088 39.74439520181332, -94.15133248212537 38.755193805393134, -92.88766443792474 38.760810475743604, -92.88607436984347 39.750212021802014, -94.16762472753088 39.74439520181332))'
S2A_MSIL2A_20230526T165901_N0510_R069_T15TWN_20240906T131926.SAFE	geography'SRID=4326;POLYGON ((-92.96155635211068 46.86545641764931, -91.55985017558999 46.85663988190739, -91.53272262323176 47.844325046514086, -92.60437371755822 47.85117230195407, -92.63580437040365 47.76590963916548, -92.68950478755136 47.61937818079952, -92.74301161618588 47.472869961174574, -92.79625357488088 47.326443834968885, -92.84910206064576 47.18006634443496, -92.90158457078904 47.03370923247216, -92.953782744776 46.887346693163, -92.96155635211068 46.86545641764931))'
S2A_MSIL2A_20230526T165901_N0510_R069_T15TYL_20240906T131926.SAFE	geography'SRID=4326;POLYGON ((-89.32843059913128 45.99299500671255, -90.41645116040287 46.024365075689296, -90.46129313653579 45.03703440306415, -89.73543414193924 45.01645490055151, -89.72958700879438 45.030683925767136, -89.66946064377994 45.17631505573383, -89.60942024801032 45.32188343290412, -89.54890052732513 45.46734230620404, -89.488242854608 45.6127410142058, -89.4273677099631 45.758048496633975, -89.36630982827491 45.903276317291066, -89.32843059913128 45.99299500671255))'
S2A_MSIL2A_20230526T165901_N0510_R069_T15TVH_20240906T131926.SAFE	geography'SRID=4326;POLYGON ((-94.23000399261711 43.12849219417814, -94.21477274309102 42.35763630855867, -92.88147277912854 42.364010656318975, -92.8795663539466 43.352791985217806, -94.15947034348325 43.34655911729292, -94.20045758522093 43.21988301281701, -94.23000399261711 43.12849219417814))'
S2A_MSIL2A_20230526T165901_N0510_R069_T15SUD_20240906T131926.SAFE	geography'SRID=4326;POLYGON ((-95.32907560464406 39.58833392933752, -95.301097327331 38.73820958831532, -94.03810488537859 38.75625435897602, -94.05279562809639 39.74549354563108, -95.28748823497183 39.72747920914152, -95.29865243523166 39.69011565564314, -95.32907560464406 39.58833392933752))'
S2A_MSIL2A_20230526T165901_N0510_R069_T15TWM_20240906T131926.SAFE	geography'SRID=4326;POLYGON ((-93.00026190177705 46.75646259925468, -93.00025812995321 45.965551148516354, -91.58334389839345 45.956769859075806, -91.55749190205454 46.94462144140276, -92.93027270722337 46.95326832475719, -92.953782744776 46.887346693163, -93.00026190177705 46.75646259925468))'
S2A_MSIL2A_20230526T165901_N0510_R069_T15SWB_20240906T131926.SAFE	geography'SRID=4326;POLYGON ((-92.36301882334769 37.94420698177315, -93.00022763545478 37.947589571993284, -93.00022465569249 36.95788109520145, -92.69360412475953 36.956289446190546, -92.68186165080937 36.99187658843663, -92.63353341813888 37.13846677596712, -92.5846767725256 37.2849929237848, -92.53578483262449 37.43157571325256, -92.48644868317267 37.57815835968392, -92.43713675657456 37.72484418872183, -92.38767185477603 37.87159823580318, -92.36301882334769 37.94420698177315))'
S2A_MSIL2A_20230526T165901_N0510_R069_T15SVC_20240906T131926.SAFE	geography'SRID=4326;POLYGON ((-94.15275135075291 38.843310058483205, -94.13717219597592 37.85395064837389, -92.88904641935848 37.85938968525829, -92.88752596186193 38.84894433319432, -94.15275135075291 38.843310058483205))'
S2A_MSIL2A_20230526T165901_N0510_R069_T15TVL_20240906T131926.SAFE	geography'SRID=4326;POLYGON ((-93.58977570830628 45.0616094989308, -92.87602550148868 45.06519270654337, -92.87383276277595 46.05350473573164, -93.2489318628259 46.05158984734886, -93.26414983299352 46.00827220962443, -93.31537615827776 45.86158626288013, -93.36626462603014 45.71486524565958, -93.41689028697436 45.56817910608155, -93.4672152715193 45.421566932323216, -93.51734510769376 45.27501649147381, -93.56715437192675 45.12845111119352, -93.58977570830628 45.0616094989308))'
S2A_MSIL2A_20230526T165901_N0510_R069_T15SWC_20240906T131926.SAFE	geography'SRID=4326;POLYGON ((-92.05520191377317 38.843882047580074, -93.00023047979299 38.848998483821255, -93.00022736409076 37.85944195932729, -92.39285387093862 37.85622406510335, -92.38767185477603 37.87159823580318, -92.33785407199694 38.01832285849745, -92.28788285700092 38.16504765222472, -92.23782713203619 38.31170239611393, -92.18765807138962 38.45826866789416, -92.13745350536828 38.604761545994656, -92.08712988258264 38.751192194949375, -92.05520191377317 38.843882047580074))'
S2A_MSIL2A_20230526T165901_N0510_R069_T14SQJ_20240906T131926.SAFE	geography'SRID=4326;POLYGON ((-95.58920036039217 38.710359458034006, -95.43792685625729 38.70656329494251, -95.40621755365747 39.32922414845549, -95.43021606598904 39.24842951359581, -95.47395007075386 39.101099766206126, -95.51750614718041 38.95368643794188, -95.56092921049472 38.80623905007821, -95.58920036039217 38.710359458034006))'
S2A_MSIL2A_20230526T165901_N0510_R069_T15TWF_20240906T131926.SAFE	geography'SRID=4326;POLYGON ((-93.00023981916341 41.551844670066835, -93.00023625343321 40.56274991351036, -91.70336265383867 40.5554731412015, -91.68379957458711 41.54431153543986, -93.00023981916341 41.551844670066835))'
S2A_MSIL2A_20230526T165901_N0510_R069_T15TXF_20240906T131926.SAFE	geography'SRID=4326;POLYGON ((-91.09267082723365 41.53415234259736, -91.8010303852103 41.545593768972765, -91.81885207154319 40.55671174263467, -91.45211871649016 40.550903597669354, -91.41494003066296 40.65404659547551, -91.36214467255576 40.800086851862304, -91.30907779111992 40.946158253371614, -91.25573048471732 41.09230883750296, -91.2020046357504 41.23848301592383, -91.14797308006828 41.38470784640993, -91.09386409795212 41.530941601662406, -91.09267082723365 41.53415234259736))'
S2A_MSIL2A_20230526T165901_N0510_R069_T15UWP_20240906T131926.SAFE	geography'SRID=4326;POLYGON ((-92.63692630442137 47.7628482359858, -91.53521313306011 47.75581864580811, -91.50673052442279 48.7433372246506, -92.27020207477042 48.74828330902142, -92.3095103284851 48.64381399274751, -92.3642821078504 48.497654777288304, -92.41892385983536 48.35144508932299, -92.47330058308306 48.20512977480762, -92.52756679626621 48.0587636577808, -92.58180840255577 47.91238575664223, -92.63580437040365 47.76590963916548, -92.63692630442137 47.7628482359858))'
S2A_MSIL2A_20230526T165901_N0510_R069_T15TVM_20240906T131926.SAFE	geography'SRID=4326;POLYGON ((-93.27981568572302 45.963413234743186, -92.87403273692426 45.96548172662488, -92.87173305487556 46.95363733424615, -92.93024922473066 46.953334169153635, -92.953782744776 46.887346693163, -93.0057739669538 46.7409407674752, -93.05761285293217 46.59450277374157, -93.10941372382943 46.44799418183041, -93.16106871829213 46.30145578344119, -93.2126438792911 46.15488284287952, -93.26414983299352 46.00827220962443, -93.27981568572302 45.963413234743186))'
S2A_MSIL2A_20230526T165901_N0510_R069_T15TWH_20240906T131926.SAFE	geography'SRID=4326;POLYGON ((-93.00024679052602 43.35285539234588, -93.00024288390158 42.36407192041621, -91.66698539119554 42.35632239007374, -91.64555267001921 43.34483481646455, -93.00024679052602 43.35285539234588))'
S2A_MSIL2A_20230526T165901_N0510_R069_T15TVE_20240906T131926.SAFE	geography'SRID=4326;POLYGON ((-94.18317260660315 40.64479480422486, -94.16613169555373 39.655752572676114, -92.88622008547372 39.66155122739065, -92.8845569323803 40.65079881136531, -94.18317260660315 40.64479480422486))'
S2A_MSIL2A_20230526T165901_N0510_R069_T15TWG_20240906T131926.SAFE	geography'SRID=4326;POLYGON ((-93.00024322601921 42.45269119915018, -93.00023949430313 41.463751887157464, -91.68558188065235 41.45624189757688, -91.66510843311782 42.44491772432881, -93.00024322601921 42.45269119915018))'
S2A_MSIL2A_20230526T165901_N0510_R069_T15TUF_20240906T131926.SAFE	geography'SRID=4326;POLYGON ((-95.04120137912302 40.54336083936034, -94.06541547567339 40.55783709926159, -94.0814918073836 41.546758769895376, -94.73480997188805 41.53687403308534, -94.75991859522232 41.45611686777583, -94.80542620718784 41.3091001869575, -94.85095913203597 41.162074749164006, -94.89647531767376 41.01498849603924, -94.94166340488913 40.86778746281608, -94.98703054863623 40.72061916506478, -95.03205824433812 40.573365043343365, -95.04120137912302 40.54336083936034))'
S2B_MSIL2A_20230526T160829_N0510_R140_T17TNE_20240906T122122.SAFE	geography'SRID=4326;POLYGON ((-81.00023656389149 40.650856515774606, -81.00023315577859 39.66160695799293, -79.72035792136309 39.6545573069827, -79.70165933840751 40.64355721409192, -81.00023656389149 40.650856515774606))'
S2B_MSIL2A_20230526T160829_N0510_R140_T17SLD_20240906T122122.SAFE	geography'SRID=4326;POLYGON ((-82.99200919495789 38.74262562777633, -82.03810488537859 38.75625435897602, -82.05279562809639 39.74549354563108, -82.69730580336164 39.73609005272643, -82.70738448345793 39.702395154181374, -82.75147226257762 39.55502241331874, -82.79539298505112 39.40768858429118, -82.83934861292013 39.260402080221695, -82.88284637864966 39.11305824404828, -82.92630050168918 38.96577552805059, -82.96983446573077 38.81856014107381, -82.99200919495789 38.74262562777633))'
S2B_MSIL2A_20230526T160829_N0510_R140_T17TNG_20240906T122122.SAFE	geography'SRID=4326;POLYGON ((-81.00024322601921 42.45269119915018, -81.00023949430312 41.463751887157464, -79.68558188065235 41.45624189757688, -79.66510843311782 42.44491772432881, -81.00024322601921 42.45269119915018))'
S2B_MSIL2A_20230526T160829_N0510_R140_T17TME_20240906T122122.SAFE	geography'SRID=4326;POLYGON ((-82.18317260660315 40.64479480422486, -82.16613169555372 39.655752572676114, -80.88622008547372 39.66155122739065, -80.88455693238029 40.65079881136531, -82.18317260660315 40.64479480422486))'
S2B_MSIL2A_20230526T160829_N0510_R140_T17SMD_20240906T122122.SAFE	geography'SRID=4326;POLYGON ((-82.16762472753088 39.74439520181332, -82.15133248212537 38.755193805393134, -80.88766443792474 38.760810475743604, -80.88607436984347 39.750212021802014, -82.16762472753088 39.74439520181332))'
S2B_MSIL2A_20230526T160829_N0510_R140_T17TMG_20240906T122122.SAFE	geography'SRID=4326;POLYGON ((-82.17222636343497 41.45763548447949, -80.88312689683454 41.46369251697452, -80.88130582637643 42.452629745736225, -81.86076317136651 42.44793921356624, -81.89170143305628 42.35047066482171, -81.9381986190011 42.203561883075785, -81.98454594492969 42.056615420854975, -82.03080582552758 41.90961431556032, -82.07697431962566 41.762546672132906, -82.1230398877262 41.61544166198323, -82.16893003110688 41.46828635781064, -82.17222636343497 41.45763548447949))'
S2B_MSIL2A_20230526T160829_N0510_R140_T17SMC_20240906T122122.SAFE	geography'SRID=4326;POLYGON ((-82.15275135075291 38.843310058483205, -82.13717219597591 37.85395064837389, -80.88904641935848 37.85938968525829, -80.88752596186193 38.84894433319432, -82.15275135075291 38.843310058483205))'
S2B_MSIL2A_20230526T160829_N0510_R140_T17SLC_20240906T122122.SAFE	geography'SRID=4326;POLYGON ((-83.25497936080419 37.83775329882909, -82.02533655911799 37.85497766278228, -82.03938428014581 38.84437393595428, -82.96612381643855 38.83110815234537, -82.96983446573077 38.81856014107381, -83.01285409701734 38.67124493688241, -83.05574209620134 38.52394514799364, -83.098756671684 38.37666007777021, -83.14154532973198 38.22923223639166, -83.18440702826615 38.08178473906371, -83.22707983990696 37.93430146430827, -83.25497936080419 37.83775329882909))'
S2A_MSIL2A_20230525T172901_N0510_R055_T14TQT_20240908T192145.SAFE	geography'SRID=4326;POLYGON ((-96.08486357609215 47.81537638516854, -96.32846057360034 47.82260755999096, -96.35973888669095 47.196992859769004, -96.30255409329155 47.32644896675497, -96.23846755755385 47.471377324929406, -96.1740736568961 47.6162514735496, -96.10927006147922 47.761083657602576, -96.08486357609215 47.81537638516854))'
S2A_MSIL2A_20230525T172901_N0510_R055_T15UUP_20240908T192145.SAFE	geography'SRID=4326;POLYGON ((-95.66921257690439 48.72177392177227, -95.7193584952283 48.7209148694678, -95.71432121522443 48.624987610514154, -95.71179044237017 48.63043677623763, -95.66921257690439 48.72177392177227))'
S2A_MSIL2A_20230525T172901_N0510_R055_T14TNN_20240908T192145.SAFE	geography'SRID=4326;POLYGON ((-98.95292775056367 42.36379690222695, -98.33641526547247 42.36021343674045, -98.32955357975817 42.378370632722046, -98.27408949761251 42.5241289958575, -98.21845803942536 42.669953462652224, -98.16231201560208 42.815823927652175, -98.10611309260173 42.96186570357626, -98.04979466561859 43.10796558014764, -97.99280248480194 43.25392942167572, -97.9565007134668 43.3466758094532, -99.00024679052602 43.35285539234588, -99.00024292907537 42.375505604930744, -98.98622719946216 42.372310070797006, -98.98635971266108 42.37195039515745, -98.98374249109607 42.37135439550332, -98.98382189310098 42.37113853261227, -98.98359709040886 42.37108750001536, -98.98360811357831 42.37105835499484, -98.98346127217472 42.3710251351738, -98.98350771248556 42.37089982343851, -98.95292775056367 42.36379690222695))'
S2B_MSIL2A_20230525T163839_N0510_R126_T15SXB_20240908T174853.SAFE	geography'SRID=4326;POLYGON ((-91.06539559541793 36.940680784141946, -90.64426763054043 36.93451075320804, -90.61305784244584 37.92337349546603, -90.78289926183521 37.925918233819, -90.79189171968497 37.8946354688014, -90.8344743064603 37.747182705544525, -90.87711357572724 37.599738263667405, -90.9193869241091 37.45223880201293, -90.96161592159913 37.30482170544632, -91.00381593008963 37.15742260712088, -91.04579877091852 37.0100045399912, -91.06539559541793 36.940680784141946))'
S2B_MSIL2A_20230525T163839_N0510_R126_T16TGS_20240908T174853.SAFE	geography'SRID=4326;POLYGON ((-83.89697073336676 46.909628313775855, -84.37351464472057 46.92357305830357, -84.42054054444473 45.93643087306754, -84.31620820513706 45.93342716520713, -84.27894164762088 46.0213130632954, -84.21685716490364 46.16665116361127, -84.15475027525453 46.31198570737012, -84.09248252879857 46.45717768123602, -84.03008446254387 46.602349312545314, -83.96768728121145 46.747579948483335, -83.90437949100702 46.8926170586732, -83.89697073336676 46.909628313775855))'
S2B_MSIL2A_20230525T163839_N0510_R126_T16TDS_20240908T174853.SAFE	geography'SRID=4326;POLYGON ((-88.2469947313966 45.95848300785702, -86.87403273692426 45.96548172662488, -86.87173305487556 46.95363733424615, -87.89788193555506 46.94832098286635, -87.92924216274315 46.85976844541173, -87.98144337993382 46.713171932453534, -88.03357833993564 46.566616310374165, -88.08528718887031 46.42002888656766, -88.13698984476801 46.2735155467524, -88.18829157570381 46.12701049445811, -88.23937432859547 45.980504435733735, -88.2469947313966 45.95848300785702))'
S2B_MSIL2A_20230525T163839_N0510_R126_T16TER_20240908T174853.SAFE	geography'SRID=4326;POLYGON ((-87.00025853973811 46.05357436995249, -87.00025404640141 45.06525999447365, -85.60574612901156 45.05674859305782, -85.58109585564665 46.044766226835556, -87.00025853973811 46.05357436995249))'
S2B_MSIL2A_20230525T163839_N0510_R126_T15TYH_20240908T174853.SAFE	geography'SRID=4326;POLYGON ((-89.45839968884212 42.308289819348026, -89.2421415546785 42.30245161555175, -89.19075831628624 43.14367017670658, -89.22255804057639 43.045337621692575, -89.26994603911544 42.89835070249988, -89.31714129771633 42.751391743573286, -89.36418832702026 42.60447175863784, -89.41095059578716 42.457546473691984, -89.45765863071736 42.31063895400416, -89.45839968884212 42.308289819348026))'
S2B_MSIL2A_20230525T163839_N0510_R126_T16TCR_20240908T174853.SAFE	geography'SRID=4326;POLYGON ((-88.55833950284233 45.05285310238048, -88.14563453547973 45.05951360004942, -88.1658919102777 46.0476276229589, -88.21625847316305 46.046801036479366, -88.23937432859547 45.980504435733735, -88.29009110711814 45.83394316994192, -88.34056210255439 45.68736511774031, -88.39116352240843 45.540812740770825, -88.44156351909884 45.39421119046228, -88.49194505569065 45.24752266109765, -88.5420659237771 45.100798890188, -88.55833950284233 45.05285310238048))'
S2B_MSIL2A_20230525T163839_N0510_R126_T16TFM_20240908T174853.SAFE	geography'SRID=4326;POLYGON ((-85.71375331882417 42.44508636811174, -85.78400297732624 42.44624086265282, -85.78769878627416 42.25032054118901, -85.73849385349988 42.38008068808688, -85.71375331882417 42.44508636811174))'
S2B_MSIL2A_20230525T163839_N0510_R126_T16SBF_20240908T174853.SAFE	geography'SRID=4326;POLYGON ((-90.37131820920371 36.99866808026183, -90.32869364809062 36.01049725766069, -89.11143123293883 36.03812799310683, -89.13850562461279 37.02730768000537, -90.37131820920371 36.99866808026183))'
S2B_MSIL2A_20230525T163839_N0510_R126_T15SXA_20240908T174853.SAFE	geography'SRID=4326;POLYGON ((-91.31794315842757 36.0433800177714, -90.67138577052769 36.03410504881955, -90.64153245372125 37.023137802563134, -91.0403909517131 37.02899349449999, -91.04579877091852 37.0100045399912, -91.08747667645964 36.86256897214557, -91.12913830038056 36.71516409177877, -91.17086661559024 36.567788054150405, -91.21223260450417 36.42026522106767, -91.2536580157342 36.27271575943168, -91.29506224240752 36.12513407185696, -91.31794315842757 36.0433800177714))'
S2B_MSIL2A_20230525T163839_N0510_R126_T16TFR_20240908T174853.SAFE	geography'SRID=4326;POLYGON ((-84.29079272827319 45.993364603983274, -84.28945585240227 46.02142174250963, -85.70746796416668 46.046265456303395, -85.72992432822251 45.05819732058294, -84.68916018499405 45.04026614447879, -84.64444391368306 45.1487601253125, -84.5842933942554 45.294129915569776, -84.52378969634451 45.43951058391008, -84.46306774211038 45.58496181204983, -84.40201353106947 45.73044594063782, -84.34060625101303 45.8758891387211, -84.29079272827319 45.993364603983274))'
S2B_MSIL2A_20230525T163839_N0510_R126_T16TEQ_20240908T174853.SAFE	geography'SRID=4326;POLYGON ((-87.0002544396381 45.15383725089235, -87.00025015292682 44.16536649550738, -85.62710599954542 44.157116557384406, -85.60358882685107 45.145299673094094, -87.0002544396381 45.15383725089235))'
S2B_MSIL2A_20230524T170859_N0510_R112_T15TUG_20240907T171008.SAFE	geography'SRID=4326;POLYGON ((-95.43119626719711 42.42690168750588, -95.39393916355974 41.438836285507165, -94.08002716017 41.458681613653354, -94.09685168418683 42.44744302996699, -95.43119626719711 42.42690168750588))'
S2B_MSIL2A_20230524T170859_N0510_R112_T15TVG_20240907T171008.SAFE	geography'SRID=4326;POLYGON ((-93.26464808873615 42.4507939544964, -94.2164833149824 42.44623570214159, -94.19782479530706 41.4575152063026, -93.63640859554963 41.460153106831825, -93.58758402224542 41.591868963006334, -93.5547792372704 41.68015585818932, -93.53300491239139 41.73879616449122, -93.47837862994723 41.88493135563236, -93.42344542988528 42.03104256437195, -93.36836019947448 42.17716753985296, -93.35788532714945 42.20480223046406, -93.31335637662797 42.32251346607726, -93.26464808873615 42.4507939544964))'
S2A_MSIL2A_20230524T161831_N0510_R040_T17SMC_20240906T205945.SAFE	geography'SRID=4326;POLYGON ((-81.98557113466649 38.84405454185507, -82.15275135075291 38.843310058483205, -82.145421936984 38.377853197269935, -82.14455793665063 38.38038628829984, -82.09462724009961 38.52683881778334, -82.04445686727497 38.67323049234092, -81.99401602037962 38.81967121578796, -81.98557113466649 38.84405454185507))'
S2A_MSIL2A_20230524T161831_N0510_R040_T17SMD_20240906T205945.SAFE	geography'SRID=4326;POLYGON ((-81.6699094772602 39.7466542780947, -82.16762472753088 39.74439520181332, -82.15133248212537 38.755193805393134, -82.01601781107844 38.75579524332958, -81.99401602037962 38.81967121578796, -81.94329476243873 38.966121151633054, -81.89235925818397 39.112668659947445, -81.84131799179248 39.25925489273335, -81.78998570391383 39.405828938772274, -81.73848495340563 39.552382734502814, -81.68677672066707 39.698865921111945, -81.6699094772602 39.7466542780947))'
S2A_MSIL2A_20230524T161831_N0510_R040_T17TLL_20240907T184153.SAFE	geography'SRID=4326;POLYGON ((-83.52800324267737 45.03720404654261, -82.14563453547973 45.05951360004942, -82.1658919102777 46.0476276229589, -83.18590258548087 46.03088780620738, -83.20040662343217 45.98929182339536, -83.25144991662177 45.842676946740696, -83.30236112895747 45.69602013326588, -83.35312713034243 45.549291510035125, -83.4036551537787 45.402549753365534, -83.45382508690642 45.25580469204351, -83.50367124431095 45.10912267153424, -83.52800324267737 45.03720404654261))'
S2B_MSIL2A_20230523T173909_N0510_R098_T14TNS_20240904T010537.SAFE	geography'SRID=4326;POLYGON ((-98.9842916605042 46.95360857979732, -99.00026284243779 46.953709179213256, -99.00026266802922 46.91713755344062, -98.9842916605042 46.95360857979732))'
S2B_MSIL2A_20230523T173909_N0510_R098_T13TEF_20240904T010537.SAFE	geography'SRID=4326;POLYGON ((-105.00023746522321 40.89888727122391, -105.00023625343321 40.56274991351036, -103.70336265383867 40.5554731412015, -103.68379957458713 41.54431153543986, -104.79838270948812 41.550689572606956, -104.8127224559895 41.50442185611548, -104.85810012198918 41.357255463154814, -104.90366580516621 41.21010144409824, -104.9492836778898 41.062906281580005, -104.99500542019776 40.91576828046878, -105.00023746522321 40.89888727122391))'
S2B_MSIL2A_20230523T173909_N0510_R098_T14TLN_20240904T010537.SAFE	geography'SRID=4326;POLYGON ((-100.47601045181497 43.34175640891558, -101.46678204877878 43.32624633586568, -101.42778068203103 42.33836182515417, -100.85853994185379 42.34711020373622, -100.81689484214382 42.45682828977358, -100.76130831541772 42.60266756315298, -100.7055027778866 42.748472430612736, -100.64938168491037 42.8942383965426, -100.59329148018291 43.040059117824526, -100.5366593198404 43.18584793836812, -100.47997081605327 43.33171490772839, -100.47601045181497 43.34175640891558))'
S2B_MSIL2A_20230523T173909_N0510_R098_T13TGJ_20240904T010537.SAFE	geography'SRID=4326;POLYGON ((-102.49642893280087 44.22597512802537, -102.53726452230806 43.238273156784096, -101.1873683405316 43.201211355403785, -101.12426105372481 44.18762158427181, -102.49642893280087 44.22597512802537))'
S2B_MSIL2A_20230523T173909_N0510_R098_T13TEG_20240904T010537.SAFE	geography'SRID=4326;POLYGON ((-104.82557040303033 41.46275408891564, -103.68558188065235 41.45624189757688, -103.66510843311784 42.44491772432881, -104.51654312839291 42.449874981229726, -104.53679615000839 42.386558812242335, -104.58376326379805 42.239663226284456, -104.62964720518944 42.0925669864003, -104.67612194784317 41.945678955700366, -104.72145922332759 41.79852210343204, -104.76714208434379 41.65148859210533, -104.8127224559895 41.50442185611548, -104.82557040303033 41.46275408891564))'
S2B_MSIL2A_20230523T173909_N0510_R098_T13TEH_20240904T010537.SAFE	geography'SRID=4326;POLYGON ((-104.54483226201218 42.36142485602548, -103.66698539119554 42.35632239007374, -103.64555267001923 43.34483481646455, -104.22796465160278 43.34828303360949, -104.25360862970687 43.26864927254597, -104.30113836978104 43.1217090728842, -104.33519185749088 43.016311435755824, -104.34862173012384 42.97467408277161, -104.37107887644223 42.90416715436918, -104.39546114180163 42.827538419490445, -104.44261852428497 42.68052653236976, -104.4897794667837 42.53354508998403, -104.53679615000839 42.386558812242335, -104.54483226201218 42.36142485602548))'
S2B_MSIL2A_20230523T173909_N0510_R098_T13TGH_20240904T010537.SAFE	geography'SRID=4326;POLYGON ((-102.53371085886852 43.32625697177811, -102.57270445124811 42.33837210189082, -101.2421415546785 42.30245161555175, -101.18187629631363 43.28908179915951, -102.53371085886852 43.32625697177811))'
S2B_MSIL2A_20230523T173909_N0510_R098_T14TMQ_20240904T010537.SAFE	geography'SRID=4326;POLYGON ((-99.75030841785191 45.149372971859684, -100.27254965833141 45.14674718783555, -100.25111705335956 44.15851530960486, -100.15210749257601 44.15900458981185, -100.1331867406036 44.20630318382219, -100.07474593598954 44.351856859430335, -100.01626098574259 44.49741596538679, -99.95736584824982 44.64292089135045, -99.89835987093224 44.78841552712143, -99.83901919289065 44.93391464630352, -99.77922675275249 45.07942260281983, -99.75030841785191 45.149372971859684))'
S2B_MSIL2A_20230523T173909_N0510_R098_T14TMP_20240904T010537.SAFE	geography'SRID=4326;POLYGON ((-100.11675848670268 44.24721967624379, -100.25298174570909 44.246545441411556, -100.24628157793171 43.92281139203446, -100.19143027272479 44.06070446853087, -100.1331867406036 44.20630318382219, -100.11675848670268 44.24721967624379))'
S2B_MSIL2A_20230523T173909_N0510_R098_T13TFH_20240904T010537.SAFE	geography'SRID=4326;POLYGON ((-103.76618786223798 43.346200009839855, -103.78571286582209 42.35764145317536, -102.45336942769977 42.33578223926217, -102.41246381589346 43.323576596360866, -103.76618786223798 43.346200009839855))'
S2B_MSIL2A_20230523T173909_N0510_R098_T13TFJ_20240904T010537.SAFE	geography'SRID=4326;POLYGON ((-103.74751912777683 44.24655093494868, -103.76796729995817 43.25815531909012, -102.41619172041914 43.235600960154144, -102.37335402628885 44.22320974043625, -103.74751912777683 44.24655093494868))'
S2B_MSIL2A_20230523T173909_N0510_R098_T14TLP_20240904T010537.SAFE	geography'SRID=4326;POLYGON ((-100.12917424396173 44.21629677714193, -100.12976271323852 44.24783068396879, -101.50407140709622 44.22596415476343, -101.46322767686333 43.23826255332707, -100.51050247445836 43.25315293865933, -100.47997081605327 43.33171490772839, -100.42246902032257 43.477510676842485, -100.36512899451913 43.62336949740099, -100.30732570299267 43.76915536283268, -100.2494074743476 43.91495306538259, -100.19143027272479 44.06070446853087, -100.1331867406036 44.20630318382219, -100.12917424396173 44.21629677714193))'
S2B_MSIL2A_20230523T173909_N0510_R098_T13TEJ_20240904T010537.SAFE	geography'SRID=4326;POLYGON ((-104.25627930442324 43.260392768819194, -103.6475059675166 43.256794294201605, -103.62505994125077 44.24514241182411, -103.93063586370091 44.24698120602932, -103.96295249779176 44.148883804077954, -104.01173680600527 44.00214349713524, -104.06062885921759 43.855513659737454, -104.11012694881154 43.70911077471376, -104.15842339849888 43.56240089044535, -104.20628637042114 43.41560188160093, -104.25360862970687 43.26864927254597, -104.25627930442324 43.260392768819194))'
S2A_MSIL2A_20230523T164841_N0510_R026_T15TWF_20240903T225857.SAFE	geography'SRID=4326;POLYGON ((-92.51843210258771 40.56004650501761, -91.70336265383867 40.5554731412015, -91.68379957458711 41.54431153543986, -92.21463399359062 41.54734915690385, -92.218491066479 41.535027893597565, -92.26436578614118 41.38792045404461, -92.3100363172522 41.24082688231136, -92.35532139860632 41.09377196065048, -92.40053667705568 40.94680385267221, -92.44544421191763 40.79978487085175, -92.4902850059609 40.65271007250652, -92.51843210258771 40.56004650501761))'
S2A_MSIL2A_20230523T164841_N0510_R026_T15TXE_20240903T225857.SAFE	geography'SRID=4326;POLYGON ((-91.81730037733891 40.64479964997401, -91.83433447991831 39.65575725270223, -90.5552421778473 39.63587147039632, -90.51955068002489 40.62420990912828, -91.81730037733891 40.64479964997401))'
S2A_MSIL2A_20230523T164841_N0510_R026_T15TXG_20240903T225857.SAFE	geography'SRID=4326;POLYGON ((-91.78400297732625 42.44624086265282, -91.80265404258907 41.457520191909595, -90.48886345311317 41.43633638009555, -90.44978706678563 42.42431413705452, -91.78400297732625 42.44624086265282))'
S2A_MSIL2A_20230523T164841_N0510_R026_T16SCJ_20240903T225857.SAFE	geography'SRID=4326;POLYGON ((-89.22812626368069 39.72834530854114, -89.33363283056224 39.72680595308774, -89.32464798079788 39.45379988485694, -89.28648844328147 39.56248707065495, -89.23500836562617 39.70883615607105, -89.22812626368069 39.72834530854114))'
S2A_MSIL2A_20230523T164841_N0510_R026_T15SYD_20240903T225857.SAFE	geography'SRID=4326;POLYGON ((-89.41268174658804 39.202289793001135, -89.38763948191423 39.69403311805837, -90.66683353200474 39.72681533153163, -90.69936254729447 38.73821864423846, -89.58340159933957 38.71021393986934, -89.54212017646755 38.829859584924215, -89.49130628834938 38.9764378389236, -89.44034346690994 39.123026643227696, -89.41268174658804 39.202289793001135))'
S2A_MSIL2A_20230523T164841_N0510_R026_T15TXH_20240903T225857.SAFE	geography'SRID=4326;POLYGON ((-91.774301548592 42.9354009010556, -91.78571286582209 42.35764145317536, -90.45336942769976 42.33578223926217, -90.41246381589345 43.323576596360866, -91.6420730918716 43.34412580588638, -91.65695904230532 43.29848353844308, -91.70452537137238 43.15148330847748, -91.75204415444941 43.004608242268006, -91.774301548592 42.9354009010556))'
S2A_MSIL2A_20230523T164841_N0510_R026_T15TWG_20240903T225857.SAFE	geography'SRID=4326;POLYGON ((-92.24206875063281 41.459420832192166, -91.68558188065235 41.45624189757688, -91.66510843311782 42.44491772432881, -91.93081670029841 42.44646474155564, -91.9401205464509 42.417301741129805, -91.98694481002345 42.2704088713268, -92.03352819196029 42.12341018440432, -92.07994164890457 41.97635344516879, -92.12634245031282 41.82930165337441, -92.17243555264832 41.682150369380686, -92.218491066479 41.535027893597565, -92.24206875063281 41.459420832192166))'
S2A_MSIL2A_20230523T164841_N0510_R026_T16TCN_20240903T225857.SAFE	geography'SRID=4326;POLYGON ((-88.10287007030425 42.78322350910753, -88.1129221649777 43.34744038882544, -89.46678204877877 43.32624633586568, -89.42778068203101 42.33836182515417, -88.26631564175987 42.35621180525036, -88.21719376805886 42.48535304489404, -88.16119530935033 42.631410972681216, -88.10510815242814 42.77741126404304, -88.10287007030425 42.78322350910753))'
S2A_MSIL2A_20230523T164841_N0510_R026_T15SVD_20240903T225857.SAFE	geography'SRID=4326;POLYGON ((-93.05716168112163 38.76005710531162, -92.88766443792474 38.760810475743604, -92.88673821333528 39.337143056471575, -92.88958620860576 39.32757217172265, -92.93317720106916 39.18037132203678, -92.97663404629208 39.033194896194615, -93.0202267384145 38.886005453286806, -93.05716168112163 38.76005710531162))'
S2A_MSIL2A_20230523T164841_N0510_R026_T16SBJ_20240903T225857.SAFE	geography'SRID=4326;POLYGON ((-89.22795266899085 39.72883740896322, -90.49897689950002 39.6975094680204, -90.45026011044493 38.7099201955759, -89.57622437536445 38.73101563546179, -89.54212017646755 38.829859584924215, -89.49130628834938 38.9764378389236, -89.44034346690994 39.123026643227696, -89.38919960873686 39.269576577331165, -89.33789298233046 39.41607505808598, -89.28648844328147 39.56248707065495, -89.23500836562617 39.70883615607105, -89.22795266899085 39.72883740896322))'
S2A_MSIL2A_20230523T164841_N0510_R026_T15TXF_20240903T225857.SAFE	geography'SRID=4326;POLYGON ((-91.8010303852103 41.545593768972765, -91.81885207154319 40.55671174263467, -90.52280187838811 40.536185528423594, -90.48546160940656 41.52434469691515, -91.8010303852103 41.545593768972765))'
S2A_MSIL2A_20230523T164841_N0510_R026_T15TYJ_20240903T225857.SAFE	geography'SRID=4326;POLYGON ((-90.49642893280087 44.22597512802537, -90.53726452230805 43.238273156784096, -89.1873683405316 43.201211355403785, -89.12426105372481 44.18762158427181, -90.49642893280087 44.22597512802537))'
S2A_MSIL2A_20230523T164841_N0510_R026_T15TYE_20240903T225857.SAFE	geography'SRID=4326;POLYGON ((-90.63579176628713 40.62664940733135, -90.6698144654414 39.63822758400475, -89.39224764301619 39.60554763793313, -89.339654308026 40.59281342227294, -90.63579176628713 40.62664940733135))'
S2A_MSIL2A_20230523T164841_N0510_R026_T16TBK_20240903T225857.SAFE	geography'SRID=4326;POLYGON ((-89.22036358787567 39.750350682343495, -89.24913477999112 40.62894899386581, -90.54546370146343 40.59640146890937, -90.49451264760636 39.609013147606916, -89.2594338005789 39.63939880809037, -89.23500836562617 39.70883615607105, -89.22036358787567 39.750350682343495))'
S2A_MSIL2A_20230523T164841_N0510_R026_T15SXD_20240903T225857.SAFE	geography'SRID=4326;POLYGON ((-91.83284204446889 39.744399896499196, -91.84912778038334 38.75519833855342, -90.58623972133758 38.73593643111066, -90.55211502393708 39.72445184157785, -91.83284204446889 39.744399896499196))'
S2A_MSIL2A_20230523T164841_N0510_R026_T15TXJ_20240903T225857.SAFE	geography'SRID=4326;POLYGON ((-91.67053447881581 43.256529653666476, -90.41619172041914 43.235600960154144, -90.37335402628884 44.22320974043625, -91.34757114709963 44.239757527372156, -91.36737440650894 44.179846423284445, -91.41635149563267 44.03315356515253, -91.46442133945992 43.88619113099013, -91.51277080535971 43.73932437299696, -91.5608935312512 43.592401997965936, -91.6090286174696 43.44544447847599, -91.65695904230532 43.29848353844308, -91.67053447881581 43.256529653666476))'
S2A_MSIL2A_20230523T164841_N0510_R026_T15SWD_20240903T225857.SAFE	geography'SRID=4326;POLYGON ((-93.00023083049486 38.95352104830583, -93.00023019602958 38.760864457162924, -91.73659678080747 38.754036048213806, -91.71871965132908 39.74319619212293, -92.76355024245953 39.748961845929514, -92.80165348810166 39.622027842656095, -92.8457700477529 39.47481940559594, -92.88958620860576 39.32757217172265, -92.93317720106916 39.18037132203678, -92.97663404629208 39.033194896194615, -93.00023083049486 38.95352104830583))'
S2A_MSIL2A_20230523T164841_N0510_R026_T16TDN_20240903T225857.SAFE	geography'SRID=4326;POLYGON ((-87.88430557153654 43.34789911286692, -88.2343055501801 43.346194685301704, -88.21729122058332 42.485096842537175, -88.21719376805886 42.48535304489404, -88.16119530935033 42.631410972681216, -88.10510815242814 42.77741126404304, -88.04890506209122 42.923369328286086, -87.99253408341292 43.06927995663393, -87.93598787624414 43.21512451398406, -87.88430557153654 43.34789911286692))'
S2A_MSIL2A_20230523T164841_N0510_R026_T15TWH_20240903T225857.SAFE	geography'SRID=4326;POLYGON ((-91.95901753087978 42.35801982056998, -91.66698539119554 42.35632239007374, -91.64581693002741 43.33264670932935, -91.65695904230532 43.29848353844308, -91.70452537137238 43.15148330847748, -91.75204415444941 43.004608242268006, -91.79926495047052 42.857779475089934, -91.84621854795932 42.710936036815376, -91.89326645180925 42.56416637749526, -91.9401205464509 42.417301741129805, -91.95901753087978 42.35801982056998))'
S2A_MSIL2A_20230523T164841_N0510_R026_T15TWE_20240903T225857.SAFE	geography'SRID=4326;POLYGON ((-92.79011997394556 39.66044963846307, -91.7203579213631 39.6545573069827, -91.70165933840751 40.64355721409192, -92.49171628778177 40.64799812365572, -92.53497186300861 40.5055956596486, -92.57952420464783 40.35837557109013, -92.62406460548105 40.21113491889676, -92.66865830222352 40.06387989096675, -92.71310232905076 39.91659581321646, -92.75744201655043 39.76931028487416, -92.79011997394556 39.66044963846307))'
S2A_MSIL2A_20230523T164841_N0510_R026_T16TCK_20240903T225857.SAFE	geography'SRID=4326;POLYGON ((-88.90496089705468 40.63347204355202, -89.36468078702738 40.62663972727231, -89.33065130260064 39.638218234831534, -89.25948451000062 39.639254649848446, -89.23500836562617 39.70883615607105, -89.18341863781738 39.85508099139691, -89.1316664461047 40.00126250093024, -89.07980708804733 40.147426627428814, -89.02754582780038 40.29358258417032, -88.97509019152798 40.43986150570081, -88.9221504477439 40.58614974301174, -88.90496089705468 40.63347204355202))'
S2A_MSIL2A_20230522T173041_N0510_R012_T14TQK_20240907T234143.SAFE	geography'SRID=4326;POLYGON ((-96.46122840968164 40.622092388252696, -96.63579176628713 40.62664940733135, -96.65447511364573 40.083863892922494, -96.63208924624189 40.14672676258118, -96.57989951283923 40.293008016648365, -96.52727929678754 40.43932617208007, -96.47445090953053 40.58569251936234, -96.46122840968164 40.622092388252696))'
S2A_MSIL2A_20230522T173041_N0510_R012_T15TTF_20240907T234143.SAFE	geography'SRID=4326;POLYGON ((-96.13659864935082 41.50734127398201, -96.59412455183308 41.49564643575739, -96.54082260253307 40.50846282585221, -96.50197420270959 40.50943647413801, -96.47445090953053 40.58569251936234, -96.42130090911564 40.732007744829005, -96.36803718685213 40.87831348203801, -96.31446776269618 41.02453431846833, -96.26085249364016 41.170741620652045, -96.20703151809445 41.316879923455005, -96.1531086940275 41.46291064652605, -96.13659864935082 41.50734127398201))'
S2A_MSIL2A_20230522T173041_N0510_R012_T14TPL_20240907T234143.SAFE	geography'SRID=4326;POLYGON ((-97.8010303852103 41.545593768972765, -97.81885207154318 40.55671174263467, -96.52280187838811 40.536185528423594, -96.48546160940654 41.52434469691515, -97.8010303852103 41.545593768972765))'
S2A_MSIL2A_20230522T173041_N0510_R012_T15TTE_20240907T234143.SAFE	geography'SRID=4326;POLYGON ((-96.46987137437469 40.59829940014556, -96.54546370146345 40.59640146890937, -96.53609359513491 40.414816734978075, -96.52727929678754 40.43932617208007, -96.47445090953053 40.58569251936234, -96.46987137437469 40.59829940014556))'
S2A_MSIL2A_20230522T173041_N0510_R012_T14TQL_20240907T234143.SAFE	geography'SRID=4326;POLYGON ((-96.1339796649467 41.51438929369676, -96.6032964141397 41.5268622914542, -96.63889095789968 40.53861750192735, -96.4928157228476 40.53481096148586, -96.47445090953053 40.58569251936234, -96.42130090911564 40.732007744829005, -96.36803718685213 40.87831348203801, -96.31446776269618 41.02453431846833, -96.26085249364016 41.170741620652045, -96.20703151809445 41.316879923455005, -96.1531086940275 41.46291064652605, -96.1339796649467 41.51438929369676))'
S2A_MSIL2A_20230522T173041_N0510_R012_T14TML_20240907T234143.SAFE	geography'SRID=4326;POLYGON ((-100.06979049008365 40.557223025965655, -98.88470843547175 40.5626923872254, -98.88296836561119 41.55178511688993, -99.76474121513593 41.54763483039789, -99.7689756727715 41.53404111531943, -99.81471212543283 41.38685901408905, -99.8604359405105 41.239750138461446, -99.90585101188907 41.092661633807566, -99.95116311794064 40.94566002216747, -99.99621895800831 40.79866465469822, -100.04096778664407 40.65159416693383, -100.06979049008365 40.557223025965655))'
S2B_MSIL2A_20230522T162839_N0510_R083_T16TFM_20240903T195653.SAFE	geography'SRID=4326;POLYGON ((-85.78400297732624 42.44624086265282, -85.80265404258905 41.457520191909595, -84.48886345311317 41.43633638009555, -84.44978706678563 42.42431413705452, -85.78400297732624 42.44624086265282))'
S2A_MSIL2A_20230521T174911_N0510_R141_T13TEH_20240905T060735.SAFE	geography'SRID=4326;POLYGON ((-105.00024679052603 43.35285539234588, -105.00024288390158 42.36407192041621, -103.66698539119554 42.35632239007374, -103.64555267001923 43.34483481646455, -105.00024679052603 43.35285539234588))'
S2A_MSIL2A_20230521T174911_N0510_R141_T13TFL_20240905T060735.SAFE	geography'SRID=4326;POLYGON ((-103.7074679641667 46.046265456303395, -103.72992432822252 45.05819732058294, -102.33649579223146 45.034190140253024, -102.28945585240228 46.02142174250963, -103.7074679641667 46.046265456303395))'
S2A_MSIL2A_20230521T174911_N0510_R141_T13TGL_20240905T060735.SAFE	geography'SRID=4326;POLYGON ((-101.90684611816923 46.009672021261096, -102.41645116040287 46.024365075689296, -102.46129313653579 45.03703440306415, -102.31510381356273 45.032889653792125, -102.2586536631176 45.16968485526421, -102.1988612134504 45.31504680738337, -102.13852387541955 45.4604036163808, -102.07762967687938 45.605806382151655, -102.01617721408189 45.751234804198326, -101.95484488900102 45.896795179324144, -101.90684611816923 46.009672021261096))'
S2A_MSIL2A_20230521T174911_N0510_R141_T13TGK_20240905T060735.SAFE	geography'SRID=4326;POLYGON ((-102.27896724330421 45.12045911764733, -102.45736864275568 45.12552488296481, -102.47870904979965 44.632940642005934, -102.4375223352455 44.73367882941554, -102.37814676255644 44.879082677799886, -102.31859193784813 45.02443690990009, -102.27896724330421 45.12045911764733))'
S2A_MSIL2A_20230521T174911_N0510_R141_T13TFG_20240905T060735.SAFE	geography'SRID=4326;POLYGON ((-103.34129426826432 42.43896531429, -103.78400297732625 42.44624086265282, -103.80265404258907 41.457520191909595, -103.71016779133352 41.45602892582984, -103.68449144484049 41.525269179762766, -103.63006746739043 41.671110843241046, -103.57546342021688 41.81699640878093, -103.52104447759352 41.96309799654084, -103.46629283040608 42.1092835375358, -103.41105780284865 42.25541091934745, -103.35550016656371 42.40150255444234, -103.34129426826432 42.43896531429))'
S2A_MSIL2A_20230521T174911_N0510_R141_T13TEN_20240905T060735.SAFE	geography'SRID=4326;POLYGON ((-105.0002673576574 47.85370184248753, -105.00026241255061 46.86569987335423, -103.55985017558999 46.85663988190739, -103.53272262323178 47.844325046514086, -105.0002673576574 47.85370184248753))'
S2A_MSIL2A_20230521T174911_N0510_R141_T13TFH_20240905T060735.SAFE	geography'SRID=4326;POLYGON ((-102.99623634870746 43.33333259310421, -103.76618786223798 43.346200009839855, -103.78571286582209 42.35764145317536, -103.37474440021278 42.35089886163006, -103.35550016656371 42.40150255444234, -103.30010623896496 42.54758338389192, -103.24368556090509 42.693411653487786, -103.1874842796401 42.83932063614797, -103.1312967865238 42.98520271914848, -103.0748130754134 43.130953203091295, -103.01831995485962 43.276641405091006, -102.99623634870746 43.33333259310421))'
S2A_MSIL2A_20230521T174911_N0510_R141_T13TEF_20240905T060735.SAFE	geography'SRID=4326;POLYGON ((-103.6841586640819 41.52616094294655, -103.68379957458713 41.54431153543986, -105.00023981916343 41.551844670066835, -105.00023625343321 40.56274991351036, -104.03901825521676 40.55735650854446, -104.00600365176403 40.64841092519891, -103.95298959263565 40.79478458682463, -103.89979609582173 40.94110591189658, -103.8462030539682 41.08730043838195, -103.79227546348174 41.2333474577962, -103.73858327655091 41.3794021591435, -103.68449144484049 41.525269179762766, -103.6841586640819 41.52616094294655))'
S2A_MSIL2A_20230521T174911_N0510_R141_T13TEM_20240905T060735.SAFE	geography'SRID=4326;POLYGON ((-105.00026284243779 46.953709179213256, -105.00025812995321 45.965551148516354, -103.58334389839345 45.956769859075806, -103.55749190205454 46.94462144140276, -105.00026284243779 46.953709179213256))'
S2A_MSIL2A_20230521T174911_N0510_R141_T13TEG_20240905T060735.SAFE	geography'SRID=4326;POLYGON ((-103.68413255167907 41.52623091718303, -103.66510843311784 42.44491772432881, -105.00024322601921 42.45269119915018, -105.00023949430313 41.463751887157464, -103.7100370101276 41.456381597652125, -103.68449144484049 41.525269179762766, -103.68413255167907 41.52623091718303))'
S2A_MSIL2A_20230521T174911_N0510_R141_T13TFF_20240905T060735.SAFE	geography'SRID=4326;POLYGON ((-103.67765055217843 41.543600937422816, -103.80103038521031 41.545593768972765, -103.80739568465312 41.19239878541821, -103.79227546348174 41.2333474577962, -103.73858327655091 41.3794021591435, -103.68449144484049 41.525269179762766, -103.67765055217843 41.543600937422816))'
S2A_MSIL2A_20230521T174911_N0510_R141_T13TEL_20240905T060735.SAFE	geography'SRID=4326;POLYGON ((-105.00025853973813 46.05357436995249, -105.00025404640142 45.06525999447365, -103.60574612901158 45.05674859305782, -103.58109585564667 46.044766226835556, -105.00025853973813 46.05357436995249))'
S2B_MSIL2A_20230521T165849_N0510_R069_T15TYJ_20240905T025854.SAFE	geography'SRID=4326;POLYGON ((-90.06013227069104 44.21378017478756, -90.49642893280087 44.22597512802537, -90.53726452230805 43.238273156784096, -90.44662223169559 43.23578454572149, -90.4296324404824 43.27936150248107, -90.37238270672358 43.42521458385672, -90.31541809570588 43.57116627737472, -90.25775576851251 43.7168880999565, -90.20011884898177 43.86254256110497, -90.14224532536508 44.00814713797072, -90.08416818623456 44.1537486592242, -90.06013227069104 44.21378017478756))'
S2B_MSIL2A_20230521T165849_N0510_R069_T15TXH_20240905T025854.SAFE	geography'SRID=4326;POLYGON ((-90.41248581579877 43.32304533961179, -90.41246381589345 43.323576596360866, -91.76618786223798 43.346200009839855, -91.78571286582209 42.35764145317536, -90.79019515218862 42.34130840117538, -90.76649098110285 42.40402883071748, -90.71086105731929 42.549835387669646, -90.65517823737248 42.69567348126206, -90.59927748340448 42.84155775477045, -90.54323571222608 42.98753667869148, -90.48652296989736 43.13344351507104, -90.4296324404824 43.27936150248107, -90.41248581579877 43.32304533961179))'
S2B_MSIL2A_20230521T165849_N0510_R069_T15TXJ_20240905T025854.SAFE	geography'SRID=4326;POLYGON ((-90.41238799644081 43.323294550461185, -90.37335402628884 44.22320974043625, -91.74751912777681 44.24655093494868, -91.76796729995817 43.25815531909012, -90.44649666995194 43.236106597864755, -90.4296324404824 43.27936150248107, -90.41238799644081 43.323294550461185))'
S2B_MSIL2A_20230521T165849_N0510_R069_T15TYH_20240905T025854.SAFE	geography'SRID=4326;POLYGON ((-90.41253320369921 43.32292461116741, -90.53371085886852 43.32625697177811, -90.5475213998108 42.97637321885207, -90.54323571222608 42.98753667869148, -90.48652296989736 43.13344351507104, -90.4296324404824 43.27936150248107, -90.41253320369921 43.32292461116741))'
S2B_MSIL2A_20230521T165849_N0510_R069_T15TWJ_20240905T025854.SAFE	geography'SRID=4326;POLYGON ((-93.00025052587905 44.25341758107761, -93.00024643448815 43.26479037737325, -91.64750596751658 43.256794294201605, -91.62505994125077 44.24514241182411, -93.00025052587905 44.25341758107761))'
S2A_MSIL2A_20230521T160831_N0510_R140_T17TNE_20240905T032900.SAFE	geography'SRID=4326;POLYGON ((-81.00023656389149 40.650856515774606, -81.00023315577859 39.66160695799293, -79.72035792136309 39.6545573069827, -79.70165933840751 40.64355721409192, -81.00023656389149 40.650856515774606))'
S2A_MSIL2A_20230521T160831_N0510_R140_T17TLE_20240905T032900.SAFE	geography'SRID=4326;POLYGON ((-82.72250657705318 39.64707475769823, -82.05144935754969 39.656847486720984, -82.066815204235 40.645928490590144, -82.42173382315458 40.64065372151683, -82.44254125400582 40.572760793296354, -82.48731862543907 40.42572897202147, -82.53205631336894 40.27866348567797, -82.57655933922865 40.13151684436973, -82.62116496727961 39.984350024730645, -82.66565894086625 39.8371269601602, -82.7096999362287 39.6897604812478, -82.72250657705318 39.64707475769823))'
S2A_MSIL2A_20230521T160831_N0510_R140_T17SLD_20240905T032900.SAFE	geography'SRID=4326;POLYGON ((-82.99078983189172 38.74264304920036, -82.03810488537859 38.75625435897602, -82.05279562809639 39.74549354563108, -82.69584782206859 39.73611132487584, -82.7096999362287 39.6897604812478, -82.7538955163674 39.54245250706717, -82.79769894918688 39.39508755155406, -82.84189087893158 39.247875760788006, -82.88544001106129 39.10059332371617, -82.92882761795929 38.95333603460601, -82.97210456476596 38.806125678690506, -82.99078983189172 38.74264304920036))'
S2A_MSIL2A_20230521T160831_N0510_R140_T17TMF_20240905T032900.SAFE	geography'SRID=4326;POLYGON ((-82.1963489671283 41.373638600772416, -82.18162029219911 40.556706911840905, -80.88470843547175 40.5626923872254, -80.88296836561119 41.55178511688993, -82.14290599426892 41.545854902409125, -82.17097724520694 41.45559010665482, -82.1963489671283 41.373638600772416))'
S2B_MSIL2A_20230520T172859_N0510_R055_T14TNP_20240904T050622.SAFE	geography'SRID=4326;POLYGON ((-97.62655909985129 44.179131147143394, -97.62505994125075 44.24514241182411, -99.00025052587905 44.25341758107761, -99.00024643448813 43.26479037737325, -97.98976845504657 43.258817416436536, -97.9518095584392 43.355654351736064, -97.89450560598416 43.50147517450248, -97.88791124225814 43.51822972319175, -97.83764250809097 43.64637131463581, -97.78027590354371 43.792040535191575, -97.72263386227219 43.9376610614516, -97.66476122489367 44.08327541107192, -97.62655909985129 44.179131147143394))'
S2B_MSIL2A_20230520T172859_N0510_R055_T14TNM_20240904T050622.SAFE	geography'SRID=4326;POLYGON ((-98.3023118330239 42.44862767527279, -99.00024322601921 42.45269119915018, -99.00023949430312 41.463751887157464, -98.67244889840927 41.46187938139306, -98.6195160916112 41.60462875722138, -98.565012044286 41.750735319489344, -98.51046838059123 41.89677555504115, -98.455749099116 42.042670457407176, -98.44229274718872 42.078414456032014, -98.4011444679527 42.187746066395725, -98.3460432087105 42.33362446868664, -98.3023118330239 42.44862767527279))'
S2B_MSIL2A_20230520T172859_N0510_R055_T14TMQ_20240904T050622.SAFE	geography'SRID=4326;POLYGON ((-100.27254965833141 45.14674718783555, -100.25111705335956 44.15851530960486, -98.87792550906389 44.165301274896635, -98.87583360281221 45.153769755990965, -100.27254965833141 45.14674718783555))'
S2B_MSIL2A_20230520T172859_N0510_R055_T13TGK_20240904T050622.SAFE	geography'SRID=4326;POLYGON ((-101.46262801262588 44.10905327878508, -101.13001323357867 44.099770918209835, -101.06390244391362 45.08595696049961, -101.13396391309787 45.08794637852983, -101.14525700087471 45.05451763461839, -101.19516242154172 44.90794345231552, -101.24470020817112 44.761305788744494, -101.29378534815471 44.61456948432844, -101.34272832170436 44.46782421483764, -101.3917326897467 44.321020864741584, -101.4408606866981 44.174208708150495, -101.46262801262588 44.10905327878508))'
S2B_MSIL2A_20230520T172859_N0510_R055_T15UUP_20240904T050622.SAFE	geography'SRID=4326;POLYGON ((-95.6679661141219 48.72179527499027, -95.7193584952283 48.7209148694678, -95.71419441647207 48.62257292307494, -95.6679661141219 48.72179527499027))'
S2B_MSIL2A_20230520T172859_N0510_R055_T14TPP_20240904T050622.SAFE	geography'SRID=4326;POLYGON ((-97.60065460653198 44.2440563341517, -97.74751912777681 44.24655093494868, -97.75563426783582 43.85429245897042, -97.72263386227219 43.9376610614516, -97.66476122489367 44.08327541107192, -97.60673297298305 44.22887832697421, -97.60065460653198 44.2440563341517))'
S2B_MSIL2A_20230520T172859_N0510_R055_T14TNN_20240904T050622.SAFE	geography'SRID=4326;POLYGON ((-97.95533175034264 43.346668888512674, -99.00024679052602 43.35285539234588, -99.00024288390156 42.36407192041621, -98.33593349329435 42.36021063645009, -98.29058660992305 42.479462247324605, -98.23488461247072 42.625342367531566, -98.2300111134421 42.63801526811619, -98.17850669203543 42.77201175836808, -98.1392606310371 42.873495798502965, -98.12239024443336 42.91714979553949, -98.0661269459732 43.06315364208242, -98.0379602767628 43.135394752278, -98.00897470715792 43.209820349627925, -97.95533175034264 43.346668888512674))'
S2B_MSIL2A_20230520T172859_N0510_R055_T14TNK_20240904T050622.SAFE	geography'SRID=4326;POLYGON ((-98.96965045295478 40.65068459126627, -99.00023656389149 40.650856515774606, -99.0002362722113 40.56619250411259, -98.99482114349875 40.58120241834435, -98.96965045295478 40.65068459126627))'
S2B_MSIL2A_20230520T172859_N0510_R055_T14TML_20240904T050622.SAFE	geography'SRID=4326;POLYGON ((-98.8841390457753 40.886345604759896, -98.88296836561119 41.55178511688993, -100.19944910163338 41.54558876800179, -100.18162029219911 40.556706911840905, -99.00169379248493 40.56215247931175, -98.99482114349875 40.58120241834435, -98.94188016362605 40.72734279982272, -98.88882620503016 40.873523382586406, -98.8841390457753 40.886345604759896))'
S2B_MSIL2A_20230520T172859_N0510_R055_T14TNQ_20240904T050622.SAFE	geography'SRID=4326;POLYGON ((-97.62658354750397 44.179069803756356, -97.60358882685108 45.145299673094094, -99.0002544396381 45.15383725089235, -99.00025015292682 44.16536649550738, -97.63531309253273 44.15716586612533, -97.62658354750397 44.179069803756356))'
S2B_MSIL2A_20230520T172859_N0510_R055_T14SLG_20240904T050622.SAFE	geography'SRID=4326;POLYGON ((-100.02231032329352 37.63009584422536, -100.0265600589798 37.943111174604404, -101.27552823620451 37.925581750319026, -101.24577213045467 36.936641907455304, -100.24877476591192 36.95032501330353, -100.21069643229738 37.06531051198337, -100.16204102738352 37.21197100502645, -100.11331223791795 37.358706949104864, -100.06420410462152 37.505428670774165, -100.02231032329352 37.63009584422536))'
S2B_MSIL2A_20230520T172859_N0510_R055_T14TNR_20240904T050622.SAFE	geography'SRID=4326;POLYGON ((-99.00025853973813 46.05357436995249, -99.00025404640142 45.06525999447365, -97.60574612901156 45.05674859305782, -97.58109585564665 46.044766226835556, -99.00025853973813 46.05357436995249))'
S2B_MSIL2A_20230520T172859_N0510_R055_T14TMP_20240904T050622.SAFE	geography'SRID=4326;POLYGON ((-100.25298174570909 44.246545441411556, -100.23252540128634 43.25815001081029, -98.87974009973617 43.26472716389879, -98.87774350913473 44.25335216097235, -100.25298174570909 44.246545441411556))'
S2B_MSIL2A_20230520T172859_N0510_R055_T14TMN_20240904T050622.SAFE	geography'SRID=4326;POLYGON ((-100.2343055501801 43.346194685301704, -100.214772743091 42.35763630855867, -98.88147277912853 42.364010656318975, -98.8795663539466 43.352791985217806, -100.2343055501801 43.346194685301704))'
S2B_MSIL2A_20230520T172859_N0510_R055_T13TGH_20240904T050622.SAFE	geography'SRID=4326;POLYGON ((-102.04003245561442 42.3239918443384, -101.2421415546785 42.30245161555175, -101.18187629631363 43.28908179915951, -101.72630642705246 43.304053515854434, -101.72992274280664 43.29288648755248, -101.77731120820032 43.146020461434325, -101.82453256165651 42.99914594297664, -101.8716870262116 42.85228712337359, -101.91869561119827 42.70537492207583, -101.96545137713366 42.55834720514613, -102.01230118189952 42.41128028329972, -102.04003245561442 42.3239918443384))'
S2B_MSIL2A_20230520T172859_N0510_R055_T14TMR_20240904T050622.SAFE	geography'SRID=4326;POLYGON ((-100.29304891527646 46.0462596089832, -100.27058357693214 45.058191670236305, -98.87602550148868 45.06519270654337, -98.87383276277595 46.05350473573164, -100.29304891527646 46.0462596089832))'
S2B_MSIL2A_20230520T172859_N0510_R055_T14TNL_20240904T050622.SAFE	geography'SRID=4326;POLYGON ((-98.639853630074 41.549782413392975, -99.00023981916341 41.551844670066835, -99.00023626584395 40.56619252176188, -98.99482114349875 40.58120241834435, -98.94188016362605 40.72734279982272, -98.88882620503016 40.873523382586406, -98.83538248070016 41.01972436912806, -98.78180786170456 41.16596623131121, -98.72795572183551 41.31221552629432, -98.67373879959288 41.458400771434896, -98.639853630074 41.549782413392975))'
S2B_MSIL2A_20230520T172859_N0510_R055_T14SMG_20240904T050622.SAFE	geography'SRID=4326;POLYGON ((-99.91649629078204 37.94305038218631, -100.13852907879905 37.9420809165272, -100.12903218917762 37.3113698017172, -100.11331223791795 37.358706949104864, -100.06420410462152 37.505428670774165, -100.0148866364205 37.65218719119167, -99.96532446867147 37.79894883290485, -99.91649629078204 37.94305038218631))'
S2B_MSIL2A_20230520T172859_N0510_R055_T14TMM_20240904T050622.SAFE	geography'SRID=4326;POLYGON ((-100.21648331498238 42.44623570214159, -100.19782479530704 41.4575152063026, -98.88312689683454 41.46369251697452, -98.88130582637643 42.452629745736225, -100.21648331498238 42.44623570214159))'
S2B_MSIL2A_20230520T172859_N0510_R055_T13TGJ_20240904T050622.SAFE	geography'SRID=4326;POLYGON ((-101.75447911079388 43.216781550365326, -101.1873683405316 43.201211355403785, -101.12426105372481 44.18762158427181, -101.4334800923228 44.196264583504735, -101.4408606866981 44.174208708150495, -101.48990526643966 44.02740516132491, -101.53829279936288 43.8804776827966, -101.5867455679896 43.73359002269497, -101.63463980290624 43.58664432700105, -101.68236409996445 43.43974554155188, -101.72992274280664 43.29288648755248, -101.75447911079388 43.216781550365326))'
S2B_MSIL2A_20230520T172859_N0510_R055_T14TLN_20240904T050622.SAFE	geography'SRID=4326;POLYGON ((-101.46678204877878 43.32624633586568, -101.42778068203103 42.33836182515417, -100.09530924716697 42.35883991770658, -100.1129221649777 43.34744038882544, -101.46678204877878 43.32624633586568))'
S2B_MSIL2A_20230520T172859_N0510_R055_T14TLM_20240904T050622.SAFE	geography'SRID=4326;POLYGON ((-101.43119626719712 42.42690168750588, -101.39393916355972 41.438836285507165, -100.08002716017 41.458681613653354, -100.09685168418683 42.44744302996699, -101.43119626719712 42.42690168750588))'
S2B_MSIL2A_20230520T172859_N0510_R055_T14TLQ_20240904T050622.SAFE	geography'SRID=4326;POLYGON ((-101.45270563721539 44.13875360267147, -100.12808129589992 44.15979663371134, -100.14740738161733 45.148073182871244, -101.11895655686166 45.13236975310382, -101.14525700087471 45.05451763461839, -101.19516242154172 44.90794345231552, -101.24470020817112 44.761305788744494, -101.29378534815471 44.61456948432844, -101.34272832170436 44.46782421483764, -101.3917326897467 44.321020864741584, -101.4408606866981 44.174208708150495, -101.45270563721539 44.13875360267147))'
S2B_MSIL2A_20230520T172859_N0510_R055_T14TPQ_20240904T050622.SAFE	geography'SRID=4326;POLYGON ((-97.23704694481113 45.1382820829746, -97.72795903223157 45.14675285555784, -97.74938307519847 44.158520786393645, -97.63554253804251 44.15659014767498, -97.60673297298305 44.22887832697421, -97.54840985211594 44.37451428924472, -97.48971952859932 44.52017880928242, -97.46381078328909 44.584047882685134, -97.4303634534787 44.666631791554735, -97.38359368495593 44.78116111330763, -97.37122769715833 44.81147844519956, -97.31158998137897 44.957121190433895, -97.25173599228182 45.10273925791211, -97.23704694481113 45.1382820829746))'
S2B_MSIL2A_20230520T172859_N0510_R055_T14TLP_20240904T050622.SAFE	geography'SRID=4326;POLYGON ((-101.49519618188097 44.01133943492941, -101.46322767686333 43.23826255332707, -100.1113169858077 43.25939191053712, -100.12976271323852 44.24783068396879, -101.42311061560828 44.22725231623652, -101.4408606866981 44.174208708150495, -101.48990526643966 44.02740516132491, -101.49519618188097 44.01133943492941))'
S2B_MSIL2A_20230520T172859_N0510_R055_T14TLR_20240904T050622.SAFE	geography'SRID=4326;POLYGON ((-101.1490697233235 45.04331951890648, -100.14563453547973 45.05951360004942, -100.1658919102777 46.0476276229589, -100.80718011295379 46.03710317722644, -100.82900646396696 45.97466500728153, -100.84304393255032 45.93445703697984, -100.85379917826046 45.9035685055269, -100.89400702504444 45.78790318870762, -100.94505134234633 45.641288998319375, -100.99526346853936 45.4945103728392, -101.04561026473073 45.34783713449256, -101.09570074610717 45.201209432518986, -101.14525700087471 45.05451763461839, -101.1490697233235 45.04331951890648))'
S2A_MSIL2A_20230520T163841_N0510_R126_T15SYC_20240904T043944.SAFE	geography'SRID=4326;POLYGON ((-90.71809056307936 38.14092576513255, -90.72763580740043 37.83751218570364, -89.48163775999417 37.80685703267152, -89.43354720329414 38.79452724007538, -90.51960349979524 38.82183335358285, -90.5352526603894 38.76855917315057, -90.57834957597936 38.62133852248565, -90.6215127070092 38.47412833660625, -90.66429316927056 38.32680419602496, -90.70694848024785 38.179422176278415, -90.71809056307936 38.14092576513255))'
S2A_MSIL2A_20230520T163841_N0510_R126_T16TCK_20240904T043944.SAFE	geography'SRID=4326;POLYGON ((-89.36468078702738 40.62663972727231, -89.33065130260064 39.638218234831534, -88.05144935754969 39.656847486720984, -88.066815204235 40.645928490590144, -89.36468078702738 40.62663972727231))'
S2A_MSIL2A_20230520T163841_N0510_R126_T16TCP_20240904T043944.SAFE	geography'SRID=4326;POLYGON ((-89.15530966314509 43.243075082546866, -88.1113169858077 43.25939191053712, -88.1297627132385 44.24783068396879, -88.82955495527585 44.23669633870372, -88.83843561061667 44.20999499551858, -88.88692729163294 44.06330226678119, -88.9351183668447 43.91658985001253, -88.98319229546729 43.769802429339656, -89.0313769255277 43.62302441058225, -89.07936777003177 43.47615291614377, -89.1273071659575 43.32927125397959, -89.15530966314509 43.243075082546866))'
S2A_MSIL2A_20230520T163841_N0510_R126_T16TDP_20240904T043944.SAFE	geography'SRID=4326;POLYGON ((-88.25298174570908 44.246545441411556, -88.23252540128632 43.25815001081029, -86.87974009973615 43.26472716389879, -86.87774350913473 44.25335216097235, -88.25298174570908 44.246545441411556))'
S2A_MSIL2A_20230520T163841_N0510_R126_T16TGS_20240904T043944.SAFE	geography'SRID=4326;POLYGON ((-83.89605684641005 46.90960157139213, -84.37351464472057 46.92357305830357, -84.42054054444473 45.93643087306754, -84.31458711462855 45.93338049432507, -84.28160901082097 46.01136706399548, -84.2198121455758 46.15665954655515, -84.15782683006378 46.30189706089622, -84.09560137746622 46.44702024472228, -84.03347948793439 46.5921575610932, -83.97092218569192 46.737233423952766, -83.90794751778378 46.882237112432165, -83.89605684641005 46.90960157139213))'
S2A_MSIL2A_20230520T163841_N0510_R126_T16TCL_20240904T043944.SAFE	geography'SRID=4326;POLYGON ((-89.3971826192205 41.52685230149302, -89.36158097735907 40.538607851727775, -88.06541547567338 40.55783709926159, -88.08149180738359 41.546758769895376, -89.3971826192205 41.52685230149302))'
S2A_MSIL2A_20230520T163841_N0510_R126_T16TCN_20240904T043944.SAFE	geography'SRID=4326;POLYGON ((-89.42979836472868 42.38946868757388, -89.42778068203101 42.33836182515417, -88.09530924716697 42.35883991770658, -88.1129221649777 43.34744038882544, -89.12655611012619 43.331572416243986, -89.1273071659575 43.32927125397959, -89.17504500817776 43.182326529575846, -89.22279568783416 43.035349203686735, -89.27030579836483 42.88832225378384, -89.31760981626051 42.741297099946834, -89.36470600032102 42.59433473293026, -89.41137939146701 42.44739422685832, -89.42979836472868 42.38946868757388))'
S2A_MSIL2A_20230520T163841_N0510_R126_T15TYH_20240904T043944.SAFE	geography'SRID=4326;POLYGON ((-89.45563508738464 42.30821518489885, -89.2421415546785 42.30245161555175, -89.19148871027157 43.131712561798736, -89.22279568783416 43.035349203686735, -89.27030579836483 42.88832225378384, -89.31760981626051 42.741297099946834, -89.36470600032102 42.59433473293026, -89.41137939146701 42.44739422685832, -89.45563508738464 42.30821518489885))'
S2A_MSIL2A_20230520T163841_N0510_R126_T16TDQ_20240904T043944.SAFE	geography'SRID=4326;POLYGON ((-88.2725496583314 45.14674718783555, -88.25111705335956 44.15851530960486, -86.87792550906389 44.165301274896635, -86.87583360281221 45.153769755990965, -88.2725496583314 45.14674718783555))'
S2A_MSIL2A_20230520T163841_N0510_R126_T16SBJ_20240904T043944.SAFE	geography'SRID=4326;POLYGON ((-90.46493197491948 39.00734899256486, -90.45026011044493 38.7099201955759, -89.18865192655385 38.74036995699254, -89.21960079191267 39.7290432642928, -90.25780973145665 39.70345370623117, -90.27307477975084 39.652449714246565, -90.3171646026196 39.505100106906326, -90.36109278971534 39.35774260444703, -90.40488237864449 39.21039394827708, -90.44845983465072 39.06305862168266, -90.46493197491948 39.00734899256486))'
S2A_MSIL2A_20230520T163841_N0510_R126_T16TBM_20240904T043944.SAFE	geography'SRID=4326;POLYGON ((-89.73163332977086 41.429610447620504, -89.27696656733475 41.441212166985935, -89.31240724139609 42.42936087235922, -89.41798671970426 42.42661494421675, -89.45806882112056 42.30056137395481, -89.5042910898093 42.153661887581215, -89.55057337581971 42.00674920033544, -89.59691832877759 41.85982570638281, -89.64314247569789 41.712816422851816, -89.68916762284522 41.56572878492721, -89.73163332977086 41.429610447620504))'
S2A_MSIL2A_20230520T163841_N0510_R126_T16SBH_20240904T043944.SAFE	geography'SRID=4326;POLYGON ((-90.4545029640868 38.797894647715, -90.40791466143584 37.81010790673744, -89.16175219508035 37.83959549435291, -89.19134725642266 38.82843976082239, -90.4545029640868 38.797894647715))'
S2A_MSIL2A_20230520T163841_N0510_R126_T15SXB_20240904T043944.SAFE	geography'SRID=4326;POLYGON ((-91.06270903407493 36.94064142278869, -90.64426763054043 36.93451075320804, -90.61305784244584 37.92337349546603, -90.78015441869307 37.92587710776363, -90.79207872172546 37.884437832335, -90.83454763135046 37.73686260985971, -90.8773602114277 37.58943841757375, -90.91980925843251 37.441978316040746, -90.96191216821454 37.29450907397039, -91.0039210657001 37.14710854182153, -91.04597010264317 36.999786893913935, -91.06270903407493 36.94064142278869))'
S2A_MSIL2A_20230520T163841_N0510_R126_T15SYD_20240904T043944.SAFE	geography'SRID=4326;POLYGON ((-90.54526646455058 38.734351649385644, -89.43792685625729 38.70656329494251, -89.38763948191423 39.69403311805837, -90.25398435827833 39.71623514649684, -90.27307477975084 39.652449714246565, -90.3171646026196 39.505100106906326, -90.36109278971534 39.35774260444703, -90.40488237864449 39.21039394827708, -90.44845983465072 39.06305862168266, -90.4919982403416 38.915809485028575, -90.5352526603894 38.76855917315057, -90.54526646455058 38.734351649385644))'
S2A_MSIL2A_20230520T163841_N0510_R126_T16SDH_20240904T043944.SAFE	geography'SRID=4326;POLYGON ((-87.01600431432864 38.848372196135905, -88.15275135075291 38.843310058483205, -88.13717219597591 37.85395064837389, -87.3547265031969 37.85736036161177, -87.31317312967569 37.98036621896964, -87.26349927571795 38.12690160048444, -87.21358943880595 38.27346899981016, -87.16348858648864 38.42012611655159, -87.11304634296208 38.566758910818, -87.06251857989615 38.713417708032544, -87.01600431432864 38.848372196135905))'
S2A_MSIL2A_20230520T163841_N0510_R126_T15SXC_20240904T043944.SAFE	geography'SRID=4326;POLYGON ((-90.8054034075951 37.83813587876502, -90.61590002865951 37.83530211029287, -90.59142877875959 38.57673119612877, -90.6215127070092 38.47412833660625, -90.66429316927056 38.32680419602496, -90.70694848024785 38.179422176278415, -90.74962279383428 38.03198045052264, -90.79207872172546 37.884437832335, -90.8054034075951 37.83813587876502))'
S2A_MSIL2A_20230520T163841_N0510_R126_T16TBK_20240904T043944.SAFE	geography'SRID=4326;POLYGON ((-90.2845260258664 39.61417928109679, -89.21676465654707 39.64044856303257, -89.24913477999112 40.62894899386581, -89.98412635833617 40.610495223111556, -90.00696761200363 40.535610141706655, -90.05163434967501 40.38857961348632, -90.09606009474733 40.2414521738259, -90.14041495093963 40.094313561411205, -90.18464201341862 39.947046876594015, -90.22897506260504 39.79979688121774, -90.27307477975084 39.652449714246565, -90.2845260258664 39.61417928109679))'
S2A_MSIL2A_20230520T163841_N0510_R126_T15TYE_20240904T043944.SAFE	geography'SRID=4326;POLYGON ((-90.28031155910742 39.628264164674896, -89.39224764301619 39.60554763793313, -89.339654308026 40.59281342227294, -89.98438590526243 40.60964429815862, -90.00696761200363 40.535610141706655, -90.05163434967501 40.38857961348632, -90.09606009474733 40.2414521738259, -90.14041495093963 40.094313561411205, -90.18464201341862 39.947046876594015, -90.22897506260504 39.79979688121774, -90.27307477975084 39.652449714246565, -90.28031155910742 39.628264164674896))'
S2A_MSIL2A_20230520T163841_N0510_R126_T16TES_20240904T043944.SAFE	geography'SRID=4326;POLYGON ((-87.00026284243778 46.953709179213256, -87.0002581299532 45.965551148516354, -85.58334389839344 45.956769859075806, -85.55749190205452 46.94462144140276, -87.00026284243778 46.953709179213256))'
S2A_MSIL2A_20230520T163841_N0510_R126_T16SCH_20240904T043944.SAFE	geography'SRID=4326;POLYGON ((-89.30393084279648 38.82627262441358, -89.27281842761563 37.837503416034735, -88.02533655911799 37.85497766278228, -88.0393842801458 38.84437393595428, -89.30393084279648 38.82627262441358))'
S2A_MSIL2A_20230520T163841_N0510_R126_T16TER_20240904T043944.SAFE	geography'SRID=4326;POLYGON ((-87.00025853973811 46.05357436995249, -87.00025404640141 45.06525999447365, -85.60574612901156 45.05674859305782, -85.58109585564665 46.044766226835556, -87.00025853973811 46.05357436995249))'
S2A_MSIL2A_20230520T163841_N0510_R126_T16SBG_20240904T043944.SAFE	geography'SRID=4326;POLYGON ((-90.41197247867947 37.8980997878049, -90.36741300313712 36.910119161555244, -89.13602504584179 36.93866731150362, -89.16432984132963 37.92768043331917, -90.41197247867947 37.8980997878049))'
S2A_MSIL2A_20230520T163841_N0510_R126_T15SYB_20240904T043944.SAFE	geography'SRID=4326;POLYGON ((-90.72492653924301 37.925590547672954, -90.75467671035364 36.93665039764339, -89.52344565573671 36.90697181308603, -89.47744908495345 37.89483865903757, -90.72492653924301 37.925590547672954))'
S2A_MSIL2A_20230520T163841_N0510_R126_T16SCJ_20240904T043944.SAFE	geography'SRID=4326;POLYGON ((-89.33363283056224 39.72680595308774, -89.301097327331 38.73820958831532, -88.03810488537859 38.75625435897602, -88.05279562809639 39.74549354563108, -89.33363283056224 39.72680595308774))'
S2A_MSIL2A_20230520T163841_N0510_R126_T16TBL_20240904T043944.SAFE	geography'SRID=4326;POLYGON ((-90.01118214092597 40.52173707987238, -89.24618611840131 40.54090999482793, -89.28005188450415 41.52923550071836, -89.70393287979375 41.51840066133657, -89.73506935462102 41.41859671387134, -89.78075160864323 41.27138710592503, -89.82639267886398 41.12419619892414, -89.87191474646409 40.97700262929656, -89.91717734711784 40.82982409196016, -89.96211120781014 40.68267192423679, -90.00696761200363 40.535610141706655, -90.01118214092597 40.52173707987238))'
S2A_MSIL2A_20230520T163841_N0510_R126_T15TYF_20240904T043944.SAFE	geography'SRID=4326;POLYGON ((-90.01102447396676 40.52225607583008, -89.34444498559898 40.50488583658978, -89.28942535132568 41.49194363396281, -89.70871039837529 41.50308694274216, -89.73506935462102 41.41859671387134, -89.78075160864323 41.27138710592503, -89.82639267886398 41.12419619892414, -89.87191474646409 40.97700262929656, -89.91717734711784 40.82982409196016, -89.96211120781014 40.68267192423679, -90.00696761200363 40.535610141706655, -90.01102447396676 40.52225607583008))'
S2A_MSIL2A_20230520T163841_N0510_R126_T16TDN_20240904T043944.SAFE	geography'SRID=4326;POLYGON ((-88.2343055501801 43.346194685301704, -88.214772743091 42.35763630855867, -86.88147277912853 42.364010656318975, -86.8795663539466 43.352791985217806, -88.2343055501801 43.346194685301704))'
S2A_MSIL2A_20230520T163841_N0510_R126_T15TYG_20240904T043944.SAFE	geography'SRID=4326;POLYGON ((-89.73595317281226 41.41574863791246, -89.2944377014587 41.40403474612011, -89.23686356729512 42.39088066238852, -89.42770837320404 42.39604146904465, -89.45806882112056 42.30056137395481, -89.5042910898093 42.153661887581215, -89.55057337581971 42.00674920033544, -89.59691832877759 41.85982570638281, -89.64314247569789 41.712816422851816, -89.68916762284522 41.56572878492721, -89.73506935462102 41.41859671387134, -89.73595317281226 41.41574863791246))'
S2B_MSIL2A_20230519T175919_N0510_R041_T13UFQ_20240907T101602.SAFE	geography'SRID=4326;POLYGON ((-102.79180972096266 49.62918159269639, -103.61482626682331 49.64443670244057, -103.64208923014807 48.657027178567795, -103.2547639042823 48.649953032746, -103.2401886471752 48.68145512574361, -103.1728005406092 48.826080069356415, -103.1048588539483 48.970605531899615, -103.03675311307433 49.1151547411819, -102.96843928326605 49.25971305154738, -102.89974387814144 49.40421263359252, -102.83059393451364 49.5487240835894, -102.79180972096266 49.62918159269639))'
S2B_MSIL2A_20230519T175919_N0510_R041_T13TFN_20240907T101602.SAFE	geography'SRID=4326;POLYGON ((-103.6230862050371 47.84519391719038, -103.66339978002995 47.84592105208886, -103.66578257161335 47.750685972842284, -103.63802567079632 47.8122604757492, -103.6230862050371 47.84519391719038))'
S2B_MSIL2A_20230519T175919_N0510_R041_T13TEM_20240907T101602.SAFE	geography'SRID=4326;POLYGON ((-104.02201344332325 46.947547373618484, -105.00026284243779 46.953709179213256, -105.00025812995321 45.965551148516354, -104.44713167192144 45.96212316154508, -104.40068340796353 46.07103663212117, -104.3387997319978 46.21641171275664, -104.27619109722606 46.36165659494274, -104.21381809479651 46.507044232238805, -104.15076115355905 46.65226782844381, -104.08760590523977 46.797461277011294, -104.02419741612653 46.942575160158704, -104.02201344332325 46.947547373618484))'
S2B_MSIL2A_20230519T175919_N0510_R041_T13UFP_20240907T101602.SAFE	geography'SRID=4326;POLYGON ((-103.21421324601924 48.73720221701736, -103.63972075371633 48.74498411169783, -103.6656686510332 47.75740973734738, -103.66277508960178 47.75735761861011, -103.63802567079632 47.8122604757492, -103.57230370379229 47.95714186485712, -103.50674777274256 48.10214105697708, -103.44049556026152 48.24703365865994, -103.37403173236544 48.39194013941467, -103.30714823038737 48.536732668916095, -103.2401886471752 48.68145512574361, -103.21421324601924 48.73720221701736))'
S2B_MSIL2A_20230519T175919_N0510_R041_T13UEQ_20240907T101602.SAFE	geography'SRID=4326;POLYGON ((-105.00027707744742 49.652722814505665, -105.00027162195119 48.66503141156509, -103.50933035947723 48.65538534877128, -103.47940434627488 49.64273706516441, -105.00027707744742 49.652722814505665))'
S2B_MSIL2A_20230519T175919_N0510_R041_T13TEN_20240907T101602.SAFE	geography'SRID=4326;POLYGON ((-103.62321805376253 47.844903262066026, -105.0002673576574 47.85370184248753, -105.00026241255061 46.86569987335423, -104.06037178308561 46.8597880927921, -104.02419741612653 46.942575160158704, -103.96051314774589 47.08756404277814, -103.89651907375443 47.23250055310957, -103.83254285730368 47.37754449974444, -103.76793707320729 47.52244136229607, -103.70333283233376 47.66738637635179, -103.63802567079632 47.8122604757492, -103.62321805376253 47.844903262066026))'
S2B_MSIL2A_20230519T175919_N0510_R041_T13UEP_20240907T101602.SAFE	geography'SRID=4326;POLYGON ((-103.52648332623914 48.0584891818954, -103.5067305244228 48.7433372246506, -105.0002720958938 48.7530130044756, -105.00026690365507 47.765166566721895, -103.66310099481305 47.756634646996254, -103.63802567079632 47.8122604757492, -103.57230370379229 47.95714186485712, -103.52648332623914 48.0584891818954))'
S2A_MSIL2A_20230519T170851_N0510_R112_T15UVQ_20240907T100424.SAFE	geography'SRID=4326;POLYGON ((-94.3857276318143 49.64443007346099, -94.3584537749198 48.6570207750582, -92.86744867287635 48.66495515183609, -92.86478640421906 49.652643868751746, -94.3857276318143 49.64443007346099))'
S2A_MSIL2A_20230519T170851_N0510_R112_T15UUQ_20240907T100424.SAFE	geography'SRID=4326;POLYGON ((-94.8214298776446 48.6483128372411, -94.2248689622095 48.6585189163826, -94.24946259503466 49.64598096654525, -94.44193771970558 49.642639124313554, -94.48649000320744 49.52786174925912, -94.54260139355124 49.3817070813491, -94.59873948527316 49.23562936156063, -94.65444638660728 49.08953014286784, -94.709947416053 48.94345990780072, -94.76531650698062 48.797350095023965, -94.82037747560007 48.651115242172246, -94.8214298776446 48.6483128372411))'
S2B_MSIL2A_20230518T164849_N0510_R026_T16SBG_20240906T113138.SAFE	geography'SRID=4326;POLYGON ((-89.85525346908346 37.91129916652195, -90.41197247867947 37.8980997878049, -90.36741300313712 36.910119161555244, -90.18875179078776 36.91426119254547, -90.15081461809864 37.028989626366325, -90.10202907243536 37.17574903571829, -90.05320326827729 37.32256657788288, -90.00418549246339 37.46938423000071, -89.95492544988943 37.61615408473647, -89.90542418008232 37.76280705851755, -89.88984533156925 37.80886817450214, -89.85617382199294 37.90856785543991, -89.85525346908346 37.91129916652195))'
S2B_MSIL2A_20230517T171859_N0510_R012_T14SLH_20240904T062241.SAFE	geography'SRID=4326;POLYGON ((-100.8762327175007 37.843058636298935, -100.02533655911799 37.85497766278228, -100.03938428014581 38.84437393595428, -100.58704176148746 38.83653451036083, -100.59643226386194 38.804653418716406, -100.63949879141796 38.657383585953525, -100.68248329795924 38.510108837143214, -100.7253537495418 38.36275442002917, -100.76826562343797 38.21533866358856, -100.8110887469158 38.06788429892632, -100.85388859053639 37.920408093896064, -100.8762327175007 37.843058636298935))'
S2B_MSIL2A_20230517T171859_N0510_R012_T15TTG_20240904T062241.SAFE	geography'SRID=4326;POLYGON ((-95.7951577494567 42.416805419092015, -96.64504576622768 42.39470139413761, -96.58926866785168 41.407726190110715, -96.16924678339188 41.41844387707057, -96.12821625751728 41.52956632629772, -96.07397230788672 41.675551642729246, -96.0196114209257 41.82153505190889, -95.96497292391747 41.96753187300692, -95.91027010757517 42.11363416844768, -95.85505846233555 42.25972943489221, -95.7993827390094 42.40574084443005, -95.7951577494567 42.416805419092015))'
S2B_MSIL2A_20230517T171859_N0510_R012_T14SPH_20240904T062241.SAFE	geography'SRID=4326;POLYGON ((-97.09353726030729 38.831789905786, -97.84770947866411 38.84331460585068, -97.86328240873523 37.853955038178526, -97.42981526095241 37.847473119259725, -97.42204105643462 37.87058179590494, -97.37259092530313 38.017091046045145, -97.32293221391606 38.16361416718854, -97.27299218332941 38.31009165587802, -97.22284517169466 38.456628454531554, -97.17249852361137 38.60320128842465, -97.12196047939796 38.74982045970589, -97.09353726030729 38.831789905786))'
S2B_MSIL2A_20230517T171859_N0510_R012_T14TNL_20240904T062241.SAFE	geography'SRID=4326;POLYGON ((-99.00023981916341 41.551844670066835, -99.0002362534332 40.56274991351036, -97.70336265383867 40.5554731412015, -97.68379957458711 41.54431153543986, -99.00023981916341 41.551844670066835))'
S2B_MSIL2A_20230517T171859_N0510_R012_T14TML_20240904T062241.SAFE	geography'SRID=4326;POLYGON ((-100.07186937503292 40.55721343154748, -98.88470843547175 40.5626923872254, -98.88296836561119 41.55178511688993, -99.76668720495229 41.547625671105614, -99.79581226673699 41.45417003367975, -99.84156419887825 41.3070652797436, -99.8869755561796 41.15992449765657, -99.93232343035629 41.01284784660035, -99.9776291422578 40.86582013392109, -100.0224573530007 40.71868459856809, -100.06747207209492 40.57165531939142, -100.07186937503292 40.55721343154748))'
S2B_MSIL2A_20230517T171859_N0510_R012_T14TQN_20240904T062241.SAFE	geography'SRID=4326;POLYGON ((-95.45651047276466 43.2966341825645, -96.53371085886852 43.32625697177811, -96.5727044512481 42.33837210189082, -95.83268891616262 42.31839430303045, -95.7993827390094 42.40574084443005, -95.74360595942176 42.551811345777615, -95.6878310940988 42.69790788474378, -95.6317376803149 42.843889380473975, -95.57554216906179 42.98975199637721, -95.51914409501414 43.135556345318285, -95.47195214169096 43.25692031619507, -95.4628126356505 43.28043699711673, -95.45651047276466 43.2966341825645))'
S2B_MSIL2A_20230517T171859_N0510_R012_T14TQM_20240904T062241.SAFE	geography'SRID=4326;POLYGON ((-95.79924992638304 42.40608865954345, -96.5692895469665 42.426911995973605, -96.60653922316477 41.43884624479472, -96.16602883011396 41.42715901883685, -96.12821625751728 41.52956632629772, -96.07397230788672 41.675551642729246, -96.0196114209257 41.82153505190889, -95.96497292391747 41.96753187300692, -95.91027010757517 42.11363416844768, -95.85505846233555 42.25972943489221, -95.7993827390094 42.40574084443005, -95.79924992638304 42.40608865954345))'
S2B_MSIL2A_20230517T171859_N0510_R012_T15TUH_20240904T062241.SAFE	geography'SRID=4326;POLYGON ((-95.44485529787653 43.32658958905267, -95.46678204877878 43.32624633586568, -95.46477424205438 43.2753896267567, -95.4628126356505 43.28043699711673, -95.44548933749128 43.32495959641081, -95.44485529787653 43.32658958905267))'
S2B_MSIL2A_20230517T171859_N0510_R012_T15TUJ_20240904T062241.SAFE	geography'SRID=4326;POLYGON ((-95.08642072003623 44.23260936554254, -95.50407140709622 44.22596415476343, -95.46476405099716 43.27541584916299, -95.4628126356505 43.28043699711673, -95.44548933749128 43.32495959641081, -95.40578727963432 43.42702587218858, -95.38480203783496 43.48057508890236, -95.34904292975088 43.571880397724414, -95.29171277908854 43.71759899204222, -95.2341019184132 43.86334685968512, -95.21674941249043 43.90696416825442, -95.17587430099738 44.00989247476296, -95.11740172315864 44.15558591419064, -95.08642072003623 44.23260936554254))'
S2B_MSIL2A_20230517T171859_N0510_R012_T14TPL_20240904T062241.SAFE	geography'SRID=4326;POLYGON ((-97.8010303852103 41.545593768972765, -97.81885207154318 40.55671174263467, -96.52280187838811 40.536185528423594, -96.48546160940654 41.52434469691515, -97.8010303852103 41.545593768972765))'
S2B_MSIL2A_20230517T171859_N0510_R012_T14TNM_20240904T062241.SAFE	geography'SRID=4326;POLYGON ((-99.00024322601921 42.45269119915018, -99.00023949430312 41.463751887157464, -97.68558188065235 41.45624189757688, -97.66510843311782 42.44491772432881, -99.00024322601921 42.45269119915018))'
S2B_MSIL2A_20230517T171859_N0510_R012_T14TMM_20240904T062241.SAFE	geography'SRID=4326;POLYGON ((-99.79417869209121 41.45941179972073, -98.88312689683454 41.46369251697452, -98.88130582637643 42.452629745736225, -99.48262085555227 42.449750102734846, -99.51850909111388 42.33642000620708, -99.56493620209652 42.18949427340184, -99.61131717973736 42.04254791281269, -99.65762790884423 41.89553246297962, -99.70365635645008 41.748380583453866, -99.74995826896097 41.6013049864692, -99.79417869209121 41.45941179972073))'
S2B_MSIL2A_20230517T171859_N0510_R012_T14TPM_20240904T062241.SAFE	geography'SRID=4326;POLYGON ((-97.78400297732625 42.44624086265282, -97.80265404258905 41.457520191909595, -96.48886345311317 41.43633638009555, -96.44978706678563 42.42431413705452, -97.78400297732625 42.44624086265282))'
S2B_MSIL2A_20230517T171859_N0510_R012_T14TLK_20240904T062241.SAFE	geography'SRID=4326;POLYGON ((-100.34486442238762 39.652574429466675, -100.05144935754969 39.656847486720984, -100.06574877956515 40.577284021814954, -100.06747207209492 40.57165531939142, -100.11225087744114 40.42459006286652, -100.15693020237107 40.277482384987024, -100.20128309073715 40.13022348487574, -100.24571332468696 39.98297730337163, -100.2899164542618 39.83561810750288, -100.33418014882643 39.688286748601925, -100.34486442238762 39.652574429466675))'
S2A_MSIL2A_20230517T162831_N0510_R083_T16TEL_20240904T073710.SAFE	geography'SRID=4326;POLYGON ((-87.00023981916341 41.551844670066835, -87.0002362534332 40.56274991351036, -85.70336265383865 40.5554731412015, -85.68379957458711 41.54431153543986, -87.00023981916341 41.551844670066835))'
S2A_MSIL2A_20230517T162831_N0510_R083_T16SCH_20240904T073710.SAFE	geography'SRID=4326;POLYGON ((-88.28108823062689 37.85139519162426, -88.02533655911799 37.85497766278228, -88.03719064373239 38.68987373710851, -88.04471935489404 38.66427751935903, -88.08793696391723 38.51688012390051, -88.13100444705577 38.3694889338709, -88.17395444614418 38.222179980541874, -88.21659258705341 38.07487167249717, -88.25904989921891 37.92761239504672, -88.28108823062689 37.85139519162426))'
S2A_MSIL2A_20230517T162831_N0510_R083_T17TKG_20240904T073710.SAFE	geography'SRID=4326;POLYGON ((-83.30245038906821 42.15174621073167, -83.3124072413961 42.42936087235922, -84.64504576622768 42.39470139413761, -84.58926866785167 41.407726190110715, -83.57097365603383 41.43370999612951, -83.53280438488764 41.53649427455713, -83.47833609274936 41.68262545852977, -83.4237546013889 41.828722855938494, -83.36901299781942 41.974751406678834, -83.31414673081144 42.12071988489504, -83.30245038906821 42.15174621073167))'
S2A_MSIL2A_20230517T162831_N0510_R083_T16TFK_20240904T073710.SAFE	geography'SRID=4326;POLYGON ((-85.8173003773389 40.64479964997401, -85.8343344799183 39.65575725270223, -84.5552421778473 39.63587147039632, -84.51955068002488 40.62420990912828, -85.8173003773389 40.64479964997401))'
S2A_MSIL2A_20230517T162831_N0510_R083_T16TEQ_20240904T073710.SAFE	geography'SRID=4326;POLYGON ((-86.3333396911149 44.16135965468884, -85.62710599954542 44.157116557384406, -85.60358882685107 45.145299673094094, -86.00190222571334 45.147734494714776, -86.00669712994288 45.13355512064136, -86.05656599107182 44.986995168159375, -86.10613389570236 44.84035766401638, -86.15555623330101 44.6936875554972, -86.2048162058454 44.54695189436512, -86.25394605293893 44.40018422113528, -86.30282569494071 44.253362861459614, -86.3333396911149 44.16135965468884))'
S2A_MSIL2A_20230517T162831_N0510_R083_T16SFJ_20240904T073710.SAFE	geography'SRID=4326;POLYGON ((-85.83284204446888 39.744399896499196, -85.84912778038333 38.75519833855342, -84.58623972133756 38.73593643111066, -84.55211502393708 39.72445184157785, -85.83284204446888 39.744399896499196))'
S2A_MSIL2A_20230517T162831_N0510_R083_T16TDL_20240904T073710.SAFE	geography'SRID=4326;POLYGON ((-87.47788631808606 40.559954767396725, -86.88470843547175 40.5626923872254, -86.88296836561118 41.55178511688993, -87.1726537302072 41.55042163959953, -87.20021132354357 41.46163172681924, -87.24579006737075 41.31464195503671, -87.29127647245782 41.16759355479261, -87.33664124301454 41.02046152161502, -87.38193846251825 40.87329935742983, -87.42705472988064 40.72607198067541, -87.47212343766962 40.57882034517159, -87.47788631808606 40.559954767396725))'
S2A_MSIL2A_20230517T162831_N0510_R083_T16TGN_20240904T073710.SAFE	geography'SRID=4326;POLYGON ((-83.2414718781357 42.31341519736138, -83.18187629631362 43.28908179915951, -84.53371085886852 43.32625697177811, -84.5727044512481 42.33837210189082, -83.24557748506392 42.30254437350464, -83.2414718781357 42.31341519736138))'
S2A_MSIL2A_20230517T162831_N0510_R083_T16SEJ_20240904T073710.SAFE	geography'SRID=4326;POLYGON ((-87.00023345437725 39.7502679270046, -87.00023019602958 38.760864457162924, -85.73659678080747 38.754036048213806, -85.71871965132907 39.74319619212293, -87.00023345437725 39.7502679270046))'
S2A_MSIL2A_20230517T162831_N0510_R083_T17TLH_20240904T073710.SAFE	geography'SRID=4326;POLYGON ((-82.8485083071994 43.33592512654369, -83.46678204877878 43.32624633586568, -83.42778068203103 42.33836182515417, -83.23090753068453 42.34138747096456, -83.20409141390823 42.412391170805854, -83.14880039824048 42.55816857906235, -83.09324550533705 42.70400838151176, -83.03737362764245 42.849913954374095, -82.98098652346087 42.99588954671357, -82.92432238742293 43.14190227828182, -82.86732143957691 43.28786369883344, -82.8485083071994 43.33592512654369))'
S2A_MSIL2A_20230517T162831_N0510_R083_T16SGJ_20240904T073710.SAFE	geography'SRID=4326;POLYGON ((-84.19234014105477 39.71465537532118, -84.66683353200473 39.72681533153163, -84.69936254729447 38.73821864423846, -84.5345769454032 38.734083399117466, -84.5269567277836 38.756200813734495, -84.4765798505397 38.90258838837253, -84.42569707025957 39.0489048334427, -84.37501504296432 39.19542285182414, -84.32374241157022 39.341948408699935, -84.2722618833713 39.48850659470107, -84.22060689356914 39.63507103167911, -84.19234014105477 39.71465537532118))'
S2A_MSIL2A_20230517T162831_N0510_R083_T16TDM_20240904T073710.SAFE	geography'SRID=4326;POLYGON ((-87.20003386913173 41.46220348072958, -86.88312689683454 41.46369251697452, -86.88130582637642 42.452629745736225, -86.88859792947648 42.4525948245175, -86.92318658625506 42.34394186203495, -86.96985910928589 42.19682436509592, -87.01637555269613 42.04970575281964, -87.0627013924836 41.90260850279852, -87.10876745369586 41.75559568817499, -87.15459226387824 41.608615256163134, -87.20003386913173 41.46220348072958))'
S2A_MSIL2A_20230517T162831_N0510_R083_T17SKD_20240904T073710.SAFE	geography'SRID=4326;POLYGON ((-84.19577567700121 39.704982708706325, -84.49897689950004 39.6975094680204, -84.46185319289042 38.944935763715335, -84.42569707025957 39.0489048334427, -84.37501504296432 39.19542285182414, -84.32374241157022 39.341948408699935, -84.2722618833713 39.48850659470107, -84.22060689356914 39.63507103167911, -84.19577567700121 39.704982708706325))'
S2A_MSIL2A_20230517T162831_N0510_R083_T16TEK_20240904T073710.SAFE	geography'SRID=4326;POLYGON ((-87.00023656389149 40.650856515774606, -87.00023315577859 39.66160695799293, -85.72035792136309 39.6545573069827, -85.7016593384075 40.64355721409192, -87.00023656389149 40.650856515774606))'
S2A_MSIL2A_20230517T162831_N0510_R083_T16TER_20240904T073710.SAFE	geography'SRID=4326;POLYGON ((-86.03194638204573 45.05934991313056, -85.60574612901156 45.05674859305782, -85.58109585564665 46.044766226835556, -85.69237864536416 46.0454569120891, -85.70352263586565 46.0136042025386, -85.75487204966853 45.86692000364541, -85.80591977650602 45.72019272619482, -85.85670923833915 45.573497677403935, -85.90710580994802 45.42684930777749, -85.95710564883075 45.28020584146516, -86.00669712994288 45.13355512064136, -86.03194638204573 45.05934991313056))'
S2A_MSIL2A_20230517T162831_N0510_R083_T16TFR_20240904T073710.SAFE	geography'SRID=4326;POLYGON ((-85.70853574153115 45.99928381727904, -85.72992432822251 45.05819732058294, -84.33649579223145 45.034190140253024, -84.28945585240227 46.02142174250963, -85.69218941915578 46.04599777466917, -85.70352263586565 46.0136042025386, -85.70853574153115 45.99928381727904))'
S2A_MSIL2A_20230517T162831_N0510_R083_T16TDK_20240904T073710.SAFE	geography'SRID=4326;POLYGON ((-87.750408677166 39.657636010736624, -86.88622008547372 39.66155122739065, -86.88455693238029 40.65079881136531, -87.45089468511314 40.64818041088024, -87.47212343766962 40.57882034517159, -87.5171074244012 40.43155910791148, -87.56194864298702 40.28426368586437, -87.60658728350937 40.13698283954644, -87.65095925177246 39.98972369752655, -87.69515216782693 39.84253633075483, -87.73916323868366 39.69538777094088, -87.750408677166 39.657636010736624))'
S2A_MSIL2A_20230517T162831_N0510_R083_T16TGM_20240904T073710.SAFE	geography'SRID=4326;POLYGON ((-83.24136679000516 42.31369344965795, -83.2368635672951 42.39088066238852, -84.5692895469665 42.426911995973605, -84.60653922316477 41.43884624479472, -83.57918817690611 41.41158948989157, -83.53280438488764 41.53649427455713, -83.47833609274936 41.68262545852977, -83.4237546013889 41.828722855938494, -83.36901299781942 41.974751406678834, -83.31414673081144 42.12071988489504, -83.25915090540548 42.26660467829106, -83.24136679000516 42.31369344965795))'
S2B_MSIL2A_20230516T174909_N0510_R141_T13TFF_20240905T013427.SAFE	geography'SRID=4326;POLYGON ((-103.67736050922397 41.54359625264787, -103.80103038521031 41.545593768972765, -103.80741375657341 41.191396018518624, -103.8008331548078 41.20930346656511, -103.74717822698211 41.3553631032195, -103.69319198891372 41.5013728139858, -103.67736050922397 41.54359625264787))'
S2B_MSIL2A_20230516T174909_N0510_R141_T14TLT_20240905T013427.SAFE	geography'SRID=4326;POLYGON ((-101.10954626497424 47.832099296796414, -101.67207324053518 47.82259512731069, -101.62271963783216 46.835643714163524, -101.55139584741718 46.83682996150389, -101.52814347120577 46.8902826807342, -101.46467077269408 47.0353437457898, -101.40086040869346 47.18042792102399, -101.33634683619294 47.325430549296094, -101.27196776298518 47.47055450096013, -101.20689355654628 47.61557527440786, -101.14173159217614 47.760649005933686, -101.10954626497424 47.832099296796414))'
S2B_MSIL2A_20230516T174909_N0510_R141_T13TFN_20240905T013427.SAFE	geography'SRID=4326;POLYGON ((-103.66339978002995 47.84592105208886, -103.68811311448758 46.85818197246455, -102.24891500137986 46.83262831925138, -102.19715331707549 47.81947440295927, -103.66339978002995 47.84592105208886))'
S2B_MSIL2A_20230516T174909_N0510_R141_T13TEM_20240905T013427.SAFE	geography'SRID=4326;POLYGON ((-105.00026284243779 46.953709179213256, -105.00025812995321 45.965551148516354, -103.58334389839345 45.956769859075806, -103.55749190205454 46.94462144140276, -105.00026284243779 46.953709179213256))'
S2B_MSIL2A_20230516T174909_N0510_R141_T13TFM_20240905T013427.SAFE	geography'SRID=4326;POLYGON ((-103.68596471962562 46.94616825397537, -103.70951593127273 45.95826451839171, -102.29374566695488 45.93349650488509, -102.24441508393578 46.920536388192055, -103.68596471962562 46.94616825397537))'
S2B_MSIL2A_20230516T174909_N0510_R141_T13TGM_20240905T013427.SAFE	geography'SRID=4326;POLYGON ((-101.52444838053611 46.89872747354409, -102.37351464472057 46.92357305830357, -102.42054054444475 45.93643087306754, -101.94358549313156 45.92269942943079, -101.90273142161331 46.01916416852679, -101.84100301665792 46.164514656251455, -101.77875936393391 46.30971075873055, -101.71651791999584 46.4549035036895, -101.65398100204992 46.60004605743837, -101.5912559229324 46.74519935112486, -101.52814347120577 46.8902826807342, -101.52444838053611 46.89872747354409))'
S2B_MSIL2A_20230516T174909_N0510_R141_T13UGP_20240905T013427.SAFE	geography'SRID=4326;POLYGON ((-100.80637304246784 48.49563329652422, -100.7917155642128 48.676094448248996, -102.28118473719852 48.720927698149374, -102.33299058185199 47.73416799677996, -101.16912271408681 47.699666616825716, -101.14173159217614 47.760649005933686, -101.07641147284936 47.90565736629022, -101.01042436632589 48.05045072679524, -100.94441022128579 48.19524037165039, -100.8780694861163 48.33999373422421, -100.81141862586898 48.484720515658864, -100.80637304246784 48.49563329652422))'
S2B_MSIL2A_20230516T174909_N0510_R141_T13UEQ_20240905T013427.SAFE	geography'SRID=4326;POLYGON ((-104.88819953288713 48.66430632974211, -103.50933035947723 48.65538534877128, -103.47940434627488 49.64273706516441, -104.51138221835735 49.649512827623106, -104.51630814356656 49.636834470822585, -104.5727727800574 49.49072989910672, -104.6290245664581 49.34459386481871, -104.68506149606179 49.198478001656014, -104.7410293823824 49.052372798349126, -104.79655665259736 48.90617477901153, -104.85211786362744 48.759962958798056, -104.88819953288713 48.66430632974211))'
S2B_MSIL2A_20230516T174909_N0510_R141_T13UFP_20240905T013427.SAFE	geography'SRID=4326;POLYGON ((-103.63972075371633 48.74498411169783, -103.6656686510332 47.75740973734738, -102.20190528469708 47.73104447774509, -102.14756129152694 48.71769475117851, -103.63972075371633 48.74498411169783))'
S2B_MSIL2A_20230516T174909_N0510_R141_T13UEP_20240905T013427.SAFE	geography'SRID=4326;POLYGON ((-105.00027006486646 48.36660104647006, -105.00026690365507 47.765166566721895, -103.53521313306013 47.75581864580811, -103.5067305244228 48.7433372246506, -104.85509415065555 48.75207248172055, -104.90730449347808 48.61365689567012, -104.96240834269985 48.46735483365661, -105.00027006486646 48.36660104647006))'
S2B_MSIL2A_20230516T174909_N0510_R141_T13TEN_20240905T013427.SAFE	geography'SRID=4326;POLYGON ((-105.0002673576574 47.85370184248753, -105.00026241255061 46.86569987335423, -103.55985017558999 46.85663988190739, -103.53272262323178 47.844325046514086, -105.0002673576574 47.85370184248753))'
S2B_MSIL2A_20230516T174909_N0510_R141_T13UFQ_20240905T013427.SAFE	geography'SRID=4326;POLYGON ((-103.61482626682331 49.64443670244057, -103.64208923014807 48.657027178567795, -102.15252154805323 48.62982157570405, -102.09542723709785 49.61627372192671, -103.61482626682331 49.64443670244057))'
S2B_MSIL2A_20230516T174909_N0510_R141_T14ULV_20240905T013427.SAFE	geography'SRID=4326;POLYGON ((-100.26358476218603 49.64573577094052, -101.76906793701309 49.619596875011254, -101.71462894820279 48.63303181535822, -100.7350663871544 48.649790360484864, -100.6773791393394 48.77414483072752, -100.60989542546973 48.91887691697321, -100.54206353791075 49.06359828869639, -100.47336614484145 49.20818258774906, -100.40454449768154 49.35278523759112, -100.33515534970157 49.49733023637131, -100.26547114928752 49.641834449631055, -100.26358476218603 49.64573577094052))'
S2B_MSIL2A_20230516T174909_N0510_R141_T13TGK_20240905T013427.SAFE	geography'SRID=4326;POLYGON ((-102.27840190866806 45.12044306478787, -102.45736864275568 45.12552488296481, -102.47881298828445 44.630541509715236, -102.4464823396928 44.710173665584605, -102.38705980880947 44.85559398991012, -102.32773324512355 45.00111337975664, -102.27840190866806 45.12044306478787))'
S2B_MSIL2A_20230516T174909_N0510_R141_T13UGQ_20240905T013427.SAFE	geography'SRID=4326;POLYGON ((-102.23148519495959 49.61961011420237, -102.28591334225759 48.63304460468163, -100.79901938142157 48.5883487810417, -100.71495435702143 49.57334356268714, -102.23148519495959 49.61961011420237))'
S2B_MSIL2A_20230516T174909_N0510_R141_T13TGN_20240905T013427.SAFE	geography'SRID=4326;POLYGON ((-101.12984951378137 47.78702680076034, -102.32846057360035 47.82260755999096, -102.37780434448764 46.835655727197015, -101.56227300448161 46.811825479497266, -101.52814347120577 46.8902826807342, -101.46467077269408 47.0353437457898, -101.40086040869346 47.18042792102399, -101.33634683619294 47.325430549296094, -101.27196776298518 47.47055450096013, -101.20689355654628 47.61557527440786, -101.14173159217614 47.760649005933686, -101.12984951378137 47.78702680076034))'
S2B_MSIL2A_20230516T174909_N0510_R141_T14TLS_20240905T013427.SAFE	geography'SRID=4326;POLYGON ((-101.5127495508367 46.92546408213162, -101.62701019239009 46.92356100851489, -101.61580479486109 46.688390341604745, -101.5912559229324 46.74519935112486, -101.52814347120577 46.8902826807342, -101.5127495508367 46.92546408213162))'
S2B_MSIL2A_20230516T174909_N0510_R141_T14ULU_20240905T013427.SAFE	geography'SRID=4326;POLYGON ((-100.6939230589718 48.73848165663708, -101.7193584952283 48.7209148694678, -101.66754232973864 47.734155602346505, -101.14970715887355 47.74289255501925, -101.14173159217614 47.760649005933686, -101.07641147284936 47.90565736629022, -101.01042436632589 48.05045072679524, -100.94441022128579 48.19524037165039, -100.8780694861163 48.33999373422421, -100.81141862586898 48.484720515658864, -100.74450609015469 48.629441508523485, -100.6939230589718 48.73848165663708))'
S2A_MSIL2A_20230516T165851_N0510_R069_T15TWN_20240905T002641.SAFE	geography'SRID=4326;POLYGON ((-92.9545572750033 46.86541239443353, -91.55985017558999 46.85663988190739, -91.53272262323176 47.844325046514086, -92.59660939260286 47.851122692228884, -92.60665486344944 47.823928738548645, -92.66032258167807 47.67750580174931, -92.71383894603187 47.531028464750754, -92.76745946141581 47.38452574532467, -92.82066579419597 47.23798413099222, -92.87358216511971 47.09146199198226, -92.92619046649004 46.94499440409491, -92.9545572750033 46.86541239443353))'
S2A_MSIL2A_20230516T165851_N0510_R069_T15TVJ_20240905T002641.SAFE	geography'SRID=4326;POLYGON ((-94.18069342881368 43.25840201444859, -92.87974009973617 43.26472716389879, -92.87774350913473 44.25335216097235, -93.8552178938714 44.24851416720675, -93.88496039791752 44.15912372087513, -93.9337022486952 44.01230631254506, -93.98229481335869 43.86539936307839, -94.03068076395442 43.718450037711214, -94.07888346762832 43.57149547845865, -94.12680957031645 43.42460671971482, -94.17442732526509 43.27778773619298, -94.18069342881368 43.25840201444859))'
S2A_MSIL2A_20230516T165851_N0510_R069_T15UXP_20240905T002641.SAFE	geography'SRID=4326;POLYGON ((-91.63972075371633 48.74498411169783, -91.6656686510332 47.75740973734738, -90.20190528469708 47.73104447774509, -90.14756129152694 48.71769475117851, -91.63972075371633 48.74498411169783))'
S2A_MSIL2A_20230516T165851_N0510_R069_T15TVM_20240905T002641.SAFE	geography'SRID=4326;POLYGON ((-93.2720592684344 45.963452773334545, -92.87403273692426 45.96548172662488, -92.87173305487556 46.95363733424615, -92.92318183401508 46.95337078443733, -92.92619046649004 46.94499440409491, -92.9783930235448 46.79854210235148, -93.03026287571721 46.652084139545096, -93.08188404951044 46.50562444292367, -93.13337119057968 46.35916482271997, -93.18478363324915 46.21267083869232, -93.23616078541048 46.06614223751422, -93.2720592684344 45.963452773334545))'
S2A_MSIL2A_20230516T165851_N0510_R069_T15UWP_20240905T002641.SAFE	geography'SRID=4326;POLYGON ((-92.6290608107063 47.76279804942291, -91.53521313306011 47.75581864580811, -91.50673052442279 48.7433372246506, -92.26308850857427 48.748237224398395, -92.28087229470135 48.701155950536894, -92.33567837387768 48.554984128559845, -92.39033983749731 48.40884654652716, -92.44461429062929 48.262688461666585, -92.49870326245923 48.11650563551342, -92.55261619157648 47.97021607164611, -92.60665486344944 47.823928738548645, -92.6290608107063 47.76279804942291))'
S2A_MSIL2A_20230515T172901_N0510_R055_T14TLP_20240902T160750.SAFE	geography'SRID=4326;POLYGON ((-101.4940099709752 43.982653945024694, -101.46322767686333 43.23826255332707, -100.1113169858077 43.25939191053712, -100.12976271323852 44.24783068396879, -101.41278492641415 44.22741660755283, -101.41691379812924 44.21502099593149, -101.46575552138376 44.06822594756439, -101.4940099709752 43.982653945024694))'
S2A_MSIL2A_20230515T172901_N0510_R055_T14TPS_20240902T160750.SAFE	geography'SRID=4326;POLYGON ((-96.47006485589012 46.9245486153992, -97.68596471962562 46.94616825397537, -97.70951593127273 45.95826451839171, -96.89222626165966 45.943966547819805, -96.8620321670075 46.015502858604776, -96.80023733354847 46.160829779349854, -96.73804090956816 46.30621516541173, -96.67543282343658 46.451603794295686, -96.61252620457216 46.596979865279735, -96.54950016198876 46.742231348463214, -96.48627847029658 46.887392106922576, -96.47006485589012 46.9245486153992))'
S2A_MSIL2A_20230515T172901_N0510_R055_T14TPP_20240902T160750.SAFE	geography'SRID=4326;POLYGON ((-97.59328438417589 44.243931145560154, -97.74751912777681 44.24655093494868, -97.75605239749939 43.83408148252371, -97.69892509512744 43.97854536319564, -97.64112108281768 44.12411003918096, -97.59328438417589 44.243931145560154))'
S2A_MSIL2A_20230515T172901_N0510_R055_T14TLT_20240902T160750.SAFE	geography'SRID=4326;POLYGON ((-100.50918595297993 46.854163851194606, -100.18335153308469 46.859583083848264, -100.20236203544209 47.70190779354249, -100.2443250431084 47.58689240473701, -100.29765180294144 47.44037374032151, -100.35098579669624 47.29384538492764, -100.40371047495901 47.14724086242795, -100.45660724871756 47.00079452557639, -100.50911113043372 46.85437446954265, -100.50918595297993 46.854163851194606))'
S2A_MSIL2A_20230515T172901_N0510_R055_T14TPR_20240902T160750.SAFE	geography'SRID=4326;POLYGON ((-96.85529997646599 46.031335388065614, -97.7074679641667 46.046265456303395, -97.72992432822251 45.05819732058294, -97.26516163548554 45.05018999082977, -97.2266978853892 45.143733210035535, -97.16651472163495 45.28917786516736, -97.10631184870157 45.434571290407526, -97.04531793976048 45.57975388967928, -96.98437425832208 45.72499296456586, -96.92334688991008 45.870235079465054, -96.8620321670075 46.015502858604776, -96.85529997646599 46.031335388065614))'
S2A_MSIL2A_20230515T172901_N0510_R055_T14UMV_20240902T160750.SAFE	geography'SRID=4326;POLYGON ((-99.84760726294695 48.65973924241697, -98.86744867287635 48.66495515183609, -98.86478640421906 49.652643868751746, -99.46839519889218 49.64938409842979, -99.47429536131816 49.634266443326766, -99.53083193577469 49.48809038642271, -99.58731514088494 49.34188560057823, -99.64367531392304 49.19562010634448, -99.69964536121876 49.04929387300622, -99.75524149424007 48.9029883627947, -99.81097502655261 48.756847354968016, -99.84760726294695 48.65973924241697))'
S2A_MSIL2A_20230515T172901_N0510_R055_T14TNS_20240902T160750.SAFE	geography'SRID=4326;POLYGON ((-99.00026284243779 46.953709179213256, -99.00025812995321 45.965551148516354, -97.58334389839344 45.956769859075806, -97.55749190205454 46.94462144140276, -99.00026284243779 46.953709179213256))'
S2A_MSIL2A_20230515T172901_N0510_R055_T15UUQ_20240902T160750.SAFE	geography'SRID=4326;POLYGON ((-95.23071208551397 49.628944058567036, -95.76906793701309 49.619596875011254, -95.71462894820279 48.63303181535822, -95.70090832695675 48.633266550391454, -95.63669621930896 48.77126115915719, -95.56915783348671 48.91586097500222, -95.5014622143113 49.06035760537512, -95.43339375461541 49.204805916560645, -95.36479482556838 49.349263046333775, -95.29569458647887 49.49374727060681, -95.23071208551397 49.628944058567036))'
S2B_MSIL2A_20230515T163839_N0510_R126_T16TFQ_20240902T120427.SAFE	geography'SRID=4326;POLYGON ((-84.65105160604699 45.128170632519996, -85.72795903223155 45.14675285555784, -85.74938307519847 44.158520786393645, -85.04886041814403 44.14664051774071, -85.0052997735787 44.255811117594405, -84.94687737833713 44.4013778851235, -84.88822163215627 44.54694227770697, -84.82922519987923 44.6924511236341, -84.77024994565207 44.83798984743122, -84.71073322020261 44.98348694564472, -84.65105160604699 45.128170632519996))'