S2B_MSIL2A_20250814T171859_N0511_R012_T14TNQ_20250814T205709.SAFE	/eodata/Sentinel-2/MSI/L2A/2025/08/14/S2B_MSIL2A_20250814T171859_N0511_R012_T14TNQ_20250814T205709.SAFE
S2B_MSIL2A_20250814T171859_N0511_R012_T14SMF_20250814T205709.SAFE	/eodata/Sentinel-2/MSI/L2A/2025/08/14/S2B_MSIL2A_20250814T171859_N0511_R012_T14SMF_20250814T205709.SAFE
S2B_MSIL2A_20250814T171859_N0511_R012_T14TNM_20250814T205709.SAFE	/eodata/Sentinel-2/MSI/L2A/2025/08/14/S2B_MSIL2A_20250814T171859_N0511_R012_T14TNM_20250814T205709.SAFE
S2B_MSIL2A_20250814T171859_N0511_R012_T14TNL_20250814T205709.SAFE	/eodata/Sentinel-2/MSI/L2A/2025/08/14/S2B_MSIL2A_20250814T171859_N0511_R012_T14TNL_20250814T205709.SAFE
S2B_MSIL2A_20250814T171859_N0511_R012_T14SLJ_20250814T205709.SAFE	/eodata/Sentinel-2/MSI/L2A/2025/08/14/S2B_MSIL2A_20250814T171859_N0511_R012_T14SLJ_20250814T205709.SAFE
S2B_MSIL2A_20250814T171859_N0511_R012_T14TNK_20250814T205709.SAFE	/eodata/Sentinel-2/MSI/L2A/2025/08/14/S2B_MSIL2A_20250814T171859_N0511_R012_T14TNK_20250814T205709.SAFE
S2B_MSIL2A_20250814T171859_N0511_R012_T14TMM_20250814T205709.SAFE	/eodata/Sentinel-2/MSI/L2A/2025/08/14/S2B_MSIL2A_20250814T171859_N0511_R012_T14TMM_20250814T205709.SAFE
S2B_MSIL2A_20250814T171859_N0511_R012_T14SMG_20250814T205709.SAFE	/eodata/Sentinel-2/MSI/L2A/2025/08/14/S2B_MSIL2A_20250814T171859_N0511_R012_T14SMG_20250814T205709.SAFE
S2B_MSIL2A_20250814T171859_N0511_R012_T14SLF_20250814T205709.SAFE	/eodata/Sentinel-2/MSI/L2A/2025/08/14/S2B_MSIL2A_20250814T171859_N0511_R012_T14SLF_20250814T205709.SAFE
S2B_MSIL2A_20250814T171859_N0511_R012_T14TNR_20250814T205709.SAFE	/eodata/Sentinel-2/MSI/L2A/2025/08/14/S2B_MSIL2A_20250814T171859_N0511_R012_T14TNR_20250814T205709.SAFE
S2B_MSIL2A_20250814T171859_N0511_R012_T14SLH_20250814T205709.SAFE	/eodata/Sentinel-2/MSI/L2A/2025/08/14/S2B_MSIL2A_20250814T171859_N0511_R012_T14SLH_20250814T205709.SAFE
S2B_MSIL2A_20250814T171859_N0511_R012_T14TNP_20250814T205709.SAFE	/eodata/Sentinel-2/MSI/L2A/2025/08/14/S2B_MSIL2A_20250814T171859_N0511_R012_T14TNP_20250814T205709.SAFE
S2B_MSIL2A_20250814T171859_N0511_R012_T14SMH_20250814T205709.SAFE	/eodata/Sentinel-2/MSI/L2A/2025/08/14/S2B_MSIL2A_20250814T171859_N0511_R012_T14SMH_20250814T205709.SAFE
S2B_MSIL2A_20250814T171859_N0511_R012_T14TPS_20250814T205709.SAFE	/eodata/Sentinel-2/MSI/L2A/2025/08/14/S2B_MSIL2A_20250814T171859_N0511_R012_T14TPS_20250814T205709.SAFE
S2B_MSIL2A_20250814T171859_N0511_R012_T14TMP_20250814T205709.SAFE	/eodata/Sentinel-2/MSI/L2A/2025/08/14/S2B_MSIL2A_20250814T171859_N0511_R012_T14TMP_20250814T205709.SAFE
S2B_MSIL2A_20250814T171859_N0511_R012_T14TMK_20250814T205709.SAFE	/eodata/Sentinel-2/MSI/L2A/2025/08/14/S2B_MSIL2A_20250814T171859_N0511_R012_T14TMK_20250814T205709.SAFE
S2B_MSIL2A_20250814T171859_N0511_R012_T14SMJ_20250814T205709.SAFE	/eodata/Sentinel-2/MSI/L2A/2025/08/14/S2B_MSIL2A_20250814T171859_N0511_R012_T14SMJ_20250814T205709.SAFE
S2B_MSIL2A_20250814T171859_N0511_R012_T14TML_20250814T205709.SAFE	/eodata/Sentinel-2/MSI/L2A/2025/08/14/S2B_MSIL2A_20250814T171859_N0511_R012_T14TML_20250814T205709.SAFE
S2B_MSIL2A_20250814T171859_N0511_R012_T14TMN_20250814T205709.SAFE	/eodata/Sentinel-2/MSI/L2A/2025/08/14/S2B_MSIL2A_20250814T171859_N0511_R012_T14TMN_20250814T205709.SAFE
S2B_MSIL2A_20250814T171859_N0511_R012_T14TLK_20250814T205709.SAFE	/eodata/Sentinel-2/MSI/L2A/2025/08/14/S2B_MSIL2A_20250814T171859_N0511_R012_T14TLK_20250814T205709.SAFE
S2B_MSIL2A_20250814T171859_N0511_R012_T14TNS_20250814T205709.SAFE	/eodata/Sentinel-2/MSI/L2A/2025/08/14/S2B_MSIL2A_20250814T171859_N0511_R012_T14TNS_20250814T205709.SAFE
S2C_MSIL2A_20250814T162921_N0511_R083_T16TDK_20250814T212815.SAFE	/eodata/Sentinel-2/MSI/L2A/2025/08/14/S2C_MSIL2A_20250814T162921_N0511_R083_T16TDK_20250814T212815.SAFE
S2B_MSIL2A_20250813T174909_N0511_R141_T13TEF_20250813T214502.SAFE	/eodata/Sentinel-2/MSI/L2A/2025/08/13/S2B_MSIL2A_20250813T174909_N0511_R141_T13TEF_20250813T214502.SAFE
S2B_MSIL2A_20250813T174909_N0511_R141_T13TFM_20250813T214502.SAFE	/eodata/Sentinel-2/MSI/L2A/2025/08/13/S2B_MSIL2A_20250813T174909_N0511_R141_T13TFM_20250813T214502.SAFE
S2B_MSIL2A_20250813T174909_N0511_R141_T13TFH_20250813T214502.SAFE	/eodata/Sentinel-2/MSI/L2A/2025/08/13/S2B_MSIL2A_20250813T174909_N0511_R141_T13TFH_20250813T214502.SAFE
S2B_MSIL2A_20250813T174909_N0511_R141_T13TEM_20250813T214502.SAFE	/eodata/Sentinel-2/MSI/L2A/2025/08/13/S2B_MSIL2A_20250813T174909_N0511_R141_T13TEM_20250813T214502.SAFE
S2B_MSIL2A_20250813T174909_N0511_R141_T13TGK_20250813T214502.SAFE	/eodata/Sentinel-2/MSI/L2A/2025/08/13/S2B_MSIL2A_20250813T174909_N0511_R141_T13TGK_20250813T214502.SAFE
S2B_MSIL2A_20250813T174909_N0511_R141_T13TGL_20250813T214502.SAFE	/eodata/Sentinel-2/MSI/L2A/2025/08/13/S2B_MSIL2A_20250813T174909_N0511_R141_T13TGL_20250813T214502.SAFE
S2B_MSIL2A_20250813T174909_N0511_R141_T13TFG_20250813T214502.SAFE	/eodata/Sentinel-2/MSI/L2A/2025/08/13/S2B_MSIL2A_20250813T174909_N0511_R141_T13TFG_20250813T214502.SAFE
S2B_MSIL2A_20250813T174909_N0511_R141_T13TFK_20250813T214502.SAFE	/eodata/Sentinel-2/MSI/L2A/2025/08/13/S2B_MSIL2A_20250813T174909_N0511_R141_T13TFK_20250813T214502.SAFE
S2B_MSIL2A_20250813T174909_N0511_R141_T13TFL_20250813T214502.SAFE	/eodata/Sentinel-2/MSI/L2A/2025/08/13/S2B_MSIL2A_20250813T174909_N0511_R141_T13TFL_20250813T214502.SAFE
S2B_MSIL2A_20250813T174909_N0511_R141_T13TEN_20250813T214502.SAFE	/eodata/Sentinel-2/MSI/L2A/2025/08/13/S2B_MSIL2A_20250813T174909_N0511_R141_T13TEN_20250813T214502.SAFE
S2B_MSIL2A_20250813T174909_N0511_R141_T13TFF_20250813T214502.SAFE	/eodata/Sentinel-2/MSI/L2A/2025/08/13/S2B_MSIL2A_20250813T174909_N0511_R141_T13TFF_20250813T214502.SAFE
S2B_MSIL2A_20250813T174909_N0511_R141_T13TEH_20250813T214502.SAFE	/eodata/Sentinel-2/MSI/L2A/2025/08/13/S2B_MSIL2A_20250813T174909_N0511_R141_T13TEH_20250813T214502.SAFE
S2B_MSIL2A_20250813T174909_N0511_R141_T13TEG_20250813T214502.SAFE	/eodata/Sentinel-2/MSI/L2A/2025/08/13/S2B_MSIL2A_20250813T174909_N0511_R141_T13TEG_20250813T214502.SAFE
S2C_MSIL2A_20250813T165911_N0511_R069_T15TWF_20250813T220414.SAFE	/eodata/Sentinel-2/MSI/L2A/2025/08/13/S2C_MSIL2A_20250813T165911_N0511_R069_T15TWF_20250813T220414.SAFE
S2C_MSIL2A_20250813T165911_N0511_R069_T15TVF_20250813T220414.SAFE	/eodata/Sentinel-2/MSI/L2A/2025/08/13/S2C_MSIL2A_20250813T165911_N0511_R069_T15TVF_20250813T220414.SAFE
S2C_MSIL2A_20250813T165911_N0511_R069_T15TXF_20250813T220414.SAFE	/eodata/Sentinel-2/MSI/L2A/2025/08/13/S2C_MSIL2A_20250813T165911_N0511_R069_T15TXF_20250813T220414.SAFE
S2C_MSIL2A_20250813T165911_N0511_R069_T15STC_20250813T220414.SAFE	/eodata/Sentinel-2/MSI/L2A/2025/08/13/S2C_MSIL2A_20250813T165911_N0511_R069_T15STC_20250813T220414.SAFE
S2C_MSIL2A_20250813T165911_N0511_R069_T14SQH_20250813T220414.SAFE	/eodata/Sentinel-2/MSI/L2A/2025/08/13/S2C_MSIL2A_20250813T165911_N0511_R069_T14SQH_20250813T220414.SAFE
S2C_MSIL2A_20250813T165911_N0511_R069_T15TVG_20250813T220414.SAFE	/eodata/Sentinel-2/MSI/L2A/2025/08/13/S2C_MSIL2A_20250813T165911_N0511_R069_T15TVG_20250813T220414.SAFE
S2C_MSIL2A_20250812T172921_N0511_R055_T14SKJ_20250812T225615.SAFE	/eodata/Sentinel-2/MSI/L2A/2025/08/12/S2C_MSIL2A_20250812T172921_N0511_R055_T14SKJ_20250812T225615.SAFE
S2C_MSIL2A_20250812T172921_N0511_R055_T14SMH_20250812T225615.SAFE	/eodata/Sentinel-2/MSI/L2A/2025/08/12/S2C_MSIL2A_20250812T172921_N0511_R055_T14SMH_20250812T225615.SAFE
S2C_MSIL2A_20250812T172921_N0511_R055_T14TMK_20250812T225615.SAFE	/eodata/Sentinel-2/MSI/L2A/2025/08/12/S2C_MSIL2A_20250812T172921_N0511_R055_T14TMK_20250812T225615.SAFE
S2C_MSIL2A_20250812T172921_N0511_R055_T14TPQ_20250812T225615.SAFE	/eodata/Sentinel-2/MSI/L2A/2025/08/12/S2C_MSIL2A_20250812T172921_N0511_R055_T14TPQ_20250812T225615.SAFE
S2C_MSIL2A_20250812T172921_N0511_R055_T14SLH_20250812T225615.SAFE	/eodata/Sentinel-2/MSI/L2A/2025/08/12/S2C_MSIL2A_20250812T172921_N0511_R055_T14SLH_20250812T225615.SAFE
S2C_MSIL2A_20250812T172921_N0511_R055_T14TKM_20250812T225615.SAFE	/eodata/Sentinel-2/MSI/L2A/2025/08/12/S2C_MSIL2A_20250812T172921_N0511_R055_T14TKM_20250812T225615.SAFE
S2C_MSIL2A_20250812T172921_N0511_R055_T14TKK_20250812T225615.SAFE	/eodata/Sentinel-2/MSI/L2A/2025/08/12/S2C_MSIL2A_20250812T172921_N0511_R055_T14TKK_20250812T225615.SAFE
S2C_MSIL2A_20250812T172921_N0511_R055_T13TGE_20250812T225615.SAFE	/eodata/Sentinel-2/MSI/L2A/2025/08/12/S2C_MSIL2A_20250812T172921_N0511_R055_T13TGE_20250812T225615.SAFE
S2C_MSIL2A_20250812T172921_N0511_R055_T13TGF_20250812T225615.SAFE	/eodata/Sentinel-2/MSI/L2A/2025/08/12/S2C_MSIL2A_20250812T172921_N0511_R055_T13TGF_20250812T225615.SAFE
S2C_MSIL2A_20250812T172921_N0511_R055_T14TKL_20250812T225615.SAFE	/eodata/Sentinel-2/MSI/L2A/2025/08/12/S2C_MSIL2A_20250812T172921_N0511_R055_T14TKL_20250812T225615.SAFE
S2C_MSIL2A_20250812T172921_N0511_R055_T13SGB_20250812T225615.SAFE	/eodata/Sentinel-2/MSI/L2A/2025/08/12/S2C_MSIL2A_20250812T172921_N0511_R055_T13SGB_20250812T225615.SAFE
S2C_MSIL2A_20250812T172921_N0511_R055_T14SKH_20250812T225615.SAFE	/eodata/Sentinel-2/MSI/L2A/2025/08/12/S2C_MSIL2A_20250812T172921_N0511_R055_T14SKH_20250812T225615.SAFE
S2C_MSIL2A_20250812T172921_N0511_R055_T13SGD_20250812T225615.SAFE	/eodata/Sentinel-2/MSI/L2A/2025/08/12/S2C_MSIL2A_20250812T172921_N0511_R055_T13SGD_20250812T225615.SAFE
S2C_MSIL2A_20250812T172921_N0511_R055_T14SMJ_20250812T225615.SAFE	/eodata/Sentinel-2/MSI/L2A/2025/08/12/S2C_MSIL2A_20250812T172921_N0511_R055_T14SMJ_20250812T225615.SAFE
S2C_MSIL2A_20250812T172921_N0511_R055_T14TPP_20250812T225615.SAFE	/eodata/Sentinel-2/MSI/L2A/2025/08/12/S2C_MSIL2A_20250812T172921_N0511_R055_T14TPP_20250812T225615.SAFE
S2C_MSIL2A_20250812T172921_N0511_R055_T14TLL_20250812T225615.SAFE	/eodata/Sentinel-2/MSI/L2A/2025/08/12/S2C_MSIL2A_20250812T172921_N0511_R055_T14TLL_20250812T225615.SAFE
S2C_MSIL2A_20250812T172921_N0511_R055_T14SLJ_20250812T225615.SAFE	/eodata/Sentinel-2/MSI/L2A/2025/08/12/S2C_MSIL2A_20250812T172921_N0511_R055_T14SLJ_20250812T225615.SAFE
S2C_MSIL2A_20250812T172921_N0511_R055_T14TLK_20250812T225615.SAFE	/eodata/Sentinel-2/MSI/L2A/2025/08/12/S2C_MSIL2A_20250812T172921_N0511_R055_T14TLK_20250812T225615.SAFE
S2C_MSIL2A_20250812T172921_N0511_R055_T13TGG_20250812T225615.SAFE	/eodata/Sentinel-2/MSI/L2A/2025/08/12/S2C_MSIL2A_20250812T172921_N0511_R055_T13TGG_20250812T225615.SAFE
S2C_MSIL2A_20250812T172921_N0511_R055_T13SGC_20250812T225615.SAFE	/eodata/Sentinel-2/MSI/L2A/2025/08/12/S2C_MSIL2A_20250812T172921_N0511_R055_T13SGC_20250812T225615.SAFE
S2A_MSIL2A_20250811T172721_N0511_R012_T14TQS_20250812T020217.SAFE	/eodata/Sentinel-2/MSI/L2A/2025/08/11/S2A_MSIL2A_20250811T172721_N0511_R012_T14TQS_20250812T020217.SAFE
S2A_MSIL2A_20250811T172721_N0511_R012_T14TMP_20250812T020217.SAFE	/eodata/Sentinel-2/MSI/L2A/2025/08/11/S2A_MSIL2A_20250811T172721_N0511_R012_T14TMP_20250812T020217.SAFE
S2A_MSIL2A_20250811T172721_N0511_R012_T14TPR_20250812T020217.SAFE	/eodata/Sentinel-2/MSI/L2A/2025/08/11/S2A_MSIL2A_20250811T172721_N0511_R012_T14TPR_20250812T020217.SAFE
S2A_MSIL2A_20250811T172721_N0511_R012_T14TNR_20250812T020217.SAFE	/eodata/Sentinel-2/MSI/L2A/2025/08/11/S2A_MSIL2A_20250811T172721_N0511_R012_T14TNR_20250812T020217.SAFE
S2A_MSIL2A_20250811T172721_N0511_R012_T15TUM_20250812T020217.SAFE	/eodata/Sentinel-2/MSI/L2A/2025/08/11/S2A_MSIL2A_20250811T172721_N0511_R012_T15TUM_20250812T020217.SAFE
S2A_MSIL2A_20250811T172721_N0511_R012_T15TUL_20250812T020217.SAFE	/eodata/Sentinel-2/MSI/L2A/2025/08/11/S2A_MSIL2A_20250811T172721_N0511_R012_T15TUL_20250812T020217.SAFE
S2A_MSIL2A_20250811T172721_N0511_R012_T14TNQ_20250812T020217.SAFE	/eodata/Sentinel-2/MSI/L2A/2025/08/11/S2A_MSIL2A_20250811T172721_N0511_R012_T14TNQ_20250812T020217.SAFE
S2A_MSIL2A_20250811T172721_N0511_R012_T14TPQ_20250812T020217.SAFE	/eodata/Sentinel-2/MSI/L2A/2025/08/11/S2A_MSIL2A_20250811T172721_N0511_R012_T14TPQ_20250812T020217.SAFE
S2A_MSIL2A_20250811T172721_N0511_R012_T14TNP_20250812T020217.SAFE	/eodata/Sentinel-2/MSI/L2A/2025/08/11/S2A_MSIL2A_20250811T172721_N0511_R012_T14TNP_20250812T020217.SAFE
S2A_MSIL2A_20250811T172721_N0511_R012_T15TVM_20250812T020217.SAFE	/eodata/Sentinel-2/MSI/L2A/2025/08/11/S2A_MSIL2A_20250811T172721_N0511_R012_T15TVM_20250812T020217.SAFE
S2A_MSIL2A_20250811T172721_N0511_R012_T14TQR_20250812T020217.SAFE	/eodata/Sentinel-2/MSI/L2A/2025/08/11/S2A_MSIL2A_20250811T172721_N0511_R012_T14TQR_20250812T020217.SAFE
S2A_MSIL2A_20250811T172721_N0511_R012_T14TPS_20250812T020217.SAFE	/eodata/Sentinel-2/MSI/L2A/2025/08/11/S2A_MSIL2A_20250811T172721_N0511_R012_T14TPS_20250812T020217.SAFE
S2A_MSIL2A_20250811T172721_N0511_R012_T14TQT_20250812T020217.SAFE	/eodata/Sentinel-2/MSI/L2A/2025/08/11/S2A_MSIL2A_20250811T172721_N0511_R012_T14TQT_20250812T020217.SAFE
S2B_MSIL2A_20250811T170849_N0511_R112_T14TQS_20250811T210940.SAFE	/eodata/Sentinel-2/MSI/L2A/2025/08/11/S2B_MSIL2A_20250811T170849_N0511_R112_T14TQS_20250811T210940.SAFE
S2B_MSIL2A_20250811T170849_N0511_R112_T15TUM_20250811T210940.SAFE	/eodata/Sentinel-2/MSI/L2A/2025/08/11/S2B_MSIL2A_20250811T170849_N0511_R112_T15TUM_20250811T210940.SAFE
S2B_MSIL2A_20250811T170849_N0511_R112_T14TQR_20250811T210940.SAFE	/eodata/Sentinel-2/MSI/L2A/2025/08/11/S2B_MSIL2A_20250811T170849_N0511_R112_T14TQR_20250811T210940.SAFE
S2B_MSIL2A_20250811T170849_N0511_R112_T14TQT_20250811T210940.SAFE	/eodata/Sentinel-2/MSI/L2A/2025/08/11/S2B_MSIL2A_20250811T170849_N0511_R112_T14TQT_20250811T210940.SAFE
S2C_MSIL2A_20250811T161851_N0511_R040_T17SMD_20250811T204015.SAFE	/eodata/Sentinel-2/MSI/L2A/2025/08/11/S2C_MSIL2A_20250811T161851_N0511_R040_T17SMD_20250811T204015.SAFE
S2C_MSIL2A_20250811T161851_N0511_R040_T17SMC_20250811T204015.SAFE	/eodata/Sentinel-2/MSI/L2A/2025/08/11/S2C_MSIL2A_20250811T161851_N0511_R040_T17SMC_20250811T204015.SAFE
S2B_MSIL2A_20250810T173909_N0511_R098_T14TLP_20250810T214021.SAFE	/eodata/Sentinel-2/MSI/L2A/2025/08/10/S2B_MSIL2A_20250810T173909_N0511_R098_T14TLP_20250810T214021.SAFE
S2B_MSIL2A_20250810T173909_N0511_R098_T14TLL_20250810T214021.SAFE	/eodata/Sentinel-2/MSI/L2A/2025/08/10/S2B_MSIL2A_20250810T173909_N0511_R098_T14TLL_20250810T214021.SAFE
S2B_MSIL2A_20250810T173909_N0511_R098_T13TGK_20250810T214021.SAFE	/eodata/Sentinel-2/MSI/L2A/2025/08/10/S2B_MSIL2A_20250810T173909_N0511_R098_T13TGK_20250810T214021.SAFE
S2B_MSIL2A_20250810T173909_N0511_R098_T13TGJ_20250810T214021.SAFE	/eodata/Sentinel-2/MSI/L2A/2025/08/10/S2B_MSIL2A_20250810T173909_N0511_R098_T13TGJ_20250810T214021.SAFE
S2B_MSIL2A_20250810T173909_N0511_R098_T13TFK_20250810T214021.SAFE	/eodata/Sentinel-2/MSI/L2A/2025/08/10/S2B_MSIL2A_20250810T173909_N0511_R098_T13TFK_20250810T214021.SAFE
S2B_MSIL2A_20250810T173909_N0511_R098_T14TMP_20250810T214021.SAFE	/eodata/Sentinel-2/MSI/L2A/2025/08/10/S2B_MSIL2A_20250810T173909_N0511_R098_T14TMP_20250810T214021.SAFE
S2B_MSIL2A_20250810T173909_N0511_R098_T14TMR_20250810T214021.SAFE	/eodata/Sentinel-2/MSI/L2A/2025/08/10/S2B_MSIL2A_20250810T173909_N0511_R098_T14TMR_20250810T214021.SAFE
S2B_MSIL2A_20250810T173909_N0511_R098_T13UGP_20250810T214021.SAFE	/eodata/Sentinel-2/MSI/L2A/2025/08/10/S2B_MSIL2A_20250810T173909_N0511_R098_T13UGP_20250810T214021.SAFE
S2B_MSIL2A_20250810T173909_N0511_R098_T13UFP_20250810T214021.SAFE	/eodata/Sentinel-2/MSI/L2A/2025/08/10/S2B_MSIL2A_20250810T173909_N0511_R098_T13UFP_20250810T214021.SAFE
S2B_MSIL2A_20250810T173909_N0511_R098_T14TMQ_20250810T214021.SAFE	/eodata/Sentinel-2/MSI/L2A/2025/08/10/S2B_MSIL2A_20250810T173909_N0511_R098_T14TMQ_20250810T214021.SAFE
S2A_MSIL2A_20250810T161701_N0511_R140_T17SLD_20250811T003319.SAFE	/eodata/Sentinel-2/MSI/L2A/2025/08/10/S2A_MSIL2A_20250810T161701_N0511_R140_T17SLD_20250811T003319.SAFE
S2A_MSIL2A_20250810T161701_N0511_R140_T17SLC_20250811T003319.SAFE	/eodata/Sentinel-2/MSI/L2A/2025/08/10/S2A_MSIL2A_20250810T161701_N0511_R140_T17SLC_20250811T003319.SAFE
S2A_MSIL2A_20250810T161701_N0511_R140_T17SMD_20250811T003319.SAFE	/eodata/Sentinel-2/MSI/L2A/2025/08/10/S2A_MSIL2A_20250810T161701_N0511_R140_T17SMD_20250811T003319.SAFE
S2A_MSIL2A_20250810T161701_N0511_R140_T17SMC_20250811T003319.SAFE	/eodata/Sentinel-2/MSI/L2A/2025/08/10/S2A_MSIL2A_20250810T161701_N0511_R140_T17SMC_20250811T003319.SAFE
S2C_MSIL2A_20250809T171911_N0511_R012_T14SLF_20250809T223614.SAFE	/eodata/Sentinel-2/MSI/L2A/2025/08/09/S2C_MSIL2A_20250809T171911_N0511_R012_T14SLF_20250809T223614.SAFE
S2C_MSIL2A_20250809T171911_N0511_R012_T14TNT_20250809T223614.SAFE	/eodata/Sentinel-2/MSI/L2A/2025/08/09/S2C_MSIL2A_20250809T171911_N0511_R012_T14TNT_20250809T223614.SAFE
S2C_MSIL2A_20250809T171911_N0511_R012_T14TMP_20250809T223614.SAFE	/eodata/Sentinel-2/MSI/L2A/2025/08/09/S2C_MSIL2A_20250809T171911_N0511_R012_T14TMP_20250809T223614.SAFE
S2C_MSIL2A_20250809T171911_N0511_R012_T14TNS_20250809T223614.SAFE	/eodata/Sentinel-2/MSI/L2A/2025/08/09/S2C_MSIL2A_20250809T171911_N0511_R012_T14TNS_20250809T223614.SAFE
S2A_MSIL2A_20250809T164701_N0511_R126_T16TCK_20250810T011758.SAFE	/eodata/Sentinel-2/MSI/L2A/2025/08/09/S2A_MSIL2A_20250809T164701_N0511_R126_T16TCK_20250810T011758.SAFE
S2A_MSIL2A_20250809T164701_N0511_R126_T15SXA_20250810T011758.SAFE	/eodata/Sentinel-2/MSI/L2A/2025/08/09/S2A_MSIL2A_20250809T164701_N0511_R126_T15SXA_20250810T011758.SAFE
S2A_MSIL2A_20250809T164701_N0511_R126_T15SXC_20250810T011758.SAFE	/eodata/Sentinel-2/MSI/L2A/2025/08/09/S2A_MSIL2A_20250809T164701_N0511_R126_T15SXC_20250810T011758.SAFE
S2A_MSIL2A_20250809T164701_N0511_R126_T16TDM_20250810T011758.SAFE	/eodata/Sentinel-2/MSI/L2A/2025/08/09/S2A_MSIL2A_20250809T164701_N0511_R126_T16TDM_20250810T011758.SAFE
S2A_MSIL2A_20250809T164701_N0511_R126_T16TCL_20250810T011758.SAFE	/eodata/Sentinel-2/MSI/L2A/2025/08/09/S2A_MSIL2A_20250809T164701_N0511_R126_T16TCL_20250810T011758.SAFE
S2B_MSIL2A_20250809T162839_N0511_R083_T16TDM_20250809T200344.SAFE	/eodata/Sentinel-2/MSI/L2A/2025/08/09/S2B_MSIL2A_20250809T162839_N0511_R083_T16TDM_20250809T200344.SAFE
S2B_MSIL2A_20250809T162839_N0511_R083_T16TDL_20250809T200344.SAFE	/eodata/Sentinel-2/MSI/L2A/2025/08/09/S2B_MSIL2A_20250809T162839_N0511_R083_T16TDL_20250809T200344.SAFE
S2A_MSIL2A_20250808T171721_N0511_R112_T15TVE_20250808T224020.SAFE	/eodata/Sentinel-2/MSI/L2A/2025/08/08/S2A_MSIL2A_20250808T171721_N0511_R112_T15TVE_20250808T224020.SAFE
S2A_MSIL2A_20250808T171721_N0511_R112_T15TUE_20250808T224020.SAFE	/eodata/Sentinel-2/MSI/L2A/2025/08/08/S2A_MSIL2A_20250808T171721_N0511_R112_T15TUE_20250808T224020.SAFE
S2A_MSIL2A_20250808T171721_N0511_R112_T15TTF_20250808T224020.SAFE	/eodata/Sentinel-2/MSI/L2A/2025/08/08/S2A_MSIL2A_20250808T171721_N0511_R112_T15TTF_20250808T224020.SAFE
S2A_MSIL2A_20250808T171721_N0511_R112_T14TQL_20250808T224020.SAFE	/eodata/Sentinel-2/MSI/L2A/2025/08/08/S2A_MSIL2A_20250808T171721_N0511_R112_T14TQL_20250808T224020.SAFE
S2A_MSIL2A_20250808T171721_N0511_R112_T14SQH_20250808T224020.SAFE	/eodata/Sentinel-2/MSI/L2A/2025/08/08/S2A_MSIL2A_20250808T171721_N0511_R112_T14SQH_20250808T224020.SAFE
S2A_MSIL2A_20250808T171721_N0511_R112_T14SQJ_20250808T224020.SAFE	/eodata/Sentinel-2/MSI/L2A/2025/08/08/S2A_MSIL2A_20250808T171721_N0511_R112_T14SQJ_20250808T224020.SAFE
S2A_MSIL2A_20250808T171721_N0511_R112_T14SPG_20250808T224020.SAFE	/eodata/Sentinel-2/MSI/L2A/2025/08/08/S2A_MSIL2A_20250808T171721_N0511_R112_T14SPG_20250808T224020.SAFE
S2A_MSIL2A_20250808T171721_N0511_R112_T15STD_20250808T224020.SAFE	/eodata/Sentinel-2/MSI/L2A/2025/08/08/S2A_MSIL2A_20250808T171721_N0511_R112_T15STD_20250808T224020.SAFE
S2A_MSIL2A_20250808T171721_N0511_R112_T14SPF_20250808T224020.SAFE	/eodata/Sentinel-2/MSI/L2A/2025/08/08/S2A_MSIL2A_20250808T171721_N0511_R112_T14SPF_20250808T224020.SAFE
S2A_MSIL2A_20250808T171721_N0511_R112_T15SUD_20250808T224020.SAFE	/eodata/Sentinel-2/MSI/L2A/2025/08/08/S2A_MSIL2A_20250808T171721_N0511_R112_T15SUD_20250808T224020.SAFE
S2B_MSIL2A_20250808T165849_N0511_R069_T15SXD_20250808T210221.SAFE	/eodata/Sentinel-2/MSI/L2A/2025/08/08/S2B_MSIL2A_20250808T165849_N0511_R069_T15SXD_20250808T210221.SAFE
S2B_MSIL2A_20250808T165849_N0511_R069_T15TUE_20250808T210221.SAFE	/eodata/Sentinel-2/MSI/L2A/2025/08/08/S2B_MSIL2A_20250808T165849_N0511_R069_T15TUE_20250808T210221.SAFE
S2B_MSIL2A_20250808T165849_N0511_R069_T15SWB_20250808T210221.SAFE	/eodata/Sentinel-2/MSI/L2A/2025/08/08/S2B_MSIL2A_20250808T165849_N0511_R069_T15SWB_20250808T210221.SAFE
S2B_MSIL2A_20250808T165849_N0511_R069_T15STD_20250808T210221.SAFE	/eodata/Sentinel-2/MSI/L2A/2025/08/08/S2B_MSIL2A_20250808T165849_N0511_R069_T15STD_20250808T210221.SAFE
S2B_MSIL2A_20250808T165849_N0511_R069_T14SQJ_20250808T210221.SAFE	/eodata/Sentinel-2/MSI/L2A/2025/08/08/S2B_MSIL2A_20250808T165849_N0511_R069_T14SQJ_20250808T210221.SAFE
S2B_MSIL2A_20250808T165849_N0511_R069_T15SVA_20250808T210221.SAFE	/eodata/Sentinel-2/MSI/L2A/2025/08/08/S2B_MSIL2A_20250808T165849_N0511_R069_T15SVA_20250808T210221.SAFE
S2C_MSIL2A_20250808T160841_N0511_R140_T17SLD_20250808T215014.SAFE	/eodata/Sentinel-2/MSI/L2A/2025/08/08/S2C_MSIL2A_20250808T160841_N0511_R140_T17SLD_20250808T215014.SAFE
S2C_MSIL2A_20250808T160841_N0511_R140_T17SMD_20250808T215014.SAFE	/eodata/Sentinel-2/MSI/L2A/2025/08/08/S2C_MSIL2A_20250808T160841_N0511_R140_T17SMD_20250808T215014.SAFE
S2A_MSIL2A_20250807T174731_N0511_R098_T14TLN_20250808T000013.SAFE	/eodata/Sentinel-2/MSI/L2A/2025/08/07/S2A_MSIL2A_20250807T174731_N0511_R098_T14TLN_20250808T000013.SAFE
S2A_MSIL2A_20250807T174731_N0511_R098_T14TNS_20250807T222514.SAFE	/eodata/Sentinel-2/MSI/L2A/2025/08/07/S2A_MSIL2A_20250807T174731_N0511_R098_T14TNS_20250807T222514.SAFE
S2A_MSIL2A_20250807T174731_N0511_R098_T13TEK_20250807T222514.SAFE	/eodata/Sentinel-2/MSI/L2A/2025/08/07/S2A_MSIL2A_20250807T174731_N0511_R098_T13TEK_20250807T222514.SAFE
S2B_MSIL2A_20250807T172859_N0511_R055_T13TGJ_20250807T210213.SAFE	/eodata/Sentinel-2/MSI/L2A/2025/08/07/S2B_MSIL2A_20250807T172859_N0511_R055_T13TGJ_20250807T210213.SAFE
S2B_MSIL2A_20250806T175909_N0511_R041_T13TFN_20250806T215523.SAFE	/eodata/Sentinel-2/MSI/L2A/2025/08/06/S2B_MSIL2A_20250806T175909_N0511_R041_T13TFN_20250806T215523.SAFE
S2B_MSIL2A_20250806T175909_N0511_R041_T13TEM_20250806T215523.SAFE	/eodata/Sentinel-2/MSI/L2A/2025/08/06/S2B_MSIL2A_20250806T175909_N0511_R041_T13TEM_20250806T215523.SAFE
S2B_MSIL2A_20250806T175909_N0511_R041_T13TEN_20250806T215523.SAFE	/eodata/Sentinel-2/MSI/L2A/2025/08/06/S2B_MSIL2A_20250806T175909_N0511_R041_T13TEN_20250806T215523.SAFE
S2C_MSIL2A_20250806T170911_N0511_R112_T14SNF_20250806T221614.SAFE	/eodata/Sentinel-2/MSI/L2A/2025/08/06/S2C_MSIL2A_20250806T170911_N0511_R112_T14SNF_20250806T221614.SAFE
S2A_MSIL2A_20250806T163701_N0511_R083_T16TER_20250806T213322.SAFE	/eodata/Sentinel-2/MSI/L2A/2025/08/06/S2A_MSIL2A_20250806T163701_N0511_R083_T16TER_20250806T213322.SAFE
S2B_MSIL2A_20250806T161829_N0511_R040_T17TLE_20250806T202139.SAFE	/eodata/Sentinel-2/MSI/L2A/2025/08/06/S2B_MSIL2A_20250806T161829_N0511_R040_T17TLE_20250806T202139.SAFE
S2B_MSIL2A_20250806T161829_N0511_R040_T17TNF_20250806T202139.SAFE	/eodata/Sentinel-2/MSI/L2A/2025/08/06/S2B_MSIL2A_20250806T161829_N0511_R040_T17TNF_20250806T202139.SAFE
S2B_MSIL2A_20250806T161829_N0511_R040_T17TLL_20250806T202139.SAFE	/eodata/Sentinel-2/MSI/L2A/2025/08/06/S2B_MSIL2A_20250806T161829_N0511_R040_T17TLL_20250806T202139.SAFE
S2B_MSIL2A_20250806T161829_N0511_R040_T16TGR_20250806T202139.SAFE	/eodata/Sentinel-2/MSI/L2A/2025/08/06/S2B_MSIL2A_20250806T161829_N0511_R040_T16TGR_20250806T202139.SAFE
S2B_MSIL2A_20250806T161829_N0511_R040_T17SMC_20250806T202139.SAFE	/eodata/Sentinel-2/MSI/L2A/2025/08/06/S2B_MSIL2A_20250806T161829_N0511_R040_T17SMC_20250806T202139.SAFE
S2B_MSIL2A_20250806T161829_N0511_R040_T17TMF_20250806T202139.SAFE	/eodata/Sentinel-2/MSI/L2A/2025/08/06/S2B_MSIL2A_20250806T161829_N0511_R040_T17TMF_20250806T202139.SAFE
S2C_MSIL2A_20250805T173921_N0511_R098_T13TEH_20250805T223324.SAFE	/eodata/Sentinel-2/MSI/L2A/2025/08/05/S2C_MSIL2A_20250805T173921_N0511_R098_T13TEH_20250805T223324.SAFE
S2C_MSIL2A_20250805T173921_N0511_R098_T13TFJ_20250805T223324.SAFE	/eodata/Sentinel-2/MSI/L2A/2025/08/05/S2C_MSIL2A_20250805T173921_N0511_R098_T13TFJ_20250805T223324.SAFE
S2C_MSIL2A_20250805T173921_N0511_R098_T13TFH_20250805T223324.SAFE	/eodata/Sentinel-2/MSI/L2A/2025/08/05/S2C_MSIL2A_20250805T173921_N0511_R098_T13TFH_20250805T223324.SAFE
S2C_MSIL2A_20250805T173921_N0511_R098_T13TFG_20250805T223324.SAFE	/eodata/Sentinel-2/MSI/L2A/2025/08/05/S2C_MSIL2A_20250805T173921_N0511_R098_T13TFG_20250805T223324.SAFE
S2C_MSIL2A_20250805T173921_N0511_R098_T13TEG_20250805T223324.SAFE	/eodata/Sentinel-2/MSI/L2A/2025/08/05/S2C_MSIL2A_20250805T173921_N0511_R098_T13TEG_20250805T223324.SAFE
S2C_MSIL2A_20250805T173921_N0511_R098_T13TFF_20250805T223324.SAFE	/eodata/Sentinel-2/MSI/L2A/2025/08/05/S2C_MSIL2A_20250805T173921_N0511_R098_T13TFF_20250805T223324.SAFE
S2C_MSIL2A_20250805T173921_N0511_R098_T13TEF_20250805T223324.SAFE	/eodata/Sentinel-2/MSI/L2A/2025/08/05/S2C_MSIL2A_20250805T173921_N0511_R098_T13TEF_20250805T223324.SAFE
S2C_MSIL2A_20250805T173921_N0511_R098_T13TGH_20250805T223324.SAFE	/eodata/Sentinel-2/MSI/L2A/2025/08/05/S2C_MSIL2A_20250805T173921_N0511_R098_T13TGH_20250805T223324.SAFE
S2C_MSIL2A_20250805T173921_N0511_R098_T13TGG_20250805T223324.SAFE	/eodata/Sentinel-2/MSI/L2A/2025/08/05/S2C_MSIL2A_20250805T173921_N0511_R098_T13TGG_20250805T223324.SAFE
S2C_MSIL2A_20250805T173921_N0511_R098_T14TKM_20250805T223324.SAFE	/eodata/Sentinel-2/MSI/L2A/2025/08/05/S2C_MSIL2A_20250805T173921_N0511_R098_T14TKM_20250805T223324.SAFE
S2A_MSIL2A_20250805T170711_N0511_R069_T15SVB_20250805T231713.SAFE	/eodata/Sentinel-2/MSI/L2A/2025/08/05/S2A_MSIL2A_20250805T170711_N0511_R069_T15SVB_20250805T231713.SAFE
S2A_MSIL2A_20250805T170711_N0511_R069_T15TUE_20250805T231713.SAFE	/eodata/Sentinel-2/MSI/L2A/2025/08/05/S2A_MSIL2A_20250805T170711_N0511_R069_T15TUE_20250805T231713.SAFE
S2A_MSIL2A_20250805T170711_N0511_R069_T15STB_20250805T231713.SAFE	/eodata/Sentinel-2/MSI/L2A/2025/08/05/S2A_MSIL2A_20250805T170711_N0511_R069_T15STB_20250805T231713.SAFE
S2A_MSIL2A_20250805T170711_N0511_R069_T14SQG_20250805T231713.SAFE	/eodata/Sentinel-2/MSI/L2A/2025/08/05/S2A_MSIL2A_20250805T170711_N0511_R069_T14SQG_20250805T231713.SAFE
S2A_MSIL2A_20250805T170711_N0511_R069_T15SUB_20250805T231713.SAFE	/eodata/Sentinel-2/MSI/L2A/2025/08/05/S2A_MSIL2A_20250805T170711_N0511_R069_T15SUB_20250805T231713.SAFE
S2B_MSIL2A_20250805T164839_N0511_R026_T16TDM_20250805T215753.SAFE	/eodata/Sentinel-2/MSI/L2A/2025/08/05/S2B_MSIL2A_20250805T164839_N0511_R026_T16TDM_20250805T215753.SAFE
S2A_MSIL2A_20250804T173731_N0511_R055_T14SMG_20250804T235806.SAFE	/eodata/Sentinel-2/MSI/L2A/2025/08/04/S2A_MSIL2A_20250804T173731_N0511_R055_T14SMG_20250804T235806.SAFE
S2A_MSIL2A_20250804T173731_N0511_R055_T13SGC_20250804T235806.SAFE	/eodata/Sentinel-2/MSI/L2A/2025/08/04/S2A_MSIL2A_20250804T173731_N0511_R055_T13SGC_20250804T235806.SAFE
S2A_MSIL2A_20250804T173731_N0511_R055_T14TNK_20250804T235806.SAFE	/eodata/Sentinel-2/MSI/L2A/2025/08/04/S2A_MSIL2A_20250804T173731_N0511_R055_T14TNK_20250804T235806.SAFE
S2A_MSIL2A_20250804T173731_N0511_R055_T14SMH_20250804T235806.SAFE	/eodata/Sentinel-2/MSI/L2A/2025/08/04/S2A_MSIL2A_20250804T173731_N0511_R055_T14SMH_20250804T235806.SAFE
S2A_MSIL2A_20250804T173731_N0511_R055_T13SGD_20250804T235806.SAFE	/eodata/Sentinel-2/MSI/L2A/2025/08/04/S2A_MSIL2A_20250804T173731_N0511_R055_T13SGD_20250804T235806.SAFE
S2A_MSIL2A_20250804T173731_N0511_R055_T14SLF_20250804T235806.SAFE	/eodata/Sentinel-2/MSI/L2A/2025/08/04/S2A_MSIL2A_20250804T173731_N0511_R055_T14SLF_20250804T235806.SAFE
S2A_MSIL2A_20250804T173731_N0511_R055_T14TLK_20250804T235806.SAFE	/eodata/Sentinel-2/MSI/L2A/2025/08/04/S2A_MSIL2A_20250804T173731_N0511_R055_T14TLK_20250804T235806.SAFE
S2A_MSIL2A_20250804T173731_N0511_R055_T14SKH_20250804T235806.SAFE	/eodata/Sentinel-2/MSI/L2A/2025/08/04/S2A_MSIL2A_20250804T173731_N0511_R055_T14SKH_20250804T235806.SAFE
S2A_MSIL2A_20250804T173731_N0511_R055_T14TKL_20250804T235806.SAFE	/eodata/Sentinel-2/MSI/L2A/2025/08/04/S2A_MSIL2A_20250804T173731_N0511_R055_T14TKL_20250804T235806.SAFE
S2A_MSIL2A_20250804T173731_N0511_R055_T14SLH_20250804T235806.SAFE	/eodata/Sentinel-2/MSI/L2A/2025/08/04/S2A_MSIL2A_20250804T173731_N0511_R055_T14SLH_20250804T235806.SAFE
S2A_MSIL2A_20250804T173731_N0511_R055_T14SLG_20250804T235806.SAFE	/eodata/Sentinel-2/MSI/L2A/2025/08/04/S2A_MSIL2A_20250804T173731_N0511_R055_T14SLG_20250804T235806.SAFE
S2A_MSIL2A_20250804T173731_N0511_R055_T14SKF_20250804T235806.SAFE	/eodata/Sentinel-2/MSI/L2A/2025/08/04/S2A_MSIL2A_20250804T173731_N0511_R055_T14SKF_20250804T235806.SAFE
S2A_MSIL2A_20250804T173731_N0511_R055_T14SMJ_20250804T235806.SAFE	/eodata/Sentinel-2/MSI/L2A/2025/08/04/S2A_MSIL2A_20250804T173731_N0511_R055_T14SMJ_20250804T235806.SAFE
S2A_MSIL2A_20250804T173731_N0511_R055_T13TGE_20250804T235806.SAFE	/eodata/Sentinel-2/MSI/L2A/2025/08/04/S2A_MSIL2A_20250804T173731_N0511_R055_T13TGE_20250804T235806.SAFE
S2A_MSIL2A_20250804T173731_N0511_R055_T13TGF_20250804T235806.SAFE	/eodata/Sentinel-2/MSI/L2A/2025/08/04/S2A_MSIL2A_20250804T173731_N0511_R055_T13TGF_20250804T235806.SAFE
S2A_MSIL2A_20250804T173731_N0511_R055_T14SKJ_20250804T235806.SAFE	/eodata/Sentinel-2/MSI/L2A/2025/08/04/S2A_MSIL2A_20250804T173731_N0511_R055_T14SKJ_20250804T235806.SAFE
S2A_MSIL2A_20250804T173731_N0511_R055_T13SGB_20250804T235806.SAFE	/eodata/Sentinel-2/MSI/L2A/2025/08/04/S2A_MSIL2A_20250804T173731_N0511_R055_T13SGB_20250804T235806.SAFE
S2A_MSIL2A_20250804T173731_N0511_R055_T13SGA_20250804T235806.SAFE	/eodata/Sentinel-2/MSI/L2A/2025/08/04/S2A_MSIL2A_20250804T173731_N0511_R055_T13SGA_20250804T235806.SAFE
S2A_MSIL2A_20250804T173731_N0511_R055_T14TKK_20250804T235806.SAFE	/eodata/Sentinel-2/MSI/L2A/2025/08/04/S2A_MSIL2A_20250804T173731_N0511_R055_T14TKK_20250804T235806.SAFE
S2A_MSIL2A_20250804T173731_N0511_R055_T14TLL_20250804T235806.SAFE	/eodata/Sentinel-2/MSI/L2A/2025/08/04/S2A_MSIL2A_20250804T173731_N0511_R055_T14TLL_20250804T235806.SAFE
S2A_MSIL2A_20250804T173731_N0511_R055_T14SKG_20250804T235806.SAFE	/eodata/Sentinel-2/MSI/L2A/2025/08/04/S2A_MSIL2A_20250804T173731_N0511_R055_T14SKG_20250804T235806.SAFE
S2A_MSIL2A_20250804T173731_N0511_R055_T14TMK_20250804T235806.SAFE	/eodata/Sentinel-2/MSI/L2A/2025/08/04/S2A_MSIL2A_20250804T173731_N0511_R055_T14TMK_20250804T235806.SAFE
S2A_MSIL2A_20250804T173731_N0511_R055_T14SLJ_20250804T235806.SAFE	/eodata/Sentinel-2/MSI/L2A/2025/08/04/S2A_MSIL2A_20250804T173731_N0511_R055_T14SLJ_20250804T235806.SAFE
S2B_MSIL2A_20250804T171859_N0511_R012_T14SMF_20250804T211246.SAFE	/eodata/Sentinel-2/MSI/L2A/2025/08/04/S2B_MSIL2A_20250804T171859_N0511_R012_T14SMF_20250804T211246.SAFE
S2B_MSIL2A_20250804T171859_N0511_R012_T14SLH_20250804T211246.SAFE	/eodata/Sentinel-2/MSI/L2A/2025/08/04/S2B_MSIL2A_20250804T171859_N0511_R012_T14SLH_20250804T211246.SAFE
S2B_MSIL2A_20250804T171859_N0511_R012_T14SLF_20250804T211246.SAFE	/eodata/Sentinel-2/MSI/L2A/2025/08/04/S2B_MSIL2A_20250804T171859_N0511_R012_T14SLF_20250804T211246.SAFE
S2B_MSIL2A_20250804T171859_N0511_R012_T14SLG_20250804T211246.SAFE	/eodata/Sentinel-2/MSI/L2A/2025/08/04/S2B_MSIL2A_20250804T171859_N0511_R012_T14SLG_20250804T211246.SAFE
S2B_MSIL2A_20250804T171859_N0511_R012_T14SMJ_20250804T211246.SAFE	/eodata/Sentinel-2/MSI/L2A/2025/08/04/S2B_MSIL2A_20250804T171859_N0511_R012_T14SMJ_20250804T211246.SAFE
S2B_MSIL2A_20250804T171859_N0511_R012_T14TLK_20250804T211246.SAFE	/eodata/Sentinel-2/MSI/L2A/2025/08/04/S2B_MSIL2A_20250804T171859_N0511_R012_T14TLK_20250804T211246.SAFE
S2B_MSIL2A_20250804T171859_N0511_R012_T14TMK_20250804T211246.SAFE	/eodata/Sentinel-2/MSI/L2A/2025/08/04/S2B_MSIL2A_20250804T171859_N0511_R012_T14TMK_20250804T211246.SAFE
S2B_MSIL2A_20250804T171859_N0511_R012_T14SLJ_20250804T211246.SAFE	/eodata/Sentinel-2/MSI/L2A/2025/08/04/S2B_MSIL2A_20250804T171859_N0511_R012_T14SLJ_20250804T211246.SAFE
S2B_MSIL2A_20250803T174909_N0511_R141_T13TFK_20250803T214904.SAFE	/eodata/Sentinel-2/MSI/L2A/2025/08/03/S2B_MSIL2A_20250803T174909_N0511_R141_T13TFK_20250803T214904.SAFE
S2B_MSIL2A_20250803T174909_N0511_R141_T13TFF_20250803T214904.SAFE	/eodata/Sentinel-2/MSI/L2A/2025/08/03/S2B_MSIL2A_20250803T174909_N0511_R141_T13TFF_20250803T214904.SAFE
S2B_MSIL2A_20250803T160829_N0511_R140_T17TLE_20250803T201426.SAFE	/eodata/Sentinel-2/MSI/L2A/2025/08/03/S2B_MSIL2A_20250803T160829_N0511_R140_T17TLE_20250803T201426.SAFE
S2B_MSIL2A_20250803T160829_N0511_R140_T17TMF_20250803T201426.SAFE	/eodata/Sentinel-2/MSI/L2A/2025/08/03/S2B_MSIL2A_20250803T160829_N0511_R140_T17TMF_20250803T201426.SAFE
S2B_MSIL2A_20250803T160829_N0511_R140_T17TNE_20250803T201426.SAFE	/eodata/Sentinel-2/MSI/L2A/2025/08/03/S2B_MSIL2A_20250803T160829_N0511_R140_T17TNE_20250803T201426.SAFE
S2B_MSIL2A_20250803T160829_N0511_R140_T17TLF_20250803T201426.SAFE	/eodata/Sentinel-2/MSI/L2A/2025/08/03/S2B_MSIL2A_20250803T160829_N0511_R140_T17TLF_20250803T201426.SAFE
S2B_MSIL2A_20250803T160829_N0511_R140_T17TME_20250803T201426.SAFE	/eodata/Sentinel-2/MSI/L2A/2025/08/03/S2B_MSIL2A_20250803T160829_N0511_R140_T17TME_20250803T201426.SAFE
S2C_MSIL2A_20250802T172921_N0511_R055_T14SMG_20250802T230114.SAFE	/eodata/Sentinel-2/MSI/L2A/2025/08/02/S2C_MSIL2A_20250802T172921_N0511_R055_T14SMG_20250802T230114.SAFE
S2C_MSIL2A_20250802T172921_N0511_R055_T14SMH_20250802T230114.SAFE	/eodata/Sentinel-2/MSI/L2A/2025/08/02/S2C_MSIL2A_20250802T172921_N0511_R055_T14SMH_20250802T230114.SAFE
S2B_MSIL2A_20250802T163839_N0511_R126_T16TCR_20250802T204227.SAFE	/eodata/Sentinel-2/MSI/L2A/2025/08/02/S2B_MSIL2A_20250802T163839_N0511_R126_T16TCR_20250802T204227.SAFE
S2B_MSIL2A_20250802T163839_N0511_R126_T16TDS_20250802T204227.SAFE	/eodata/Sentinel-2/MSI/L2A/2025/08/02/S2B_MSIL2A_20250802T163839_N0511_R126_T16TDS_20250802T204227.SAFE
S2B_MSIL2A_20250802T163839_N0511_R126_T16TDR_20250802T204227.SAFE	/eodata/Sentinel-2/MSI/L2A/2025/08/02/S2B_MSIL2A_20250802T163839_N0511_R126_T16TDR_20250802T204227.SAFE
S2B_MSIL2A_20250802T163839_N0511_R126_T16TCP_20250802T204227.SAFE	/eodata/Sentinel-2/MSI/L2A/2025/08/02/S2B_MSIL2A_20250802T163839_N0511_R126_T16TCP_20250802T204227.SAFE
S2B_MSIL2A_20250802T163839_N0511_R126_T16TDP_20250802T204227.SAFE	/eodata/Sentinel-2/MSI/L2A/2025/08/02/S2B_MSIL2A_20250802T163839_N0511_R126_T16TDP_20250802T204227.SAFE
S2B_MSIL2A_20250802T163839_N0511_R126_T16SEH_20250802T204227.SAFE	/eodata/Sentinel-2/MSI/L2A/2025/08/02/S2B_MSIL2A_20250802T163839_N0511_R126_T16SEH_20250802T204227.SAFE
S2B_MSIL2A_20250802T163839_N0511_R126_T16TCQ_20250802T204227.SAFE	/eodata/Sentinel-2/MSI/L2A/2025/08/02/S2B_MSIL2A_20250802T163839_N0511_R126_T16TCQ_20250802T204227.SAFE
S2B_MSIL2A_20250802T163839_N0511_R126_T16TES_20250802T204227.SAFE	/eodata/Sentinel-2/MSI/L2A/2025/08/02/S2B_MSIL2A_20250802T163839_N0511_R126_T16TES_20250802T204227.SAFE
S2B_MSIL2A_20250801T170849_N0511_R112_T15TVL_20250801T211928.SAFE	/eodata/Sentinel-2/MSI/L2A/2025/08/01/S2B_MSIL2A_20250801T170849_N0511_R112_T15TVL_20250801T211928.SAFE
S2B_MSIL2A_20250801T170849_N0511_R112_T15TWK_20250801T211928.SAFE	/eodata/Sentinel-2/MSI/L2A/2025/08/01/S2B_MSIL2A_20250801T170849_N0511_R112_T15TWK_20250801T211928.SAFE
S2B_MSIL2A_20250801T170849_N0511_R112_T15UUQ_20250801T211928.SAFE	/eodata/Sentinel-2/MSI/L2A/2025/08/01/S2B_MSIL2A_20250801T170849_N0511_R112_T15UUQ_20250801T211928.SAFE
S2B_MSIL2A_20250801T170849_N0511_R112_T15TWM_20250801T211928.SAFE	/eodata/Sentinel-2/MSI/L2A/2025/08/01/S2B_MSIL2A_20250801T170849_N0511_R112_T15TWM_20250801T211928.SAFE
S2B_MSIL2A_20250801T170849_N0511_R112_T15UUP_20250801T211928.SAFE	/eodata/Sentinel-2/MSI/L2A/2025/08/01/S2B_MSIL2A_20250801T170849_N0511_R112_T15UUP_20250801T211928.SAFE
S2B_MSIL2A_20250801T170849_N0511_R112_T15UVP_20250801T211928.SAFE	/eodata/Sentinel-2/MSI/L2A/2025/08/01/S2B_MSIL2A_20250801T170849_N0511_R112_T15UVP_20250801T211928.SAFE
S2B_MSIL2A_20250801T170849_N0511_R112_T15TXM_20250801T211928.SAFE	/eodata/Sentinel-2/MSI/L2A/2025/08/01/S2B_MSIL2A_20250801T170849_N0511_R112_T15TXM_20250801T211928.SAFE
S2B_MSIL2A_20250801T170849_N0511_R112_T15UVQ_20250801T211928.SAFE	/eodata/Sentinel-2/MSI/L2A/2025/08/01/S2B_MSIL2A_20250801T170849_N0511_R112_T15UVQ_20250801T211928.SAFE
S2B_MSIL2A_20250801T170849_N0511_R112_T15TWL_20250801T211928.SAFE	/eodata/Sentinel-2/MSI/L2A/2025/08/01/S2B_MSIL2A_20250801T170849_N0511_R112_T15TWL_20250801T211928.SAFE
S2C_MSIL2A_20250801T161921_N0511_R040_T17TLH_20250801T194714.SAFE	/eodata/Sentinel-2/MSI/L2A/2025/08/01/S2C_MSIL2A_20250801T161921_N0511_R040_T17TLH_20250801T194714.SAFE
S2C_MSIL2A_20250801T161921_N0511_R040_T16SFJ_20250801T211919.SAFE	/eodata/Sentinel-2/MSI/L2A/2025/08/01/S2C_MSIL2A_20250801T161921_N0511_R040_T16SFJ_20250801T211919.SAFE
S2C_MSIL2A_20250801T161921_N0511_R040_T17TLE_20250801T211919.SAFE	/eodata/Sentinel-2/MSI/L2A/2025/08/01/S2C_MSIL2A_20250801T161921_N0511_R040_T17TLE_20250801T211919.SAFE
S2C_MSIL2A_20250801T161921_N0511_R040_T17TME_20250801T211919.SAFE	/eodata/Sentinel-2/MSI/L2A/2025/08/01/S2C_MSIL2A_20250801T161921_N0511_R040_T17TME_20250801T211919.SAFE
S2B_MSIL2A_20250731T173859_N0511_R098_T14TNS_20250731T212452.SAFE	/eodata/Sentinel-2/MSI/L2A/2025/07/31/S2B_MSIL2A_20250731T173859_N0511_R098_T14TNS_20250731T212452.SAFE
S2B_MSIL2A_20250731T173859_N0511_R098_T14TNT_20250731T212452.SAFE	/eodata/Sentinel-2/MSI/L2A/2025/07/31/S2B_MSIL2A_20250731T173859_N0511_R098_T14TNT_20250731T212452.SAFE
S2B_MSIL2A_20250731T173859_N0511_R098_T14UNU_20250731T212452.SAFE	/eodata/Sentinel-2/MSI/L2A/2025/07/31/S2B_MSIL2A_20250731T173859_N0511_R098_T14UNU_20250731T212452.SAFE
S2C_MSIL2A_20250731T164921_N0511_R026_T15TYH_20250731T213714.SAFE	/eodata/Sentinel-2/MSI/L2A/2025/07/31/S2C_MSIL2A_20250731T164921_N0511_R026_T15TYH_20250731T213714.SAFE
S2C_MSIL2A_20250731T164921_N0511_R026_T15TWG_20250731T213714.SAFE	/eodata/Sentinel-2/MSI/L2A/2025/07/31/S2C_MSIL2A_20250731T164921_N0511_R026_T15TWG_20250731T213714.SAFE
S2C_MSIL2A_20250731T164921_N0511_R026_T15TYJ_20250731T213714.SAFE	/eodata/Sentinel-2/MSI/L2A/2025/07/31/S2C_MSIL2A_20250731T164921_N0511_R026_T15TYJ_20250731T213714.SAFE
S2C_MSIL2A_20250731T164921_N0511_R026_T15TXJ_20250731T213714.SAFE	/eodata/Sentinel-2/MSI/L2A/2025/07/31/S2C_MSIL2A_20250731T164921_N0511_R026_T15TXJ_20250731T213714.SAFE
S2C_MSIL2A_20250731T164921_N0511_R026_T15TYG_20250731T213714.SAFE	/eodata/Sentinel-2/MSI/L2A/2025/07/31/S2C_MSIL2A_20250731T164921_N0511_R026_T15TYG_20250731T213714.SAFE
S2C_MSIL2A_20250731T164921_N0511_R026_T15TWF_20250731T213714.SAFE	/eodata/Sentinel-2/MSI/L2A/2025/07/31/S2C_MSIL2A_20250731T164921_N0511_R026_T15TWF_20250731T213714.SAFE
S2C_MSIL2A_20250731T164921_N0511_R026_T16TBM_20250731T213714.SAFE	/eodata/Sentinel-2/MSI/L2A/2025/07/31/S2C_MSIL2A_20250731T164921_N0511_R026_T16TBM_20250731T213714.SAFE
S2C_MSIL2A_20250731T164921_N0511_R026_T15TWH_20250731T213714.SAFE	/eodata/Sentinel-2/MSI/L2A/2025/07/31/S2C_MSIL2A_20250731T164921_N0511_R026_T15TWH_20250731T213714.SAFE
S2C_MSIL2A_20250731T164921_N0511_R026_T15TXG_20250731T213714.SAFE	/eodata/Sentinel-2/MSI/L2A/2025/07/31/S2C_MSIL2A_20250731T164921_N0511_R026_T15TXG_20250731T213714.SAFE
S2C_MSIL2A_20250731T164921_N0511_R026_T15TXH_20250731T213714.SAFE	/eodata/Sentinel-2/MSI/L2A/2025/07/31/S2C_MSIL2A_20250731T164921_N0511_R026_T15TXH_20250731T213714.SAFE
S2C_MSIL2A_20250730T171921_N0511_R012_T15UUQ_20250730T224316.SAFE	/eodata/Sentinel-2/MSI/L2A/2025/07/30/S2C_MSIL2A_20250730T171921_N0511_R012_T15UUQ_20250730T224316.SAFE
S2C_MSIL2A_20250730T171921_N0511_R012_T15UUP_20250730T224316.SAFE	/eodata/Sentinel-2/MSI/L2A/2025/07/30/S2C_MSIL2A_20250730T171921_N0511_R012_T15UUP_20250730T224316.SAFE
S2C_MSIL2A_20250730T171921_N0511_R012_T14UPV_20250730T224316.SAFE	/eodata/Sentinel-2/MSI/L2A/2025/07/30/S2C_MSIL2A_20250730T171921_N0511_R012_T14UPV_20250730T224316.SAFE
S2C_MSIL2A_20250730T171921_N0511_R012_T14UQV_20250730T224316.SAFE	/eodata/Sentinel-2/MSI/L2A/2025/07/30/S2C_MSIL2A_20250730T171921_N0511_R012_T14UQV_20250730T224316.SAFE
S2C_MSIL2A_20250730T171921_N0511_R012_T14UQU_20250730T224316.SAFE	/eodata/Sentinel-2/MSI/L2A/2025/07/30/S2C_MSIL2A_20250730T171921_N0511_R012_T14UQU_20250730T224316.SAFE
S2B_MSIL2A_20250729T165849_N0511_R069_T15SXD_20250729T210742.SAFE	/eodata/Sentinel-2/MSI/L2A/2025/07/29/S2B_MSIL2A_20250729T165849_N0511_R069_T15SXD_20250729T210742.SAFE
S2B_MSIL2A_20250729T165849_N0511_R069_T15SWD_20250729T210742.SAFE	/eodata/Sentinel-2/MSI/L2A/2025/07/29/S2B_MSIL2A_20250729T165849_N0511_R069_T15SWD_20250729T210742.SAFE
S2B_MSIL2A_20250729T165849_N0511_R069_T16TCT_20250729T210742.SAFE	/eodata/Sentinel-2/MSI/L2A/2025/07/29/S2B_MSIL2A_20250729T165849_N0511_R069_T16TCT_20250729T210742.SAFE
S2B_MSIL2A_20250729T165849_N0511_R069_T15SWC_20250729T210742.SAFE	/eodata/Sentinel-2/MSI/L2A/2025/07/29/S2B_MSIL2A_20250729T165849_N0511_R069_T15SWC_20250729T210742.SAFE
S2B_MSIL2A_20250729T165849_N0511_R069_T15TXE_20250729T210742.SAFE	/eodata/Sentinel-2/MSI/L2A/2025/07/29/S2B_MSIL2A_20250729T165849_N0511_R069_T15TXE_20250729T210742.SAFE
S2B_MSIL2A_20250729T165849_N0511_R069_T15STA_20250729T210742.SAFE	/eodata/Sentinel-2/MSI/L2A/2025/07/29/S2B_MSIL2A_20250729T165849_N0511_R069_T15STA_20250729T210742.SAFE
S2B_MSIL2A_20250729T165849_N0511_R069_T14SQF_20250729T210742.SAFE	/eodata/Sentinel-2/MSI/L2A/2025/07/29/S2B_MSIL2A_20250729T165849_N0511_R069_T14SQF_20250729T210742.SAFE
S2B_MSIL2A_20250729T165849_N0511_R069_T15TYN_20250729T210742.SAFE	/eodata/Sentinel-2/MSI/L2A/2025/07/29/S2B_MSIL2A_20250729T165849_N0511_R069_T15TYN_20250729T210742.SAFE
S2B_MSIL2A_20250728T172859_N0511_R055_T14SKH_20250728T213535.SAFE	/eodata/Sentinel-2/MSI/L2A/2025/07/28/S2B_MSIL2A_20250728T172859_N0511_R055_T14SKH_20250728T213535.SAFE
S2B_MSIL2A_20250728T172859_N0511_R055_T14SKF_20250728T213535.SAFE	/eodata/Sentinel-2/MSI/L2A/2025/07/28/S2B_MSIL2A_20250728T172859_N0511_R055_T14SKF_20250728T213535.SAFE
S2B_MSIL2A_20250728T172859_N0511_R055_T14TPP_20250728T213535.SAFE	/eodata/Sentinel-2/MSI/L2A/2025/07/28/S2B_MSIL2A_20250728T172859_N0511_R055_T14TPP_20250728T213535.SAFE
S2B_MSIL2A_20250728T172859_N0511_R055_T14TNK_20250728T213535.SAFE	/eodata/Sentinel-2/MSI/L2A/2025/07/28/S2B_MSIL2A_20250728T172859_N0511_R055_T14TNK_20250728T213535.SAFE
S2B_MSIL2A_20250728T172859_N0511_R055_T13SGA_20250728T213535.SAFE	/eodata/Sentinel-2/MSI/L2A/2025/07/28/S2B_MSIL2A_20250728T172859_N0511_R055_T13SGA_20250728T213535.SAFE
S2B_MSIL2A_20250728T172859_N0511_R055_T13SGB_20250728T213535.SAFE	/eodata/Sentinel-2/MSI/L2A/2025/07/28/S2B_MSIL2A_20250728T172859_N0511_R055_T13SGB_20250728T213535.SAFE
S2B_MSIL2A_20250728T172859_N0511_R055_T14TLK_20250728T213535.SAFE	/eodata/Sentinel-2/MSI/L2A/2025/07/28/S2B_MSIL2A_20250728T172859_N0511_R055_T14TLK_20250728T213535.SAFE
S2B_MSIL2A_20250728T172859_N0511_R055_T13SGD_20250728T213535.SAFE	/eodata/Sentinel-2/MSI/L2A/2025/07/28/S2B_MSIL2A_20250728T172859_N0511_R055_T13SGD_20250728T213535.SAFE
S2B_MSIL2A_20250728T172859_N0511_R055_T14SKJ_20250728T213535.SAFE	/eodata/Sentinel-2/MSI/L2A/2025/07/28/S2B_MSIL2A_20250728T172859_N0511_R055_T14SKJ_20250728T213535.SAFE
S2B_MSIL2A_20250728T172859_N0511_R055_T14SLH_20250728T213535.SAFE	/eodata/Sentinel-2/MSI/L2A/2025/07/28/S2B_MSIL2A_20250728T172859_N0511_R055_T14SLH_20250728T213535.SAFE
S2B_MSIL2A_20250728T172859_N0511_R055_T14SKG_20250728T213535.SAFE	/eodata/Sentinel-2/MSI/L2A/2025/07/28/S2B_MSIL2A_20250728T172859_N0511_R055_T14SKG_20250728T213535.SAFE
S2B_MSIL2A_20250728T172859_N0511_R055_T14TNN_20250728T213535.SAFE	/eodata/Sentinel-2/MSI/L2A/2025/07/28/S2B_MSIL2A_20250728T172859_N0511_R055_T14TNN_20250728T213535.SAFE
S2B_MSIL2A_20250728T172859_N0511_R055_T14SLJ_20250728T213535.SAFE	/eodata/Sentinel-2/MSI/L2A/2025/07/28/S2B_MSIL2A_20250728T172859_N0511_R055_T14SLJ_20250728T213535.SAFE
S2B_MSIL2A_20250728T172859_N0511_R055_T13SGC_20250728T213535.SAFE	/eodata/Sentinel-2/MSI/L2A/2025/07/28/S2B_MSIL2A_20250728T172859_N0511_R055_T13SGC_20250728T213535.SAFE
S2B_MSIL2A_20250728T172859_N0511_R055_T14SLF_20250728T213535.SAFE	/eodata/Sentinel-2/MSI/L2A/2025/07/28/S2B_MSIL2A_20250728T172859_N0511_R055_T14SLF_20250728T213535.SAFE
S2B_MSIL2A_20250728T172859_N0511_R055_T14SLG_20250728T213535.SAFE	/eodata/Sentinel-2/MSI/L2A/2025/07/28/S2B_MSIL2A_20250728T172859_N0511_R055_T14SLG_20250728T213535.SAFE
S2C_MSIL2A_20250728T163921_N0511_R126_T16TCP_20250728T215759.SAFE	/eodata/Sentinel-2/MSI/L2A/2025/07/28/S2C_MSIL2A_20250728T163921_N0511_R126_T16TCP_20250728T215759.SAFE
S2C_MSIL2A_20250728T163921_N0511_R126_T16TCN_20250728T215759.SAFE	/eodata/Sentinel-2/MSI/L2A/2025/07/28/S2C_MSIL2A_20250728T163921_N0511_R126_T16TCN_20250728T215759.SAFE
S2C_MSIL2A_20250728T163921_N0511_R126_T15TYH_20250728T215759.SAFE	/eodata/Sentinel-2/MSI/L2A/2025/07/28/S2C_MSIL2A_20250728T163921_N0511_R126_T15TYH_20250728T215759.SAFE
S2C_MSIL2A_20250727T170911_N0511_R112_T14TPM_20250727T205109.SAFE	/eodata/Sentinel-2/MSI/L2A/2025/07/27/S2C_MSIL2A_20250727T170911_N0511_R112_T14TPM_20250727T205109.SAFE
S2C_MSIL2A_20250727T170911_N0511_R112_T15TVJ_20250727T205109.SAFE	/eodata/Sentinel-2/MSI/L2A/2025/07/27/S2C_MSIL2A_20250727T170911_N0511_R112_T15TVJ_20250727T205109.SAFE
S2C_MSIL2A_20250727T170911_N0511_R112_T15TTE_20250727T205109.SAFE	/eodata/Sentinel-2/MSI/L2A/2025/07/27/S2C_MSIL2A_20250727T170911_N0511_R112_T15TTE_20250727T205109.SAFE
S2C_MSIL2A_20250727T170911_N0511_R112_T14TQM_20250727T205109.SAFE	/eodata/Sentinel-2/MSI/L2A/2025/07/27/S2C_MSIL2A_20250727T170911_N0511_R112_T14TQM_20250727T205109.SAFE
S2C_MSIL2A_20250727T170911_N0511_R112_T14SNJ_20250727T205109.SAFE	/eodata/Sentinel-2/MSI/L2A/2025/07/27/S2C_MSIL2A_20250727T170911_N0511_R112_T14SNJ_20250727T205109.SAFE
S2C_MSIL2A_20250727T170911_N0511_R112_T15STD_20250727T205109.SAFE	/eodata/Sentinel-2/MSI/L2A/2025/07/27/S2C_MSIL2A_20250727T170911_N0511_R112_T15STD_20250727T205109.SAFE
S2C_MSIL2A_20250727T170911_N0511_R112_T15TWK_20250727T205109.SAFE	/eodata/Sentinel-2/MSI/L2A/2025/07/27/S2C_MSIL2A_20250727T170911_N0511_R112_T15TWK_20250727T205109.SAFE
S2C_MSIL2A_20250727T170911_N0511_R112_T14TQL_20250727T205109.SAFE	/eodata/Sentinel-2/MSI/L2A/2025/07/27/S2C_MSIL2A_20250727T170911_N0511_R112_T14TQL_20250727T205109.SAFE
S2C_MSIL2A_20250727T170911_N0511_R112_T14TQK_20250727T205109.SAFE	/eodata/Sentinel-2/MSI/L2A/2025/07/27/S2C_MSIL2A_20250727T170911_N0511_R112_T14TQK_20250727T205109.SAFE
S2C_MSIL2A_20250727T170911_N0511_R112_T14TPN_20250727T205109.SAFE	/eodata/Sentinel-2/MSI/L2A/2025/07/27/S2C_MSIL2A_20250727T170911_N0511_R112_T14TPN_20250727T205109.SAFE
S2C_MSIL2A_20250727T170911_N0511_R112_T14TPL_20250727T205109.SAFE	/eodata/Sentinel-2/MSI/L2A/2025/07/27/S2C_MSIL2A_20250727T170911_N0511_R112_T14TPL_20250727T205109.SAFE
S2C_MSIL2A_20250727T170911_N0511_R112_T15TTF_20250727T205109.SAFE	/eodata/Sentinel-2/MSI/L2A/2025/07/27/S2C_MSIL2A_20250727T170911_N0511_R112_T15TTF_20250727T205109.SAFE
S2C_MSIL2A_20250727T170911_N0511_R112_T15TTG_20250727T205109.SAFE	/eodata/Sentinel-2/MSI/L2A/2025/07/27/S2C_MSIL2A_20250727T170911_N0511_R112_T15TTG_20250727T205109.SAFE
S2C_MSIL2A_20250727T170911_N0511_R112_T14TPK_20250727T205109.SAFE	/eodata/Sentinel-2/MSI/L2A/2025/07/27/S2C_MSIL2A_20250727T170911_N0511_R112_T14TPK_20250727T205109.SAFE
S2C_MSIL2A_20250727T170911_N0511_R112_T15STC_20250727T205109.SAFE	/eodata/Sentinel-2/MSI/L2A/2025/07/27/S2C_MSIL2A_20250727T170911_N0511_R112_T15STC_20250727T205109.SAFE
S2C_MSIL2A_20250727T170911_N0511_R112_T14SQJ_20250727T205109.SAFE	/eodata/Sentinel-2/MSI/L2A/2025/07/27/S2C_MSIL2A_20250727T170911_N0511_R112_T14SQJ_20250727T205109.SAFE
S2C_MSIL2A_20250727T170911_N0511_R112_T15SUD_20250727T205109.SAFE	/eodata/Sentinel-2/MSI/L2A/2025/07/27/S2C_MSIL2A_20250727T170911_N0511_R112_T15SUD_20250727T205109.SAFE
S2C_MSIL2A_20250727T170911_N0511_R112_T14TPP_20250727T205109.SAFE	/eodata/Sentinel-2/MSI/L2A/2025/07/27/S2C_MSIL2A_20250727T170911_N0511_R112_T14TPP_20250727T205109.SAFE
S2C_MSIL2A_20250727T170911_N0511_R112_T14SNH_20250727T205109.SAFE	/eodata/Sentinel-2/MSI/L2A/2025/07/27/S2C_MSIL2A_20250727T170911_N0511_R112_T14SNH_20250727T205109.SAFE
S2C_MSIL2A_20250727T170911_N0511_R112_T14SQH_20250727T205109.SAFE	/eodata/Sentinel-2/MSI/L2A/2025/07/27/S2C_MSIL2A_20250727T170911_N0511_R112_T14SQH_20250727T205109.SAFE
S2C_MSIL2A_20250727T170911_N0511_R112_T14SPJ_20250727T205109.SAFE	/eodata/Sentinel-2/MSI/L2A/2025/07/27/S2C_MSIL2A_20250727T170911_N0511_R112_T14SPJ_20250727T205109.SAFE
S2C_MSIL2A_20250727T170911_N0511_R112_T14SPF_20250727T205109.SAFE	/eodata/Sentinel-2/MSI/L2A/2025/07/27/S2C_MSIL2A_20250727T170911_N0511_R112_T14SPF_20250727T205109.SAFE
S2C_MSIL2A_20250727T170911_N0511_R112_T15TWJ_20250727T205109.SAFE	/eodata/Sentinel-2/MSI/L2A/2025/07/27/S2C_MSIL2A_20250727T170911_N0511_R112_T15TWJ_20250727T205109.SAFE
S2B_MSIL2A_20250727T161829_N0511_R040_T16TGQ_20250727T202049.SAFE	/eodata/Sentinel-2/MSI/L2A/2025/07/27/S2B_MSIL2A_20250727T161829_N0511_R040_T16TGQ_20250727T202049.SAFE
S2B_MSIL2A_20250727T161829_N0511_R040_T17TNF_20250727T202049.SAFE	/eodata/Sentinel-2/MSI/L2A/2025/07/27/S2B_MSIL2A_20250727T161829_N0511_R040_T17TNF_20250727T202049.SAFE
S2C_MSIL2A_20250726T173931_N0511_R098_T14TNT_20250726T224713.SAFE	/eodata/Sentinel-2/MSI/L2A/2025/07/26/S2C_MSIL2A_20250726T173931_N0511_R098_T14TNT_20250726T224713.SAFE
S2C_MSIL2A_20250726T173931_N0511_R098_T14TKL_20250726T224713.SAFE	/eodata/Sentinel-2/MSI/L2A/2025/07/26/S2C_MSIL2A_20250726T173931_N0511_R098_T14TKL_20250726T224713.SAFE
S2C_MSIL2A_20250726T173931_N0511_R098_T14TLQ_20250726T224713.SAFE	/eodata/Sentinel-2/MSI/L2A/2025/07/26/S2C_MSIL2A_20250726T173931_N0511_R098_T14TLQ_20250726T224713.SAFE
S2C_MSIL2A_20250726T173931_N0511_R098_T14TKM_20250726T224713.SAFE	/eodata/Sentinel-2/MSI/L2A/2025/07/26/S2C_MSIL2A_20250726T173931_N0511_R098_T14TKM_20250726T224713.SAFE
S2C_MSIL2A_20250726T173931_N0511_R098_T13TFF_20250726T224713.SAFE	/eodata/Sentinel-2/MSI/L2A/2025/07/26/S2C_MSIL2A_20250726T173931_N0511_R098_T13TFF_20250726T224713.SAFE
S2C_MSIL2A_20250726T173931_N0511_R098_T14TLM_20250726T224713.SAFE	/eodata/Sentinel-2/MSI/L2A/2025/07/26/S2C_MSIL2A_20250726T173931_N0511_R098_T14TLM_20250726T224713.SAFE
S2C_MSIL2A_20250726T173931_N0511_R098_T13TFG_20250726T224713.SAFE	/eodata/Sentinel-2/MSI/L2A/2025/07/26/S2C_MSIL2A_20250726T173931_N0511_R098_T13TFG_20250726T224713.SAFE
S2C_MSIL2A_20250726T173931_N0511_R098_T14TLT_20250726T224713.SAFE	/eodata/Sentinel-2/MSI/L2A/2025/07/26/S2C_MSIL2A_20250726T173931_N0511_R098_T14TLT_20250726T224713.SAFE
S2C_MSIL2A_20250726T173931_N0511_R098_T13TGK_20250726T224713.SAFE	/eodata/Sentinel-2/MSI/L2A/2025/07/26/S2C_MSIL2A_20250726T173931_N0511_R098_T13TGK_20250726T224713.SAFE
S2C_MSIL2A_20250726T173931_N0511_R098_T13UFP_20250726T224514.SAFE	/eodata/Sentinel-2/MSI/L2A/2025/07/26/S2C_MSIL2A_20250726T173931_N0511_R098_T13UFP_20250726T224514.SAFE
S2C_MSIL2A_20250726T173931_N0511_R098_T14TLP_20250726T224713.SAFE	/eodata/Sentinel-2/MSI/L2A/2025/07/26/S2C_MSIL2A_20250726T173931_N0511_R098_T14TLP_20250726T224713.SAFE
S2C_MSIL2A_20250726T173931_N0511_R098_T13TGE_20250726T224713.SAFE	/eodata/Sentinel-2/MSI/L2A/2025/07/26/S2C_MSIL2A_20250726T173931_N0511_R098_T13TGE_20250726T224713.SAFE
S2C_MSIL2A_20250726T173931_N0511_R098_T14TLN_20250726T224713.SAFE	/eodata/Sentinel-2/MSI/L2A/2025/07/26/S2C_MSIL2A_20250726T173931_N0511_R098_T14TLN_20250726T224713.SAFE
S2C_MSIL2A_20250726T173931_N0511_R098_T13TEH_20250726T224713.SAFE	/eodata/Sentinel-2/MSI/L2A/2025/07/26/S2C_MSIL2A_20250726T173931_N0511_R098_T13TEH_20250726T224713.SAFE
S2C_MSIL2A_20250726T173931_N0511_R098_T14TMQ_20250726T224713.SAFE	/eodata/Sentinel-2/MSI/L2A/2025/07/26/S2C_MSIL2A_20250726T173931_N0511_R098_T14TMQ_20250726T224713.SAFE
S2C_MSIL2A_20250726T173931_N0511_R098_T13TGJ_20250726T224713.SAFE	/eodata/Sentinel-2/MSI/L2A/2025/07/26/S2C_MSIL2A_20250726T173931_N0511_R098_T13TGJ_20250726T224713.SAFE
S2C_MSIL2A_20250726T173931_N0511_R098_T13SGD_20250726T224713.SAFE	/eodata/Sentinel-2/MSI/L2A/2025/07/26/S2C_MSIL2A_20250726T173931_N0511_R098_T13SGD_20250726T224713.SAFE
S2C_MSIL2A_20250726T173931_N0511_R098_T14TLL_20250726T224713.SAFE	/eodata/Sentinel-2/MSI/L2A/2025/07/26/S2C_MSIL2A_20250726T173931_N0511_R098_T14TLL_20250726T224713.SAFE
S2C_MSIL2A_20250726T173931_N0511_R098_T13TGN_20250726T224713.SAFE	/eodata/Sentinel-2/MSI/L2A/2025/07/26/S2C_MSIL2A_20250726T173931_N0511_R098_T13TGN_20250726T224713.SAFE
S2C_MSIL2A_20250726T173931_N0511_R098_T13TFH_20250726T224713.SAFE	/eodata/Sentinel-2/MSI/L2A/2025/07/26/S2C_MSIL2A_20250726T173931_N0511_R098_T13TFH_20250726T224713.SAFE
S2C_MSIL2A_20250726T173931_N0511_R098_T13TGH_20250726T224713.SAFE	/eodata/Sentinel-2/MSI/L2A/2025/07/26/S2C_MSIL2A_20250726T173931_N0511_R098_T13TGH_20250726T224713.SAFE
S2C_MSIL2A_20250726T173931_N0511_R098_T13TGG_20250726T224713.SAFE	/eodata/Sentinel-2/MSI/L2A/2025/07/26/S2C_MSIL2A_20250726T173931_N0511_R098_T13TGG_20250726T224713.SAFE
S2C_MSIL2A_20250726T173931_N0511_R098_T14TKK_20250726T224713.SAFE	/eodata/Sentinel-2/MSI/L2A/2025/07/26/S2C_MSIL2A_20250726T173931_N0511_R098_T14TKK_20250726T224713.SAFE
S2C_MSIL2A_20250726T173931_N0511_R098_T14TMP_20250726T224713.SAFE	/eodata/Sentinel-2/MSI/L2A/2025/07/26/S2C_MSIL2A_20250726T173931_N0511_R098_T14TMP_20250726T224713.SAFE
S2C_MSIL2A_20250726T173931_N0511_R098_T13TEJ_20250726T224713.SAFE	/eodata/Sentinel-2/MSI/L2A/2025/07/26/S2C_MSIL2A_20250726T173931_N0511_R098_T13TEJ_20250726T224713.SAFE
S2C_MSIL2A_20250726T173931_N0511_R098_T13TGF_20250726T224713.SAFE	/eodata/Sentinel-2/MSI/L2A/2025/07/26/S2C_MSIL2A_20250726T173931_N0511_R098_T13TGF_20250726T224713.SAFE
S2C_MSIL2A_20250726T173931_N0511_R098_T14SKJ_20250726T224713.SAFE	/eodata/Sentinel-2/MSI/L2A/2025/07/26/S2C_MSIL2A_20250726T173931_N0511_R098_T14SKJ_20250726T224713.SAFE
S2C_MSIL2A_20250726T173931_N0511_R098_T13UGP_20250726T224713.SAFE	/eodata/Sentinel-2/MSI/L2A/2025/07/26/S2C_MSIL2A_20250726T173931_N0511_R098_T13UGP_20250726T224713.SAFE
S2C_MSIL2A_20250726T173931_N0511_R098_T14TNS_20250726T224713.SAFE	/eodata/Sentinel-2/MSI/L2A/2025/07/26/S2C_MSIL2A_20250726T173931_N0511_R098_T14TNS_20250726T224713.SAFE
S2C_MSIL2A_20250726T173931_N0511_R098_T14TNT_20250726T224514.SAFE	/eodata/Sentinel-2/MSI/L2A/2025/07/26/S2C_MSIL2A_20250726T173931_N0511_R098_T14TNT_20250726T224514.SAFE
S2B_MSIL2A_20250726T164839_N0511_R026_T16TCR_20250726T204906.SAFE	/eodata/Sentinel-2/MSI/L2A/2025/07/26/S2B_MSIL2A_20250726T164839_N0511_R026_T16TCR_20250726T204906.SAFE
S2B_MSIL2A_20250726T164839_N0511_R026_T16TES_20250726T204906.SAFE	/eodata/Sentinel-2/MSI/L2A/2025/07/26/S2B_MSIL2A_20250726T164839_N0511_R026_T16TES_20250726T204906.SAFE
S2B_MSIL2A_20250726T164839_N0511_R026_T16TDM_20250726T204906.SAFE	/eodata/Sentinel-2/MSI/L2A/2025/07/26/S2B_MSIL2A_20250726T164839_N0511_R026_T16TDM_20250726T204906.SAFE
S2B_MSIL2A_20250726T164839_N0511_R026_T16TCS_20250726T204906.SAFE	/eodata/Sentinel-2/MSI/L2A/2025/07/26/S2B_MSIL2A_20250726T164839_N0511_R026_T16TCS_20250726T204906.SAFE
S2B_MSIL2A_20250726T164839_N0511_R026_T16TDS_20250726T204906.SAFE	/eodata/Sentinel-2/MSI/L2A/2025/07/26/S2B_MSIL2A_20250726T164839_N0511_R026_T16TDS_20250726T204906.SAFE
S2B_MSIL2A_20250724T174909_N0511_R141_T13TEN_20250724T212027.SAFE	/eodata/Sentinel-2/MSI/L2A/2025/07/24/S2B_MSIL2A_20250724T174909_N0511_R141_T13TEN_20250724T212027.SAFE
S2B_MSIL2A_20250724T174909_N0511_R141_T13TFG_20250724T214220.SAFE	/eodata/Sentinel-2/MSI/L2A/2025/07/24/S2B_MSIL2A_20250724T174909_N0511_R141_T13TFG_20250724T214220.SAFE
S2B_MSIL2A_20250724T174909_N0511_R141_T13TEH_20250724T214220.SAFE	/eodata/Sentinel-2/MSI/L2A/2025/07/24/S2B_MSIL2A_20250724T174909_N0511_R141_T13TEH_20250724T214220.SAFE
S2B_MSIL2A_20250724T174909_N0511_R141_T13TEJ_20250724T212027.SAFE	/eodata/Sentinel-2/MSI/L2A/2025/07/24/S2B_MSIL2A_20250724T174909_N0511_R141_T13TEJ_20250724T212027.SAFE
S2B_MSIL2A_20250724T174909_N0511_R141_T13TFH_20250724T214220.SAFE	/eodata/Sentinel-2/MSI/L2A/2025/07/24/S2B_MSIL2A_20250724T174909_N0511_R141_T13TFH_20250724T214220.SAFE
S2B_MSIL2A_20250724T174909_N0511_R141_T13TEK_20250724T212027.SAFE	/eodata/Sentinel-2/MSI/L2A/2025/07/24/S2B_MSIL2A_20250724T174909_N0511_R141_T13TEK_20250724T212027.SAFE
S2C_MSIL2A_20250724T165911_N0511_R069_T15SVB_20250724T222718.SAFE	/eodata/Sentinel-2/MSI/L2A/2025/07/24/S2C_MSIL2A_20250724T165911_N0511_R069_T15SVB_20250724T222718.SAFE
S2C_MSIL2A_20250724T165911_N0511_R069_T15SVA_20250724T222718.SAFE	/eodata/Sentinel-2/MSI/L2A/2025/07/24/S2C_MSIL2A_20250724T165911_N0511_R069_T15SVA_20250724T222718.SAFE
S2C_MSIL2A_20250724T165911_N0511_R069_T15SWB_20250724T222718.SAFE	/eodata/Sentinel-2/MSI/L2A/2025/07/24/S2C_MSIL2A_20250724T165911_N0511_R069_T15SWB_20250724T222718.SAFE
S2C_MSIL2A_20250724T165911_N0511_R069_T15SWA_20250724T222718.SAFE	/eodata/Sentinel-2/MSI/L2A/2025/07/24/S2C_MSIL2A_20250724T165911_N0511_R069_T15SWA_20250724T222718.SAFE
S2C_MSIL2A_20250724T165911_N0511_R069_T15STA_20250724T222718.SAFE	/eodata/Sentinel-2/MSI/L2A/2025/07/24/S2C_MSIL2A_20250724T165911_N0511_R069_T15STA_20250724T222718.SAFE
S2C_MSIL2A_20250724T165911_N0511_R069_T15SUA_20250724T222718.SAFE	/eodata/Sentinel-2/MSI/L2A/2025/07/24/S2C_MSIL2A_20250724T165911_N0511_R069_T15SUA_20250724T222718.SAFE
S2C_MSIL2A_20250724T165911_N0511_R069_T14SQF_20250724T222718.SAFE	/eodata/Sentinel-2/MSI/L2A/2025/07/24/S2C_MSIL2A_20250724T165911_N0511_R069_T14SQF_20250724T222718.SAFE
S2A_MSIL2A_20250724T162711_N0511_R040_T17SMC_20250725T005716.SAFE	/eodata/Sentinel-2/MSI/L2A/2025/07/24/S2A_MSIL2A_20250724T162711_N0511_R040_T17SMC_20250725T005716.SAFE
S2C_MSIL2A_20250723T172921_N0511_R055_T14SMG_20250723T222312.SAFE	/eodata/Sentinel-2/MSI/L2A/2025/07/23/S2C_MSIL2A_20250723T172921_N0511_R055_T14SMG_20250723T222312.SAFE
S2C_MSIL2A_20250723T172921_N0511_R055_T14SLF_20250723T222312.SAFE	/eodata/Sentinel-2/MSI/L2A/2025/07/23/S2C_MSIL2A_20250723T172921_N0511_R055_T14SLF_20250723T222312.SAFE
S2C_MSIL2A_20250723T172921_N0511_R055_T14SKG_20250723T222312.SAFE	/eodata/Sentinel-2/MSI/L2A/2025/07/23/S2C_MSIL2A_20250723T172921_N0511_R055_T14SKG_20250723T222312.SAFE
S2A_MSIL2A_20250723T165711_N0511_R026_T15TWG_20250724T012216.SAFE	/eodata/Sentinel-2/MSI/L2A/2025/07/23/S2A_MSIL2A_20250723T165711_N0511_R026_T15TWG_20250724T012216.SAFE
S2A_MSIL2A_20250723T165711_N0511_R026_T15TXE_20250724T012216.SAFE	/eodata/Sentinel-2/MSI/L2A/2025/07/23/S2A_MSIL2A_20250723T165711_N0511_R026_T15TXE_20250724T012216.SAFE
S2A_MSIL2A_20250723T165711_N0511_R026_T15SWD_20250724T012216.SAFE	/eodata/Sentinel-2/MSI/L2A/2025/07/23/S2A_MSIL2A_20250723T165711_N0511_R026_T15SWD_20250724T012216.SAFE
S2A_MSIL2A_20250723T165711_N0511_R026_T15TXG_20250724T012216.SAFE	/eodata/Sentinel-2/MSI/L2A/2025/07/23/S2A_MSIL2A_20250723T165711_N0511_R026_T15TXG_20250724T012216.SAFE
S2A_MSIL2A_20250723T165711_N0511_R026_T15TWE_20250724T012216.SAFE	/eodata/Sentinel-2/MSI/L2A/2025/07/23/S2A_MSIL2A_20250723T165711_N0511_R026_T15TWE_20250724T012216.SAFE
S2A_MSIL2A_20250723T165711_N0511_R026_T15TWH_20250724T012216.SAFE	/eodata/Sentinel-2/MSI/L2A/2025/07/23/S2A_MSIL2A_20250723T165711_N0511_R026_T15TWH_20250724T012216.SAFE
S2A_MSIL2A_20250723T165711_N0511_R026_T15SVD_20250724T012216.SAFE	/eodata/Sentinel-2/MSI/L2A/2025/07/23/S2A_MSIL2A_20250723T165711_N0511_R026_T15SVD_20250724T012216.SAFE
S2A_MSIL2A_20250723T165711_N0511_R026_T15TXF_20250724T012216.SAFE	/eodata/Sentinel-2/MSI/L2A/2025/07/23/S2A_MSIL2A_20250723T165711_N0511_R026_T15TXF_20250724T012216.SAFE
S2A_MSIL2A_20250723T165711_N0511_R026_T15SVA_20250724T012216.SAFE	/eodata/Sentinel-2/MSI/L2A/2025/07/23/S2A_MSIL2A_20250723T165711_N0511_R026_T15SVA_20250724T012216.SAFE
S2A_MSIL2A_20250723T165711_N0511_R026_T15SXD_20250724T012216.SAFE	/eodata/Sentinel-2/MSI/L2A/2025/07/23/S2A_MSIL2A_20250723T165711_N0511_R026_T15SXD_20250724T012216.SAFE
S2A_MSIL2A_20250723T165711_N0511_R026_T15SWC_20250724T012216.SAFE	/eodata/Sentinel-2/MSI/L2A/2025/07/23/S2A_MSIL2A_20250723T165711_N0511_R026_T15SWC_20250724T012216.SAFE
S2A_MSIL2A_20250723T165711_N0511_R026_T15SWA_20250724T012216.SAFE	/eodata/Sentinel-2/MSI/L2A/2025/07/23/S2A_MSIL2A_20250723T165711_N0511_R026_T15SWA_20250724T012216.SAFE
S2A_MSIL2A_20250723T165711_N0511_R026_T15TWF_20250724T012216.SAFE	/eodata/Sentinel-2/MSI/L2A/2025/07/23/S2A_MSIL2A_20250723T165711_N0511_R026_T15TWF_20250724T012216.SAFE
S2B_MSIL2A_20250723T163839_N0511_R126_T16TFM_20250723T204018.SAFE	/eodata/Sentinel-2/MSI/L2A/2025/07/23/S2B_MSIL2A_20250723T163839_N0511_R126_T16TFM_20250723T204018.SAFE
S2A_MSIL2A_20250722T172731_N0511_R012_T14SNF_20250722T222519.SAFE	/eodata/Sentinel-2/MSI/L2A/2025/07/22/S2A_MSIL2A_20250722T172731_N0511_R012_T14SNF_20250722T222519.SAFE
S2A_MSIL2A_20250722T172731_N0511_R012_T14SMF_20250722T222519.SAFE	/eodata/Sentinel-2/MSI/L2A/2025/07/22/S2A_MSIL2A_20250722T172731_N0511_R012_T14SMF_20250722T222519.SAFE
S2A_MSIL2A_20250722T172731_N0511_R012_T14SNG_20250722T222519.SAFE	/eodata/Sentinel-2/MSI/L2A/2025/07/22/S2A_MSIL2A_20250722T172731_N0511_R012_T14SNG_20250722T222519.SAFE
S2A_MSIL2A_20250722T172731_N0511_R012_T14SPF_20250722T222519.SAFE	/eodata/Sentinel-2/MSI/L2A/2025/07/22/S2A_MSIL2A_20250722T172731_N0511_R012_T14SPF_20250722T222519.SAFE
S2A_MSIL2A_20250722T172731_N0511_R012_T14SPG_20250722T222519.SAFE	/eodata/Sentinel-2/MSI/L2A/2025/07/22/S2A_MSIL2A_20250722T172731_N0511_R012_T14SPG_20250722T222519.SAFE
S2B_MSIL2A_20250722T170849_N0511_R112_T14SPF_20250722T211527.SAFE	/eodata/Sentinel-2/MSI/L2A/2025/07/22/S2B_MSIL2A_20250722T170849_N0511_R112_T14SPF_20250722T211527.SAFE
S2B_MSIL2A_20250722T170849_N0511_R112_T14SNG_20250722T211527.SAFE	/eodata/Sentinel-2/MSI/L2A/2025/07/22/S2B_MSIL2A_20250722T170849_N0511_R112_T14SNG_20250722T211527.SAFE
S2B_MSIL2A_20250722T170849_N0511_R112_T14SNF_20250722T211527.SAFE	/eodata/Sentinel-2/MSI/L2A/2025/07/22/S2B_MSIL2A_20250722T170849_N0511_R112_T14SNF_20250722T211527.SAFE
S2C_MSIL2A_20250722T161921_N0511_R040_T16TGR_20250722T211414.SAFE	/eodata/Sentinel-2/MSI/L2A/2025/07/22/S2C_MSIL2A_20250722T161921_N0511_R040_T16TGR_20250722T211414.SAFE
S2C_MSIL2A_20250722T161921_N0511_R040_T16TGQ_20250722T211414.SAFE	/eodata/Sentinel-2/MSI/L2A/2025/07/22/S2C_MSIL2A_20250722T161921_N0511_R040_T16TGQ_20250722T211414.SAFE
S2C_MSIL2A_20250722T161921_N0511_R040_T17TLK_20250722T211414.SAFE	/eodata/Sentinel-2/MSI/L2A/2025/07/22/S2C_MSIL2A_20250722T161921_N0511_R040_T17TLK_20250722T211414.SAFE
S2B_MSIL2A_20250721T173909_N0511_R098_T14TKM_20250721T213620.SAFE	/eodata/Sentinel-2/MSI/L2A/2025/07/21/S2B_MSIL2A_20250721T173909_N0511_R098_T14TKM_20250721T213620.SAFE
S2B_MSIL2A_20250721T173909_N0511_R098_T13TEJ_20250721T213620.SAFE	/eodata/Sentinel-2/MSI/L2A/2025/07/21/S2B_MSIL2A_20250721T173909_N0511_R098_T13TEJ_20250721T213620.SAFE
S2B_MSIL2A_20250721T173909_N0511_R098_T13TFM_20250721T213620.SAFE	/eodata/Sentinel-2/MSI/L2A/2025/07/21/S2B_MSIL2A_20250721T173909_N0511_R098_T13TFM_20250721T213620.SAFE
S2B_MSIL2A_20250721T173909_N0511_R098_T13SGD_20250721T213620.SAFE	/eodata/Sentinel-2/MSI/L2A/2025/07/21/S2B_MSIL2A_20250721T173909_N0511_R098_T13SGD_20250721T213620.SAFE
S2B_MSIL2A_20250721T173909_N0511_R098_T13TGG_20250721T213620.SAFE	/eodata/Sentinel-2/MSI/L2A/2025/07/21/S2B_MSIL2A_20250721T173909_N0511_R098_T13TGG_20250721T213620.SAFE
S2B_MSIL2A_20250721T173909_N0511_R098_T13TFH_20250721T213620.SAFE	/eodata/Sentinel-2/MSI/L2A/2025/07/21/S2B_MSIL2A_20250721T173909_N0511_R098_T13TFH_20250721T213620.SAFE
S2B_MSIL2A_20250721T173909_N0511_R098_T14TLN_20250721T213620.SAFE	/eodata/Sentinel-2/MSI/L2A/2025/07/21/S2B_MSIL2A_20250721T173909_N0511_R098_T14TLN_20250721T213620.SAFE
S2B_MSIL2A_20250721T173909_N0511_R098_T14TMP_20250721T213620.SAFE	/eodata/Sentinel-2/MSI/L2A/2025/07/21/S2B_MSIL2A_20250721T173909_N0511_R098_T14TMP_20250721T213620.SAFE
S2B_MSIL2A_20250721T173909_N0511_R098_T13TGM_20250721T213620.SAFE	/eodata/Sentinel-2/MSI/L2A/2025/07/21/S2B_MSIL2A_20250721T173909_N0511_R098_T13TGM_20250721T213620.SAFE
S2B_MSIL2A_20250721T173909_N0511_R098_T13TEH_20250721T213620.SAFE	/eodata/Sentinel-2/MSI/L2A/2025/07/21/S2B_MSIL2A_20250721T173909_N0511_R098_T13TEH_20250721T213620.SAFE
S2B_MSIL2A_20250721T173909_N0511_R098_T14SKJ_20250721T213620.SAFE	/eodata/Sentinel-2/MSI/L2A/2025/07/21/S2B_MSIL2A_20250721T173909_N0511_R098_T14SKJ_20250721T213620.SAFE
S2B_MSIL2A_20250721T173909_N0511_R098_T13TGH_20250721T213620.SAFE	/eodata/Sentinel-2/MSI/L2A/2025/07/21/S2B_MSIL2A_20250721T173909_N0511_R098_T13TGH_20250721T213620.SAFE
S2B_MSIL2A_20250721T173909_N0511_R098_T14TNS_20250721T213620.SAFE	/eodata/Sentinel-2/MSI/L2A/2025/07/21/S2B_MSIL2A_20250721T173909_N0511_R098_T14TNS_20250721T213620.SAFE
S2B_MSIL2A_20250721T173909_N0511_R098_T14TLM_20250721T213620.SAFE	/eodata/Sentinel-2/MSI/L2A/2025/07/21/S2B_MSIL2A_20250721T173909_N0511_R098_T14TLM_20250721T213620.SAFE
S2C_MSIL2A_20250721T164921_N0511_R026_T16TDN_20250721T220214.SAFE	/eodata/Sentinel-2/MSI/L2A/2025/07/21/S2C_MSIL2A_20250721T164921_N0511_R026_T16TDN_20250721T220214.SAFE
S2C_MSIL2A_20250721T164921_N0511_R026_T16TDP_20250721T220214.SAFE	/eodata/Sentinel-2/MSI/L2A/2025/07/21/S2C_MSIL2A_20250721T164921_N0511_R026_T16TDP_20250721T220214.SAFE
S2C_MSIL2A_20250720T171921_N0511_R012_T14SLG_20250720T221316.SAFE	/eodata/Sentinel-2/MSI/L2A/2025/07/20/S2C_MSIL2A_20250720T171921_N0511_R012_T14SLG_20250720T221316.SAFE
S2C_MSIL2A_20250720T171921_N0511_R012_T14TMK_20250720T221316.SAFE	/eodata/Sentinel-2/MSI/L2A/2025/07/20/S2C_MSIL2A_20250720T171921_N0511_R012_T14TMK_20250720T221316.SAFE
S2C_MSIL2A_20250720T171921_N0511_R012_T14TLK_20250720T221316.SAFE	/eodata/Sentinel-2/MSI/L2A/2025/07/20/S2C_MSIL2A_20250720T171921_N0511_R012_T14TLK_20250720T221316.SAFE
S2C_MSIL2A_20250720T171921_N0511_R012_T14TNK_20250720T221316.SAFE	/eodata/Sentinel-2/MSI/L2A/2025/07/20/S2C_MSIL2A_20250720T171921_N0511_R012_T14TNK_20250720T221316.SAFE
S2C_MSIL2A_20250720T171921_N0511_R012_T14SLF_20250720T221316.SAFE	/eodata/Sentinel-2/MSI/L2A/2025/07/20/S2C_MSIL2A_20250720T171921_N0511_R012_T14SLF_20250720T221316.SAFE
S2A_MSIL2A_20250720T164711_N0511_R126_T16TFR_20250720T213915.SAFE	/eodata/Sentinel-2/MSI/L2A/2025/07/20/S2A_MSIL2A_20250720T164711_N0511_R126_T16TFR_20250720T213915.SAFE
S2B_MSIL2A_20250720T162839_N0511_R083_T17TLL_20250720T203024.SAFE	/eodata/Sentinel-2/MSI/L2A/2025/07/20/S2B_MSIL2A_20250720T162839_N0511_R083_T17TLL_20250720T203024.SAFE
S2B_MSIL2A_20250720T162839_N0511_R083_T16TER_20250720T203024.SAFE	/eodata/Sentinel-2/MSI/L2A/2025/07/20/S2B_MSIL2A_20250720T162839_N0511_R083_T16TER_20250720T203024.SAFE
S2B_MSIL2A_20250720T162839_N0511_R083_T16TFR_20250720T203024.SAFE	/eodata/Sentinel-2/MSI/L2A/2025/07/20/S2B_MSIL2A_20250720T162839_N0511_R083_T16TFR_20250720T203024.SAFE
S2B_MSIL2A_20250720T162839_N0511_R083_T16TGR_20250720T203024.SAFE	/eodata/Sentinel-2/MSI/L2A/2025/07/20/S2B_MSIL2A_20250720T162839_N0511_R083_T16TGR_20250720T203024.SAFE
S2A_MSIL2A_20250719T171721_N0511_R112_T14SNJ_20250719T233614.SAFE	/eodata/Sentinel-2/MSI/L2A/2025/07/19/S2A_MSIL2A_20250719T171721_N0511_R112_T14SNJ_20250719T233614.SAFE
S2A_MSIL2A_20250719T171721_N0511_R112_T14SNH_20250719T233614.SAFE	/eodata/Sentinel-2/MSI/L2A/2025/07/19/S2A_MSIL2A_20250719T171721_N0511_R112_T14SNH_20250719T233614.SAFE
S2C_MSIL2A_20250719T160921_N0511_R140_T17TMG_20250719T211215.SAFE	/eodata/Sentinel-2/MSI/L2A/2025/07/19/S2C_MSIL2A_20250719T160921_N0511_R140_T17TMG_20250719T211215.SAFE
S2C_MSIL2A_20250719T160921_N0511_R140_T17TMG_20250719T210714.SAFE	/eodata/Sentinel-2/MSI/L2A/2025/07/19/S2C_MSIL2A_20250719T160921_N0511_R140_T17TMG_20250719T210714.SAFE
S2A_MSIL2A_20250718T174741_N0511_R098_T13SGD_20250718T223114.SAFE	/eodata/Sentinel-2/MSI/L2A/2025/07/18/S2A_MSIL2A_20250718T174741_N0511_R098_T13SGD_20250718T223114.SAFE
S2A_MSIL2A_20250718T174741_N0511_R098_T13TFL_20250718T205516.SAFE	/eodata/Sentinel-2/MSI/L2A/2025/07/18/S2A_MSIL2A_20250718T174741_N0511_R098_T13TFL_20250718T205516.SAFE
S2A_MSIL2A_20250718T174741_N0511_R098_T13TEJ_20250718T223114.SAFE	/eodata/Sentinel-2/MSI/L2A/2025/07/18/S2A_MSIL2A_20250718T174741_N0511_R098_T13TEJ_20250718T223114.SAFE
S2A_MSIL2A_20250718T174741_N0511_R098_T14TLL_20250718T223114.SAFE	/eodata/Sentinel-2/MSI/L2A/2025/07/18/S2A_MSIL2A_20250718T174741_N0511_R098_T14TLL_20250718T223114.SAFE
S2A_MSIL2A_20250718T174741_N0511_R098_T14TKL_20250718T223114.SAFE	/eodata/Sentinel-2/MSI/L2A/2025/07/18/S2A_MSIL2A_20250718T174741_N0511_R098_T14TKL_20250718T223114.SAFE
S2A_MSIL2A_20250718T174741_N0511_R098_T13TGF_20250718T223114.SAFE	/eodata/Sentinel-2/MSI/L2A/2025/07/18/S2A_MSIL2A_20250718T174741_N0511_R098_T13TGF_20250718T223114.SAFE
S2A_MSIL2A_20250718T174741_N0511_R098_T14SKJ_20250718T223114.SAFE	/eodata/Sentinel-2/MSI/L2A/2025/07/18/S2A_MSIL2A_20250718T174741_N0511_R098_T14SKJ_20250718T223114.SAFE
S2B_MSIL2A_20250718T172859_N0511_R055_T13SGC_20250718T213020.SAFE	/eodata/Sentinel-2/MSI/L2A/2025/07/18/S2B_MSIL2A_20250718T172859_N0511_R055_T13SGC_20250718T213020.SAFE
S2B_MSIL2A_20250718T172859_N0511_R055_T14SKH_20250718T213020.SAFE	/eodata/Sentinel-2/MSI/L2A/2025/07/18/S2B_MSIL2A_20250718T172859_N0511_R055_T14SKH_20250718T213020.SAFE
S2B_MSIL2A_20250718T172859_N0511_R055_T13SGD_20250718T213020.SAFE	/eodata/Sentinel-2/MSI/L2A/2025/07/18/S2B_MSIL2A_20250718T172859_N0511_R055_T13SGD_20250718T213020.SAFE
S2B_MSIL2A_20250718T172859_N0511_R055_T14SKG_20250718T213020.SAFE	/eodata/Sentinel-2/MSI/L2A/2025/07/18/S2B_MSIL2A_20250718T172859_N0511_R055_T14SKG_20250718T213020.SAFE
S2B_MSIL2A_20250718T172859_N0511_R055_T13SGA_20250718T213020.SAFE	/eodata/Sentinel-2/MSI/L2A/2025/07/18/S2B_MSIL2A_20250718T172859_N0511_R055_T13SGA_20250718T213020.SAFE
S2B_MSIL2A_20250718T172859_N0511_R055_T14TKL_20250718T213020.SAFE	/eodata/Sentinel-2/MSI/L2A/2025/07/18/S2B_MSIL2A_20250718T172859_N0511_R055_T14TKL_20250718T213020.SAFE
S2B_MSIL2A_20250718T172859_N0511_R055_T13SGB_20250718T213020.SAFE	/eodata/Sentinel-2/MSI/L2A/2025/07/18/S2B_MSIL2A_20250718T172859_N0511_R055_T13SGB_20250718T213020.SAFE
S2B_MSIL2A_20250718T172859_N0511_R055_T14SKF_20250718T213020.SAFE	/eodata/Sentinel-2/MSI/L2A/2025/07/18/S2B_MSIL2A_20250718T172859_N0511_R055_T14SKF_20250718T213020.SAFE
S2B_MSIL2A_20250718T172859_N0511_R055_T13TGF_20250718T213020.SAFE	/eodata/Sentinel-2/MSI/L2A/2025/07/18/S2B_MSIL2A_20250718T172859_N0511_R055_T13TGF_20250718T213020.SAFE
S2B_MSIL2A_20250718T172859_N0511_R055_T14SKJ_20250718T213020.SAFE	/eodata/Sentinel-2/MSI/L2A/2025/07/18/S2B_MSIL2A_20250718T172859_N0511_R055_T14SKJ_20250718T213020.SAFE
S2C_MSIL2A_20250718T163921_N0511_R126_T16TGR_20250718T215416.SAFE	/eodata/Sentinel-2/MSI/L2A/2025/07/18/S2C_MSIL2A_20250718T163921_N0511_R126_T16TGR_20250718T215416.SAFE
S2C_MSIL2A_20250717T170911_N0511_R112_T15UVQ_20250717T215857.SAFE	/eodata/Sentinel-2/MSI/L2A/2025/07/17/S2C_MSIL2A_20250717T170911_N0511_R112_T15UVQ_20250717T215857.SAFE
S2A_MSIL2A_20250716T170721_N0511_R069_T15SUD_20250716T220209.SAFE	/eodata/Sentinel-2/MSI/L2A/2025/07/16/S2A_MSIL2A_20250716T170721_N0511_R069_T15SUD_20250716T220209.SAFE
S2A_MSIL2A_20250715T173731_N0511_R055_T14TNK_20250715T235113.SAFE	/eodata/Sentinel-2/MSI/L2A/2025/07/15/S2A_MSIL2A_20250715T173731_N0511_R055_T14TNK_20250715T235113.SAFE
S2A_MSIL2A_20250715T173731_N0511_R055_T13TGE_20250715T235113.SAFE	/eodata/Sentinel-2/MSI/L2A/2025/07/15/S2A_MSIL2A_20250715T173731_N0511_R055_T13TGE_20250715T235113.SAFE
S2A_MSIL2A_20250715T173731_N0511_R055_T14SKJ_20250716T013112.SAFE	/eodata/Sentinel-2/MSI/L2A/2025/07/15/S2A_MSIL2A_20250715T173731_N0511_R055_T14SKJ_20250716T013112.SAFE
S2A_MSIL2A_20250715T173731_N0511_R055_T13TGF_20250715T235113.SAFE	/eodata/Sentinel-2/MSI/L2A/2025/07/15/S2A_MSIL2A_20250715T173731_N0511_R055_T13TGF_20250715T235113.SAFE
S2A_MSIL2A_20250715T173731_N0511_R055_T14TKM_20250715T235113.SAFE	/eodata/Sentinel-2/MSI/L2A/2025/07/15/S2A_MSIL2A_20250715T173731_N0511_R055_T14TKM_20250715T235113.SAFE
S2A_MSIL2A_20250715T173731_N0511_R055_T14TKL_20250715T235113.SAFE	/eodata/Sentinel-2/MSI/L2A/2025/07/15/S2A_MSIL2A_20250715T173731_N0511_R055_T14TKL_20250715T235113.SAFE
S2A_MSIL2A_20250715T173731_N0511_R055_T13SGB_20250716T013112.SAFE	/eodata/Sentinel-2/MSI/L2A/2025/07/15/S2A_MSIL2A_20250715T173731_N0511_R055_T13SGB_20250716T013112.SAFE
S2A_MSIL2A_20250715T173731_N0511_R055_T14TKK_20250715T235113.SAFE	/eodata/Sentinel-2/MSI/L2A/2025/07/15/S2A_MSIL2A_20250715T173731_N0511_R055_T14TKK_20250715T235113.SAFE
S2A_MSIL2A_20250715T173731_N0511_R055_T14SKH_20250716T013112.SAFE	/eodata/Sentinel-2/MSI/L2A/2025/07/15/S2A_MSIL2A_20250715T173731_N0511_R055_T14SKH_20250716T013112.SAFE
S2A_MSIL2A_20250715T173731_N0511_R055_T13TGH_20250715T235113.SAFE	/eodata/Sentinel-2/MSI/L2A/2025/07/15/S2A_MSIL2A_20250715T173731_N0511_R055_T13TGH_20250715T235113.SAFE
S2A_MSIL2A_20250715T173731_N0511_R055_T13SGC_20250716T013112.SAFE	/eodata/Sentinel-2/MSI/L2A/2025/07/15/S2A_MSIL2A_20250715T173731_N0511_R055_T13SGC_20250716T013112.SAFE
S2A_MSIL2A_20250715T173731_N0511_R055_T13TGG_20250715T235113.SAFE	/eodata/Sentinel-2/MSI/L2A/2025/07/15/S2A_MSIL2A_20250715T173731_N0511_R055_T13TGG_20250715T235113.SAFE
S2A_MSIL2A_20250715T173731_N0511_R055_T13SGD_20250715T235113.SAFE	/eodata/Sentinel-2/MSI/L2A/2025/07/15/S2A_MSIL2A_20250715T173731_N0511_R055_T13SGD_20250715T235113.SAFE
S2A_MSIL2A_20250715T173731_N0511_R055_T13SGD_20250716T013112.SAFE	/eodata/Sentinel-2/MSI/L2A/2025/07/15/S2A_MSIL2A_20250715T173731_N0511_R055_T13SGD_20250716T013112.SAFE
S2A_MSIL2A_20250715T173731_N0511_R055_T14SKJ_20250715T235113.SAFE	/eodata/Sentinel-2/MSI/L2A/2025/07/15/S2A_MSIL2A_20250715T173731_N0511_R055_T14SKJ_20250715T235113.SAFE
S2A_MSIL2A_20250715T173731_N0511_R055_T14SLJ_20250716T013112.SAFE	/eodata/Sentinel-2/MSI/L2A/2025/07/15/S2A_MSIL2A_20250715T173731_N0511_R055_T14SLJ_20250716T013112.SAFE
S2B_MSIL2A_20250715T171859_N0511_R012_T14SPF_20250715T205353.SAFE	/eodata/Sentinel-2/MSI/L2A/2025/07/15/S2B_MSIL2A_20250715T171859_N0511_R012_T14SPF_20250715T205353.SAFE
S2B_MSIL2A_20250715T171859_N0511_R012_T14SPG_20250715T205353.SAFE	/eodata/Sentinel-2/MSI/L2A/2025/07/15/S2B_MSIL2A_20250715T171859_N0511_R012_T14SPG_20250715T205353.SAFE
S2C_MSIL2A_20250715T162921_N0511_R083_T17TLH_20250715T220516.SAFE	/eodata/Sentinel-2/MSI/L2A/2025/07/15/S2C_MSIL2A_20250715T162921_N0511_R083_T17TLH_20250715T220516.SAFE
S2C_MSIL2A_20250715T162921_N0511_R083_T17TKF_20250715T220516.SAFE	/eodata/Sentinel-2/MSI/L2A/2025/07/15/S2C_MSIL2A_20250715T162921_N0511_R083_T17TKF_20250715T220516.SAFE
S2C_MSIL2A_20250715T162921_N0511_R083_T17TLG_20250715T220516.SAFE	/eodata/Sentinel-2/MSI/L2A/2025/07/15/S2C_MSIL2A_20250715T162921_N0511_R083_T17TLG_20250715T220516.SAFE
S2C_MSIL2A_20250715T162921_N0511_R083_T16TGM_20250715T220516.SAFE	/eodata/Sentinel-2/MSI/L2A/2025/07/15/S2C_MSIL2A_20250715T162921_N0511_R083_T16TGM_20250715T220516.SAFE
S2C_MSIL2A_20250715T162921_N0511_R083_T16TFM_20250715T220516.SAFE	/eodata/Sentinel-2/MSI/L2A/2025/07/15/S2C_MSIL2A_20250715T162921_N0511_R083_T16TFM_20250715T220516.SAFE
S2C_MSIL2A_20250715T162921_N0511_R083_T16TGL_20250715T220516.SAFE	/eodata/Sentinel-2/MSI/L2A/2025/07/15/S2C_MSIL2A_20250715T162921_N0511_R083_T16TGL_20250715T220516.SAFE
S2C_MSIL2A_20250715T162921_N0511_R083_T16TGN_20250715T220516.SAFE	/eodata/Sentinel-2/MSI/L2A/2025/07/15/S2C_MSIL2A_20250715T162921_N0511_R083_T16TGN_20250715T220516.SAFE
S2C_MSIL2A_20250715T162921_N0511_R083_T16TFN_20250715T220516.SAFE	/eodata/Sentinel-2/MSI/L2A/2025/07/15/S2C_MSIL2A_20250715T162921_N0511_R083_T16TFN_20250715T220516.SAFE
S2C_MSIL2A_20250715T162921_N0511_R083_T16TGP_20250715T220516.SAFE	/eodata/Sentinel-2/MSI/L2A/2025/07/15/S2C_MSIL2A_20250715T162921_N0511_R083_T16TGP_20250715T220516.SAFE
S2C_MSIL2A_20250715T162921_N0511_R083_T17TKG_20250715T220516.SAFE	/eodata/Sentinel-2/MSI/L2A/2025/07/15/S2C_MSIL2A_20250715T162921_N0511_R083_T17TKG_20250715T220516.SAFE
S2A_MSIL2A_20250714T180801_N0511_R041_T13TEM_20250715T004115.SAFE	/eodata/Sentinel-2/MSI/L2A/2025/07/14/S2A_MSIL2A_20250714T180801_N0511_R041_T13TEM_20250715T004115.SAFE
S2B_MSIL2A_20250714T174909_N0511_R141_T13TFG_20250714T213233.SAFE	/eodata/Sentinel-2/MSI/L2A/2025/07/14/S2B_MSIL2A_20250714T174909_N0511_R141_T13TFG_20250714T213233.SAFE
S2B_MSIL2A_20250714T174909_N0511_R141_T13TFF_20250714T213233.SAFE	/eodata/Sentinel-2/MSI/L2A/2025/07/14/S2B_MSIL2A_20250714T174909_N0511_R141_T13TFF_20250714T213233.SAFE
S2B_MSIL2A_20250714T174909_N0511_R141_T13TGK_20250714T213358.SAFE	/eodata/Sentinel-2/MSI/L2A/2025/07/14/S2B_MSIL2A_20250714T174909_N0511_R141_T13TGK_20250714T213358.SAFE
S2C_MSIL2A_20250714T165921_N0511_R069_T16TCS_20250714T222410.SAFE	/eodata/Sentinel-2/MSI/L2A/2025/07/14/S2C_MSIL2A_20250714T165921_N0511_R069_T16TCS_20250714T222410.SAFE
S2C_MSIL2A_20250714T165921_N0511_R069_T15TUH_20250714T222410.SAFE	/eodata/Sentinel-2/MSI/L2A/2025/07/14/S2C_MSIL2A_20250714T165921_N0511_R069_T15TUH_20250714T222410.SAFE
S2C_MSIL2A_20250714T165921_N0511_R069_T15TUG_20250714T222410.SAFE	/eodata/Sentinel-2/MSI/L2A/2025/07/14/S2C_MSIL2A_20250714T165921_N0511_R069_T15TUG_20250714T222410.SAFE
S2C_MSIL2A_20250714T165921_N0511_R069_T15TYH_20250714T222410.SAFE	/eodata/Sentinel-2/MSI/L2A/2025/07/14/S2C_MSIL2A_20250714T165921_N0511_R069_T15TYH_20250714T222410.SAFE
S2C_MSIL2A_20250714T165921_N0511_R069_T15TXM_20250714T222410.SAFE	/eodata/Sentinel-2/MSI/L2A/2025/07/14/S2C_MSIL2A_20250714T165921_N0511_R069_T15TXM_20250714T222410.SAFE
S2C_MSIL2A_20250714T165921_N0511_R069_T15TYM_20250714T222410.SAFE	/eodata/Sentinel-2/MSI/L2A/2025/07/14/S2C_MSIL2A_20250714T165921_N0511_R069_T15TYM_20250714T222410.SAFE
S2C_MSIL2A_20250714T165921_N0511_R069_T15TVG_20250714T222410.SAFE	/eodata/Sentinel-2/MSI/L2A/2025/07/14/S2C_MSIL2A_20250714T165921_N0511_R069_T15TVG_20250714T222410.SAFE
S2C_MSIL2A_20250714T165921_N0511_R069_T15TVL_20250714T222410.SAFE	/eodata/Sentinel-2/MSI/L2A/2025/07/14/S2C_MSIL2A_20250714T165921_N0511_R069_T15TVL_20250714T222410.SAFE
S2C_MSIL2A_20250714T165921_N0511_R069_T15TVH_20250714T222410.SAFE	/eodata/Sentinel-2/MSI/L2A/2025/07/14/S2C_MSIL2A_20250714T165921_N0511_R069_T15TVH_20250714T222410.SAFE
S2C_MSIL2A_20250714T165921_N0511_R069_T15TWL_20250714T222410.SAFE	/eodata/Sentinel-2/MSI/L2A/2025/07/14/S2C_MSIL2A_20250714T165921_N0511_R069_T15TWL_20250714T222410.SAFE
S2C_MSIL2A_20250714T165921_N0511_R069_T15TXL_20250714T222410.SAFE	/eodata/Sentinel-2/MSI/L2A/2025/07/14/S2C_MSIL2A_20250714T165921_N0511_R069_T15TXL_20250714T222410.SAFE
S2C_MSIL2A_20250713T172921_N0511_R055_T14SLG_20250713T221924.SAFE	/eodata/Sentinel-2/MSI/L2A/2025/07/13/S2C_MSIL2A_20250713T172921_N0511_R055_T14SLG_20250713T221924.SAFE
S2C_MSIL2A_20250713T172921_N0511_R055_T14TNS_20250713T221924.SAFE	/eodata/Sentinel-2/MSI/L2A/2025/07/13/S2C_MSIL2A_20250713T172921_N0511_R055_T14TNS_20250713T221924.SAFE
S2C_MSIL2A_20250713T172921_N0511_R055_T14SLJ_20250713T221924.SAFE	/eodata/Sentinel-2/MSI/L2A/2025/07/13/S2C_MSIL2A_20250713T172921_N0511_R055_T14SLJ_20250713T221924.SAFE
S2C_MSIL2A_20250713T172921_N0511_R055_T13TGF_20250713T221924.SAFE	/eodata/Sentinel-2/MSI/L2A/2025/07/13/S2C_MSIL2A_20250713T172921_N0511_R055_T13TGF_20250713T221924.SAFE
S2C_MSIL2A_20250713T172921_N0511_R055_T14TMN_20250713T221924.SAFE	/eodata/Sentinel-2/MSI/L2A/2025/07/13/S2C_MSIL2A_20250713T172921_N0511_R055_T14TMN_20250713T221924.SAFE
S2C_MSIL2A_20250713T172921_N0511_R055_T13TGE_20250713T221924.SAFE	/eodata/Sentinel-2/MSI/L2A/2025/07/13/S2C_MSIL2A_20250713T172921_N0511_R055_T13TGE_20250713T221924.SAFE
S2C_MSIL2A_20250713T172921_N0511_R055_T14UMV_20250713T221924.SAFE	/eodata/Sentinel-2/MSI/L2A/2025/07/13/S2C_MSIL2A_20250713T172921_N0511_R055_T14UMV_20250713T221924.SAFE
S2C_MSIL2A_20250713T172921_N0511_R055_T14SLH_20250713T221414.SAFE	/eodata/Sentinel-2/MSI/L2A/2025/07/13/S2C_MSIL2A_20250713T172921_N0511_R055_T14SLH_20250713T221414.SAFE
S2C_MSIL2A_20250713T172921_N0511_R055_T14SKH_20250713T221414.SAFE	/eodata/Sentinel-2/MSI/L2A/2025/07/13/S2C_MSIL2A_20250713T172921_N0511_R055_T14SKH_20250713T221414.SAFE
S2C_MSIL2A_20250713T172921_N0511_R055_T14TLN_20250713T221924.SAFE	/eodata/Sentinel-2/MSI/L2A/2025/07/13/S2C_MSIL2A_20250713T172921_N0511_R055_T14TLN_20250713T221924.SAFE
S2C_MSIL2A_20250713T172921_N0511_R055_T14TLQ_20250713T221924.SAFE	/eodata/Sentinel-2/MSI/L2A/2025/07/13/S2C_MSIL2A_20250713T172921_N0511_R055_T14TLQ_20250713T221924.SAFE
S2C_MSIL2A_20250713T172921_N0511_R055_T14TKM_20250713T221924.SAFE	/eodata/Sentinel-2/MSI/L2A/2025/07/13/S2C_MSIL2A_20250713T172921_N0511_R055_T14TKM_20250713T221924.SAFE
S2C_MSIL2A_20250713T172921_N0511_R055_T14SMG_20250713T221924.SAFE	/eodata/Sentinel-2/MSI/L2A/2025/07/13/S2C_MSIL2A_20250713T172921_N0511_R055_T14SMG_20250713T221924.SAFE
S2C_MSIL2A_20250713T172921_N0511_R055_T14TMR_20250713T221924.SAFE	/eodata/Sentinel-2/MSI/L2A/2025/07/13/S2C_MSIL2A_20250713T172921_N0511_R055_T14TMR_20250713T221924.SAFE
S2C_MSIL2A_20250713T172921_N0511_R055_T14UPU_20250713T221924.SAFE	/eodata/Sentinel-2/MSI/L2A/2025/07/13/S2C_MSIL2A_20250713T172921_N0511_R055_T14UPU_20250713T221924.SAFE
S2C_MSIL2A_20250713T172921_N0511_R055_T14TKL_20250713T221924.SAFE	/eodata/Sentinel-2/MSI/L2A/2025/07/13/S2C_MSIL2A_20250713T172921_N0511_R055_T14TKL_20250713T221924.SAFE
S2C_MSIL2A_20250713T172921_N0511_R055_T14TPT_20250713T221924.SAFE	/eodata/Sentinel-2/MSI/L2A/2025/07/13/S2C_MSIL2A_20250713T172921_N0511_R055_T14TPT_20250713T221924.SAFE
S2C_MSIL2A_20250713T172921_N0511_R055_T14TLP_20250713T221924.SAFE	/eodata/Sentinel-2/MSI/L2A/2025/07/13/S2C_MSIL2A_20250713T172921_N0511_R055_T14TLP_20250713T221924.SAFE
S2C_MSIL2A_20250713T172921_N0511_R055_T13TGK_20250713T221924.SAFE	/eodata/Sentinel-2/MSI/L2A/2025/07/13/S2C_MSIL2A_20250713T172921_N0511_R055_T13TGK_20250713T221924.SAFE
S2C_MSIL2A_20250713T172921_N0511_R055_T14UNU_20250713T221924.SAFE	/eodata/Sentinel-2/MSI/L2A/2025/07/13/S2C_MSIL2A_20250713T172921_N0511_R055_T14UNU_20250713T221924.SAFE
S2C_MSIL2A_20250713T172921_N0511_R055_T13TGG_20250713T221924.SAFE	/eodata/Sentinel-2/MSI/L2A/2025/07/13/S2C_MSIL2A_20250713T172921_N0511_R055_T13TGG_20250713T221924.SAFE
S2C_MSIL2A_20250713T172921_N0511_R055_T14TKK_20250713T221924.SAFE	/eodata/Sentinel-2/MSI/L2A/2025/07/13/S2C_MSIL2A_20250713T172921_N0511_R055_T14TKK_20250713T221924.SAFE
S2C_MSIL2A_20250713T172921_N0511_R055_T14TNN_20250713T221924.SAFE	/eodata/Sentinel-2/MSI/L2A/2025/07/13/S2C_MSIL2A_20250713T172921_N0511_R055_T14TNN_20250713T221924.SAFE
S2C_MSIL2A_20250713T172921_N0511_R055_T14SMG_20250713T221414.SAFE	/eodata/Sentinel-2/MSI/L2A/2025/07/13/S2C_MSIL2A_20250713T172921_N0511_R055_T14SMG_20250713T221414.SAFE
S2C_MSIL2A_20250713T172921_N0511_R055_T14SKH_20250713T221924.SAFE	/eodata/Sentinel-2/MSI/L2A/2025/07/13/S2C_MSIL2A_20250713T172921_N0511_R055_T14SKH_20250713T221924.SAFE
S2C_MSIL2A_20250713T172921_N0511_R055_T14TMQ_20250713T221924.SAFE	/eodata/Sentinel-2/MSI/L2A/2025/07/13/S2C_MSIL2A_20250713T172921_N0511_R055_T14TMQ_20250713T221924.SAFE
S2C_MSIL2A_20250713T172921_N0511_R055_T14TNR_20250713T221924.SAFE	/eodata/Sentinel-2/MSI/L2A/2025/07/13/S2C_MSIL2A_20250713T172921_N0511_R055_T14TNR_20250713T221924.SAFE
S2C_MSIL2A_20250713T172921_N0511_R055_T14TMS_20250713T221924.SAFE	/eodata/Sentinel-2/MSI/L2A/2025/07/13/S2C_MSIL2A_20250713T172921_N0511_R055_T14TMS_20250713T221924.SAFE
S2C_MSIL2A_20250713T172921_N0511_R055_T14SKG_20250713T221924.SAFE	/eodata/Sentinel-2/MSI/L2A/2025/07/13/S2C_MSIL2A_20250713T172921_N0511_R055_T14SKG_20250713T221924.SAFE
S2C_MSIL2A_20250713T172921_N0511_R055_T14TMM_20250713T221924.SAFE	/eodata/Sentinel-2/MSI/L2A/2025/07/13/S2C_MSIL2A_20250713T172921_N0511_R055_T14TMM_20250713T221924.SAFE
S2C_MSIL2A_20250713T172921_N0511_R055_T14TNK_20250713T221924.SAFE	/eodata/Sentinel-2/MSI/L2A/2025/07/13/S2C_MSIL2A_20250713T172921_N0511_R055_T14TNK_20250713T221924.SAFE
S2C_MSIL2A_20250713T172921_N0511_R055_T14TQT_20250713T221924.SAFE	/eodata/Sentinel-2/MSI/L2A/2025/07/13/S2C_MSIL2A_20250713T172921_N0511_R055_T14TQT_20250713T221924.SAFE
S2C_MSIL2A_20250713T172921_N0511_R055_T13SGC_20250713T221924.SAFE	/eodata/Sentinel-2/MSI/L2A/2025/07/13/S2C_MSIL2A_20250713T172921_N0511_R055_T13SGC_20250713T221924.SAFE
S2C_MSIL2A_20250713T172921_N0511_R055_T14TPS_20250713T221924.SAFE	/eodata/Sentinel-2/MSI/L2A/2025/07/13/S2C_MSIL2A_20250713T172921_N0511_R055_T14TPS_20250713T221924.SAFE
S2C_MSIL2A_20250713T172921_N0511_R055_T14TPR_20250713T221924.SAFE	/eodata/Sentinel-2/MSI/L2A/2025/07/13/S2C_MSIL2A_20250713T172921_N0511_R055_T14TPR_20250713T221924.SAFE
S2C_MSIL2A_20250713T172921_N0511_R055_T14TLT_20250713T221924.SAFE	/eodata/Sentinel-2/MSI/L2A/2025/07/13/S2C_MSIL2A_20250713T172921_N0511_R055_T14TLT_20250713T221924.SAFE
S2C_MSIL2A_20250713T172921_N0511_R055_T14SMH_20250713T221924.SAFE	/eodata/Sentinel-2/MSI/L2A/2025/07/13/S2C_MSIL2A_20250713T172921_N0511_R055_T14SMH_20250713T221924.SAFE
S2C_MSIL2A_20250713T172921_N0511_R055_T14UNV_20250713T221924.SAFE	/eodata/Sentinel-2/MSI/L2A/2025/07/13/S2C_MSIL2A_20250713T172921_N0511_R055_T14UNV_20250713T221924.SAFE
S2C_MSIL2A_20250713T172921_N0511_R055_T14TML_20250713T221924.SAFE	/eodata/Sentinel-2/MSI/L2A/2025/07/13/S2C_MSIL2A_20250713T172921_N0511_R055_T14TML_20250713T221924.SAFE
S2C_MSIL2A_20250713T172921_N0511_R055_T14SLG_20250713T221414.SAFE	/eodata/Sentinel-2/MSI/L2A/2025/07/13/S2C_MSIL2A_20250713T172921_N0511_R055_T14SLG_20250713T221414.SAFE
S2C_MSIL2A_20250713T172921_N0511_R055_T14TMT_20250713T221924.SAFE	/eodata/Sentinel-2/MSI/L2A/2025/07/13/S2C_MSIL2A_20250713T172921_N0511_R055_T14TMT_20250713T221924.SAFE
S2C_MSIL2A_20250713T172921_N0511_R055_T14TNM_20250713T221924.SAFE	/eodata/Sentinel-2/MSI/L2A/2025/07/13/S2C_MSIL2A_20250713T172921_N0511_R055_T14TNM_20250713T221924.SAFE
S2C_MSIL2A_20250713T172921_N0511_R055_T14TPQ_20250713T221924.SAFE	/eodata/Sentinel-2/MSI/L2A/2025/07/13/S2C_MSIL2A_20250713T172921_N0511_R055_T14TPQ_20250713T221924.SAFE
S2C_MSIL2A_20250713T172921_N0511_R055_T14TNQ_20250713T221924.SAFE	/eodata/Sentinel-2/MSI/L2A/2025/07/13/S2C_MSIL2A_20250713T172921_N0511_R055_T14TNQ_20250713T221924.SAFE
S2C_MSIL2A_20250713T172921_N0511_R055_T13SGC_20250713T221414.SAFE	/eodata/Sentinel-2/MSI/L2A/2025/07/13/S2C_MSIL2A_20250713T172921_N0511_R055_T13SGC_20250713T221414.SAFE
S2C_MSIL2A_20250713T172921_N0511_R055_T14TMP_20250713T221924.SAFE	/eodata/Sentinel-2/MSI/L2A/2025/07/13/S2C_MSIL2A_20250713T172921_N0511_R055_T14TMP_20250713T221924.SAFE
S2C_MSIL2A_20250713T172921_N0511_R055_T13TGJ_20250713T221924.SAFE	/eodata/Sentinel-2/MSI/L2A/2025/07/13/S2C_MSIL2A_20250713T172921_N0511_R055_T13TGJ_20250713T221924.SAFE
S2C_MSIL2A_20250713T172921_N0511_R055_T14TLS_20250713T221924.SAFE	/eodata/Sentinel-2/MSI/L2A/2025/07/13/S2C_MSIL2A_20250713T172921_N0511_R055_T14TLS_20250713T221924.SAFE
S2C_MSIL2A_20250713T172921_N0511_R055_T14TLR_20250713T221924.SAFE	/eodata/Sentinel-2/MSI/L2A/2025/07/13/S2C_MSIL2A_20250713T172921_N0511_R055_T14TLR_20250713T221924.SAFE
S2C_MSIL2A_20250713T172921_N0511_R055_T14TNP_20250713T221924.SAFE	/eodata/Sentinel-2/MSI/L2A/2025/07/13/S2C_MSIL2A_20250713T172921_N0511_R055_T14TNP_20250713T221924.SAFE
S2C_MSIL2A_20250713T172921_N0511_R055_T14TPP_20250713T221924.SAFE	/eodata/Sentinel-2/MSI/L2A/2025/07/13/S2C_MSIL2A_20250713T172921_N0511_R055_T14TPP_20250713T221924.SAFE
S2C_MSIL2A_20250713T172921_N0511_R055_T13TGH_20250713T221924.SAFE	/eodata/Sentinel-2/MSI/L2A/2025/07/13/S2C_MSIL2A_20250713T172921_N0511_R055_T13TGH_20250713T221924.SAFE
S2C_MSIL2A_20250713T172921_N0511_R055_T14UQU_20250713T221924.SAFE	/eodata/Sentinel-2/MSI/L2A/2025/07/13/S2C_MSIL2A_20250713T172921_N0511_R055_T14UQU_20250713T221924.SAFE
S2C_MSIL2A_20250713T172921_N0511_R055_T15UUP_20250713T221924.SAFE	/eodata/Sentinel-2/MSI/L2A/2025/07/13/S2C_MSIL2A_20250713T172921_N0511_R055_T15UUP_20250713T221924.SAFE
S2C_MSIL2A_20250713T172921_N0511_R055_T13SGD_20250713T221924.SAFE	/eodata/Sentinel-2/MSI/L2A/2025/07/13/S2C_MSIL2A_20250713T172921_N0511_R055_T13SGD_20250713T221924.SAFE
S2C_MSIL2A_20250713T172921_N0511_R055_T14TNT_20250713T221924.SAFE	/eodata/Sentinel-2/MSI/L2A/2025/07/13/S2C_MSIL2A_20250713T172921_N0511_R055_T14TNT_20250713T221924.SAFE
S2C_MSIL2A_20250713T172921_N0511_R055_T14SKJ_20250713T221924.SAFE	/eodata/Sentinel-2/MSI/L2A/2025/07/13/S2C_MSIL2A_20250713T172921_N0511_R055_T14SKJ_20250713T221924.SAFE
S2C_MSIL2A_20250713T172921_N0511_R055_T14SMJ_20250713T221924.SAFE	/eodata/Sentinel-2/MSI/L2A/2025/07/13/S2C_MSIL2A_20250713T172921_N0511_R055_T14SMJ_20250713T221924.SAFE
S2C_MSIL2A_20250713T172921_N0511_R055_T14SLH_20250713T221924.SAFE	/eodata/Sentinel-2/MSI/L2A/2025/07/13/S2C_MSIL2A_20250713T172921_N0511_R055_T14SLH_20250713T221924.SAFE
S2C_MSIL2A_20250713T172921_N0511_R055_T14TMK_20250713T221924.SAFE	/eodata/Sentinel-2/MSI/L2A/2025/07/13/S2C_MSIL2A_20250713T172921_N0511_R055_T14TMK_20250713T221924.SAFE
S2C_MSIL2A_20250713T172921_N0511_R055_T14TLK_20250713T221924.SAFE	/eodata/Sentinel-2/MSI/L2A/2025/07/13/S2C_MSIL2A_20250713T172921_N0511_R055_T14TLK_20250713T221924.SAFE
S2C_MSIL2A_20250713T172921_N0511_R055_T14TNL_20250713T221924.SAFE	/eodata/Sentinel-2/MSI/L2A/2025/07/13/S2C_MSIL2A_20250713T172921_N0511_R055_T14TNL_20250713T221924.SAFE
S2B_MSIL2A_20250712T170849_N0511_R112_T14TPP_20250712T211143.SAFE	/eodata/Sentinel-2/MSI/L2A/2025/07/12/S2B_MSIL2A_20250712T170849_N0511_R112_T14TPP_20250712T211143.SAFE
S2B_MSIL2A_20250711T173909_N0511_R098_T14TLL_20250711T213934.SAFE	/eodata/Sentinel-2/MSI/L2A/2025/07/11/S2B_MSIL2A_20250711T173909_N0511_R098_T14TLL_20250711T213934.SAFE
S2B_MSIL2A_20250711T173909_N0511_R098_T14SKJ_20250711T213934.SAFE	/eodata/Sentinel-2/MSI/L2A/2025/07/11/S2B_MSIL2A_20250711T173909_N0511_R098_T14SKJ_20250711T213934.SAFE
S2B_MSIL2A_20250711T173909_N0511_R098_T13TGF_20250711T213934.SAFE	/eodata/Sentinel-2/MSI/L2A/2025/07/11/S2B_MSIL2A_20250711T173909_N0511_R098_T13TGF_20250711T213934.SAFE
S2B_MSIL2A_20250711T173909_N0511_R098_T14TKL_20250711T213934.SAFE	/eodata/Sentinel-2/MSI/L2A/2025/07/11/S2B_MSIL2A_20250711T173909_N0511_R098_T14TKL_20250711T213934.SAFE
S2B_MSIL2A_20250711T173909_N0511_R098_T13SGD_20250711T213934.SAFE	/eodata/Sentinel-2/MSI/L2A/2025/07/11/S2B_MSIL2A_20250711T173909_N0511_R098_T13SGD_20250711T213934.SAFE
S2B_MSIL2A_20250711T173909_N0511_R098_T13TGE_20250711T213934.SAFE	/eodata/Sentinel-2/MSI/L2A/2025/07/11/S2B_MSIL2A_20250711T173909_N0511_R098_T13TGE_20250711T213934.SAFE
S2B_MSIL2A_20250711T173909_N0511_R098_T14TKK_20250711T213934.SAFE	/eodata/Sentinel-2/MSI/L2A/2025/07/11/S2B_MSIL2A_20250711T173909_N0511_R098_T14TKK_20250711T213934.SAFE
S2C_MSIL2A_20250711T164921_N0511_R026_T15SVC_20250711T220617.SAFE	/eodata/Sentinel-2/MSI/L2A/2025/07/11/S2C_MSIL2A_20250711T164921_N0511_R026_T15SVC_20250711T220617.SAFE
S2C_MSIL2A_20250710T171921_N0511_R012_T14SNF_20250710T221202.SAFE	/eodata/Sentinel-2/MSI/L2A/2025/07/10/S2C_MSIL2A_20250710T171921_N0511_R012_T14SNF_20250710T221202.SAFE
S2C_MSIL2A_20250710T171921_N0511_R012_T14SMG_20250710T221202.SAFE	/eodata/Sentinel-2/MSI/L2A/2025/07/10/S2C_MSIL2A_20250710T171921_N0511_R012_T14SMG_20250710T221202.SAFE
S2C_MSIL2A_20250710T171921_N0511_R012_T14SPJ_20250710T221202.SAFE	/eodata/Sentinel-2/MSI/L2A/2025/07/10/S2C_MSIL2A_20250710T171921_N0511_R012_T14SPJ_20250710T221202.SAFE
S2C_MSIL2A_20250710T171921_N0511_R012_T14SNG_20250710T221202.SAFE	/eodata/Sentinel-2/MSI/L2A/2025/07/10/S2C_MSIL2A_20250710T171921_N0511_R012_T14SNG_20250710T221202.SAFE
S2C_MSIL2A_20250710T171921_N0511_R012_T14SPH_20250710T221202.SAFE	/eodata/Sentinel-2/MSI/L2A/2025/07/10/S2C_MSIL2A_20250710T171921_N0511_R012_T14SPH_20250710T221202.SAFE
S2C_MSIL2A_20250710T171921_N0511_R012_T14SMH_20250710T221202.SAFE	/eodata/Sentinel-2/MSI/L2A/2025/07/10/S2C_MSIL2A_20250710T171921_N0511_R012_T14SMH_20250710T221202.SAFE
S2C_MSIL2A_20250710T171921_N0511_R012_T14SNH_20250710T221202.SAFE	/eodata/Sentinel-2/MSI/L2A/2025/07/10/S2C_MSIL2A_20250710T171921_N0511_R012_T14SNH_20250710T221202.SAFE
S2C_MSIL2A_20250710T171921_N0511_R012_T14SPG_20250710T221202.SAFE	/eodata/Sentinel-2/MSI/L2A/2025/07/10/S2C_MSIL2A_20250710T171921_N0511_R012_T14SPG_20250710T221202.SAFE
S2C_MSIL2A_20250710T171921_N0511_R012_T14SNJ_20250710T221202.SAFE	/eodata/Sentinel-2/MSI/L2A/2025/07/10/S2C_MSIL2A_20250710T171921_N0511_R012_T14SNJ_20250710T221202.SAFE
S2C_MSIL2A_20250710T171921_N0511_R012_T14SLF_20250710T221202.SAFE	/eodata/Sentinel-2/MSI/L2A/2025/07/10/S2C_MSIL2A_20250710T171921_N0511_R012_T14SLF_20250710T221202.SAFE
S2C_MSIL2A_20250710T171921_N0511_R012_T14SMJ_20250710T221202.SAFE	/eodata/Sentinel-2/MSI/L2A/2025/07/10/S2C_MSIL2A_20250710T171921_N0511_R012_T14SMJ_20250710T221202.SAFE
S2C_MSIL2A_20250710T171921_N0511_R012_T14SMF_20250710T221202.SAFE	/eodata/Sentinel-2/MSI/L2A/2025/07/10/S2C_MSIL2A_20250710T171921_N0511_R012_T14SMF_20250710T221202.SAFE
S2C_MSIL2A_20250710T171921_N0511_R012_T14SPF_20250710T221202.SAFE	/eodata/Sentinel-2/MSI/L2A/2025/07/10/S2C_MSIL2A_20250710T171921_N0511_R012_T14SPF_20250710T221202.SAFE
S2B_MSIL2A_20250710T162839_N0511_R083_T16TER_20250710T203346.SAFE	/eodata/Sentinel-2/MSI/L2A/2025/07/10/S2B_MSIL2A_20250710T162839_N0511_R083_T16TER_20250710T203346.SAFE
S2C_MSIL2A_20250709T174931_N0511_R141_T14TLS_20250709T225813.SAFE	/eodata/Sentinel-2/MSI/L2A/2025/07/09/S2C_MSIL2A_20250709T174931_N0511_R141_T14TLS_20250709T225813.SAFE
S2C_MSIL2A_20250709T174931_N0511_R141_T13TGL_20250709T225813.SAFE	/eodata/Sentinel-2/MSI/L2A/2025/07/09/S2C_MSIL2A_20250709T174931_N0511_R141_T13TGL_20250709T225813.SAFE
S2C_MSIL2A_20250709T174931_N0511_R141_T13UEQ_20250709T225813.SAFE	/eodata/Sentinel-2/MSI/L2A/2025/07/09/S2C_MSIL2A_20250709T174931_N0511_R141_T13UEQ_20250709T225813.SAFE
S2C_MSIL2A_20250709T174931_N0511_R141_T14ULU_20250709T225813.SAFE	/eodata/Sentinel-2/MSI/L2A/2025/07/09/S2C_MSIL2A_20250709T174931_N0511_R141_T14ULU_20250709T225813.SAFE
S2C_MSIL2A_20250709T174931_N0511_R141_T13TGM_20250709T225813.SAFE	/eodata/Sentinel-2/MSI/L2A/2025/07/09/S2C_MSIL2A_20250709T174931_N0511_R141_T13TGM_20250709T225813.SAFE
S2C_MSIL2A_20250709T174931_N0511_R141_T13TFG_20250709T225813.SAFE	/eodata/Sentinel-2/MSI/L2A/2025/07/09/S2C_MSIL2A_20250709T174931_N0511_R141_T13TFG_20250709T225813.SAFE
S2C_MSIL2A_20250709T174931_N0511_R141_T14TLT_20250709T225813.SAFE	/eodata/Sentinel-2/MSI/L2A/2025/07/09/S2C_MSIL2A_20250709T174931_N0511_R141_T14TLT_20250709T225813.SAFE
S2C_MSIL2A_20250709T174931_N0511_R141_T13UFQ_20250709T225813.SAFE	/eodata/Sentinel-2/MSI/L2A/2025/07/09/S2C_MSIL2A_20250709T174931_N0511_R141_T13UFQ_20250709T225813.SAFE
S2C_MSIL2A_20250709T174931_N0511_R141_T13UGP_20250709T225813.SAFE	/eodata/Sentinel-2/MSI/L2A/2025/07/09/S2C_MSIL2A_20250709T174931_N0511_R141_T13UGP_20250709T225813.SAFE
S2B_MSIL2A_20250709T170209_N0511_R069_T15UXP_20250709T224303.SAFE	/eodata/Sentinel-2/MSI/L2A/2025/07/09/S2B_MSIL2A_20250709T170209_N0511_R069_T15UXP_20250709T224303.SAFE
S2B_MSIL2A_20250709T170209_N0511_R069_T15TYN_20250709T224303.SAFE	/eodata/Sentinel-2/MSI/L2A/2025/07/09/S2B_MSIL2A_20250709T170209_N0511_R069_T15TYN_20250709T224303.SAFE
S2B_MSIL2A_20250709T170209_N0511_R069_T15TXN_20250709T224303.SAFE	/eodata/Sentinel-2/MSI/L2A/2025/07/09/S2B_MSIL2A_20250709T170209_N0511_R069_T15TXN_20250709T224303.SAFE
S2B_MSIL2A_20250709T170209_N0511_R069_T14SQF_20250709T224303.SAFE	/eodata/Sentinel-2/MSI/L2A/2025/07/09/S2B_MSIL2A_20250709T170209_N0511_R069_T14SQF_20250709T224303.SAFE
S2B_MSIL2A_20250709T170209_N0511_R069_T16TCT_20250709T224303.SAFE	/eodata/Sentinel-2/MSI/L2A/2025/07/09/S2B_MSIL2A_20250709T170209_N0511_R069_T16TCT_20250709T224303.SAFE
S2B_MSIL2A_20250709T170209_N0511_R069_T15SUD_20250709T224303.SAFE	/eodata/Sentinel-2/MSI/L2A/2025/07/09/S2B_MSIL2A_20250709T170209_N0511_R069_T15SUD_20250709T224303.SAFE
S2B_MSIL2A_20250709T170209_N0511_R069_T15UWP_20250709T224303.SAFE	/eodata/Sentinel-2/MSI/L2A/2025/07/09/S2B_MSIL2A_20250709T170209_N0511_R069_T15UWP_20250709T224303.SAFE
S2B_MSIL2A_20250709T170209_N0511_R069_T15STA_20250709T224303.SAFE	/eodata/Sentinel-2/MSI/L2A/2025/07/09/S2B_MSIL2A_20250709T170209_N0511_R069_T15STA_20250709T224303.SAFE
S2B_MSIL2A_20250708T172859_N0511_R055_T14TLN_20250708T212136.SAFE	/eodata/Sentinel-2/MSI/L2A/2025/07/08/S2B_MSIL2A_20250708T172859_N0511_R055_T14TLN_20250708T212136.SAFE
S2B_MSIL2A_20250708T172859_N0511_R055_T14TLK_20250708T212136.SAFE	/eodata/Sentinel-2/MSI/L2A/2025/07/08/S2B_MSIL2A_20250708T172859_N0511_R055_T14TLK_20250708T212136.SAFE
S2B_MSIL2A_20250708T172859_N0511_R055_T14TMR_20250708T210609.SAFE	/eodata/Sentinel-2/MSI/L2A/2025/07/08/S2B_MSIL2A_20250708T172859_N0511_R055_T14TMR_20250708T210609.SAFE
S2B_MSIL2A_20250708T172859_N0511_R055_T14TNP_20250708T212136.SAFE	/eodata/Sentinel-2/MSI/L2A/2025/07/08/S2B_MSIL2A_20250708T172859_N0511_R055_T14TNP_20250708T212136.SAFE
S2B_MSIL2A_20250708T172859_N0511_R055_T14TLM_20250708T212136.SAFE	/eodata/Sentinel-2/MSI/L2A/2025/07/08/S2B_MSIL2A_20250708T172859_N0511_R055_T14TLM_20250708T212136.SAFE
S2B_MSIL2A_20250708T172859_N0511_R055_T14TLP_20250708T212136.SAFE	/eodata/Sentinel-2/MSI/L2A/2025/07/08/S2B_MSIL2A_20250708T172859_N0511_R055_T14TLP_20250708T212136.SAFE
S2B_MSIL2A_20250708T172859_N0511_R055_T14SKJ_20250708T212136.SAFE	/eodata/Sentinel-2/MSI/L2A/2025/07/08/S2B_MSIL2A_20250708T172859_N0511_R055_T14SKJ_20250708T212136.SAFE
S2B_MSIL2A_20250708T172859_N0511_R055_T13SGB_20250708T212136.SAFE	/eodata/Sentinel-2/MSI/L2A/2025/07/08/S2B_MSIL2A_20250708T172859_N0511_R055_T13SGB_20250708T212136.SAFE
S2B_MSIL2A_20250708T172859_N0511_R055_T14TMM_20250708T212136.SAFE	/eodata/Sentinel-2/MSI/L2A/2025/07/08/S2B_MSIL2A_20250708T172859_N0511_R055_T14TMM_20250708T212136.SAFE
S2B_MSIL2A_20250708T172859_N0511_R055_T13TGJ_20250708T212136.SAFE	/eodata/Sentinel-2/MSI/L2A/2025/07/08/S2B_MSIL2A_20250708T172859_N0511_R055_T13TGJ_20250708T212136.SAFE
S2B_MSIL2A_20250708T172859_N0511_R055_T14SMG_20250708T212136.SAFE	/eodata/Sentinel-2/MSI/L2A/2025/07/08/S2B_MSIL2A_20250708T172859_N0511_R055_T14SMG_20250708T212136.SAFE
S2B_MSIL2A_20250708T172859_N0511_R055_T13SGD_20250708T212136.SAFE	/eodata/Sentinel-2/MSI/L2A/2025/07/08/S2B_MSIL2A_20250708T172859_N0511_R055_T13SGD_20250708T212136.SAFE
S2B_MSIL2A_20250708T172859_N0511_R055_T14TNL_20250708T212136.SAFE	/eodata/Sentinel-2/MSI/L2A/2025/07/08/S2B_MSIL2A_20250708T172859_N0511_R055_T14TNL_20250708T212136.SAFE
S2B_MSIL2A_20250708T172859_N0511_R055_T14TKK_20250708T212136.SAFE	/eodata/Sentinel-2/MSI/L2A/2025/07/08/S2B_MSIL2A_20250708T172859_N0511_R055_T14TKK_20250708T212136.SAFE
S2B_MSIL2A_20250708T172859_N0511_R055_T14TLR_20250708T210609.SAFE	/eodata/Sentinel-2/MSI/L2A/2025/07/08/S2B_MSIL2A_20250708T172859_N0511_R055_T14TLR_20250708T210609.SAFE
S2B_MSIL2A_20250708T172859_N0511_R055_T14TLQ_20250708T212136.SAFE	/eodata/Sentinel-2/MSI/L2A/2025/07/08/S2B_MSIL2A_20250708T172859_N0511_R055_T14TLQ_20250708T212136.SAFE
S2B_MSIL2A_20250708T172859_N0511_R055_T13TGG_20250708T212136.SAFE	/eodata/Sentinel-2/MSI/L2A/2025/07/08/S2B_MSIL2A_20250708T172859_N0511_R055_T13TGG_20250708T212136.SAFE
S2B_MSIL2A_20250708T172859_N0511_R055_T14TMT_20250708T210609.SAFE	/eodata/Sentinel-2/MSI/L2A/2025/07/08/S2B_MSIL2A_20250708T172859_N0511_R055_T14TMT_20250708T210609.SAFE
S2B_MSIL2A_20250708T172859_N0511_R055_T14TPP_20250708T212136.SAFE	/eodata/Sentinel-2/MSI/L2A/2025/07/08/S2B_MSIL2A_20250708T172859_N0511_R055_T14TPP_20250708T212136.SAFE
S2B_MSIL2A_20250708T172859_N0511_R055_T14TLS_20250708T210609.SAFE	/eodata/Sentinel-2/MSI/L2A/2025/07/08/S2B_MSIL2A_20250708T172859_N0511_R055_T14TLS_20250708T210609.SAFE
S2B_MSIL2A_20250708T172859_N0511_R055_T14SLH_20250708T212136.SAFE	/eodata/Sentinel-2/MSI/L2A/2025/07/08/S2B_MSIL2A_20250708T172859_N0511_R055_T14SLH_20250708T212136.SAFE
S2B_MSIL2A_20250708T172859_N0511_R055_T14TMK_20250708T212136.SAFE	/eodata/Sentinel-2/MSI/L2A/2025/07/08/S2B_MSIL2A_20250708T172859_N0511_R055_T14TMK_20250708T212136.SAFE
S2B_MSIL2A_20250708T172859_N0511_R055_T13TGK_20250708T212136.SAFE	/eodata/Sentinel-2/MSI/L2A/2025/07/08/S2B_MSIL2A_20250708T172859_N0511_R055_T13TGK_20250708T212136.SAFE
S2B_MSIL2A_20250708T172859_N0511_R055_T13TGH_20250708T212136.SAFE	/eodata/Sentinel-2/MSI/L2A/2025/07/08/S2B_MSIL2A_20250708T172859_N0511_R055_T13TGH_20250708T212136.SAFE
S2B_MSIL2A_20250708T172859_N0511_R055_T14SMJ_20250708T212136.SAFE	/eodata/Sentinel-2/MSI/L2A/2025/07/08/S2B_MSIL2A_20250708T172859_N0511_R055_T14SMJ_20250708T212136.SAFE
S2B_MSIL2A_20250708T172859_N0511_R055_T14TLR_20250708T212136.SAFE	/eodata/Sentinel-2/MSI/L2A/2025/07/08/S2B_MSIL2A_20250708T172859_N0511_R055_T14TLR_20250708T212136.SAFE
S2B_MSIL2A_20250708T172859_N0511_R055_T14TKM_20250708T212136.SAFE	/eodata/Sentinel-2/MSI/L2A/2025/07/08/S2B_MSIL2A_20250708T172859_N0511_R055_T14TKM_20250708T212136.SAFE
S2B_MSIL2A_20250708T172859_N0511_R055_T14SLF_20250708T212136.SAFE	/eodata/Sentinel-2/MSI/L2A/2025/07/08/S2B_MSIL2A_20250708T172859_N0511_R055_T14SLF_20250708T212136.SAFE
S2B_MSIL2A_20250708T172859_N0511_R055_T14SKG_20250708T212136.SAFE	/eodata/Sentinel-2/MSI/L2A/2025/07/08/S2B_MSIL2A_20250708T172859_N0511_R055_T14SKG_20250708T212136.SAFE
S2B_MSIL2A_20250708T172859_N0511_R055_T14TMR_20250708T212136.SAFE	/eodata/Sentinel-2/MSI/L2A/2025/07/08/S2B_MSIL2A_20250708T172859_N0511_R055_T14TMR_20250708T212136.SAFE
S2B_MSIL2A_20250708T172859_N0511_R055_T14SKH_20250708T212136.SAFE	/eodata/Sentinel-2/MSI/L2A/2025/07/08/S2B_MSIL2A_20250708T172859_N0511_R055_T14SKH_20250708T212136.SAFE
S2B_MSIL2A_20250708T172859_N0511_R055_T14TNM_20250708T212136.SAFE	/eodata/Sentinel-2/MSI/L2A/2025/07/08/S2B_MSIL2A_20250708T172859_N0511_R055_T14TNM_20250708T212136.SAFE
S2B_MSIL2A_20250708T172859_N0511_R055_T15UUP_20250708T210609.SAFE	/eodata/Sentinel-2/MSI/L2A/2025/07/08/S2B_MSIL2A_20250708T172859_N0511_R055_T15UUP_20250708T210609.SAFE
S2B_MSIL2A_20250708T172859_N0511_R055_T14TKL_20250708T212136.SAFE	/eodata/Sentinel-2/MSI/L2A/2025/07/08/S2B_MSIL2A_20250708T172859_N0511_R055_T14TKL_20250708T212136.SAFE
S2B_MSIL2A_20250708T172859_N0511_R055_T14TLL_20250708T212136.SAFE	/eodata/Sentinel-2/MSI/L2A/2025/07/08/S2B_MSIL2A_20250708T172859_N0511_R055_T14TLL_20250708T212136.SAFE
S2B_MSIL2A_20250708T172859_N0511_R055_T14SLG_20250708T212136.SAFE	/eodata/Sentinel-2/MSI/L2A/2025/07/08/S2B_MSIL2A_20250708T172859_N0511_R055_T14SLG_20250708T212136.SAFE
S2B_MSIL2A_20250708T172859_N0511_R055_T14SLJ_20250708T212136.SAFE	/eodata/Sentinel-2/MSI/L2A/2025/07/08/S2B_MSIL2A_20250708T172859_N0511_R055_T14SLJ_20250708T212136.SAFE
S2B_MSIL2A_20250708T172859_N0511_R055_T13TGE_20250708T212136.SAFE	/eodata/Sentinel-2/MSI/L2A/2025/07/08/S2B_MSIL2A_20250708T172859_N0511_R055_T13TGE_20250708T212136.SAFE
S2B_MSIL2A_20250708T172859_N0511_R055_T14TML_20250708T212136.SAFE	/eodata/Sentinel-2/MSI/L2A/2025/07/08/S2B_MSIL2A_20250708T172859_N0511_R055_T14TML_20250708T212136.SAFE
S2B_MSIL2A_20250708T172859_N0511_R055_T14TMP_20250708T212136.SAFE	/eodata/Sentinel-2/MSI/L2A/2025/07/08/S2B_MSIL2A_20250708T172859_N0511_R055_T14TMP_20250708T212136.SAFE
S2B_MSIL2A_20250708T172859_N0511_R055_T14TNK_20250708T212136.SAFE	/eodata/Sentinel-2/MSI/L2A/2025/07/08/S2B_MSIL2A_20250708T172859_N0511_R055_T14TNK_20250708T212136.SAFE
S2B_MSIL2A_20250708T172859_N0511_R055_T14TNR_20250708T212136.SAFE	/eodata/Sentinel-2/MSI/L2A/2025/07/08/S2B_MSIL2A_20250708T172859_N0511_R055_T14TNR_20250708T212136.SAFE
S2B_MSIL2A_20250708T172859_N0511_R055_T13SGC_20250708T212136.SAFE	/eodata/Sentinel-2/MSI/L2A/2025/07/08/S2B_MSIL2A_20250708T172859_N0511_R055_T13SGC_20250708T212136.SAFE
S2B_MSIL2A_20250708T172859_N0511_R055_T13TGF_20250708T212136.SAFE	/eodata/Sentinel-2/MSI/L2A/2025/07/08/S2B_MSIL2A_20250708T172859_N0511_R055_T13TGF_20250708T212136.SAFE
S2B_MSIL2A_20250708T172859_N0511_R055_T14SMH_20250708T212136.SAFE	/eodata/Sentinel-2/MSI/L2A/2025/07/08/S2B_MSIL2A_20250708T172859_N0511_R055_T14SMH_20250708T212136.SAFE
S2B_MSIL2A_20250708T172859_N0511_R055_T14TMN_20250708T212136.SAFE	/eodata/Sentinel-2/MSI/L2A/2025/07/08/S2B_MSIL2A_20250708T172859_N0511_R055_T14TMN_20250708T212136.SAFE
S2C_MSIL2A_20250708T163921_N0511_R126_T16TEK_20250708T215217.SAFE	/eodata/Sentinel-2/MSI/L2A/2025/07/08/S2C_MSIL2A_20250708T163921_N0511_R126_T16TEK_20250708T215217.SAFE
S2C_MSIL2A_20250708T163921_N0511_R126_T16TEL_20250708T215217.SAFE	/eodata/Sentinel-2/MSI/L2A/2025/07/08/S2C_MSIL2A_20250708T163921_N0511_R126_T16TEL_20250708T215217.SAFE
S2B_MSIL2A_20250707T175919_N0511_R041_T13TFN_20250707T214425.SAFE	/eodata/Sentinel-2/MSI/L2A/2025/07/07/S2B_MSIL2A_20250707T175919_N0511_R041_T13TFN_20250707T214425.SAFE
S2B_MSIL2A_20250707T175919_N0511_R041_T13TEN_20250707T214425.SAFE	/eodata/Sentinel-2/MSI/L2A/2025/07/07/S2B_MSIL2A_20250707T175919_N0511_R041_T13TEN_20250707T214425.SAFE
S2C_MSIL2A_20250707T170911_N0511_R112_T14TQQ_20250707T222220.SAFE	/eodata/Sentinel-2/MSI/L2A/2025/07/07/S2C_MSIL2A_20250707T170911_N0511_R112_T14TQQ_20250707T222220.SAFE
S2C_MSIL2A_20250706T173931_N0511_R098_T13TFL_20250706T224915.SAFE	/eodata/Sentinel-2/MSI/L2A/2025/07/06/S2C_MSIL2A_20250706T173931_N0511_R098_T13TFL_20250706T224915.SAFE
S2C_MSIL2A_20250706T173931_N0511_R098_T13TGE_20250706T224915.SAFE	/eodata/Sentinel-2/MSI/L2A/2025/07/06/S2C_MSIL2A_20250706T173931_N0511_R098_T13TGE_20250706T224915.SAFE
S2C_MSIL2A_20250706T173931_N0511_R098_T14TNS_20250706T223319.SAFE	/eodata/Sentinel-2/MSI/L2A/2025/07/06/S2C_MSIL2A_20250706T173931_N0511_R098_T14TNS_20250706T223319.SAFE
S2C_MSIL2A_20250706T173931_N0511_R098_T14TKK_20250706T224915.SAFE	/eodata/Sentinel-2/MSI/L2A/2025/07/06/S2C_MSIL2A_20250706T173931_N0511_R098_T14TKK_20250706T224915.SAFE
S2B_MSIL2A_20250705T171859_N0511_R012_T14UQV_20250705T205335.SAFE	/eodata/Sentinel-2/MSI/L2A/2025/07/05/S2B_MSIL2A_20250705T171859_N0511_R012_T14UQV_20250705T205335.SAFE
S2B_MSIL2A_20250705T171859_N0511_R012_T14TNL_20250705T205335.SAFE	/eodata/Sentinel-2/MSI/L2A/2025/07/05/S2B_MSIL2A_20250705T171859_N0511_R012_T14TNL_20250705T205335.SAFE
S2B_MSIL2A_20250705T171859_N0511_R012_T14TMK_20250705T205335.SAFE	/eodata/Sentinel-2/MSI/L2A/2025/07/05/S2B_MSIL2A_20250705T171859_N0511_R012_T14TMK_20250705T205335.SAFE
S2B_MSIL2A_20250705T171859_N0511_R012_T14TML_20250705T205335.SAFE	/eodata/Sentinel-2/MSI/L2A/2025/07/05/S2B_MSIL2A_20250705T171859_N0511_R012_T14TML_20250705T205335.SAFE
S2B_MSIL2A_20250705T171859_N0511_R012_T15UUQ_20250705T205335.SAFE	/eodata/Sentinel-2/MSI/L2A/2025/07/05/S2B_MSIL2A_20250705T171859_N0511_R012_T15UUQ_20250705T205335.SAFE
S2B_MSIL2A_20250705T171859_N0511_R012_T14SLJ_20250705T205335.SAFE	/eodata/Sentinel-2/MSI/L2A/2025/07/05/S2B_MSIL2A_20250705T171859_N0511_R012_T14SLJ_20250705T205335.SAFE
S2B_MSIL2A_20250705T171859_N0511_R012_T14TLK_20250705T205335.SAFE	/eodata/Sentinel-2/MSI/L2A/2025/07/05/S2B_MSIL2A_20250705T171859_N0511_R012_T14TLK_20250705T205335.SAFE
S2B_MSIL2A_20250705T171859_N0511_R012_T14TNK_20250705T205335.SAFE	/eodata/Sentinel-2/MSI/L2A/2025/07/05/S2B_MSIL2A_20250705T171859_N0511_R012_T14TNK_20250705T205335.SAFE
S2B_MSIL2A_20250705T171859_N0511_R012_T15UVQ_20250705T205335.SAFE	/eodata/Sentinel-2/MSI/L2A/2025/07/05/S2B_MSIL2A_20250705T171859_N0511_R012_T15UVQ_20250705T205335.SAFE
S2C_MSIL2A_20250705T162921_N0511_R083_T16SDH_20250705T214302.SAFE	/eodata/Sentinel-2/MSI/L2A/2025/07/05/S2C_MSIL2A_20250705T162921_N0511_R083_T16SDH_20250705T214302.SAFE
S2C_MSIL2A_20250705T162921_N0511_R083_T16SCG_20250705T214302.SAFE	/eodata/Sentinel-2/MSI/L2A/2025/07/05/S2C_MSIL2A_20250705T162921_N0511_R083_T16SCG_20250705T214302.SAFE
S2C_MSIL2A_20250705T162921_N0511_R083_T16SEH_20250705T214302.SAFE	/eodata/Sentinel-2/MSI/L2A/2025/07/05/S2C_MSIL2A_20250705T162921_N0511_R083_T16SEH_20250705T214302.SAFE
S2C_MSIL2A_20250705T162921_N0511_R083_T16SCH_20250705T214302.SAFE	/eodata/Sentinel-2/MSI/L2A/2025/07/05/S2C_MSIL2A_20250705T162921_N0511_R083_T16SCH_20250705T214302.SAFE
S2C_MSIL2A_20250705T162921_N0511_R083_T16SDG_20250705T214302.SAFE	/eodata/Sentinel-2/MSI/L2A/2025/07/05/S2C_MSIL2A_20250705T162921_N0511_R083_T16SDG_20250705T214302.SAFE
S2C_MSIL2A_20250704T165911_N0511_R069_T15TUH_20250704T221615.SAFE	/eodata/Sentinel-2/MSI/L2A/2025/07/04/S2C_MSIL2A_20250704T165911_N0511_R069_T15TUH_20250704T221615.SAFE
S2C_MSIL2A_20250704T165911_N0511_R069_T15TVJ_20250704T221615.SAFE	/eodata/Sentinel-2/MSI/L2A/2025/07/04/S2C_MSIL2A_20250704T165911_N0511_R069_T15TVJ_20250704T221615.SAFE
S2C_MSIL2A_20250704T165911_N0511_R069_T15TUG_20250704T221615.SAFE	/eodata/Sentinel-2/MSI/L2A/2025/07/04/S2C_MSIL2A_20250704T165911_N0511_R069_T15TUG_20250704T221615.SAFE
S2A_MSIL2A_20250704T162711_N0511_R040_T17TME_20250705T010417.SAFE	/eodata/Sentinel-2/MSI/L2A/2025/07/04/S2A_MSIL2A_20250704T162711_N0511_R040_T17TME_20250705T010417.SAFE
S2A_MSIL2A_20250704T162711_N0511_R040_T17TMF_20250705T010417.SAFE	/eodata/Sentinel-2/MSI/L2A/2025/07/04/S2A_MSIL2A_20250704T162711_N0511_R040_T17TMF_20250705T010417.SAFE
S2A_MSIL2A_20250704T162711_N0511_R040_T17TLJ_20250705T010417.SAFE	/eodata/Sentinel-2/MSI/L2A/2025/07/04/S2A_MSIL2A_20250704T162711_N0511_R040_T17TLJ_20250705T010417.SAFE
S2A_MSIL2A_20250704T162711_N0511_R040_T17TMG_20250705T010417.SAFE	/eodata/Sentinel-2/MSI/L2A/2025/07/04/S2A_MSIL2A_20250704T162711_N0511_R040_T17TMG_20250705T010417.SAFE
S2B_MSIL2A_20250704T160829_N0511_R140_T17TMF_20250704T201256.SAFE	/eodata/Sentinel-2/MSI/L2A/2025/07/04/S2B_MSIL2A_20250704T160829_N0511_R140_T17TMF_20250704T201256.SAFE
S2B_MSIL2A_20250704T160829_N0511_R140_T17TMF_20250704T211831.SAFE	/eodata/Sentinel-2/MSI/L2A/2025/07/04/S2B_MSIL2A_20250704T160829_N0511_R140_T17TMF_20250704T211831.SAFE
S2B_MSIL2A_20250704T160829_N0511_R140_T17TNF_20250704T211831.SAFE	/eodata/Sentinel-2/MSI/L2A/2025/07/04/S2B_MSIL2A_20250704T160829_N0511_R140_T17TNF_20250704T211831.SAFE
S2B_MSIL2A_20250704T160829_N0511_R140_T17TMG_20250704T201256.SAFE	/eodata/Sentinel-2/MSI/L2A/2025/07/04/S2B_MSIL2A_20250704T160829_N0511_R140_T17TMG_20250704T201256.SAFE
S2B_MSIL2A_20250704T160829_N0511_R140_T17TME_20250704T201256.SAFE	/eodata/Sentinel-2/MSI/L2A/2025/07/04/S2B_MSIL2A_20250704T160829_N0511_R140_T17TME_20250704T201256.SAFE
S2C_MSIL2A_20250703T172921_N0511_R055_T14TMN_20250703T223502.SAFE	/eodata/Sentinel-2/MSI/L2A/2025/07/03/S2C_MSIL2A_20250703T172921_N0511_R055_T14TMN_20250703T223502.SAFE
S2C_MSIL2A_20250703T172921_N0511_R055_T13TGJ_20250703T223502.SAFE	/eodata/Sentinel-2/MSI/L2A/2025/07/03/S2C_MSIL2A_20250703T172921_N0511_R055_T13TGJ_20250703T223502.SAFE
S2C_MSIL2A_20250703T172921_N0511_R055_T13TGE_20250703T223502.SAFE	/eodata/Sentinel-2/MSI/L2A/2025/07/03/S2C_MSIL2A_20250703T172921_N0511_R055_T13TGE_20250703T223502.SAFE
S2C_MSIL2A_20250703T172921_N0511_R055_T14TMP_20250703T223502.SAFE	/eodata/Sentinel-2/MSI/L2A/2025/07/03/S2C_MSIL2A_20250703T172921_N0511_R055_T14TMP_20250703T223502.SAFE
S2C_MSIL2A_20250703T172921_N0511_R055_T13TGH_20250703T223502.SAFE	/eodata/Sentinel-2/MSI/L2A/2025/07/03/S2C_MSIL2A_20250703T172921_N0511_R055_T13TGH_20250703T223502.SAFE
S2C_MSIL2A_20250703T172921_N0511_R055_T14TNM_20250703T223502.SAFE	/eodata/Sentinel-2/MSI/L2A/2025/07/03/S2C_MSIL2A_20250703T172921_N0511_R055_T14TNM_20250703T223502.SAFE
S2C_MSIL2A_20250703T172921_N0511_R055_T14TLN_20250703T223502.SAFE	/eodata/Sentinel-2/MSI/L2A/2025/07/03/S2C_MSIL2A_20250703T172921_N0511_R055_T14TLN_20250703T223502.SAFE
S2C_MSIL2A_20250703T172921_N0511_R055_T14TNK_20250703T223502.SAFE	/eodata/Sentinel-2/MSI/L2A/2025/07/03/S2C_MSIL2A_20250703T172921_N0511_R055_T14TNK_20250703T223502.SAFE
S2C_MSIL2A_20250703T172921_N0511_R055_T14TMM_20250703T223502.SAFE	/eodata/Sentinel-2/MSI/L2A/2025/07/03/S2C_MSIL2A_20250703T172921_N0511_R055_T14TMM_20250703T223502.SAFE
S2C_MSIL2A_20250703T172921_N0511_R055_T14TLP_20250703T223502.SAFE	/eodata/Sentinel-2/MSI/L2A/2025/07/03/S2C_MSIL2A_20250703T172921_N0511_R055_T14TLP_20250703T223502.SAFE
S2C_MSIL2A_20250703T172921_N0511_R055_T14TML_20250703T223502.SAFE	/eodata/Sentinel-2/MSI/L2A/2025/07/03/S2C_MSIL2A_20250703T172921_N0511_R055_T14TML_20250703T223502.SAFE
S2C_MSIL2A_20250703T172921_N0511_R055_T14TKK_20250703T223502.SAFE	/eodata/Sentinel-2/MSI/L2A/2025/07/03/S2C_MSIL2A_20250703T172921_N0511_R055_T14TKK_20250703T223502.SAFE
S2C_MSIL2A_20250703T172921_N0511_R055_T14TLM_20250703T223502.SAFE	/eodata/Sentinel-2/MSI/L2A/2025/07/03/S2C_MSIL2A_20250703T172921_N0511_R055_T14TLM_20250703T223502.SAFE
S2C_MSIL2A_20250703T172921_N0511_R055_T14TNL_20250703T223502.SAFE	/eodata/Sentinel-2/MSI/L2A/2025/07/03/S2C_MSIL2A_20250703T172921_N0511_R055_T14TNL_20250703T223502.SAFE
S2A_MSIL2A_20250703T165711_N0511_R026_T16TBK_20250704T010416.SAFE	/eodata/Sentinel-2/MSI/L2A/2025/07/03/S2A_MSIL2A_20250703T165711_N0511_R026_T16TBK_20250704T010416.SAFE
S2A_MSIL2A_20250703T165711_N0511_R026_T16TCK_20250704T010416.SAFE	/eodata/Sentinel-2/MSI/L2A/2025/07/03/S2A_MSIL2A_20250703T165711_N0511_R026_T16TCK_20250704T010416.SAFE
S2A_MSIL2A_20250703T165711_N0511_R026_T15TXF_20250704T010416.SAFE	/eodata/Sentinel-2/MSI/L2A/2025/07/03/S2A_MSIL2A_20250703T165711_N0511_R026_T15TXF_20250704T010416.SAFE
S2A_MSIL2A_20250703T165711_N0511_R026_T15TYG_20250703T224805.SAFE	/eodata/Sentinel-2/MSI/L2A/2025/07/03/S2A_MSIL2A_20250703T165711_N0511_R026_T15TYG_20250703T224805.SAFE
S2A_MSIL2A_20250703T165711_N0511_R026_T15TYG_20250704T010416.SAFE	/eodata/Sentinel-2/MSI/L2A/2025/07/03/S2A_MSIL2A_20250703T165711_N0511_R026_T15TYG_20250704T010416.SAFE
S2A_MSIL2A_20250703T165711_N0511_R026_T15TXE_20250704T010416.SAFE	/eodata/Sentinel-2/MSI/L2A/2025/07/03/S2A_MSIL2A_20250703T165711_N0511_R026_T15TXE_20250704T010416.SAFE
S2A_MSIL2A_20250703T165711_N0511_R026_T16TBL_20250704T010416.SAFE	/eodata/Sentinel-2/MSI/L2A/2025/07/03/S2A_MSIL2A_20250703T165711_N0511_R026_T16TBL_20250704T010416.SAFE
S2A_MSIL2A_20250703T165711_N0511_R026_T15TWF_20250704T010416.SAFE	/eodata/Sentinel-2/MSI/L2A/2025/07/03/S2A_MSIL2A_20250703T165711_N0511_R026_T15TWF_20250704T010416.SAFE
S2A_MSIL2A_20250703T165711_N0511_R026_T15SVB_20250704T010416.SAFE	/eodata/Sentinel-2/MSI/L2A/2025/07/03/S2A_MSIL2A_20250703T165711_N0511_R026_T15SVB_20250704T010416.SAFE
S2A_MSIL2A_20250703T165711_N0511_R026_T16TCL_20250704T010416.SAFE	/eodata/Sentinel-2/MSI/L2A/2025/07/03/S2A_MSIL2A_20250703T165711_N0511_R026_T16TCL_20250704T010416.SAFE
S2A_MSIL2A_20250703T165711_N0511_R026_T15SVA_20250704T010416.SAFE	/eodata/Sentinel-2/MSI/L2A/2025/07/03/S2A_MSIL2A_20250703T165711_N0511_R026_T15SVA_20250704T010416.SAFE
S2A_MSIL2A_20250703T165711_N0511_R026_T16TBM_20250704T010416.SAFE	/eodata/Sentinel-2/MSI/L2A/2025/07/03/S2A_MSIL2A_20250703T165711_N0511_R026_T16TBM_20250704T010416.SAFE
S2A_MSIL2A_20250703T165711_N0511_R026_T15TYE_20250704T010416.SAFE	/eodata/Sentinel-2/MSI/L2A/2025/07/03/S2A_MSIL2A_20250703T165711_N0511_R026_T15TYE_20250704T010416.SAFE
S2A_MSIL2A_20250703T165711_N0511_R026_T16TCQ_20250703T224805.SAFE	/eodata/Sentinel-2/MSI/L2A/2025/07/03/S2A_MSIL2A_20250703T165711_N0511_R026_T16TCQ_20250703T224805.SAFE
S2A_MSIL2A_20250703T165711_N0511_R026_T16TCR_20250703T224805.SAFE	/eodata/Sentinel-2/MSI/L2A/2025/07/03/S2A_MSIL2A_20250703T165711_N0511_R026_T16TCR_20250703T224805.SAFE
S2A_MSIL2A_20250703T165711_N0511_R026_T16TBM_20250703T224805.SAFE	/eodata/Sentinel-2/MSI/L2A/2025/07/03/S2A_MSIL2A_20250703T165711_N0511_R026_T16TBM_20250703T224805.SAFE
S2A_MSIL2A_20250703T165711_N0511_R026_T15TYF_20250704T010416.SAFE	/eodata/Sentinel-2/MSI/L2A/2025/07/03/S2A_MSIL2A_20250703T165711_N0511_R026_T15TYF_20250704T010416.SAFE
S2A_MSIL2A_20250703T165711_N0511_R026_T15TYH_20250704T010416.SAFE	/eodata/Sentinel-2/MSI/L2A/2025/07/03/S2A_MSIL2A_20250703T165711_N0511_R026_T15TYH_20250704T010416.SAFE
S2B_MSIL2A_20250703T163839_N0511_R126_T16TCQ_20250703T203709.SAFE	/eodata/Sentinel-2/MSI/L2A/2025/07/03/S2B_MSIL2A_20250703T163839_N0511_R126_T16TCQ_20250703T203709.SAFE
S2B_MSIL2A_20250703T163839_N0511_R126_T16TBM_20250703T203709.SAFE	/eodata/Sentinel-2/MSI/L2A/2025/07/03/S2B_MSIL2A_20250703T163839_N0511_R126_T16TBM_20250703T203709.SAFE
S2B_MSIL2A_20250703T163839_N0511_R126_T16TBL_20250703T203709.SAFE	/eodata/Sentinel-2/MSI/L2A/2025/07/03/S2B_MSIL2A_20250703T163839_N0511_R126_T16TBL_20250703T203709.SAFE
S2B_MSIL2A_20250703T163839_N0511_R126_T15TYF_20250703T203709.SAFE	/eodata/Sentinel-2/MSI/L2A/2025/07/03/S2B_MSIL2A_20250703T163839_N0511_R126_T15TYF_20250703T203709.SAFE
S2B_MSIL2A_20250703T163839_N0511_R126_T16TCR_20250703T203709.SAFE	/eodata/Sentinel-2/MSI/L2A/2025/07/03/S2B_MSIL2A_20250703T163839_N0511_R126_T16TCR_20250703T203709.SAFE
S2B_MSIL2A_20250703T163839_N0511_R126_T15TYG_20250703T203709.SAFE	/eodata/Sentinel-2/MSI/L2A/2025/07/03/S2B_MSIL2A_20250703T163839_N0511_R126_T15TYG_20250703T203709.SAFE
S2B_MSIL2A_20250703T163839_N0511_R126_T15TYE_20250703T203709.SAFE	/eodata/Sentinel-2/MSI/L2A/2025/07/03/S2B_MSIL2A_20250703T163839_N0511_R126_T15TYE_20250703T203709.SAFE
S2B_MSIL2A_20250703T163839_N0511_R126_T16TBK_20250703T203709.SAFE	/eodata/Sentinel-2/MSI/L2A/2025/07/03/S2B_MSIL2A_20250703T163839_N0511_R126_T16TBK_20250703T203709.SAFE
S2C_MSIL2A_20250702T175931_N0511_R041_T13UEP_20250702T230915.SAFE	/eodata/Sentinel-2/MSI/L2A/2025/07/02/S2C_MSIL2A_20250702T175931_N0511_R041_T13UEP_20250702T230915.SAFE
S2C_MSIL2A_20250702T175931_N0511_R041_T13UFQ_20250702T230915.SAFE	/eodata/Sentinel-2/MSI/L2A/2025/07/02/S2C_MSIL2A_20250702T175931_N0511_R041_T13UFQ_20250702T230915.SAFE
S2C_MSIL2A_20250702T175931_N0511_R041_T13TFN_20250702T230915.SAFE	/eodata/Sentinel-2/MSI/L2A/2025/07/02/S2C_MSIL2A_20250702T175931_N0511_R041_T13TFN_20250702T230915.SAFE
S2C_MSIL2A_20250702T175931_N0511_R041_T13UFP_20250702T230915.SAFE	/eodata/Sentinel-2/MSI/L2A/2025/07/02/S2C_MSIL2A_20250702T175931_N0511_R041_T13UFP_20250702T230915.SAFE
S2C_MSIL2A_20250702T175931_N0511_R041_T13TEN_20250702T230915.SAFE	/eodata/Sentinel-2/MSI/L2A/2025/07/02/S2C_MSIL2A_20250702T175931_N0511_R041_T13TEN_20250702T230915.SAFE
S2C_MSIL2A_20250702T175931_N0511_R041_T13TEM_20250702T230915.SAFE	/eodata/Sentinel-2/MSI/L2A/2025/07/02/S2C_MSIL2A_20250702T175931_N0511_R041_T13TEM_20250702T230915.SAFE
S2C_MSIL2A_20250702T175931_N0511_R041_T13UEQ_20250702T230915.SAFE	/eodata/Sentinel-2/MSI/L2A/2025/07/02/S2C_MSIL2A_20250702T175931_N0511_R041_T13UEQ_20250702T230915.SAFE
S2A_MSIL2A_20250702T172721_N0511_R012_T14TPT_20250702T224101.SAFE	/eodata/Sentinel-2/MSI/L2A/2025/07/02/S2A_MSIL2A_20250702T172721_N0511_R012_T14TPT_20250702T224101.SAFE
S2A_MSIL2A_20250702T172721_N0511_R012_T14TNN_20250702T224101.SAFE	/eodata/Sentinel-2/MSI/L2A/2025/07/02/S2A_MSIL2A_20250702T172721_N0511_R012_T14TNN_20250702T224101.SAFE
S2A_MSIL2A_20250702T172721_N0511_R012_T14TPR_20250702T224101.SAFE	/eodata/Sentinel-2/MSI/L2A/2025/07/02/S2A_MSIL2A_20250702T172721_N0511_R012_T14TPR_20250702T224101.SAFE
S2A_MSIL2A_20250702T172721_N0511_R012_T14SNJ_20250702T224101.SAFE	/eodata/Sentinel-2/MSI/L2A/2025/07/02/S2A_MSIL2A_20250702T172721_N0511_R012_T14SNJ_20250702T224101.SAFE
S2A_MSIL2A_20250702T172721_N0511_R012_T14TQR_20250702T224101.SAFE	/eodata/Sentinel-2/MSI/L2A/2025/07/02/S2A_MSIL2A_20250702T172721_N0511_R012_T14TQR_20250702T224101.SAFE
S2A_MSIL2A_20250702T172721_N0511_R012_T14TPQ_20250702T224101.SAFE	/eodata/Sentinel-2/MSI/L2A/2025/07/02/S2A_MSIL2A_20250702T172721_N0511_R012_T14TPQ_20250702T224101.SAFE
S2A_MSIL2A_20250702T172721_N0511_R012_T14TQS_20250702T224101.SAFE	/eodata/Sentinel-2/MSI/L2A/2025/07/02/S2A_MSIL2A_20250702T172721_N0511_R012_T14TQS_20250702T224101.SAFE
S2A_MSIL2A_20250702T172721_N0511_R012_T14TQM_20250702T224101.SAFE	/eodata/Sentinel-2/MSI/L2A/2025/07/02/S2A_MSIL2A_20250702T172721_N0511_R012_T14TQM_20250702T224101.SAFE
S2A_MSIL2A_20250702T172721_N0511_R012_T14TQQ_20250702T224101.SAFE	/eodata/Sentinel-2/MSI/L2A/2025/07/02/S2A_MSIL2A_20250702T172721_N0511_R012_T14TQQ_20250702T224101.SAFE
S2A_MSIL2A_20250702T172721_N0511_R012_T14TPM_20250702T224101.SAFE	/eodata/Sentinel-2/MSI/L2A/2025/07/02/S2A_MSIL2A_20250702T172721_N0511_R012_T14TPM_20250702T224101.SAFE
S2A_MSIL2A_20250702T172721_N0511_R012_T15TUL_20250702T224101.SAFE	/eodata/Sentinel-2/MSI/L2A/2025/07/02/S2A_MSIL2A_20250702T172721_N0511_R012_T15TUL_20250702T224101.SAFE
S2A_MSIL2A_20250702T172721_N0511_R012_T14TMK_20250702T224101.SAFE	/eodata/Sentinel-2/MSI/L2A/2025/07/02/S2A_MSIL2A_20250702T172721_N0511_R012_T14TMK_20250702T224101.SAFE
S2A_MSIL2A_20250702T172721_N0511_R012_T15TUK_20250702T224101.SAFE	/eodata/Sentinel-2/MSI/L2A/2025/07/02/S2A_MSIL2A_20250702T172721_N0511_R012_T15TUK_20250702T224101.SAFE
S2A_MSIL2A_20250702T172721_N0511_R012_T14TNT_20250702T224101.SAFE	/eodata/Sentinel-2/MSI/L2A/2025/07/02/S2A_MSIL2A_20250702T172721_N0511_R012_T14TNT_20250702T224101.SAFE
S2A_MSIL2A_20250702T172721_N0511_R012_T14TNM_20250702T224101.SAFE	/eodata/Sentinel-2/MSI/L2A/2025/07/02/S2A_MSIL2A_20250702T172721_N0511_R012_T14TNM_20250702T224101.SAFE
S2A_MSIL2A_20250702T172721_N0511_R012_T15TUH_20250702T224101.SAFE	/eodata/Sentinel-2/MSI/L2A/2025/07/02/S2A_MSIL2A_20250702T172721_N0511_R012_T15TUH_20250702T224101.SAFE
S2A_MSIL2A_20250702T172721_N0511_R012_T14TML_20250702T224101.SAFE	/eodata/Sentinel-2/MSI/L2A/2025/07/02/S2A_MSIL2A_20250702T172721_N0511_R012_T14TML_20250702T224101.SAFE
S2A_MSIL2A_20250702T172721_N0511_R012_T15TTG_20250702T224101.SAFE	/eodata/Sentinel-2/MSI/L2A/2025/07/02/S2A_MSIL2A_20250702T172721_N0511_R012_T15TTG_20250702T224101.SAFE
S2A_MSIL2A_20250702T172721_N0511_R012_T14TNL_20250702T224101.SAFE	/eodata/Sentinel-2/MSI/L2A/2025/07/02/S2A_MSIL2A_20250702T172721_N0511_R012_T14TNL_20250702T224101.SAFE
S2A_MSIL2A_20250702T172721_N0511_R012_T14TMM_20250702T224101.SAFE	/eodata/Sentinel-2/MSI/L2A/2025/07/02/S2A_MSIL2A_20250702T172721_N0511_R012_T14TMM_20250702T224101.SAFE
S2A_MSIL2A_20250702T172721_N0511_R012_T14UPV_20250702T224101.SAFE	/eodata/Sentinel-2/MSI/L2A/2025/07/02/S2A_MSIL2A_20250702T172721_N0511_R012_T14UPV_20250702T224101.SAFE
S2A_MSIL2A_20250702T172721_N0511_R012_T14TPN_20250702T224101.SAFE	/eodata/Sentinel-2/MSI/L2A/2025/07/02/S2A_MSIL2A_20250702T172721_N0511_R012_T14TPN_20250702T224101.SAFE
S2A_MSIL2A_20250702T172721_N0511_R012_T14TPS_20250702T224101.SAFE	/eodata/Sentinel-2/MSI/L2A/2025/07/02/S2A_MSIL2A_20250702T172721_N0511_R012_T14TPS_20250702T224101.SAFE
S2A_MSIL2A_20250702T172721_N0511_R012_T14TNS_20250702T224101.SAFE	/eodata/Sentinel-2/MSI/L2A/2025/07/02/S2A_MSIL2A_20250702T172721_N0511_R012_T14TNS_20250702T224101.SAFE
S2A_MSIL2A_20250702T172721_N0511_R012_T14TNK_20250702T224101.SAFE	/eodata/Sentinel-2/MSI/L2A/2025/07/02/S2A_MSIL2A_20250702T172721_N0511_R012_T14TNK_20250702T224101.SAFE
S2A_MSIL2A_20250702T172721_N0511_R012_T14TQN_20250702T224101.SAFE	/eodata/Sentinel-2/MSI/L2A/2025/07/02/S2A_MSIL2A_20250702T172721_N0511_R012_T14TQN_20250702T224101.SAFE
S2A_MSIL2A_20250702T172721_N0511_R012_T14TMN_20250702T224101.SAFE	/eodata/Sentinel-2/MSI/L2A/2025/07/02/S2A_MSIL2A_20250702T172721_N0511_R012_T14TMN_20250702T224101.SAFE
S2A_MSIL2A_20250702T172721_N0511_R012_T14TLK_20250702T224101.SAFE	/eodata/Sentinel-2/MSI/L2A/2025/07/02/S2A_MSIL2A_20250702T172721_N0511_R012_T14TLK_20250702T224101.SAFE
S2A_MSIL2A_20250702T172721_N0511_R012_T14SLJ_20250702T224101.SAFE	/eodata/Sentinel-2/MSI/L2A/2025/07/02/S2A_MSIL2A_20250702T172721_N0511_R012_T14SLJ_20250702T224101.SAFE
S2A_MSIL2A_20250702T172721_N0511_R012_T14SMJ_20250702T224101.SAFE	/eodata/Sentinel-2/MSI/L2A/2025/07/02/S2A_MSIL2A_20250702T172721_N0511_R012_T14SMJ_20250702T224101.SAFE
S2A_MSIL2A_20250702T172721_N0511_R012_T14TNR_20250702T224101.SAFE	/eodata/Sentinel-2/MSI/L2A/2025/07/02/S2A_MSIL2A_20250702T172721_N0511_R012_T14TNR_20250702T224101.SAFE
S2B_MSIL2A_20250702T170849_N0511_R112_T14TQR_20250702T204540.SAFE	/eodata/Sentinel-2/MSI/L2A/2025/07/02/S2B_MSIL2A_20250702T170849_N0511_R112_T14TQR_20250702T204540.SAFE
S2B_MSIL2A_20250702T170849_N0511_R112_T15TUL_20250702T204540.SAFE	/eodata/Sentinel-2/MSI/L2A/2025/07/02/S2B_MSIL2A_20250702T170849_N0511_R112_T15TUL_20250702T204540.SAFE
S2B_MSIL2A_20250702T170849_N0511_R112_T14TQN_20250702T204540.SAFE	/eodata/Sentinel-2/MSI/L2A/2025/07/02/S2B_MSIL2A_20250702T170849_N0511_R112_T14TQN_20250702T204540.SAFE
S2B_MSIL2A_20250702T170849_N0511_R112_T15TUK_20250702T204540.SAFE	/eodata/Sentinel-2/MSI/L2A/2025/07/02/S2B_MSIL2A_20250702T170849_N0511_R112_T15TUK_20250702T204540.SAFE
S2B_MSIL2A_20250702T170849_N0511_R112_T15TUM_20250702T204540.SAFE	/eodata/Sentinel-2/MSI/L2A/2025/07/02/S2B_MSIL2A_20250702T170849_N0511_R112_T15TUM_20250702T204540.SAFE
S2B_MSIL2A_20250702T170849_N0511_R112_T14TQQ_20250702T204540.SAFE	/eodata/Sentinel-2/MSI/L2A/2025/07/02/S2B_MSIL2A_20250702T170849_N0511_R112_T14TQQ_20250702T204540.SAFE
S2B_MSIL2A_20250702T170849_N0511_R112_T14SNJ_20250702T204540.SAFE	/eodata/Sentinel-2/MSI/L2A/2025/07/02/S2B_MSIL2A_20250702T170849_N0511_R112_T14SNJ_20250702T204540.SAFE
S2B_MSIL2A_20250702T170849_N0511_R112_T15TVL_20250702T204540.SAFE	/eodata/Sentinel-2/MSI/L2A/2025/07/02/S2B_MSIL2A_20250702T170849_N0511_R112_T15TVL_20250702T204540.SAFE
S2B_MSIL2A_20250702T170849_N0511_R112_T15TUJ_20250702T204540.SAFE	/eodata/Sentinel-2/MSI/L2A/2025/07/02/S2B_MSIL2A_20250702T170849_N0511_R112_T15TUJ_20250702T204540.SAFE
S2B_MSIL2A_20250702T170849_N0511_R112_T14TPM_20250702T204540.SAFE	/eodata/Sentinel-2/MSI/L2A/2025/07/02/S2B_MSIL2A_20250702T170849_N0511_R112_T14TPM_20250702T204540.SAFE
S2B_MSIL2A_20250702T170849_N0511_R112_T14TQS_20250702T204540.SAFE	/eodata/Sentinel-2/MSI/L2A/2025/07/02/S2B_MSIL2A_20250702T170849_N0511_R112_T14TQS_20250702T204540.SAFE
S2B_MSIL2A_20250702T170849_N0511_R112_T15TWL_20250702T204540.SAFE	/eodata/Sentinel-2/MSI/L2A/2025/07/02/S2B_MSIL2A_20250702T170849_N0511_R112_T15TWL_20250702T204540.SAFE
S2C_MSIL2A_20250702T161921_N0511_R040_T17TNG_20250702T212310.SAFE	/eodata/Sentinel-2/MSI/L2A/2025/07/02/S2C_MSIL2A_20250702T161921_N0511_R040_T17TNG_20250702T212310.SAFE
S2C_MSIL2A_20250702T161921_N0511_R040_T17TMG_20250702T212310.SAFE	/eodata/Sentinel-2/MSI/L2A/2025/07/02/S2C_MSIL2A_20250702T161921_N0511_R040_T17TMG_20250702T212310.SAFE
S2B_MSIL2A_20250701T173909_N0511_R098_T14TMP_20250701T213421.SAFE	/eodata/Sentinel-2/MSI/L2A/2025/07/01/S2B_MSIL2A_20250701T173909_N0511_R098_T14TMP_20250701T213421.SAFE
S2B_MSIL2A_20250701T173909_N0511_R098_T13UGQ_20250701T210941.SAFE	/eodata/Sentinel-2/MSI/L2A/2025/07/01/S2B_MSIL2A_20250701T173909_N0511_R098_T13UGQ_20250701T210941.SAFE
S2B_MSIL2A_20250701T173909_N0511_R098_T14ULU_20250701T210941.SAFE	/eodata/Sentinel-2/MSI/L2A/2025/07/01/S2B_MSIL2A_20250701T173909_N0511_R098_T14ULU_20250701T210941.SAFE
S2B_MSIL2A_20250701T173909_N0511_R098_T14TNT_20250701T210941.SAFE	/eodata/Sentinel-2/MSI/L2A/2025/07/01/S2B_MSIL2A_20250701T173909_N0511_R098_T14TNT_20250701T210941.SAFE
S2B_MSIL2A_20250701T173909_N0511_R098_T14TMR_20250701T213421.SAFE	/eodata/Sentinel-2/MSI/L2A/2025/07/01/S2B_MSIL2A_20250701T173909_N0511_R098_T14TMR_20250701T213421.SAFE
S2B_MSIL2A_20250701T173909_N0511_R098_T13TFH_20250701T213421.SAFE	/eodata/Sentinel-2/MSI/L2A/2025/07/01/S2B_MSIL2A_20250701T173909_N0511_R098_T13TFH_20250701T213421.SAFE
S2B_MSIL2A_20250701T173909_N0511_R098_T13TEG_20250701T213421.SAFE	/eodata/Sentinel-2/MSI/L2A/2025/07/01/S2B_MSIL2A_20250701T173909_N0511_R098_T13TEG_20250701T213421.SAFE
S2B_MSIL2A_20250701T173909_N0511_R098_T14TLR_20250701T213421.SAFE	/eodata/Sentinel-2/MSI/L2A/2025/07/01/S2B_MSIL2A_20250701T173909_N0511_R098_T14TLR_20250701T213421.SAFE
S2B_MSIL2A_20250701T173909_N0511_R098_T14TLQ_20250701T213421.SAFE	/eodata/Sentinel-2/MSI/L2A/2025/07/01/S2B_MSIL2A_20250701T173909_N0511_R098_T14TLQ_20250701T213421.SAFE
S2B_MSIL2A_20250701T173909_N0511_R098_T13UGP_20250701T210941.SAFE	/eodata/Sentinel-2/MSI/L2A/2025/07/01/S2B_MSIL2A_20250701T173909_N0511_R098_T13UGP_20250701T210941.SAFE
S2B_MSIL2A_20250701T173909_N0511_R098_T13TFN_20250701T213421.SAFE	/eodata/Sentinel-2/MSI/L2A/2025/07/01/S2B_MSIL2A_20250701T173909_N0511_R098_T13TFN_20250701T213421.SAFE
S2B_MSIL2A_20250701T173909_N0511_R098_T13TEK_20250701T213421.SAFE	/eodata/Sentinel-2/MSI/L2A/2025/07/01/S2B_MSIL2A_20250701T173909_N0511_R098_T13TEK_20250701T213421.SAFE
S2B_MSIL2A_20250701T173909_N0511_R098_T13UFQ_20250701T210941.SAFE	/eodata/Sentinel-2/MSI/L2A/2025/07/01/S2B_MSIL2A_20250701T173909_N0511_R098_T13UFQ_20250701T210941.SAFE
S2B_MSIL2A_20250701T173909_N0511_R098_T13UFP_20250701T210941.SAFE	/eodata/Sentinel-2/MSI/L2A/2025/07/01/S2B_MSIL2A_20250701T173909_N0511_R098_T13UFP_20250701T210941.SAFE
S2B_MSIL2A_20250701T173909_N0511_R098_T14TMS_20250701T213421.SAFE	/eodata/Sentinel-2/MSI/L2A/2025/07/01/S2B_MSIL2A_20250701T173909_N0511_R098_T14TMS_20250701T213421.SAFE
S2B_MSIL2A_20250701T173909_N0511_R098_T13TGN_20250701T213421.SAFE	/eodata/Sentinel-2/MSI/L2A/2025/07/01/S2B_MSIL2A_20250701T173909_N0511_R098_T13TGN_20250701T213421.SAFE
S2B_MSIL2A_20250701T173909_N0511_R098_T13TGN_20250701T210941.SAFE	/eodata/Sentinel-2/MSI/L2A/2025/07/01/S2B_MSIL2A_20250701T173909_N0511_R098_T13TGN_20250701T210941.SAFE
S2B_MSIL2A_20250701T173909_N0511_R098_T13TFG_20250701T213421.SAFE	/eodata/Sentinel-2/MSI/L2A/2025/07/01/S2B_MSIL2A_20250701T173909_N0511_R098_T13TFG_20250701T213421.SAFE
S2B_MSIL2A_20250701T173909_N0511_R098_T14TLP_20250701T213421.SAFE	/eodata/Sentinel-2/MSI/L2A/2025/07/01/S2B_MSIL2A_20250701T173909_N0511_R098_T14TLP_20250701T213421.SAFE
S2B_MSIL2A_20250701T173909_N0511_R098_T13TFJ_20250701T213421.SAFE	/eodata/Sentinel-2/MSI/L2A/2025/07/01/S2B_MSIL2A_20250701T173909_N0511_R098_T13TFJ_20250701T213421.SAFE
S2B_MSIL2A_20250701T173909_N0511_R098_T14TNS_20250701T210941.SAFE	/eodata/Sentinel-2/MSI/L2A/2025/07/01/S2B_MSIL2A_20250701T173909_N0511_R098_T14TNS_20250701T210941.SAFE
S2B_MSIL2A_20250701T173909_N0511_R098_T13TFL_20250701T213421.SAFE	/eodata/Sentinel-2/MSI/L2A/2025/07/01/S2B_MSIL2A_20250701T173909_N0511_R098_T13TFL_20250701T213421.SAFE
S2B_MSIL2A_20250701T173909_N0511_R098_T13TFK_20250701T213421.SAFE	/eodata/Sentinel-2/MSI/L2A/2025/07/01/S2B_MSIL2A_20250701T173909_N0511_R098_T13TFK_20250701T213421.SAFE
S2B_MSIL2A_20250701T173909_N0511_R098_T13TFF_20250701T213421.SAFE	/eodata/Sentinel-2/MSI/L2A/2025/07/01/S2B_MSIL2A_20250701T173909_N0511_R098_T13TFF_20250701T213421.SAFE
S2B_MSIL2A_20250701T173909_N0511_R098_T14TLL_20250701T213421.SAFE	/eodata/Sentinel-2/MSI/L2A/2025/07/01/S2B_MSIL2A_20250701T173909_N0511_R098_T14TLL_20250701T213421.SAFE
S2B_MSIL2A_20250701T173909_N0511_R098_T13TEJ_20250701T213421.SAFE	/eodata/Sentinel-2/MSI/L2A/2025/07/01/S2B_MSIL2A_20250701T173909_N0511_R098_T13TEJ_20250701T213421.SAFE
S2B_MSIL2A_20250701T173909_N0511_R098_T14TMS_20250701T210941.SAFE	/eodata/Sentinel-2/MSI/L2A/2025/07/01/S2B_MSIL2A_20250701T173909_N0511_R098_T14TMS_20250701T210941.SAFE
S2B_MSIL2A_20250701T173909_N0511_R098_T13TEF_20250701T213421.SAFE	/eodata/Sentinel-2/MSI/L2A/2025/07/01/S2B_MSIL2A_20250701T173909_N0511_R098_T13TEF_20250701T213421.SAFE
S2B_MSIL2A_20250701T173909_N0511_R098_T13TEH_20250701T213421.SAFE	/eodata/Sentinel-2/MSI/L2A/2025/07/01/S2B_MSIL2A_20250701T173909_N0511_R098_T13TEH_20250701T213421.SAFE
S2B_MSIL2A_20250701T173909_N0511_R098_T14TLS_20250701T213421.SAFE	/eodata/Sentinel-2/MSI/L2A/2025/07/01/S2B_MSIL2A_20250701T173909_N0511_R098_T14TLS_20250701T213421.SAFE
S2B_MSIL2A_20250701T173909_N0511_R098_T13TFM_20250701T213421.SAFE	/eodata/Sentinel-2/MSI/L2A/2025/07/01/S2B_MSIL2A_20250701T173909_N0511_R098_T13TFM_20250701T213421.SAFE
S2B_MSIL2A_20250701T173909_N0511_R098_T14TLT_20250701T210941.SAFE	/eodata/Sentinel-2/MSI/L2A/2025/07/01/S2B_MSIL2A_20250701T173909_N0511_R098_T14TLT_20250701T210941.SAFE
S2B_MSIL2A_20250701T173909_N0511_R098_T13TFN_20250701T210941.SAFE	/eodata/Sentinel-2/MSI/L2A/2025/07/01/S2B_MSIL2A_20250701T173909_N0511_R098_T13TFN_20250701T210941.SAFE
S2B_MSIL2A_20250701T173909_N0511_R098_T14TMT_20250701T210941.SAFE	/eodata/Sentinel-2/MSI/L2A/2025/07/01/S2B_MSIL2A_20250701T173909_N0511_R098_T14TMT_20250701T210941.SAFE
S2B_MSIL2A_20250701T173909_N0511_R098_T14TLT_20250701T213421.SAFE	/eodata/Sentinel-2/MSI/L2A/2025/07/01/S2B_MSIL2A_20250701T173909_N0511_R098_T14TLT_20250701T213421.SAFE
S2B_MSIL2A_20250701T173909_N0511_R098_T14TMQ_20250701T213421.SAFE	/eodata/Sentinel-2/MSI/L2A/2025/07/01/S2B_MSIL2A_20250701T173909_N0511_R098_T14TMQ_20250701T213421.SAFE
S2B_MSIL2A_20250701T173909_N0511_R098_T13TGL_20250701T213421.SAFE	/eodata/Sentinel-2/MSI/L2A/2025/07/01/S2B_MSIL2A_20250701T173909_N0511_R098_T13TGL_20250701T213421.SAFE
S2B_MSIL2A_20250701T173909_N0511_R098_T13TGK_20250701T213421.SAFE	/eodata/Sentinel-2/MSI/L2A/2025/07/01/S2B_MSIL2A_20250701T173909_N0511_R098_T13TGK_20250701T213421.SAFE
S2B_MSIL2A_20250701T173909_N0511_R098_T13TGF_20250701T213421.SAFE	/eodata/Sentinel-2/MSI/L2A/2025/07/01/S2B_MSIL2A_20250701T173909_N0511_R098_T13TGF_20250701T213421.SAFE
S2B_MSIL2A_20250701T173909_N0511_R098_T14TMT_20250701T213421.SAFE	/eodata/Sentinel-2/MSI/L2A/2025/07/01/S2B_MSIL2A_20250701T173909_N0511_R098_T14TMT_20250701T213421.SAFE
S2B_MSIL2A_20250701T173909_N0511_R098_T14TKL_20250701T213421.SAFE	/eodata/Sentinel-2/MSI/L2A/2025/07/01/S2B_MSIL2A_20250701T173909_N0511_R098_T14TKL_20250701T213421.SAFE
S2C_MSIL2A_20250701T164921_N0511_R026_T15TXN_20250701T221619.SAFE	/eodata/Sentinel-2/MSI/L2A/2025/07/01/S2C_MSIL2A_20250701T164921_N0511_R026_T15TXN_20250701T221619.SAFE
S2C_MSIL2A_20250701T164921_N0511_R026_T16TDT_20250701T221619.SAFE	/eodata/Sentinel-2/MSI/L2A/2025/07/01/S2C_MSIL2A_20250701T164921_N0511_R026_T16TDT_20250701T221619.SAFE
S2C_MSIL2A_20250701T164921_N0511_R026_T15TYN_20250701T221619.SAFE	/eodata/Sentinel-2/MSI/L2A/2025/07/01/S2C_MSIL2A_20250701T164921_N0511_R026_T15TYN_20250701T221619.SAFE
S2C_MSIL2A_20250701T164921_N0511_R026_T16SCJ_20250701T221619.SAFE	/eodata/Sentinel-2/MSI/L2A/2025/07/01/S2C_MSIL2A_20250701T164921_N0511_R026_T16SCJ_20250701T221619.SAFE
S2C_MSIL2A_20250701T164921_N0511_R026_T16TCT_20250701T221619.SAFE	/eodata/Sentinel-2/MSI/L2A/2025/07/01/S2C_MSIL2A_20250701T164921_N0511_R026_T16TCT_20250701T221619.SAFE
S2C_MSIL2A_20250630T171921_N0511_R012_T14TMM_20250630T221515.SAFE	/eodata/Sentinel-2/MSI/L2A/2025/06/30/S2C_MSIL2A_20250630T171921_N0511_R012_T14TMM_20250630T221515.SAFE
S2C_MSIL2A_20250630T171921_N0511_R012_T14TMP_20250630T221515.SAFE	/eodata/Sentinel-2/MSI/L2A/2025/06/30/S2C_MSIL2A_20250630T171921_N0511_R012_T14TMP_20250630T221515.SAFE
S2C_MSIL2A_20250630T171921_N0511_R012_T14TLK_20250630T221515.SAFE	/eodata/Sentinel-2/MSI/L2A/2025/06/30/S2C_MSIL2A_20250630T171921_N0511_R012_T14TLK_20250630T221515.SAFE
S2C_MSIL2A_20250630T171921_N0511_R012_T14TPP_20250630T221515.SAFE	/eodata/Sentinel-2/MSI/L2A/2025/06/30/S2C_MSIL2A_20250630T171921_N0511_R012_T14TPP_20250630T221515.SAFE
S2C_MSIL2A_20250630T171921_N0511_R012_T14TMN_20250630T221515.SAFE	/eodata/Sentinel-2/MSI/L2A/2025/06/30/S2C_MSIL2A_20250630T171921_N0511_R012_T14TMN_20250630T221515.SAFE
S2C_MSIL2A_20250630T171921_N0511_R012_T14TNP_20250630T221515.SAFE	/eodata/Sentinel-2/MSI/L2A/2025/06/30/S2C_MSIL2A_20250630T171921_N0511_R012_T14TNP_20250630T221515.SAFE
S2C_MSIL2A_20250630T171921_N0511_R012_T14TNN_20250630T221515.SAFE	/eodata/Sentinel-2/MSI/L2A/2025/06/30/S2C_MSIL2A_20250630T171921_N0511_R012_T14TNN_20250630T221515.SAFE
S2C_MSIL2A_20250629T174931_N0511_R141_T13TEF_20250629T224319.SAFE	/eodata/Sentinel-2/MSI/L2A/2025/06/29/S2C_MSIL2A_20250629T174931_N0511_R141_T13TEF_20250629T224319.SAFE
S2C_MSIL2A_20250629T174931_N0511_R141_T14TLS_20250629T224319.SAFE	/eodata/Sentinel-2/MSI/L2A/2025/06/29/S2C_MSIL2A_20250629T174931_N0511_R141_T14TLS_20250629T224319.SAFE
S2C_MSIL2A_20250629T160921_N0511_R140_T17TNG_20250629T210909.SAFE	/eodata/Sentinel-2/MSI/L2A/2025/06/29/S2C_MSIL2A_20250629T160921_N0511_R140_T17TNG_20250629T210909.SAFE
S2C_MSIL2A_20250629T160921_N0511_R140_T17TMG_20250629T210909.SAFE	/eodata/Sentinel-2/MSI/L2A/2025/06/29/S2C_MSIL2A_20250629T160921_N0511_R140_T17TMG_20250629T210909.SAFE
S2A_MSIL2A_20250628T174741_N0511_R098_T14TLQ_20250628T204801.SAFE	/eodata/Sentinel-2/MSI/L2A/2025/06/28/S2A_MSIL2A_20250628T174741_N0511_R098_T14TLQ_20250628T204801.SAFE
S2A_MSIL2A_20250628T174741_N0511_R098_T13SGD_20250628T223730.SAFE	/eodata/Sentinel-2/MSI/L2A/2025/06/28/S2A_MSIL2A_20250628T174741_N0511_R098_T13SGD_20250628T223730.SAFE
S2A_MSIL2A_20250628T174741_N0511_R098_T14TMQ_20250628T204801.SAFE	/eodata/Sentinel-2/MSI/L2A/2025/06/28/S2A_MSIL2A_20250628T174741_N0511_R098_T14TMQ_20250628T204801.SAFE
S2A_MSIL2A_20250628T174741_N0511_R098_T13TEJ_20250628T223730.SAFE	/eodata/Sentinel-2/MSI/L2A/2025/06/28/S2A_MSIL2A_20250628T174741_N0511_R098_T13TEJ_20250628T223730.SAFE
S2A_MSIL2A_20250628T174741_N0511_R098_T13TGJ_20250628T223730.SAFE	/eodata/Sentinel-2/MSI/L2A/2025/06/28/S2A_MSIL2A_20250628T174741_N0511_R098_T13TGJ_20250628T223730.SAFE
S2A_MSIL2A_20250628T174741_N0511_R098_T13TFJ_20250628T223730.SAFE	/eodata/Sentinel-2/MSI/L2A/2025/06/28/S2A_MSIL2A_20250628T174741_N0511_R098_T13TFJ_20250628T223730.SAFE
S2A_MSIL2A_20250628T174741_N0511_R098_T13TFF_20250628T223730.SAFE	/eodata/Sentinel-2/MSI/L2A/2025/06/28/S2A_MSIL2A_20250628T174741_N0511_R098_T13TFF_20250628T223730.SAFE
S2A_MSIL2A_20250628T174741_N0511_R098_T13TFH_20250628T223730.SAFE	/eodata/Sentinel-2/MSI/L2A/2025/06/28/S2A_MSIL2A_20250628T174741_N0511_R098_T13TFH_20250628T223730.SAFE
S2A_MSIL2A_20250628T174741_N0511_R098_T14TMQ_20250628T223730.SAFE	/eodata/Sentinel-2/MSI/L2A/2025/06/28/S2A_MSIL2A_20250628T174741_N0511_R098_T14TMQ_20250628T223730.SAFE
S2A_MSIL2A_20250628T174741_N0511_R098_T13TGK_20250628T223730.SAFE	/eodata/Sentinel-2/MSI/L2A/2025/06/28/S2A_MSIL2A_20250628T174741_N0511_R098_T13TGK_20250628T223730.SAFE
S2A_MSIL2A_20250628T174741_N0511_R098_T13TEK_20250628T223730.SAFE	/eodata/Sentinel-2/MSI/L2A/2025/06/28/S2A_MSIL2A_20250628T174741_N0511_R098_T13TEK_20250628T223730.SAFE
S2A_MSIL2A_20250628T174741_N0511_R098_T14TLQ_20250628T223730.SAFE	/eodata/Sentinel-2/MSI/L2A/2025/06/28/S2A_MSIL2A_20250628T174741_N0511_R098_T14TLQ_20250628T223730.SAFE
S2A_MSIL2A_20250628T174741_N0511_R098_T13TFK_20250628T223730.SAFE	/eodata/Sentinel-2/MSI/L2A/2025/06/28/S2A_MSIL2A_20250628T174741_N0511_R098_T13TFK_20250628T223730.SAFE
S2A_MSIL2A_20250628T174741_N0511_R098_T13TEH_20250628T223730.SAFE	/eodata/Sentinel-2/MSI/L2A/2025/06/28/S2A_MSIL2A_20250628T174741_N0511_R098_T13TEH_20250628T223730.SAFE
S2A_MSIL2A_20250628T174741_N0511_R098_T14TNS_20250628T204801.SAFE	/eodata/Sentinel-2/MSI/L2A/2025/06/28/S2A_MSIL2A_20250628T174741_N0511_R098_T14TNS_20250628T204801.SAFE
S2A_MSIL2A_20250628T174741_N0511_R098_T14TLP_20250628T223730.SAFE	/eodata/Sentinel-2/MSI/L2A/2025/06/28/S2A_MSIL2A_20250628T174741_N0511_R098_T14TLP_20250628T223730.SAFE
S2A_MSIL2A_20250628T174741_N0511_R098_T14TLR_20250628T204801.SAFE	/eodata/Sentinel-2/MSI/L2A/2025/06/28/S2A_MSIL2A_20250628T174741_N0511_R098_T14TLR_20250628T204801.SAFE
S2A_MSIL2A_20250628T174741_N0511_R098_T14TMR_20250628T223730.SAFE	/eodata/Sentinel-2/MSI/L2A/2025/06/28/S2A_MSIL2A_20250628T174741_N0511_R098_T14TMR_20250628T223730.SAFE
S2A_MSIL2A_20250628T174741_N0511_R098_T13TGE_20250628T223730.SAFE	/eodata/Sentinel-2/MSI/L2A/2025/06/28/S2A_MSIL2A_20250628T174741_N0511_R098_T13TGE_20250628T223730.SAFE
S2A_MSIL2A_20250628T174741_N0511_R098_T13TFG_20250628T223730.SAFE	/eodata/Sentinel-2/MSI/L2A/2025/06/28/S2A_MSIL2A_20250628T174741_N0511_R098_T13TFG_20250628T223730.SAFE
S2A_MSIL2A_20250628T174741_N0511_R098_T13TEG_20250628T223730.SAFE	/eodata/Sentinel-2/MSI/L2A/2025/06/28/S2A_MSIL2A_20250628T174741_N0511_R098_T13TEG_20250628T223730.SAFE
S2A_MSIL2A_20250628T174741_N0511_R098_T13TGL_20250628T223730.SAFE	/eodata/Sentinel-2/MSI/L2A/2025/06/28/S2A_MSIL2A_20250628T174741_N0511_R098_T13TGL_20250628T223730.SAFE
S2A_MSIL2A_20250628T174741_N0511_R098_T14TMP_20250628T223730.SAFE	/eodata/Sentinel-2/MSI/L2A/2025/06/28/S2A_MSIL2A_20250628T174741_N0511_R098_T14TMP_20250628T223730.SAFE
S2A_MSIL2A_20250628T174741_N0511_R098_T14TKK_20250628T223730.SAFE	/eodata/Sentinel-2/MSI/L2A/2025/06/28/S2A_MSIL2A_20250628T174741_N0511_R098_T14TKK_20250628T223730.SAFE
S2A_MSIL2A_20250628T174741_N0511_R098_T14TLR_20250628T223730.SAFE	/eodata/Sentinel-2/MSI/L2A/2025/06/28/S2A_MSIL2A_20250628T174741_N0511_R098_T14TLR_20250628T223730.SAFE
S2A_MSIL2A_20250628T174741_N0511_R098_T14TMR_20250628T204801.SAFE	/eodata/Sentinel-2/MSI/L2A/2025/06/28/S2A_MSIL2A_20250628T174741_N0511_R098_T14TMR_20250628T204801.SAFE
S2A_MSIL2A_20250628T174741_N0511_R098_T14SKJ_20250628T223730.SAFE	/eodata/Sentinel-2/MSI/L2A/2025/06/28/S2A_MSIL2A_20250628T174741_N0511_R098_T14SKJ_20250628T223730.SAFE
S2B_MSIL2A_20250628T172859_N0511_R055_T14SLH_20250628T210049.SAFE	/eodata/Sentinel-2/MSI/L2A/2025/06/28/S2B_MSIL2A_20250628T172859_N0511_R055_T14SLH_20250628T210049.SAFE
S2B_MSIL2A_20250628T172859_N0511_R055_T14TLK_20250628T210049.SAFE	/eodata/Sentinel-2/MSI/L2A/2025/06/28/S2B_MSIL2A_20250628T172859_N0511_R055_T14TLK_20250628T210049.SAFE
S2B_MSIL2A_20250628T172859_N0511_R055_T13TGK_20250628T210049.SAFE	/eodata/Sentinel-2/MSI/L2A/2025/06/28/S2B_MSIL2A_20250628T172859_N0511_R055_T13TGK_20250628T210049.SAFE
S2B_MSIL2A_20250628T172859_N0511_R055_T14SLJ_20250628T210049.SAFE	/eodata/Sentinel-2/MSI/L2A/2025/06/28/S2B_MSIL2A_20250628T172859_N0511_R055_T14SLJ_20250628T210049.SAFE
S2B_MSIL2A_20250628T172859_N0511_R055_T14SMH_20250628T210049.SAFE	/eodata/Sentinel-2/MSI/L2A/2025/06/28/S2B_MSIL2A_20250628T172859_N0511_R055_T14SMH_20250628T210049.SAFE
S2B_MSIL2A_20250628T172859_N0511_R055_T13SGD_20250628T210049.SAFE	/eodata/Sentinel-2/MSI/L2A/2025/06/28/S2B_MSIL2A_20250628T172859_N0511_R055_T13SGD_20250628T210049.SAFE
S2B_MSIL2A_20250628T172859_N0511_R055_T14TKK_20250628T210049.SAFE	/eodata/Sentinel-2/MSI/L2A/2025/06/28/S2B_MSIL2A_20250628T172859_N0511_R055_T14TKK_20250628T210049.SAFE
S2B_MSIL2A_20250628T172859_N0511_R055_T14TNR_20250628T210049.SAFE	/eodata/Sentinel-2/MSI/L2A/2025/06/28/S2B_MSIL2A_20250628T172859_N0511_R055_T14TNR_20250628T210049.SAFE
S2B_MSIL2A_20250628T172859_N0511_R055_T14TLQ_20250628T210049.SAFE	/eodata/Sentinel-2/MSI/L2A/2025/06/28/S2B_MSIL2A_20250628T172859_N0511_R055_T14TLQ_20250628T210049.SAFE
S2B_MSIL2A_20250628T172859_N0511_R055_T13SGC_20250628T210049.SAFE	/eodata/Sentinel-2/MSI/L2A/2025/06/28/S2B_MSIL2A_20250628T172859_N0511_R055_T13SGC_20250628T210049.SAFE
S2B_MSIL2A_20250628T172859_N0511_R055_T14TLR_20250628T210049.SAFE	/eodata/Sentinel-2/MSI/L2A/2025/06/28/S2B_MSIL2A_20250628T172859_N0511_R055_T14TLR_20250628T210049.SAFE
S2B_MSIL2A_20250628T172859_N0511_R055_T14TMR_20250628T210049.SAFE	/eodata/Sentinel-2/MSI/L2A/2025/06/28/S2B_MSIL2A_20250628T172859_N0511_R055_T14TMR_20250628T210049.SAFE
S2B_MSIL2A_20250628T172859_N0511_R055_T14SKJ_20250628T210049.SAFE	/eodata/Sentinel-2/MSI/L2A/2025/06/28/S2B_MSIL2A_20250628T172859_N0511_R055_T14SKJ_20250628T210049.SAFE
S2B_MSIL2A_20250628T172859_N0511_R055_T14TLL_20250628T210049.SAFE	/eodata/Sentinel-2/MSI/L2A/2025/06/28/S2B_MSIL2A_20250628T172859_N0511_R055_T14TLL_20250628T210049.SAFE
S2B_MSIL2A_20250628T172859_N0511_R055_T14SKH_20250628T210049.SAFE	/eodata/Sentinel-2/MSI/L2A/2025/06/28/S2B_MSIL2A_20250628T172859_N0511_R055_T14SKH_20250628T210049.SAFE
S2B_MSIL2A_20250628T172859_N0511_R055_T13TGE_20250628T210049.SAFE	/eodata/Sentinel-2/MSI/L2A/2025/06/28/S2B_MSIL2A_20250628T172859_N0511_R055_T13TGE_20250628T210049.SAFE
S2B_MSIL2A_20250628T172859_N0511_R055_T13TGJ_20250628T210049.SAFE	/eodata/Sentinel-2/MSI/L2A/2025/06/28/S2B_MSIL2A_20250628T172859_N0511_R055_T13TGJ_20250628T210049.SAFE
S2C_MSIL2A_20250628T163921_N0511_R126_T16TFM_20250628T220724.SAFE	/eodata/Sentinel-2/MSI/L2A/2025/06/28/S2C_MSIL2A_20250628T163921_N0511_R126_T16TFM_20250628T220724.SAFE
S2C_MSIL2A_20250627T170911_N0511_R112_T14TPL_20250627T221609.SAFE	/eodata/Sentinel-2/MSI/L2A/2025/06/27/S2C_MSIL2A_20250627T170911_N0511_R112_T14TPL_20250627T221609.SAFE
S2C_MSIL2A_20250627T170911_N0511_R112_T15TTF_20250627T221609.SAFE	/eodata/Sentinel-2/MSI/L2A/2025/06/27/S2C_MSIL2A_20250627T170911_N0511_R112_T15TTF_20250627T221609.SAFE
S2C_MSIL2A_20250627T170911_N0511_R112_T14TPM_20250627T221609.SAFE	/eodata/Sentinel-2/MSI/L2A/2025/06/27/S2C_MSIL2A_20250627T170911_N0511_R112_T14TPM_20250627T221609.SAFE
S2C_MSIL2A_20250627T170911_N0511_R112_T15TTG_20250627T221609.SAFE	/eodata/Sentinel-2/MSI/L2A/2025/06/27/S2C_MSIL2A_20250627T170911_N0511_R112_T15TTG_20250627T221609.SAFE
S2C_MSIL2A_20250627T170911_N0511_R112_T14TQL_20250627T221609.SAFE	/eodata/Sentinel-2/MSI/L2A/2025/06/27/S2C_MSIL2A_20250627T170911_N0511_R112_T14TQL_20250627T221609.SAFE
S2C_MSIL2A_20250627T170911_N0511_R112_T14TPP_20250627T221609.SAFE	/eodata/Sentinel-2/MSI/L2A/2025/06/27/S2C_MSIL2A_20250627T170911_N0511_R112_T14TPP_20250627T221609.SAFE
S2C_MSIL2A_20250627T170911_N0511_R112_T15TUF_20250627T221609.SAFE	/eodata/Sentinel-2/MSI/L2A/2025/06/27/S2C_MSIL2A_20250627T170911_N0511_R112_T15TUF_20250627T221609.SAFE
S2C_MSIL2A_20250627T170911_N0511_R112_T14TQM_20250627T221609.SAFE	/eodata/Sentinel-2/MSI/L2A/2025/06/27/S2C_MSIL2A_20250627T170911_N0511_R112_T14TQM_20250627T221609.SAFE
S2C_MSIL2A_20250627T170911_N0511_R112_T14TPN_20250627T221609.SAFE	/eodata/Sentinel-2/MSI/L2A/2025/06/27/S2C_MSIL2A_20250627T170911_N0511_R112_T14TPN_20250627T221609.SAFE
S2C_MSIL2A_20250627T170911_N0511_R112_T14TQN_20250627T221609.SAFE	/eodata/Sentinel-2/MSI/L2A/2025/06/27/S2C_MSIL2A_20250627T170911_N0511_R112_T14TQN_20250627T221609.SAFE
S2C_MSIL2A_20250626T173921_N0511_R098_T14TLL_20250626T224515.SAFE	/eodata/Sentinel-2/MSI/L2A/2025/06/26/S2C_MSIL2A_20250626T173921_N0511_R098_T14TLL_20250626T224515.SAFE
S2C_MSIL2A_20250626T173921_N0511_R098_T14TKK_20250626T224515.SAFE	/eodata/Sentinel-2/MSI/L2A/2025/06/26/S2C_MSIL2A_20250626T173921_N0511_R098_T14TKK_20250626T224515.SAFE
S2C_MSIL2A_20250626T173921_N0511_R098_T13TEF_20250626T224515.SAFE	/eodata/Sentinel-2/MSI/L2A/2025/06/26/S2C_MSIL2A_20250626T173921_N0511_R098_T13TEF_20250626T224515.SAFE
S2C_MSIL2A_20250626T173921_N0511_R098_T13TFH_20250626T224515.SAFE	/eodata/Sentinel-2/MSI/L2A/2025/06/26/S2C_MSIL2A_20250626T173921_N0511_R098_T13TFH_20250626T224515.SAFE
S2C_MSIL2A_20250626T173921_N0511_R098_T13TEH_20250626T224515.SAFE	/eodata/Sentinel-2/MSI/L2A/2025/06/26/S2C_MSIL2A_20250626T173921_N0511_R098_T13TEH_20250626T224515.SAFE
S2C_MSIL2A_20250626T173921_N0511_R098_T13TFG_20250626T224515.SAFE	/eodata/Sentinel-2/MSI/L2A/2025/06/26/S2C_MSIL2A_20250626T173921_N0511_R098_T13TFG_20250626T224515.SAFE
S2C_MSIL2A_20250626T173921_N0511_R098_T13TGH_20250626T224515.SAFE	/eodata/Sentinel-2/MSI/L2A/2025/06/26/S2C_MSIL2A_20250626T173921_N0511_R098_T13TGH_20250626T224515.SAFE
S2C_MSIL2A_20250626T173921_N0511_R098_T13TFF_20250626T224515.SAFE	/eodata/Sentinel-2/MSI/L2A/2025/06/26/S2C_MSIL2A_20250626T173921_N0511_R098_T13TFF_20250626T224515.SAFE
S2C_MSIL2A_20250626T173921_N0511_R098_T14TKM_20250626T224515.SAFE	/eodata/Sentinel-2/MSI/L2A/2025/06/26/S2C_MSIL2A_20250626T173921_N0511_R098_T14TKM_20250626T224515.SAFE
S2C_MSIL2A_20250626T173921_N0511_R098_T13SGD_20250626T224515.SAFE	/eodata/Sentinel-2/MSI/L2A/2025/06/26/S2C_MSIL2A_20250626T173921_N0511_R098_T13SGD_20250626T224515.SAFE
S2C_MSIL2A_20250626T173921_N0511_R098_T13TGE_20250626T224515.SAFE	/eodata/Sentinel-2/MSI/L2A/2025/06/26/S2C_MSIL2A_20250626T173921_N0511_R098_T13TGE_20250626T224515.SAFE
S2C_MSIL2A_20250626T173921_N0511_R098_T13TEJ_20250626T224515.SAFE	/eodata/Sentinel-2/MSI/L2A/2025/06/26/S2C_MSIL2A_20250626T173921_N0511_R098_T13TEJ_20250626T224515.SAFE
S2C_MSIL2A_20250626T173921_N0511_R098_T13TGG_20250626T224515.SAFE	/eodata/Sentinel-2/MSI/L2A/2025/06/26/S2C_MSIL2A_20250626T173921_N0511_R098_T13TGG_20250626T224515.SAFE
S2C_MSIL2A_20250626T173921_N0511_R098_T14TKL_20250626T224515.SAFE	/eodata/Sentinel-2/MSI/L2A/2025/06/26/S2C_MSIL2A_20250626T173921_N0511_R098_T14TKL_20250626T224515.SAFE
S2C_MSIL2A_20250626T173921_N0511_R098_T14SKJ_20250626T224515.SAFE	/eodata/Sentinel-2/MSI/L2A/2025/06/26/S2C_MSIL2A_20250626T173921_N0511_R098_T14SKJ_20250626T224515.SAFE
S2C_MSIL2A_20250626T173921_N0511_R098_T13TGF_20250626T224515.SAFE	/eodata/Sentinel-2/MSI/L2A/2025/06/26/S2C_MSIL2A_20250626T173921_N0511_R098_T13TGF_20250626T224515.SAFE
S2C_MSIL2A_20250626T173921_N0511_R098_T13TFK_20250626T224515.SAFE	/eodata/Sentinel-2/MSI/L2A/2025/06/26/S2C_MSIL2A_20250626T173921_N0511_R098_T13TFK_20250626T224515.SAFE
S2C_MSIL2A_20250626T173921_N0511_R098_T13TEG_20250626T224515.SAFE	/eodata/Sentinel-2/MSI/L2A/2025/06/26/S2C_MSIL2A_20250626T173921_N0511_R098_T13TEG_20250626T224515.SAFE
S2C_MSIL2A_20250626T173921_N0511_R098_T13TFJ_20250626T224515.SAFE	/eodata/Sentinel-2/MSI/L2A/2025/06/26/S2C_MSIL2A_20250626T173921_N0511_R098_T13TFJ_20250626T224515.SAFE
S2C_MSIL2A_20250626T173921_N0511_R098_T13TEK_20250626T224515.SAFE	/eodata/Sentinel-2/MSI/L2A/2025/06/26/S2C_MSIL2A_20250626T173921_N0511_R098_T13TEK_20250626T224515.SAFE
S2A_MSIL2A_20250626T170711_N0511_R069_T14SQF_20250626T231509.SAFE	/eodata/Sentinel-2/MSI/L2A/2025/06/26/S2A_MSIL2A_20250626T170711_N0511_R069_T14SQF_20250626T231509.SAFE
S2A_MSIL2A_20250626T170711_N0511_R069_T14SQJ_20250626T231509.SAFE	/eodata/Sentinel-2/MSI/L2A/2025/06/26/S2A_MSIL2A_20250626T170711_N0511_R069_T14SQJ_20250626T231509.SAFE
S2A_MSIL2A_20250625T173731_N0511_R055_T14SMH_20250625T235915.SAFE	/eodata/Sentinel-2/MSI/L2A/2025/06/25/S2A_MSIL2A_20250625T173731_N0511_R055_T14SMH_20250625T235915.SAFE
S2B_MSIL2A_20250625T171859_N0511_R012_T15TTE_20250625T212104.SAFE	/eodata/Sentinel-2/MSI/L2A/2025/06/25/S2B_MSIL2A_20250625T171859_N0511_R012_T15TTE_20250625T212104.SAFE
S2B_MSIL2A_20250625T171859_N0511_R012_T14SNH_20250625T211816.SAFE	/eodata/Sentinel-2/MSI/L2A/2025/06/25/S2B_MSIL2A_20250625T171859_N0511_R012_T14SNH_20250625T211816.SAFE
S2A_MSIL2A_20250624T180751_N0511_R041_T13UFQ_20250625T005400.SAFE	/eodata/Sentinel-2/MSI/L2A/2025/06/24/S2A_MSIL2A_20250624T180751_N0511_R041_T13UFQ_20250625T005400.SAFE
S2A_MSIL2A_20250624T180751_N0511_R041_T13UEQ_20250625T005400.SAFE	/eodata/Sentinel-2/MSI/L2A/2025/06/24/S2A_MSIL2A_20250624T180751_N0511_R041_T13UEQ_20250625T005400.SAFE
S2B_MSIL2A_20250624T174909_N0511_R141_T13UEQ_20250624T214445.SAFE	/eodata/Sentinel-2/MSI/L2A/2025/06/24/S2B_MSIL2A_20250624T174909_N0511_R141_T13UEQ_20250624T214445.SAFE
S2B_MSIL2A_20250624T174909_N0511_R141_T14TLT_20250624T214445.SAFE	/eodata/Sentinel-2/MSI/L2A/2025/06/24/S2B_MSIL2A_20250624T174909_N0511_R141_T14TLT_20250624T214445.SAFE
S2B_MSIL2A_20250624T174909_N0511_R141_T14ULV_20250624T214445.SAFE	/eodata/Sentinel-2/MSI/L2A/2025/06/24/S2B_MSIL2A_20250624T174909_N0511_R141_T14ULV_20250624T214445.SAFE
S2B_MSIL2A_20250624T174909_N0511_R141_T14ULU_20250624T214445.SAFE	/eodata/Sentinel-2/MSI/L2A/2025/06/24/S2B_MSIL2A_20250624T174909_N0511_R141_T14ULU_20250624T214445.SAFE
S2B_MSIL2A_20250624T174909_N0511_R141_T13TGM_20250624T214719.SAFE	/eodata/Sentinel-2/MSI/L2A/2025/06/24/S2B_MSIL2A_20250624T174909_N0511_R141_T13TGM_20250624T214719.SAFE
S2B_MSIL2A_20250624T174909_N0511_R141_T13TGN_20250624T214445.SAFE	/eodata/Sentinel-2/MSI/L2A/2025/06/24/S2B_MSIL2A_20250624T174909_N0511_R141_T13TGN_20250624T214445.SAFE
S2B_MSIL2A_20250624T174909_N0511_R141_T13UFQ_20250624T214445.SAFE	/eodata/Sentinel-2/MSI/L2A/2025/06/24/S2B_MSIL2A_20250624T174909_N0511_R141_T13UFQ_20250624T214445.SAFE
S2B_MSIL2A_20250624T174909_N0511_R141_T13UGQ_20250624T214445.SAFE	/eodata/Sentinel-2/MSI/L2A/2025/06/24/S2B_MSIL2A_20250624T174909_N0511_R141_T13UGQ_20250624T214445.SAFE
S2B_MSIL2A_20250624T174909_N0511_R141_T13TFM_20250624T214445.SAFE	/eodata/Sentinel-2/MSI/L2A/2025/06/24/S2B_MSIL2A_20250624T174909_N0511_R141_T13TFM_20250624T214445.SAFE
S2B_MSIL2A_20250624T174909_N0511_R141_T13TGM_20250624T214445.SAFE	/eodata/Sentinel-2/MSI/L2A/2025/06/24/S2B_MSIL2A_20250624T174909_N0511_R141_T13TGM_20250624T214445.SAFE
S2B_MSIL2A_20250624T174909_N0511_R141_T14TLS_20250624T214445.SAFE	/eodata/Sentinel-2/MSI/L2A/2025/06/24/S2B_MSIL2A_20250624T174909_N0511_R141_T14TLS_20250624T214445.SAFE
S2C_MSIL2A_20250624T165911_N0511_R069_T15TWN_20250624T223515.SAFE	/eodata/Sentinel-2/MSI/L2A/2025/06/24/S2C_MSIL2A_20250624T165911_N0511_R069_T15TWN_20250624T223515.SAFE
S2C_MSIL2A_20250624T165911_N0511_R069_T15UXP_20250624T223515.SAFE	/eodata/Sentinel-2/MSI/L2A/2025/06/24/S2C_MSIL2A_20250624T165911_N0511_R069_T15UXP_20250624T223515.SAFE
S2C_MSIL2A_20250624T165911_N0511_R069_T16TCT_20250624T223515.SAFE	/eodata/Sentinel-2/MSI/L2A/2025/06/24/S2C_MSIL2A_20250624T165911_N0511_R069_T16TCT_20250624T223515.SAFE
S2C_MSIL2A_20250624T165911_N0511_R069_T15TVL_20250624T223515.SAFE	/eodata/Sentinel-2/MSI/L2A/2025/06/24/S2C_MSIL2A_20250624T165911_N0511_R069_T15TVL_20250624T223515.SAFE
S2C_MSIL2A_20250624T165911_N0511_R069_T15TVM_20250624T223515.SAFE	/eodata/Sentinel-2/MSI/L2A/2025/06/24/S2C_MSIL2A_20250624T165911_N0511_R069_T15TVM_20250624T223515.SAFE
S2C_MSIL2A_20250624T165911_N0511_R069_T15TYN_20250624T223515.SAFE	/eodata/Sentinel-2/MSI/L2A/2025/06/24/S2C_MSIL2A_20250624T165911_N0511_R069_T15TYN_20250624T223515.SAFE
S2C_MSIL2A_20250624T165911_N0511_R069_T15UWP_20250624T223515.SAFE	/eodata/Sentinel-2/MSI/L2A/2025/06/24/S2C_MSIL2A_20250624T165911_N0511_R069_T15UWP_20250624T223515.SAFE
S2C_MSIL2A_20250624T165911_N0511_R069_T15TWM_20250624T223515.SAFE	/eodata/Sentinel-2/MSI/L2A/2025/06/24/S2C_MSIL2A_20250624T165911_N0511_R069_T15TWM_20250624T223515.SAFE
S2C_MSIL2A_20250624T165911_N0511_R069_T15TXN_20250624T223515.SAFE	/eodata/Sentinel-2/MSI/L2A/2025/06/24/S2C_MSIL2A_20250624T165911_N0511_R069_T15TXN_20250624T223515.SAFE
S2C_MSIL2A_20250623T172921_N0511_R055_T14TNP_20250623T225215.SAFE	/eodata/Sentinel-2/MSI/L2A/2025/06/23/S2C_MSIL2A_20250623T172921_N0511_R055_T14TNP_20250623T225215.SAFE
S2C_MSIL2A_20250623T172921_N0511_R055_T14TLP_20250623T225215.SAFE	/eodata/Sentinel-2/MSI/L2A/2025/06/23/S2C_MSIL2A_20250623T172921_N0511_R055_T14TLP_20250623T225215.SAFE
S2C_MSIL2A_20250623T172921_N0511_R055_T14TLN_20250623T225215.SAFE	/eodata/Sentinel-2/MSI/L2A/2025/06/23/S2C_MSIL2A_20250623T172921_N0511_R055_T14TLN_20250623T225215.SAFE
S2C_MSIL2A_20250623T172921_N0511_R055_T14TMR_20250623T225215.SAFE	/eodata/Sentinel-2/MSI/L2A/2025/06/23/S2C_MSIL2A_20250623T172921_N0511_R055_T14TMR_20250623T225215.SAFE
S2C_MSIL2A_20250623T172921_N0511_R055_T14TLQ_20250623T225215.SAFE	/eodata/Sentinel-2/MSI/L2A/2025/06/23/S2C_MSIL2A_20250623T172921_N0511_R055_T14TLQ_20250623T225215.SAFE
S2C_MSIL2A_20250623T172921_N0511_R055_T14TMQ_20250623T225215.SAFE	/eodata/Sentinel-2/MSI/L2A/2025/06/23/S2C_MSIL2A_20250623T172921_N0511_R055_T14TMQ_20250623T225215.SAFE
S2C_MSIL2A_20250623T172921_N0511_R055_T14TNR_20250623T225215.SAFE	/eodata/Sentinel-2/MSI/L2A/2025/06/23/S2C_MSIL2A_20250623T172921_N0511_R055_T14TNR_20250623T225215.SAFE
S2C_MSIL2A_20250623T172921_N0511_R055_T14TPQ_20250623T225215.SAFE	/eodata/Sentinel-2/MSI/L2A/2025/06/23/S2C_MSIL2A_20250623T172921_N0511_R055_T14TPQ_20250623T225215.SAFE
S2C_MSIL2A_20250623T172921_N0511_R055_T14TMP_20250623T225215.SAFE	/eodata/Sentinel-2/MSI/L2A/2025/06/23/S2C_MSIL2A_20250623T172921_N0511_R055_T14TMP_20250623T225215.SAFE
S2C_MSIL2A_20250623T172921_N0511_R055_T14TKM_20250623T225215.SAFE	/eodata/Sentinel-2/MSI/L2A/2025/06/23/S2C_MSIL2A_20250623T172921_N0511_R055_T14TKM_20250623T225215.SAFE
S2C_MSIL2A_20250623T172921_N0511_R055_T14TPP_20250623T225215.SAFE	/eodata/Sentinel-2/MSI/L2A/2025/06/23/S2C_MSIL2A_20250623T172921_N0511_R055_T14TPP_20250623T225215.SAFE
S2C_MSIL2A_20250623T172921_N0511_R055_T14TPS_20250623T225215.SAFE	/eodata/Sentinel-2/MSI/L2A/2025/06/23/S2C_MSIL2A_20250623T172921_N0511_R055_T14TPS_20250623T225215.SAFE
S2C_MSIL2A_20250623T172921_N0511_R055_T13TGK_20250623T225215.SAFE	/eodata/Sentinel-2/MSI/L2A/2025/06/23/S2C_MSIL2A_20250623T172921_N0511_R055_T13TGK_20250623T225215.SAFE
S2C_MSIL2A_20250623T172921_N0511_R055_T13TGJ_20250623T225215.SAFE	/eodata/Sentinel-2/MSI/L2A/2025/06/23/S2C_MSIL2A_20250623T172921_N0511_R055_T13TGJ_20250623T225215.SAFE
S2C_MSIL2A_20250623T172921_N0511_R055_T14TLR_20250623T225215.SAFE	/eodata/Sentinel-2/MSI/L2A/2025/06/23/S2C_MSIL2A_20250623T172921_N0511_R055_T14TLR_20250623T225215.SAFE
S2C_MSIL2A_20250623T172921_N0511_R055_T14TPR_20250623T225215.SAFE	/eodata/Sentinel-2/MSI/L2A/2025/06/23/S2C_MSIL2A_20250623T172921_N0511_R055_T14TPR_20250623T225215.SAFE
S2C_MSIL2A_20250623T172921_N0511_R055_T13TGG_20250623T225215.SAFE	/eodata/Sentinel-2/MSI/L2A/2025/06/23/S2C_MSIL2A_20250623T172921_N0511_R055_T13TGG_20250623T225215.SAFE
S2C_MSIL2A_20250623T172921_N0511_R055_T14TNQ_20250623T225215.SAFE	/eodata/Sentinel-2/MSI/L2A/2025/06/23/S2C_MSIL2A_20250623T172921_N0511_R055_T14TNQ_20250623T225215.SAFE
S2C_MSIL2A_20250623T172921_N0511_R055_T13TGH_20250623T225215.SAFE	/eodata/Sentinel-2/MSI/L2A/2025/06/23/S2C_MSIL2A_20250623T172921_N0511_R055_T13TGH_20250623T225215.SAFE
S2B_MSIL2A_20250623T163839_N0511_R126_T16TDM_20250623T214334.SAFE	/eodata/Sentinel-2/MSI/L2A/2025/06/23/S2B_MSIL2A_20250623T163839_N0511_R126_T16TDM_20250623T214334.SAFE
S2B_MSIL2A_20250623T163839_N0511_R126_T16TFQ_20250623T204252.SAFE	/eodata/Sentinel-2/MSI/L2A/2025/06/23/S2B_MSIL2A_20250623T163839_N0511_R126_T16TFQ_20250623T204252.SAFE
S2B_MSIL2A_20250623T163839_N0511_R126_T16TBK_20250623T214334.SAFE	/eodata/Sentinel-2/MSI/L2A/2025/06/23/S2B_MSIL2A_20250623T163839_N0511_R126_T16TBK_20250623T214334.SAFE
S2B_MSIL2A_20250623T163839_N0511_R126_T16TER_20250623T204252.SAFE	/eodata/Sentinel-2/MSI/L2A/2025/06/23/S2B_MSIL2A_20250623T163839_N0511_R126_T16TER_20250623T204252.SAFE
S2B_MSIL2A_20250623T163839_N0511_R126_T16TBL_20250623T214334.SAFE	/eodata/Sentinel-2/MSI/L2A/2025/06/23/S2B_MSIL2A_20250623T163839_N0511_R126_T16TBL_20250623T214334.SAFE
S2B_MSIL2A_20250623T163839_N0511_R126_T15TYG_20250623T214334.SAFE	/eodata/Sentinel-2/MSI/L2A/2025/06/23/S2B_MSIL2A_20250623T163839_N0511_R126_T15TYG_20250623T214334.SAFE
S2B_MSIL2A_20250623T163839_N0511_R126_T16TEN_20250623T204252.SAFE	/eodata/Sentinel-2/MSI/L2A/2025/06/23/S2B_MSIL2A_20250623T163839_N0511_R126_T16TEN_20250623T204252.SAFE
S2B_MSIL2A_20250623T163839_N0511_R126_T16TEM_20250623T214334.SAFE	/eodata/Sentinel-2/MSI/L2A/2025/06/23/S2B_MSIL2A_20250623T163839_N0511_R126_T16TEM_20250623T214334.SAFE
S2B_MSIL2A_20250623T163839_N0511_R126_T16TGR_20250623T204252.SAFE	/eodata/Sentinel-2/MSI/L2A/2025/06/23/S2B_MSIL2A_20250623T163839_N0511_R126_T16TGR_20250623T204252.SAFE
S2B_MSIL2A_20250623T163839_N0511_R126_T16TEK_20250623T214334.SAFE	/eodata/Sentinel-2/MSI/L2A/2025/06/23/S2B_MSIL2A_20250623T163839_N0511_R126_T16TEK_20250623T214334.SAFE
S2B_MSIL2A_20250623T163839_N0511_R126_T16TBM_20250623T214334.SAFE	/eodata/Sentinel-2/MSI/L2A/2025/06/23/S2B_MSIL2A_20250623T163839_N0511_R126_T16TBM_20250623T214334.SAFE
S2B_MSIL2A_20250623T163839_N0511_R126_T16TFN_20250623T204252.SAFE	/eodata/Sentinel-2/MSI/L2A/2025/06/23/S2B_MSIL2A_20250623T163839_N0511_R126_T16TFN_20250623T204252.SAFE
S2B_MSIL2A_20250623T163839_N0511_R126_T16TCL_20250623T214334.SAFE	/eodata/Sentinel-2/MSI/L2A/2025/06/23/S2B_MSIL2A_20250623T163839_N0511_R126_T16TCL_20250623T214334.SAFE
S2B_MSIL2A_20250623T163839_N0511_R126_T16TFN_20250623T214334.SAFE	/eodata/Sentinel-2/MSI/L2A/2025/06/23/S2B_MSIL2A_20250623T163839_N0511_R126_T16TFN_20250623T214334.SAFE
S2B_MSIL2A_20250623T163839_N0511_R126_T15TYE_20250623T214334.SAFE	/eodata/Sentinel-2/MSI/L2A/2025/06/23/S2B_MSIL2A_20250623T163839_N0511_R126_T15TYE_20250623T214334.SAFE
S2B_MSIL2A_20250623T163839_N0511_R126_T16TDN_20250623T204252.SAFE	/eodata/Sentinel-2/MSI/L2A/2025/06/23/S2B_MSIL2A_20250623T163839_N0511_R126_T16TDN_20250623T204252.SAFE
S2B_MSIL2A_20250623T163839_N0511_R126_T16TDN_20250623T214334.SAFE	/eodata/Sentinel-2/MSI/L2A/2025/06/23/S2B_MSIL2A_20250623T163839_N0511_R126_T16TDN_20250623T214334.SAFE
S2B_MSIL2A_20250623T163839_N0511_R126_T16TFR_20250623T204252.SAFE	/eodata/Sentinel-2/MSI/L2A/2025/06/23/S2B_MSIL2A_20250623T163839_N0511_R126_T16TFR_20250623T204252.SAFE
S2B_MSIL2A_20250623T163839_N0511_R126_T15TYF_20250623T214334.SAFE	/eodata/Sentinel-2/MSI/L2A/2025/06/23/S2B_MSIL2A_20250623T163839_N0511_R126_T15TYF_20250623T214334.SAFE
S2B_MSIL2A_20250623T163839_N0511_R126_T16TEP_20250623T204252.SAFE	/eodata/Sentinel-2/MSI/L2A/2025/06/23/S2B_MSIL2A_20250623T163839_N0511_R126_T16TEP_20250623T204252.SAFE
S2B_MSIL2A_20250623T163839_N0511_R126_T16TEQ_20250623T204252.SAFE	/eodata/Sentinel-2/MSI/L2A/2025/06/23/S2B_MSIL2A_20250623T163839_N0511_R126_T16TEQ_20250623T204252.SAFE
S2B_MSIL2A_20250623T163839_N0511_R126_T16TEN_20250623T214334.SAFE	/eodata/Sentinel-2/MSI/L2A/2025/06/23/S2B_MSIL2A_20250623T163839_N0511_R126_T16TEN_20250623T214334.SAFE
S2B_MSIL2A_20250623T163839_N0511_R126_T16TCM_20250623T214334.SAFE	/eodata/Sentinel-2/MSI/L2A/2025/06/23/S2B_MSIL2A_20250623T163839_N0511_R126_T16TCM_20250623T214334.SAFE
S2B_MSIL2A_20250623T163839_N0511_R126_T16TFP_20250623T204252.SAFE	/eodata/Sentinel-2/MSI/L2A/2025/06/23/S2B_MSIL2A_20250623T163839_N0511_R126_T16TFP_20250623T204252.SAFE
S2B_MSIL2A_20250623T163839_N0511_R126_T16TFM_20250623T214334.SAFE	/eodata/Sentinel-2/MSI/L2A/2025/06/23/S2B_MSIL2A_20250623T163839_N0511_R126_T16TFM_20250623T214334.SAFE
S2B_MSIL2A_20250622T170849_N0511_R112_T14SPH_20250622T204748.SAFE	/eodata/Sentinel-2/MSI/L2A/2025/06/22/S2B_MSIL2A_20250622T170849_N0511_R112_T14SPH_20250622T204748.SAFE
S2B_MSIL2A_20250622T170849_N0511_R112_T15TTE_20250622T204748.SAFE	/eodata/Sentinel-2/MSI/L2A/2025/06/22/S2B_MSIL2A_20250622T170849_N0511_R112_T15TTE_20250622T204748.SAFE
S2B_MSIL2A_20250622T170849_N0511_R112_T14TPM_20250622T204748.SAFE	/eodata/Sentinel-2/MSI/L2A/2025/06/22/S2B_MSIL2A_20250622T170849_N0511_R112_T14TPM_20250622T204748.SAFE
S2B_MSIL2A_20250622T170849_N0511_R112_T15TWH_20250622T204748.SAFE	/eodata/Sentinel-2/MSI/L2A/2025/06/22/S2B_MSIL2A_20250622T170849_N0511_R112_T15TWH_20250622T204748.SAFE
S2B_MSIL2A_20250622T170849_N0511_R112_T15STC_20250622T204748.SAFE	/eodata/Sentinel-2/MSI/L2A/2025/06/22/S2B_MSIL2A_20250622T170849_N0511_R112_T15STC_20250622T204748.SAFE
S2B_MSIL2A_20250622T170849_N0511_R112_T15STD_20250622T204748.SAFE	/eodata/Sentinel-2/MSI/L2A/2025/06/22/S2B_MSIL2A_20250622T170849_N0511_R112_T15STD_20250622T204748.SAFE
S2B_MSIL2A_20250622T170849_N0511_R112_T14SQJ_20250622T204748.SAFE	/eodata/Sentinel-2/MSI/L2A/2025/06/22/S2B_MSIL2A_20250622T170849_N0511_R112_T14SQJ_20250622T204748.SAFE
S2B_MSIL2A_20250622T170849_N0511_R112_T15TVE_20250622T204748.SAFE	/eodata/Sentinel-2/MSI/L2A/2025/06/22/S2B_MSIL2A_20250622T170849_N0511_R112_T15TVE_20250622T204748.SAFE
S2B_MSIL2A_20250622T170849_N0511_R112_T14SQH_20250622T204748.SAFE	/eodata/Sentinel-2/MSI/L2A/2025/06/22/S2B_MSIL2A_20250622T170849_N0511_R112_T14SQH_20250622T204748.SAFE
S2B_MSIL2A_20250622T170849_N0511_R112_T15TVF_20250622T204748.SAFE	/eodata/Sentinel-2/MSI/L2A/2025/06/22/S2B_MSIL2A_20250622T170849_N0511_R112_T15TVF_20250622T204748.SAFE
S2B_MSIL2A_20250622T170849_N0511_R112_T14TQN_20250622T204748.SAFE	/eodata/Sentinel-2/MSI/L2A/2025/06/22/S2B_MSIL2A_20250622T170849_N0511_R112_T14TQN_20250622T204748.SAFE
S2B_MSIL2A_20250622T170849_N0511_R112_T14SPJ_20250622T204748.SAFE	/eodata/Sentinel-2/MSI/L2A/2025/06/22/S2B_MSIL2A_20250622T170849_N0511_R112_T14SPJ_20250622T204748.SAFE
S2B_MSIL2A_20250622T170849_N0511_R112_T14TPN_20250622T204748.SAFE	/eodata/Sentinel-2/MSI/L2A/2025/06/22/S2B_MSIL2A_20250622T170849_N0511_R112_T14TPN_20250622T204748.SAFE
S2B_MSIL2A_20250622T170849_N0511_R112_T14SPF_20250622T204748.SAFE	/eodata/Sentinel-2/MSI/L2A/2025/06/22/S2B_MSIL2A_20250622T170849_N0511_R112_T14SPF_20250622T204748.SAFE
S2B_MSIL2A_20250622T170849_N0511_R112_T14SQG_20250622T204748.SAFE	/eodata/Sentinel-2/MSI/L2A/2025/06/22/S2B_MSIL2A_20250622T170849_N0511_R112_T14SQG_20250622T204748.SAFE
S2B_MSIL2A_20250622T170849_N0511_R112_T15TUG_20250622T204748.SAFE	/eodata/Sentinel-2/MSI/L2A/2025/06/22/S2B_MSIL2A_20250622T170849_N0511_R112_T15TUG_20250622T204748.SAFE
S2B_MSIL2A_20250622T170849_N0511_R112_T15TTF_20250622T204748.SAFE	/eodata/Sentinel-2/MSI/L2A/2025/06/22/S2B_MSIL2A_20250622T170849_N0511_R112_T15TTF_20250622T204748.SAFE
S2B_MSIL2A_20250622T170849_N0511_R112_T15SUB_20250622T204748.SAFE	/eodata/Sentinel-2/MSI/L2A/2025/06/22/S2B_MSIL2A_20250622T170849_N0511_R112_T15SUB_20250622T204748.SAFE
S2B_MSIL2A_20250622T170849_N0511_R112_T14TQK_20250622T204748.SAFE	/eodata/Sentinel-2/MSI/L2A/2025/06/22/S2B_MSIL2A_20250622T170849_N0511_R112_T14TQK_20250622T204748.SAFE
S2B_MSIL2A_20250622T170849_N0511_R112_T15TVH_20250622T204748.SAFE	/eodata/Sentinel-2/MSI/L2A/2025/06/22/S2B_MSIL2A_20250622T170849_N0511_R112_T15TVH_20250622T204748.SAFE
S2B_MSIL2A_20250622T170849_N0511_R112_T14TQQ_20250622T204748.SAFE	/eodata/Sentinel-2/MSI/L2A/2025/06/22/S2B_MSIL2A_20250622T170849_N0511_R112_T14TQQ_20250622T204748.SAFE
S2B_MSIL2A_20250622T170849_N0511_R112_T14SNH_20250622T204748.SAFE	/eodata/Sentinel-2/MSI/L2A/2025/06/22/S2B_MSIL2A_20250622T170849_N0511_R112_T14SNH_20250622T204748.SAFE
S2B_MSIL2A_20250622T170849_N0511_R112_T14TPK_20250622T204748.SAFE	/eodata/Sentinel-2/MSI/L2A/2025/06/22/S2B_MSIL2A_20250622T170849_N0511_R112_T14TPK_20250622T204748.SAFE
S2B_MSIL2A_20250622T170849_N0511_R112_T14TQL_20250622T204748.SAFE	/eodata/Sentinel-2/MSI/L2A/2025/06/22/S2B_MSIL2A_20250622T170849_N0511_R112_T14TQL_20250622T204748.SAFE
S2B_MSIL2A_20250622T170849_N0511_R112_T15TUH_20250622T204748.SAFE	/eodata/Sentinel-2/MSI/L2A/2025/06/22/S2B_MSIL2A_20250622T170849_N0511_R112_T15TUH_20250622T204748.SAFE
S2B_MSIL2A_20250622T170849_N0511_R112_T15SUC_20250622T204748.SAFE	/eodata/Sentinel-2/MSI/L2A/2025/06/22/S2B_MSIL2A_20250622T170849_N0511_R112_T15SUC_20250622T204748.SAFE
S2B_MSIL2A_20250622T170849_N0511_R112_T15STB_20250622T204748.SAFE	/eodata/Sentinel-2/MSI/L2A/2025/06/22/S2B_MSIL2A_20250622T170849_N0511_R112_T15STB_20250622T204748.SAFE
S2B_MSIL2A_20250622T170849_N0511_R112_T14TQP_20250622T204748.SAFE	/eodata/Sentinel-2/MSI/L2A/2025/06/22/S2B_MSIL2A_20250622T170849_N0511_R112_T14TQP_20250622T204748.SAFE
S2B_MSIL2A_20250622T170849_N0511_R112_T15SUD_20250622T204748.SAFE	/eodata/Sentinel-2/MSI/L2A/2025/06/22/S2B_MSIL2A_20250622T170849_N0511_R112_T15SUD_20250622T204748.SAFE
S2B_MSIL2A_20250622T170849_N0511_R112_T15TTG_20250622T204748.SAFE	/eodata/Sentinel-2/MSI/L2A/2025/06/22/S2B_MSIL2A_20250622T170849_N0511_R112_T15TTG_20250622T204748.SAFE
S2B_MSIL2A_20250622T170849_N0511_R112_T15TUE_20250622T204748.SAFE	/eodata/Sentinel-2/MSI/L2A/2025/06/22/S2B_MSIL2A_20250622T170849_N0511_R112_T15TUE_20250622T204748.SAFE
S2B_MSIL2A_20250622T170849_N0511_R112_T15TUJ_20250622T204748.SAFE	/eodata/Sentinel-2/MSI/L2A/2025/06/22/S2B_MSIL2A_20250622T170849_N0511_R112_T15TUJ_20250622T204748.SAFE
S2B_MSIL2A_20250622T170849_N0511_R112_T14SPG_20250622T204748.SAFE	/eodata/Sentinel-2/MSI/L2A/2025/06/22/S2B_MSIL2A_20250622T170849_N0511_R112_T14SPG_20250622T204748.SAFE
S2B_MSIL2A_20250622T170849_N0511_R112_T14TQM_20250622T204748.SAFE	/eodata/Sentinel-2/MSI/L2A/2025/06/22/S2B_MSIL2A_20250622T170849_N0511_R112_T14TQM_20250622T204748.SAFE
S2B_MSIL2A_20250622T170849_N0511_R112_T14TPP_20250622T204748.SAFE	/eodata/Sentinel-2/MSI/L2A/2025/06/22/S2B_MSIL2A_20250622T170849_N0511_R112_T14TPP_20250622T204748.SAFE
S2B_MSIL2A_20250622T170849_N0511_R112_T14TPL_20250622T204748.SAFE	/eodata/Sentinel-2/MSI/L2A/2025/06/22/S2B_MSIL2A_20250622T170849_N0511_R112_T14TPL_20250622T204748.SAFE
S2B_MSIL2A_20250622T170849_N0511_R112_T14SNJ_20250622T204748.SAFE	/eodata/Sentinel-2/MSI/L2A/2025/06/22/S2B_MSIL2A_20250622T170849_N0511_R112_T14SNJ_20250622T204748.SAFE
S2B_MSIL2A_20250622T170849_N0511_R112_T15TVG_20250622T204748.SAFE	/eodata/Sentinel-2/MSI/L2A/2025/06/22/S2B_MSIL2A_20250622T170849_N0511_R112_T15TVG_20250622T204748.SAFE
S2B_MSIL2A_20250622T170849_N0511_R112_T15TUF_20250622T204748.SAFE	/eodata/Sentinel-2/MSI/L2A/2025/06/22/S2B_MSIL2A_20250622T170849_N0511_R112_T15TUF_20250622T204748.SAFE
S2A_MSIL2A_20250621T175741_N0511_R141_T13TFH_20250622T002915.SAFE	/eodata/Sentinel-2/MSI/L2A/2025/06/21/S2A_MSIL2A_20250621T175741_N0511_R141_T13TFH_20250622T002915.SAFE
S2A_MSIL2A_20250621T175741_N0511_R141_T13TGL_20250622T002915.SAFE	/eodata/Sentinel-2/MSI/L2A/2025/06/21/S2A_MSIL2A_20250621T175741_N0511_R141_T13TGL_20250622T002915.SAFE
S2A_MSIL2A_20250621T175741_N0511_R141_T13TEH_20250622T002915.SAFE	/eodata/Sentinel-2/MSI/L2A/2025/06/21/S2A_MSIL2A_20250621T175741_N0511_R141_T13TEH_20250622T002915.SAFE
S2A_MSIL2A_20250621T175741_N0511_R141_T13TFF_20250622T002915.SAFE	/eodata/Sentinel-2/MSI/L2A/2025/06/21/S2A_MSIL2A_20250621T175741_N0511_R141_T13TFF_20250622T002915.SAFE
S2A_MSIL2A_20250621T175741_N0511_R141_T13TEG_20250622T002915.SAFE	/eodata/Sentinel-2/MSI/L2A/2025/06/21/S2A_MSIL2A_20250621T175741_N0511_R141_T13TEG_20250622T002915.SAFE
S2A_MSIL2A_20250621T175741_N0511_R141_T13TEJ_20250622T002915.SAFE	/eodata/Sentinel-2/MSI/L2A/2025/06/21/S2A_MSIL2A_20250621T175741_N0511_R141_T13TEJ_20250622T002915.SAFE
S2A_MSIL2A_20250621T175741_N0511_R141_T13TGK_20250622T002915.SAFE	/eodata/Sentinel-2/MSI/L2A/2025/06/21/S2A_MSIL2A_20250621T175741_N0511_R141_T13TGK_20250622T002915.SAFE
S2A_MSIL2A_20250621T175741_N0511_R141_T13TFK_20250622T002915.SAFE	/eodata/Sentinel-2/MSI/L2A/2025/06/21/S2A_MSIL2A_20250621T175741_N0511_R141_T13TFK_20250622T002915.SAFE
S2A_MSIL2A_20250621T175741_N0511_R141_T13TFG_20250622T002915.SAFE	/eodata/Sentinel-2/MSI/L2A/2025/06/21/S2A_MSIL2A_20250621T175741_N0511_R141_T13TFG_20250622T002915.SAFE
S2A_MSIL2A_20250621T175741_N0511_R141_T13TEF_20250622T002915.SAFE	/eodata/Sentinel-2/MSI/L2A/2025/06/21/S2A_MSIL2A_20250621T175741_N0511_R141_T13TEF_20250622T002915.SAFE
S2A_MSIL2A_20250621T175741_N0511_R141_T13TFJ_20250622T002915.SAFE	/eodata/Sentinel-2/MSI/L2A/2025/06/21/S2A_MSIL2A_20250621T175741_N0511_R141_T13TFJ_20250622T002915.SAFE
S2B_MSIL2A_20250621T173909_N0511_R098_T14TKM_20250621T211257.SAFE	/eodata/Sentinel-2/MSI/L2A/2025/06/21/S2B_MSIL2A_20250621T173909_N0511_R098_T14TKM_20250621T211257.SAFE
S2B_MSIL2A_20250621T173909_N0511_R098_T13TGF_20250621T211257.SAFE	/eodata/Sentinel-2/MSI/L2A/2025/06/21/S2B_MSIL2A_20250621T173909_N0511_R098_T13TGF_20250621T211257.SAFE
S2B_MSIL2A_20250621T173909_N0511_R098_T13TFK_20250621T211257.SAFE	/eodata/Sentinel-2/MSI/L2A/2025/06/21/S2B_MSIL2A_20250621T173909_N0511_R098_T13TFK_20250621T211257.SAFE
S2B_MSIL2A_20250621T173909_N0511_R098_T13TGG_20250621T211257.SAFE	/eodata/Sentinel-2/MSI/L2A/2025/06/21/S2B_MSIL2A_20250621T173909_N0511_R098_T13TGG_20250621T211257.SAFE
S2B_MSIL2A_20250621T173909_N0511_R098_T13TFF_20250621T211257.SAFE	/eodata/Sentinel-2/MSI/L2A/2025/06/21/S2B_MSIL2A_20250621T173909_N0511_R098_T13TFF_20250621T211257.SAFE
S2B_MSIL2A_20250621T173909_N0511_R098_T13TFH_20250621T211257.SAFE	/eodata/Sentinel-2/MSI/L2A/2025/06/21/S2B_MSIL2A_20250621T173909_N0511_R098_T13TFH_20250621T211257.SAFE
S2B_MSIL2A_20250621T173909_N0511_R098_T14TLR_20250621T211257.SAFE	/eodata/Sentinel-2/MSI/L2A/2025/06/21/S2B_MSIL2A_20250621T173909_N0511_R098_T14TLR_20250621T211257.SAFE
S2B_MSIL2A_20250621T173909_N0511_R098_T14TLL_20250621T211257.SAFE	/eodata/Sentinel-2/MSI/L2A/2025/06/21/S2B_MSIL2A_20250621T173909_N0511_R098_T14TLL_20250621T211257.SAFE
S2B_MSIL2A_20250621T173909_N0511_R098_T13TEK_20250621T211257.SAFE	/eodata/Sentinel-2/MSI/L2A/2025/06/21/S2B_MSIL2A_20250621T173909_N0511_R098_T13TEK_20250621T211257.SAFE
S2B_MSIL2A_20250621T173909_N0511_R098_T14TLN_20250621T211257.SAFE	/eodata/Sentinel-2/MSI/L2A/2025/06/21/S2B_MSIL2A_20250621T173909_N0511_R098_T14TLN_20250621T211257.SAFE
S2B_MSIL2A_20250621T173909_N0511_R098_T13TFL_20250621T211257.SAFE	/eodata/Sentinel-2/MSI/L2A/2025/06/21/S2B_MSIL2A_20250621T173909_N0511_R098_T13TFL_20250621T211257.SAFE
S2B_MSIL2A_20250621T173909_N0511_R098_T13TEF_20250621T211257.SAFE	/eodata/Sentinel-2/MSI/L2A/2025/06/21/S2B_MSIL2A_20250621T173909_N0511_R098_T13TEF_20250621T211257.SAFE
S2B_MSIL2A_20250621T173909_N0511_R098_T13TFJ_20250621T211257.SAFE	/eodata/Sentinel-2/MSI/L2A/2025/06/21/S2B_MSIL2A_20250621T173909_N0511_R098_T13TFJ_20250621T211257.SAFE
S2B_MSIL2A_20250621T173909_N0511_R098_T13TGH_20250621T211257.SAFE	/eodata/Sentinel-2/MSI/L2A/2025/06/21/S2B_MSIL2A_20250621T173909_N0511_R098_T13TGH_20250621T211257.SAFE
S2B_MSIL2A_20250621T173909_N0511_R098_T13TEH_20250621T211257.SAFE	/eodata/Sentinel-2/MSI/L2A/2025/06/21/S2B_MSIL2A_20250621T173909_N0511_R098_T13TEH_20250621T211257.SAFE
S2B_MSIL2A_20250621T173909_N0511_R098_T14TMS_20250621T211257.SAFE	/eodata/Sentinel-2/MSI/L2A/2025/06/21/S2B_MSIL2A_20250621T173909_N0511_R098_T14TMS_20250621T211257.SAFE
S2B_MSIL2A_20250621T173909_N0511_R098_T14TNS_20250621T211257.SAFE	/eodata/Sentinel-2/MSI/L2A/2025/06/21/S2B_MSIL2A_20250621T173909_N0511_R098_T14TNS_20250621T211257.SAFE
S2B_MSIL2A_20250621T173909_N0511_R098_T14TKK_20250621T211257.SAFE	/eodata/Sentinel-2/MSI/L2A/2025/06/21/S2B_MSIL2A_20250621T173909_N0511_R098_T14TKK_20250621T211257.SAFE
S2B_MSIL2A_20250621T173909_N0511_R098_T13TGE_20250621T211257.SAFE	/eodata/Sentinel-2/MSI/L2A/2025/06/21/S2B_MSIL2A_20250621T173909_N0511_R098_T13TGE_20250621T211257.SAFE
S2B_MSIL2A_20250621T173909_N0511_R098_T14TLS_20250621T211257.SAFE	/eodata/Sentinel-2/MSI/L2A/2025/06/21/S2B_MSIL2A_20250621T173909_N0511_R098_T14TLS_20250621T211257.SAFE
S2B_MSIL2A_20250621T173909_N0511_R098_T14SKJ_20250621T211257.SAFE	/eodata/Sentinel-2/MSI/L2A/2025/06/21/S2B_MSIL2A_20250621T173909_N0511_R098_T14SKJ_20250621T211257.SAFE
S2B_MSIL2A_20250621T173909_N0511_R098_T14TLM_20250621T211257.SAFE	/eodata/Sentinel-2/MSI/L2A/2025/06/21/S2B_MSIL2A_20250621T173909_N0511_R098_T14TLM_20250621T211257.SAFE
S2B_MSIL2A_20250621T173909_N0511_R098_T14TMR_20250621T211257.SAFE	/eodata/Sentinel-2/MSI/L2A/2025/06/21/S2B_MSIL2A_20250621T173909_N0511_R098_T14TMR_20250621T211257.SAFE
S2B_MSIL2A_20250621T173909_N0511_R098_T13TEG_20250621T211257.SAFE	/eodata/Sentinel-2/MSI/L2A/2025/06/21/S2B_MSIL2A_20250621T173909_N0511_R098_T13TEG_20250621T211257.SAFE
S2B_MSIL2A_20250621T173909_N0511_R098_T14TMP_20250621T211257.SAFE	/eodata/Sentinel-2/MSI/L2A/2025/06/21/S2B_MSIL2A_20250621T173909_N0511_R098_T14TMP_20250621T211257.SAFE
S2B_MSIL2A_20250621T173909_N0511_R098_T13TEJ_20250621T211257.SAFE	/eodata/Sentinel-2/MSI/L2A/2025/06/21/S2B_MSIL2A_20250621T173909_N0511_R098_T13TEJ_20250621T211257.SAFE
S2B_MSIL2A_20250621T173909_N0511_R098_T14TKL_20250621T211257.SAFE	/eodata/Sentinel-2/MSI/L2A/2025/06/21/S2B_MSIL2A_20250621T173909_N0511_R098_T14TKL_20250621T211257.SAFE
S2B_MSIL2A_20250621T173909_N0511_R098_T13TFG_20250621T211257.SAFE	/eodata/Sentinel-2/MSI/L2A/2025/06/21/S2B_MSIL2A_20250621T173909_N0511_R098_T13TFG_20250621T211257.SAFE
S2B_MSIL2A_20250621T173909_N0511_R098_T14TMQ_20250621T211257.SAFE	/eodata/Sentinel-2/MSI/L2A/2025/06/21/S2B_MSIL2A_20250621T173909_N0511_R098_T14TMQ_20250621T211257.SAFE
S2B_MSIL2A_20250621T173909_N0511_R098_T13TGL_20250621T211257.SAFE	/eodata/Sentinel-2/MSI/L2A/2025/06/21/S2B_MSIL2A_20250621T173909_N0511_R098_T13TGL_20250621T211257.SAFE
S2B_MSIL2A_20250621T173909_N0511_R098_T13SGD_20250621T211257.SAFE	/eodata/Sentinel-2/MSI/L2A/2025/06/21/S2B_MSIL2A_20250621T173909_N0511_R098_T13SGD_20250621T211257.SAFE
S2C_MSIL2A_20250621T164901_N0511_R026_T15TYE_20250621T222006.SAFE	/eodata/Sentinel-2/MSI/L2A/2025/06/21/S2C_MSIL2A_20250621T164901_N0511_R026_T15TYE_20250621T222006.SAFE
S2C_MSIL2A_20250621T164901_N0511_R026_T16TBK_20250621T222006.SAFE	/eodata/Sentinel-2/MSI/L2A/2025/06/21/S2C_MSIL2A_20250621T164901_N0511_R026_T16TBK_20250621T222006.SAFE
S2C_MSIL2A_20250621T164901_N0511_R026_T15TYF_20250621T222006.SAFE	/eodata/Sentinel-2/MSI/L2A/2025/06/21/S2C_MSIL2A_20250621T164901_N0511_R026_T15TYF_20250621T222006.SAFE
S2C_MSIL2A_20250621T164901_N0511_R026_T16TBL_20250621T222006.SAFE	/eodata/Sentinel-2/MSI/L2A/2025/06/21/S2C_MSIL2A_20250621T164901_N0511_R026_T16TBL_20250621T222006.SAFE
S2C_MSIL2A_20250621T164901_N0511_R026_T15TWG_20250621T222006.SAFE	/eodata/Sentinel-2/MSI/L2A/2025/06/21/S2C_MSIL2A_20250621T164901_N0511_R026_T15TWG_20250621T222006.SAFE
S2C_MSIL2A_20250621T164901_N0511_R026_T15TXF_20250621T222006.SAFE	/eodata/Sentinel-2/MSI/L2A/2025/06/21/S2C_MSIL2A_20250621T164901_N0511_R026_T15TXF_20250621T222006.SAFE
S2C_MSIL2A_20250621T164901_N0511_R026_T15TXE_20250621T222006.SAFE	/eodata/Sentinel-2/MSI/L2A/2025/06/21/S2C_MSIL2A_20250621T164901_N0511_R026_T15TXE_20250621T222006.SAFE
S2C_MSIL2A_20250621T164901_N0511_R026_T15SVD_20250621T222006.SAFE	/eodata/Sentinel-2/MSI/L2A/2025/06/21/S2C_MSIL2A_20250621T164901_N0511_R026_T15SVD_20250621T222006.SAFE
S2C_MSIL2A_20250621T164901_N0511_R026_T16TCM_20250621T222006.SAFE	/eodata/Sentinel-2/MSI/L2A/2025/06/21/S2C_MSIL2A_20250621T164901_N0511_R026_T16TCM_20250621T222006.SAFE
S2C_MSIL2A_20250621T164901_N0511_R026_T15TWF_20250621T222006.SAFE	/eodata/Sentinel-2/MSI/L2A/2025/06/21/S2C_MSIL2A_20250621T164901_N0511_R026_T15TWF_20250621T222006.SAFE
S2C_MSIL2A_20250621T164901_N0511_R026_T16TCL_20250621T222006.SAFE	/eodata/Sentinel-2/MSI/L2A/2025/06/21/S2C_MSIL2A_20250621T164901_N0511_R026_T16TCL_20250621T222006.SAFE
S2C_MSIL2A_20250620T171911_N0511_R012_T14SMH_20250620T220317.SAFE	/eodata/Sentinel-2/MSI/L2A/2025/06/20/S2C_MSIL2A_20250620T171911_N0511_R012_T14SMH_20250620T220317.SAFE
S2C_MSIL2A_20250620T171911_N0511_R012_T14SPF_20250620T220317.SAFE	/eodata/Sentinel-2/MSI/L2A/2025/06/20/S2C_MSIL2A_20250620T171911_N0511_R012_T14SPF_20250620T220317.SAFE
S2C_MSIL2A_20250620T171911_N0511_R012_T14TNK_20250620T220317.SAFE	/eodata/Sentinel-2/MSI/L2A/2025/06/20/S2C_MSIL2A_20250620T171911_N0511_R012_T14TNK_20250620T220317.SAFE
S2C_MSIL2A_20250620T171911_N0511_R012_T14TNM_20250620T220317.SAFE	/eodata/Sentinel-2/MSI/L2A/2025/06/20/S2C_MSIL2A_20250620T171911_N0511_R012_T14TNM_20250620T220317.SAFE
S2C_MSIL2A_20250620T171911_N0511_R012_T14UQU_20250620T210422.SAFE	/eodata/Sentinel-2/MSI/L2A/2025/06/20/S2C_MSIL2A_20250620T171911_N0511_R012_T14UQU_20250620T210422.SAFE
S2C_MSIL2A_20250620T171911_N0511_R012_T14UPU_20250620T210422.SAFE	/eodata/Sentinel-2/MSI/L2A/2025/06/20/S2C_MSIL2A_20250620T171911_N0511_R012_T14UPU_20250620T210422.SAFE
S2C_MSIL2A_20250620T171911_N0511_R012_T14UPV_20250620T210422.SAFE	/eodata/Sentinel-2/MSI/L2A/2025/06/20/S2C_MSIL2A_20250620T171911_N0511_R012_T14UPV_20250620T210422.SAFE
S2C_MSIL2A_20250620T171911_N0511_R012_T14TPN_20250620T210422.SAFE	/eodata/Sentinel-2/MSI/L2A/2025/06/20/S2C_MSIL2A_20250620T171911_N0511_R012_T14TPN_20250620T210422.SAFE
S2C_MSIL2A_20250620T171911_N0511_R012_T14SMG_20250620T220317.SAFE	/eodata/Sentinel-2/MSI/L2A/2025/06/20/S2C_MSIL2A_20250620T171911_N0511_R012_T14SMG_20250620T220317.SAFE
S2C_MSIL2A_20250620T171911_N0511_R012_T14TPL_20250620T220317.SAFE	/eodata/Sentinel-2/MSI/L2A/2025/06/20/S2C_MSIL2A_20250620T171911_N0511_R012_T14TPL_20250620T220317.SAFE
S2C_MSIL2A_20250620T171911_N0511_R012_T14TPN_20250620T220317.SAFE	/eodata/Sentinel-2/MSI/L2A/2025/06/20/S2C_MSIL2A_20250620T171911_N0511_R012_T14TPN_20250620T220317.SAFE
S2C_MSIL2A_20250620T171911_N0511_R012_T14TNL_20250620T220317.SAFE	/eodata/Sentinel-2/MSI/L2A/2025/06/20/S2C_MSIL2A_20250620T171911_N0511_R012_T14TNL_20250620T220317.SAFE
S2C_MSIL2A_20250620T171911_N0511_R012_T15TTG_20250620T210422.SAFE	/eodata/Sentinel-2/MSI/L2A/2025/06/20/S2C_MSIL2A_20250620T171911_N0511_R012_T15TTG_20250620T210422.SAFE
S2C_MSIL2A_20250620T171911_N0511_R012_T15TTG_20250620T220317.SAFE	/eodata/Sentinel-2/MSI/L2A/2025/06/20/S2C_MSIL2A_20250620T171911_N0511_R012_T15TTG_20250620T220317.SAFE
S2C_MSIL2A_20250620T171911_N0511_R012_T14SNH_20250620T220317.SAFE	/eodata/Sentinel-2/MSI/L2A/2025/06/20/S2C_MSIL2A_20250620T171911_N0511_R012_T14SNH_20250620T220317.SAFE
S2C_MSIL2A_20250620T171911_N0511_R012_T14SLF_20250620T220317.SAFE	/eodata/Sentinel-2/MSI/L2A/2025/06/20/S2C_MSIL2A_20250620T171911_N0511_R012_T14SLF_20250620T220317.SAFE
S2C_MSIL2A_20250620T171911_N0511_R012_T14TPK_20250620T220317.SAFE	/eodata/Sentinel-2/MSI/L2A/2025/06/20/S2C_MSIL2A_20250620T171911_N0511_R012_T14TPK_20250620T220317.SAFE
S2C_MSIL2A_20250620T171911_N0511_R012_T14TPM_20250620T220317.SAFE	/eodata/Sentinel-2/MSI/L2A/2025/06/20/S2C_MSIL2A_20250620T171911_N0511_R012_T14TPM_20250620T220317.SAFE
S2C_MSIL2A_20250620T171911_N0511_R012_T14TNP_20250620T210422.SAFE	/eodata/Sentinel-2/MSI/L2A/2025/06/20/S2C_MSIL2A_20250620T171911_N0511_R012_T14TNP_20250620T210422.SAFE
S2C_MSIL2A_20250620T171911_N0511_R012_T14TMN_20250620T210422.SAFE	/eodata/Sentinel-2/MSI/L2A/2025/06/20/S2C_MSIL2A_20250620T171911_N0511_R012_T14TMN_20250620T210422.SAFE
S2C_MSIL2A_20250620T171911_N0511_R012_T14SMJ_20250620T220317.SAFE	/eodata/Sentinel-2/MSI/L2A/2025/06/20/S2C_MSIL2A_20250620T171911_N0511_R012_T14SMJ_20250620T220317.SAFE
S2C_MSIL2A_20250620T171911_N0511_R012_T14TPP_20250620T210422.SAFE	/eodata/Sentinel-2/MSI/L2A/2025/06/20/S2C_MSIL2A_20250620T171911_N0511_R012_T14TPP_20250620T210422.SAFE
S2C_MSIL2A_20250620T171911_N0511_R012_T14TQL_20250620T220317.SAFE	/eodata/Sentinel-2/MSI/L2A/2025/06/20/S2C_MSIL2A_20250620T171911_N0511_R012_T14TQL_20250620T220317.SAFE
S2C_MSIL2A_20250620T171911_N0511_R012_T14SPG_20250620T220317.SAFE	/eodata/Sentinel-2/MSI/L2A/2025/06/20/S2C_MSIL2A_20250620T171911_N0511_R012_T14SPG_20250620T220317.SAFE
S2C_MSIL2A_20250620T171911_N0511_R012_T14SNJ_20250620T220317.SAFE	/eodata/Sentinel-2/MSI/L2A/2025/06/20/S2C_MSIL2A_20250620T171911_N0511_R012_T14SNJ_20250620T220317.SAFE
S2C_MSIL2A_20250620T171911_N0511_R012_T15TTF_20250620T220317.SAFE	/eodata/Sentinel-2/MSI/L2A/2025/06/20/S2C_MSIL2A_20250620T171911_N0511_R012_T15TTF_20250620T220317.SAFE
S2C_MSIL2A_20250620T171911_N0511_R012_T14SNF_20250620T220317.SAFE	/eodata/Sentinel-2/MSI/L2A/2025/06/20/S2C_MSIL2A_20250620T171911_N0511_R012_T14SNF_20250620T220317.SAFE
S2C_MSIL2A_20250620T171911_N0511_R012_T14TQM_20250620T210422.SAFE	/eodata/Sentinel-2/MSI/L2A/2025/06/20/S2C_MSIL2A_20250620T171911_N0511_R012_T14TQM_20250620T210422.SAFE
S2C_MSIL2A_20250620T171911_N0511_R012_T14TNN_20250620T220317.SAFE	/eodata/Sentinel-2/MSI/L2A/2025/06/20/S2C_MSIL2A_20250620T171911_N0511_R012_T14TNN_20250620T220317.SAFE
S2C_MSIL2A_20250620T171911_N0511_R012_T15TUJ_20250620T210422.SAFE	/eodata/Sentinel-2/MSI/L2A/2025/06/20/S2C_MSIL2A_20250620T171911_N0511_R012_T15TUJ_20250620T210422.SAFE
S2C_MSIL2A_20250620T171911_N0511_R012_T14TQK_20250620T220317.SAFE	/eodata/Sentinel-2/MSI/L2A/2025/06/20/S2C_MSIL2A_20250620T171911_N0511_R012_T14TQK_20250620T220317.SAFE
S2C_MSIL2A_20250620T171911_N0511_R012_T14TMP_20250620T210422.SAFE	/eodata/Sentinel-2/MSI/L2A/2025/06/20/S2C_MSIL2A_20250620T171911_N0511_R012_T14TMP_20250620T210422.SAFE
S2C_MSIL2A_20250620T171911_N0511_R012_T15TTE_20250620T220317.SAFE	/eodata/Sentinel-2/MSI/L2A/2025/06/20/S2C_MSIL2A_20250620T171911_N0511_R012_T15TTE_20250620T220317.SAFE
S2C_MSIL2A_20250620T171911_N0511_R012_T14SPH_20250620T220317.SAFE	/eodata/Sentinel-2/MSI/L2A/2025/06/20/S2C_MSIL2A_20250620T171911_N0511_R012_T14SPH_20250620T220317.SAFE
S2C_MSIL2A_20250620T171911_N0511_R012_T14TPM_20250620T210422.SAFE	/eodata/Sentinel-2/MSI/L2A/2025/06/20/S2C_MSIL2A_20250620T171911_N0511_R012_T14TPM_20250620T210422.SAFE
S2C_MSIL2A_20250620T171911_N0511_R012_T14TMM_20250620T220317.SAFE	/eodata/Sentinel-2/MSI/L2A/2025/06/20/S2C_MSIL2A_20250620T171911_N0511_R012_T14TMM_20250620T220317.SAFE
S2C_MSIL2A_20250620T171911_N0511_R012_T14TNN_20250620T210422.SAFE	/eodata/Sentinel-2/MSI/L2A/2025/06/20/S2C_MSIL2A_20250620T171911_N0511_R012_T14TNN_20250620T210422.SAFE
S2C_MSIL2A_20250620T171911_N0511_R012_T14TNM_20250620T210422.SAFE	/eodata/Sentinel-2/MSI/L2A/2025/06/20/S2C_MSIL2A_20250620T171911_N0511_R012_T14TNM_20250620T210422.SAFE
S2C_MSIL2A_20250620T171911_N0511_R012_T14SMF_20250620T220317.SAFE	/eodata/Sentinel-2/MSI/L2A/2025/06/20/S2C_MSIL2A_20250620T171911_N0511_R012_T14SMF_20250620T220317.SAFE
S2C_MSIL2A_20250620T171911_N0511_R012_T14SNG_20250620T220317.SAFE	/eodata/Sentinel-2/MSI/L2A/2025/06/20/S2C_MSIL2A_20250620T171911_N0511_R012_T14SNG_20250620T220317.SAFE
S2C_MSIL2A_20250620T171911_N0511_R012_T14TMN_20250620T220317.SAFE	/eodata/Sentinel-2/MSI/L2A/2025/06/20/S2C_MSIL2A_20250620T171911_N0511_R012_T14TMN_20250620T220317.SAFE
S2C_MSIL2A_20250620T171911_N0511_R012_T14SPJ_20250620T220317.SAFE	/eodata/Sentinel-2/MSI/L2A/2025/06/20/S2C_MSIL2A_20250620T171911_N0511_R012_T14SPJ_20250620T220317.SAFE
S2C_MSIL2A_20250620T171911_N0511_R012_T14TQM_20250620T220317.SAFE	/eodata/Sentinel-2/MSI/L2A/2025/06/20/S2C_MSIL2A_20250620T171911_N0511_R012_T14TQM_20250620T220317.SAFE
S2B_MSIL2A_20250620T162829_N0511_R083_T17TLM_20250620T213540.SAFE	/eodata/Sentinel-2/MSI/L2A/2025/06/20/S2B_MSIL2A_20250620T162829_N0511_R083_T17TLM_20250620T213540.SAFE
S2C_MSIL2A_20250619T174921_N0511_R141_T13TGK_20250619T231918.SAFE	/eodata/Sentinel-2/MSI/L2A/2025/06/19/S2C_MSIL2A_20250619T174921_N0511_R141_T13TGK_20250619T231918.SAFE
S2C_MSIL2A_20250619T174921_N0511_R141_T13TFJ_20250619T231918.SAFE	/eodata/Sentinel-2/MSI/L2A/2025/06/19/S2C_MSIL2A_20250619T174921_N0511_R141_T13TFJ_20250619T231918.SAFE
S2C_MSIL2A_20250619T174921_N0511_R141_T13TEH_20250619T231918.SAFE	/eodata/Sentinel-2/MSI/L2A/2025/06/19/S2C_MSIL2A_20250619T174921_N0511_R141_T13TEH_20250619T231918.SAFE
S2C_MSIL2A_20250619T174921_N0511_R141_T13TEK_20250619T231918.SAFE	/eodata/Sentinel-2/MSI/L2A/2025/06/19/S2C_MSIL2A_20250619T174921_N0511_R141_T13TEK_20250619T231918.SAFE
S2C_MSIL2A_20250619T174921_N0511_R141_T13TEL_20250619T231918.SAFE	/eodata/Sentinel-2/MSI/L2A/2025/06/19/S2C_MSIL2A_20250619T174921_N0511_R141_T13TEL_20250619T231918.SAFE
S2C_MSIL2A_20250619T174921_N0511_R141_T13TFH_20250619T231918.SAFE	/eodata/Sentinel-2/MSI/L2A/2025/06/19/S2C_MSIL2A_20250619T174921_N0511_R141_T13TFH_20250619T231918.SAFE
S2C_MSIL2A_20250619T174921_N0511_R141_T13TFG_20250619T231918.SAFE	/eodata/Sentinel-2/MSI/L2A/2025/06/19/S2C_MSIL2A_20250619T174921_N0511_R141_T13TFG_20250619T231918.SAFE
S2C_MSIL2A_20250619T174921_N0511_R141_T13TEF_20250619T231918.SAFE	/eodata/Sentinel-2/MSI/L2A/2025/06/19/S2C_MSIL2A_20250619T174921_N0511_R141_T13TEF_20250619T231918.SAFE
S2C_MSIL2A_20250619T174921_N0511_R141_T13TEJ_20250619T231918.SAFE	/eodata/Sentinel-2/MSI/L2A/2025/06/19/S2C_MSIL2A_20250619T174921_N0511_R141_T13TEJ_20250619T231918.SAFE
S2C_MSIL2A_20250619T174921_N0511_R141_T13TFF_20250619T231918.SAFE	/eodata/Sentinel-2/MSI/L2A/2025/06/19/S2C_MSIL2A_20250619T174921_N0511_R141_T13TFF_20250619T231918.SAFE
S2C_MSIL2A_20250619T174921_N0511_R141_T13TFK_20250619T231918.SAFE	/eodata/Sentinel-2/MSI/L2A/2025/06/19/S2C_MSIL2A_20250619T174921_N0511_R141_T13TFK_20250619T231918.SAFE
S2C_MSIL2A_20250619T174921_N0511_R141_T13TEG_20250619T231918.SAFE	/eodata/Sentinel-2/MSI/L2A/2025/06/19/S2C_MSIL2A_20250619T174921_N0511_R141_T13TEG_20250619T231918.SAFE
S2B_MSIL2A_20250619T165849_N0511_R069_T15TVJ_20250619T210543.SAFE	/eodata/Sentinel-2/MSI/L2A/2025/06/19/S2B_MSIL2A_20250619T165849_N0511_R069_T15TVJ_20250619T210543.SAFE
S2B_MSIL2A_20250619T165849_N0511_R069_T14SQF_20250619T210543.SAFE	/eodata/Sentinel-2/MSI/L2A/2025/06/19/S2B_MSIL2A_20250619T165849_N0511_R069_T14SQF_20250619T210543.SAFE
S2B_MSIL2A_20250619T165849_N0511_R069_T15TWF_20250619T210543.SAFE	/eodata/Sentinel-2/MSI/L2A/2025/06/19/S2B_MSIL2A_20250619T165849_N0511_R069_T15TWF_20250619T210543.SAFE
S2B_MSIL2A_20250619T165849_N0511_R069_T15TXE_20250619T210543.SAFE	/eodata/Sentinel-2/MSI/L2A/2025/06/19/S2B_MSIL2A_20250619T165849_N0511_R069_T15TXE_20250619T210543.SAFE
S2B_MSIL2A_20250619T165849_N0511_R069_T15TVH_20250619T210543.SAFE	/eodata/Sentinel-2/MSI/L2A/2025/06/19/S2B_MSIL2A_20250619T165849_N0511_R069_T15TVH_20250619T210543.SAFE
S2B_MSIL2A_20250619T165849_N0511_R069_T15TXF_20250619T210543.SAFE	/eodata/Sentinel-2/MSI/L2A/2025/06/19/S2B_MSIL2A_20250619T165849_N0511_R069_T15TXF_20250619T210543.SAFE
S2B_MSIL2A_20250619T165849_N0511_R069_T15SWD_20250619T210543.SAFE	/eodata/Sentinel-2/MSI/L2A/2025/06/19/S2B_MSIL2A_20250619T165849_N0511_R069_T15SWD_20250619T210543.SAFE
S2B_MSIL2A_20250619T165849_N0511_R069_T15SUC_20250619T210543.SAFE	/eodata/Sentinel-2/MSI/L2A/2025/06/19/S2B_MSIL2A_20250619T165849_N0511_R069_T15SUC_20250619T210543.SAFE
S2B_MSIL2A_20250619T165849_N0511_R069_T15SUA_20250619T210543.SAFE	/eodata/Sentinel-2/MSI/L2A/2025/06/19/S2B_MSIL2A_20250619T165849_N0511_R069_T15SUA_20250619T210543.SAFE
S2B_MSIL2A_20250619T165849_N0511_R069_T15TVG_20250619T210543.SAFE	/eodata/Sentinel-2/MSI/L2A/2025/06/19/S2B_MSIL2A_20250619T165849_N0511_R069_T15TVG_20250619T210543.SAFE
S2B_MSIL2A_20250619T165849_N0511_R069_T15TUE_20250619T210543.SAFE	/eodata/Sentinel-2/MSI/L2A/2025/06/19/S2B_MSIL2A_20250619T165849_N0511_R069_T15TUE_20250619T210543.SAFE
S2B_MSIL2A_20250619T165849_N0511_R069_T15SUD_20250619T210543.SAFE	/eodata/Sentinel-2/MSI/L2A/2025/06/19/S2B_MSIL2A_20250619T165849_N0511_R069_T15SUD_20250619T210543.SAFE
S2B_MSIL2A_20250619T165849_N0511_R069_T15STB_20250619T210543.SAFE	/eodata/Sentinel-2/MSI/L2A/2025/06/19/S2B_MSIL2A_20250619T165849_N0511_R069_T15STB_20250619T210543.SAFE
S2B_MSIL2A_20250619T165849_N0511_R069_T14SQG_20250619T210543.SAFE	/eodata/Sentinel-2/MSI/L2A/2025/06/19/S2B_MSIL2A_20250619T165849_N0511_R069_T14SQG_20250619T210543.SAFE
S2B_MSIL2A_20250619T165849_N0511_R069_T15TVF_20250619T210543.SAFE	/eodata/Sentinel-2/MSI/L2A/2025/06/19/S2B_MSIL2A_20250619T165849_N0511_R069_T15TVF_20250619T210543.SAFE
S2B_MSIL2A_20250619T165849_N0511_R069_T14SQJ_20250619T210543.SAFE	/eodata/Sentinel-2/MSI/L2A/2025/06/19/S2B_MSIL2A_20250619T165849_N0511_R069_T14SQJ_20250619T210543.SAFE
S2B_MSIL2A_20250619T165849_N0511_R069_T14SQH_20250619T210543.SAFE	/eodata/Sentinel-2/MSI/L2A/2025/06/19/S2B_MSIL2A_20250619T165849_N0511_R069_T14SQH_20250619T210543.SAFE
S2B_MSIL2A_20250619T165849_N0511_R069_T15STA_20250619T210543.SAFE	/eodata/Sentinel-2/MSI/L2A/2025/06/19/S2B_MSIL2A_20250619T165849_N0511_R069_T15STA_20250619T210543.SAFE
S2B_MSIL2A_20250619T165849_N0511_R069_T15TVE_20250619T210543.SAFE	/eodata/Sentinel-2/MSI/L2A/2025/06/19/S2B_MSIL2A_20250619T165849_N0511_R069_T15TVE_20250619T210543.SAFE
S2B_MSIL2A_20250619T165849_N0511_R069_T15STD_20250619T210543.SAFE	/eodata/Sentinel-2/MSI/L2A/2025/06/19/S2B_MSIL2A_20250619T165849_N0511_R069_T15STD_20250619T210543.SAFE
S2B_MSIL2A_20250619T165849_N0511_R069_T15TWE_20250619T210543.SAFE	/eodata/Sentinel-2/MSI/L2A/2025/06/19/S2B_MSIL2A_20250619T165849_N0511_R069_T15TWE_20250619T210543.SAFE
S2B_MSIL2A_20250619T165849_N0511_R069_T15SUB_20250619T210543.SAFE	/eodata/Sentinel-2/MSI/L2A/2025/06/19/S2B_MSIL2A_20250619T165849_N0511_R069_T15SUB_20250619T210543.SAFE
S2B_MSIL2A_20250619T165849_N0511_R069_T15TUH_20250619T210543.SAFE	/eodata/Sentinel-2/MSI/L2A/2025/06/19/S2B_MSIL2A_20250619T165849_N0511_R069_T15TUH_20250619T210543.SAFE
S2B_MSIL2A_20250619T165849_N0511_R069_T15TUG_20250619T210543.SAFE	/eodata/Sentinel-2/MSI/L2A/2025/06/19/S2B_MSIL2A_20250619T165849_N0511_R069_T15TUG_20250619T210543.SAFE
S2B_MSIL2A_20250619T165849_N0511_R069_T15STC_20250619T210543.SAFE	/eodata/Sentinel-2/MSI/L2A/2025/06/19/S2B_MSIL2A_20250619T165849_N0511_R069_T15STC_20250619T210543.SAFE
S2B_MSIL2A_20250619T165849_N0511_R069_T15TUF_20250619T210543.SAFE	/eodata/Sentinel-2/MSI/L2A/2025/06/19/S2B_MSIL2A_20250619T165849_N0511_R069_T15TUF_20250619T210543.SAFE
S2B_MSIL2A_20250619T165849_N0511_R069_T15SVD_20250619T210543.SAFE	/eodata/Sentinel-2/MSI/L2A/2025/06/19/S2B_MSIL2A_20250619T165849_N0511_R069_T15SVD_20250619T210543.SAFE
S2B_MSIL2A_20250618T172859_N0511_R055_T14TKK_20250618T212758.SAFE	/eodata/Sentinel-2/MSI/L2A/2025/06/18/S2B_MSIL2A_20250618T172859_N0511_R055_T14TKK_20250618T212758.SAFE
S2B_MSIL2A_20250618T172859_N0511_R055_T14SMG_20250618T212758.SAFE	/eodata/Sentinel-2/MSI/L2A/2025/06/18/S2B_MSIL2A_20250618T172859_N0511_R055_T14SMG_20250618T212758.SAFE
S2B_MSIL2A_20250618T172859_N0511_R055_T14SKG_20250618T212758.SAFE	/eodata/Sentinel-2/MSI/L2A/2025/06/18/S2B_MSIL2A_20250618T172859_N0511_R055_T14SKG_20250618T212758.SAFE
S2B_MSIL2A_20250618T172859_N0511_R055_T13SGC_20250618T212758.SAFE	/eodata/Sentinel-2/MSI/L2A/2025/06/18/S2B_MSIL2A_20250618T172859_N0511_R055_T13SGC_20250618T212758.SAFE
S2B_MSIL2A_20250618T172859_N0511_R055_T14SLJ_20250618T212758.SAFE	/eodata/Sentinel-2/MSI/L2A/2025/06/18/S2B_MSIL2A_20250618T172859_N0511_R055_T14SLJ_20250618T212758.SAFE
S2B_MSIL2A_20250618T172859_N0511_R055_T14TNK_20250618T212758.SAFE	/eodata/Sentinel-2/MSI/L2A/2025/06/18/S2B_MSIL2A_20250618T172859_N0511_R055_T14TNK_20250618T212758.SAFE
S2B_MSIL2A_20250618T172859_N0511_R055_T14SMH_20250618T212758.SAFE	/eodata/Sentinel-2/MSI/L2A/2025/06/18/S2B_MSIL2A_20250618T172859_N0511_R055_T14SMH_20250618T212758.SAFE
S2B_MSIL2A_20250618T172859_N0511_R055_T14SLG_20250618T212758.SAFE	/eodata/Sentinel-2/MSI/L2A/2025/06/18/S2B_MSIL2A_20250618T172859_N0511_R055_T14SLG_20250618T212758.SAFE
S2B_MSIL2A_20250618T172859_N0511_R055_T14SLF_20250618T212758.SAFE	/eodata/Sentinel-2/MSI/L2A/2025/06/18/S2B_MSIL2A_20250618T172859_N0511_R055_T14SLF_20250618T212758.SAFE
S2B_MSIL2A_20250618T172859_N0511_R055_T14SKH_20250618T212758.SAFE	/eodata/Sentinel-2/MSI/L2A/2025/06/18/S2B_MSIL2A_20250618T172859_N0511_R055_T14SKH_20250618T212758.SAFE
S2B_MSIL2A_20250618T172859_N0511_R055_T13SGD_20250618T212758.SAFE	/eodata/Sentinel-2/MSI/L2A/2025/06/18/S2B_MSIL2A_20250618T172859_N0511_R055_T13SGD_20250618T212758.SAFE
S2B_MSIL2A_20250618T172859_N0511_R055_T13SGB_20250618T212758.SAFE	/eodata/Sentinel-2/MSI/L2A/2025/06/18/S2B_MSIL2A_20250618T172859_N0511_R055_T13SGB_20250618T212758.SAFE
S2B_MSIL2A_20250618T172859_N0511_R055_T14SKF_20250618T212758.SAFE	/eodata/Sentinel-2/MSI/L2A/2025/06/18/S2B_MSIL2A_20250618T172859_N0511_R055_T14SKF_20250618T212758.SAFE
S2B_MSIL2A_20250618T172859_N0511_R055_T13TGE_20250618T212758.SAFE	/eodata/Sentinel-2/MSI/L2A/2025/06/18/S2B_MSIL2A_20250618T172859_N0511_R055_T13TGE_20250618T212758.SAFE
S2B_MSIL2A_20250618T172859_N0511_R055_T14SLH_20250618T212758.SAFE	/eodata/Sentinel-2/MSI/L2A/2025/06/18/S2B_MSIL2A_20250618T172859_N0511_R055_T14SLH_20250618T212758.SAFE
S2B_MSIL2A_20250618T172859_N0511_R055_T14SKJ_20250618T212758.SAFE	/eodata/Sentinel-2/MSI/L2A/2025/06/18/S2B_MSIL2A_20250618T172859_N0511_R055_T14SKJ_20250618T212758.SAFE
S2B_MSIL2A_20250618T172859_N0511_R055_T13SGA_20250618T212758.SAFE	/eodata/Sentinel-2/MSI/L2A/2025/06/18/S2B_MSIL2A_20250618T172859_N0511_R055_T13SGA_20250618T212758.SAFE
S2B_MSIL2A_20250617T175909_N0511_R041_T13UFP_20250617T212607.SAFE	/eodata/Sentinel-2/MSI/L2A/2025/06/17/S2B_MSIL2A_20250617T175909_N0511_R041_T13UFP_20250617T212607.SAFE
S2B_MSIL2A_20250617T175909_N0511_R041_T13TFN_20250617T212607.SAFE	/eodata/Sentinel-2/MSI/L2A/2025/06/17/S2B_MSIL2A_20250617T175909_N0511_R041_T13TFN_20250617T212607.SAFE
S2B_MSIL2A_20250617T161829_N0511_R040_T17TNF_20250617T201118.SAFE	/eodata/Sentinel-2/MSI/L2A/2025/06/17/S2B_MSIL2A_20250617T161829_N0511_R040_T17TNF_20250617T201118.SAFE
S2C_MSIL2A_20250616T173921_N0511_R098_T14TMQ_20250616T225811.SAFE	/eodata/Sentinel-2/MSI/L2A/2025/06/16/S2C_MSIL2A_20250616T173921_N0511_R098_T14TMQ_20250616T225811.SAFE
S2C_MSIL2A_20250616T173921_N0511_R098_T13SGD_20250616T225811.SAFE	/eodata/Sentinel-2/MSI/L2A/2025/06/16/S2C_MSIL2A_20250616T173921_N0511_R098_T13SGD_20250616T225811.SAFE
S2C_MSIL2A_20250616T173921_N0511_R098_T14SKJ_20250616T225811.SAFE	/eodata/Sentinel-2/MSI/L2A/2025/06/16/S2C_MSIL2A_20250616T173921_N0511_R098_T14SKJ_20250616T225811.SAFE
S2B_MSIL2A_20250616T164839_N0511_R026_T16TDM_20250616T204826.SAFE	/eodata/Sentinel-2/MSI/L2A/2025/06/16/S2B_MSIL2A_20250616T164839_N0511_R026_T16TDM_20250616T204826.SAFE
S2B_MSIL2A_20250614T174909_N0511_R141_T13TFF_20250614T215236.SAFE	/eodata/Sentinel-2/MSI/L2A/2025/06/14/S2B_MSIL2A_20250614T174909_N0511_R141_T13TFF_20250614T215236.SAFE
S2B_MSIL2A_20250614T174909_N0511_R141_T13TEJ_20250614T215236.SAFE	/eodata/Sentinel-2/MSI/L2A/2025/06/14/S2B_MSIL2A_20250614T174909_N0511_R141_T13TEJ_20250614T215236.SAFE
S2B_MSIL2A_20250614T174909_N0511_R141_T13TEL_20250614T215236.SAFE	/eodata/Sentinel-2/MSI/L2A/2025/06/14/S2B_MSIL2A_20250614T174909_N0511_R141_T13TEL_20250614T215236.SAFE
S2B_MSIL2A_20250614T174909_N0511_R141_T13TEF_20250614T215236.SAFE	/eodata/Sentinel-2/MSI/L2A/2025/06/14/S2B_MSIL2A_20250614T174909_N0511_R141_T13TEF_20250614T215236.SAFE
S2B_MSIL2A_20250614T174909_N0511_R141_T13TEM_20250614T215236.SAFE	/eodata/Sentinel-2/MSI/L2A/2025/06/14/S2B_MSIL2A_20250614T174909_N0511_R141_T13TEM_20250614T215236.SAFE
S2B_MSIL2A_20250614T174909_N0511_R141_T13TEK_20250614T215236.SAFE	/eodata/Sentinel-2/MSI/L2A/2025/06/14/S2B_MSIL2A_20250614T174909_N0511_R141_T13TEK_20250614T215236.SAFE
S2B_MSIL2A_20250614T174909_N0511_R141_T13TEG_20250614T215236.SAFE	/eodata/Sentinel-2/MSI/L2A/2025/06/14/S2B_MSIL2A_20250614T174909_N0511_R141_T13TEG_20250614T215236.SAFE
S2B_MSIL2A_20250614T174909_N0511_R141_T13TFG_20250614T215236.SAFE	/eodata/Sentinel-2/MSI/L2A/2025/06/14/S2B_MSIL2A_20250614T174909_N0511_R141_T13TFG_20250614T215236.SAFE
S2B_MSIL2A_20250614T174909_N0511_R141_T13TFH_20250614T215236.SAFE	/eodata/Sentinel-2/MSI/L2A/2025/06/14/S2B_MSIL2A_20250614T174909_N0511_R141_T13TFH_20250614T215236.SAFE
S2B_MSIL2A_20250614T174909_N0511_R141_T13TFJ_20250614T215236.SAFE	/eodata/Sentinel-2/MSI/L2A/2025/06/14/S2B_MSIL2A_20250614T174909_N0511_R141_T13TFJ_20250614T215236.SAFE
S2C_MSIL2A_20250614T165901_N0511_R069_T15TYH_20250614T223716.SAFE	/eodata/Sentinel-2/MSI/L2A/2025/06/14/S2C_MSIL2A_20250614T165901_N0511_R069_T15TYH_20250614T223716.SAFE
S2C_MSIL2A_20250613T172921_N0511_R055_T14TKM_20250613T222916.SAFE	/eodata/Sentinel-2/MSI/L2A/2025/06/13/S2C_MSIL2A_20250613T172921_N0511_R055_T14TKM_20250613T222916.SAFE
S2C_MSIL2A_20250613T172921_N0511_R055_T13TGG_20250613T222916.SAFE	/eodata/Sentinel-2/MSI/L2A/2025/06/13/S2C_MSIL2A_20250613T172921_N0511_R055_T13TGG_20250613T222916.SAFE
S2B_MSIL2A_20250612T170849_N0511_R112_T15TWH_20250612T211233.SAFE	/eodata/Sentinel-2/MSI/L2A/2025/06/12/S2B_MSIL2A_20250612T170849_N0511_R112_T15TWH_20250612T211233.SAFE
S2C_MSIL2A_20250612T161851_N0511_R040_T16TGR_20250612T213805.SAFE	/eodata/Sentinel-2/MSI/L2A/2025/06/12/S2C_MSIL2A_20250612T161851_N0511_R040_T16TGR_20250612T213805.SAFE
S2C_MSIL2A_20250612T161851_N0511_R040_T17TLL_20250612T213805.SAFE	/eodata/Sentinel-2/MSI/L2A/2025/06/12/S2C_MSIL2A_20250612T161851_N0511_R040_T17TLL_20250612T213805.SAFE
S2B_MSIL2A_20250611T173859_N0511_R098_T13TEG_20250611T213816.SAFE	/eodata/Sentinel-2/MSI/L2A/2025/06/11/S2B_MSIL2A_20250611T173859_N0511_R098_T13TEG_20250611T213816.SAFE
S2B_MSIL2A_20250611T173859_N0511_R098_T13TEF_20250611T213816.SAFE	/eodata/Sentinel-2/MSI/L2A/2025/06/11/S2B_MSIL2A_20250611T173859_N0511_R098_T13TEF_20250611T213816.SAFE
S2B_MSIL2A_20250611T173859_N0511_R098_T13TEH_20250611T213816.SAFE	/eodata/Sentinel-2/MSI/L2A/2025/06/11/S2B_MSIL2A_20250611T173859_N0511_R098_T13TEH_20250611T213816.SAFE
S2C_MSIL2A_20250611T164911_N0511_R026_T15TWH_20250611T235727.SAFE	/eodata/Sentinel-2/MSI/L2A/2025/06/11/S2C_MSIL2A_20250611T164911_N0511_R026_T15TWH_20250611T235727.SAFE
S2C_MSIL2A_20250611T164911_N0511_R026_T16SCJ_20250611T235727.SAFE	/eodata/Sentinel-2/MSI/L2A/2025/06/11/S2C_MSIL2A_20250611T164911_N0511_R026_T16SCJ_20250611T235727.SAFE
S2A_MSIL2A_20250611T161701_N0511_R140_T17TME_20250612T023314.SAFE	/eodata/Sentinel-2/MSI/L2A/2025/06/11/S2A_MSIL2A_20250611T161701_N0511_R140_T17TME_20250612T023314.SAFE
S2A_MSIL2A_20250611T161701_N0511_R140_T17TNG_20250612T023314.SAFE	/eodata/Sentinel-2/MSI/L2A/2025/06/11/S2A_MSIL2A_20250611T161701_N0511_R140_T17TNG_20250612T023314.SAFE
S2A_MSIL2A_20250611T161701_N0511_R140_T17SLD_20250612T023314.SAFE	/eodata/Sentinel-2/MSI/L2A/2025/06/11/S2A_MSIL2A_20250611T161701_N0511_R140_T17SLD_20250612T023314.SAFE
S2A_MSIL2A_20250611T161701_N0511_R140_T17TNE_20250612T023314.SAFE	/eodata/Sentinel-2/MSI/L2A/2025/06/11/S2A_MSIL2A_20250611T161701_N0511_R140_T17TNE_20250612T023314.SAFE
S2A_MSIL2A_20250611T161701_N0511_R140_T17TLF_20250612T023314.SAFE	/eodata/Sentinel-2/MSI/L2A/2025/06/11/S2A_MSIL2A_20250611T161701_N0511_R140_T17TLF_20250612T023314.SAFE
S2A_MSIL2A_20250611T161701_N0511_R140_T17SMD_20250612T023314.SAFE	/eodata/Sentinel-2/MSI/L2A/2025/06/11/S2A_MSIL2A_20250611T161701_N0511_R140_T17SMD_20250612T023314.SAFE
S2A_MSIL2A_20250611T161701_N0511_R140_T17TLE_20250612T023314.SAFE	/eodata/Sentinel-2/MSI/L2A/2025/06/11/S2A_MSIL2A_20250611T161701_N0511_R140_T17TLE_20250612T023314.SAFE
S2A_MSIL2A_20250611T161701_N0511_R140_T17TNF_20250612T023314.SAFE	/eodata/Sentinel-2/MSI/L2A/2025/06/11/S2A_MSIL2A_20250611T161701_N0511_R140_T17TNF_20250612T023314.SAFE
S2A_MSIL2A_20250611T161701_N0511_R140_T17TMG_20250612T023314.SAFE	/eodata/Sentinel-2/MSI/L2A/2025/06/11/S2A_MSIL2A_20250611T161701_N0511_R140_T17TMG_20250612T023314.SAFE
S2A_MSIL2A_20250611T161701_N0511_R140_T17TMF_20250612T023314.SAFE	/eodata/Sentinel-2/MSI/L2A/2025/06/11/S2A_MSIL2A_20250611T161701_N0511_R140_T17TMF_20250612T023314.SAFE
S2C_MSIL2A_20250610T171921_N0511_R012_T14TQP_20250610T205705.SAFE	/eodata/Sentinel-2/MSI/L2A/2025/06/10/S2C_MSIL2A_20250610T171921_N0511_R012_T14TQP_20250610T205705.SAFE
S2C_MSIL2A_20250610T171921_N0511_R012_T14TPK_20250610T205705.SAFE	/eodata/Sentinel-2/MSI/L2A/2025/06/10/S2C_MSIL2A_20250610T171921_N0511_R012_T14TPK_20250610T205705.SAFE
S2C_MSIL2A_20250610T171921_N0511_R012_T14TQM_20250610T205705.SAFE	/eodata/Sentinel-2/MSI/L2A/2025/06/10/S2C_MSIL2A_20250610T171921_N0511_R012_T14TQM_20250610T205705.SAFE
S2C_MSIL2A_20250610T171921_N0511_R012_T14SPJ_20250610T205705.SAFE	/eodata/Sentinel-2/MSI/L2A/2025/06/10/S2C_MSIL2A_20250610T171921_N0511_R012_T14SPJ_20250610T205705.SAFE
S2C_MSIL2A_20250610T171921_N0511_R012_T14TMK_20250610T205705.SAFE	/eodata/Sentinel-2/MSI/L2A/2025/06/10/S2C_MSIL2A_20250610T171921_N0511_R012_T14TMK_20250610T205705.SAFE
S2C_MSIL2A_20250610T171921_N0511_R012_T14TPL_20250610T205705.SAFE	/eodata/Sentinel-2/MSI/L2A/2025/06/10/S2C_MSIL2A_20250610T171921_N0511_R012_T14TPL_20250610T205705.SAFE
S2C_MSIL2A_20250610T171921_N0511_R012_T14TNM_20250610T205705.SAFE	/eodata/Sentinel-2/MSI/L2A/2025/06/10/S2C_MSIL2A_20250610T171921_N0511_R012_T14TNM_20250610T205705.SAFE
S2C_MSIL2A_20250610T171921_N0511_R012_T14TQL_20250610T205705.SAFE	/eodata/Sentinel-2/MSI/L2A/2025/06/10/S2C_MSIL2A_20250610T171921_N0511_R012_T14TQL_20250610T205705.SAFE
S2C_MSIL2A_20250610T171921_N0511_R012_T14TMM_20250610T205705.SAFE	/eodata/Sentinel-2/MSI/L2A/2025/06/10/S2C_MSIL2A_20250610T171921_N0511_R012_T14TMM_20250610T205705.SAFE
S2C_MSIL2A_20250610T171921_N0511_R012_T14TPP_20250610T205705.SAFE	/eodata/Sentinel-2/MSI/L2A/2025/06/10/S2C_MSIL2A_20250610T171921_N0511_R012_T14TPP_20250610T205705.SAFE
S2C_MSIL2A_20250610T171921_N0511_R012_T14TQS_20250610T212107.SAFE	/eodata/Sentinel-2/MSI/L2A/2025/06/10/S2C_MSIL2A_20250610T171921_N0511_R012_T14TQS_20250610T212107.SAFE
S2C_MSIL2A_20250610T171921_N0511_R012_T14TPM_20250610T205705.SAFE	/eodata/Sentinel-2/MSI/L2A/2025/06/10/S2C_MSIL2A_20250610T171921_N0511_R012_T14TPM_20250610T205705.SAFE
S2C_MSIL2A_20250610T171921_N0511_R012_T15TUL_20250610T212107.SAFE	/eodata/Sentinel-2/MSI/L2A/2025/06/10/S2C_MSIL2A_20250610T171921_N0511_R012_T15TUL_20250610T212107.SAFE
S2C_MSIL2A_20250610T171921_N0511_R012_T14UPU_20250610T212107.SAFE	/eodata/Sentinel-2/MSI/L2A/2025/06/10/S2C_MSIL2A_20250610T171921_N0511_R012_T14UPU_20250610T212107.SAFE
S2C_MSIL2A_20250610T171921_N0511_R012_T14SMJ_20250610T205705.SAFE	/eodata/Sentinel-2/MSI/L2A/2025/06/10/S2C_MSIL2A_20250610T171921_N0511_R012_T14SMJ_20250610T205705.SAFE
S2C_MSIL2A_20250610T171921_N0511_R012_T14TMP_20250610T205705.SAFE	/eodata/Sentinel-2/MSI/L2A/2025/06/10/S2C_MSIL2A_20250610T171921_N0511_R012_T14TMP_20250610T205705.SAFE
S2C_MSIL2A_20250610T171921_N0511_R012_T14TNK_20250610T205705.SAFE	/eodata/Sentinel-2/MSI/L2A/2025/06/10/S2C_MSIL2A_20250610T171921_N0511_R012_T14TNK_20250610T205705.SAFE
S2C_MSIL2A_20250610T171921_N0511_R012_T14SLJ_20250610T205705.SAFE	/eodata/Sentinel-2/MSI/L2A/2025/06/10/S2C_MSIL2A_20250610T171921_N0511_R012_T14SLJ_20250610T205705.SAFE
S2C_MSIL2A_20250610T171921_N0511_R012_T14SLH_20250610T205705.SAFE	/eodata/Sentinel-2/MSI/L2A/2025/06/10/S2C_MSIL2A_20250610T171921_N0511_R012_T14SLH_20250610T205705.SAFE
S2C_MSIL2A_20250610T171921_N0511_R012_T14TMN_20250610T205705.SAFE	/eodata/Sentinel-2/MSI/L2A/2025/06/10/S2C_MSIL2A_20250610T171921_N0511_R012_T14TMN_20250610T205705.SAFE
S2C_MSIL2A_20250610T171921_N0511_R012_T15TTG_20250610T205705.SAFE	/eodata/Sentinel-2/MSI/L2A/2025/06/10/S2C_MSIL2A_20250610T171921_N0511_R012_T15TTG_20250610T205705.SAFE
S2C_MSIL2A_20250610T171921_N0511_R012_T14TNQ_20250610T212107.SAFE	/eodata/Sentinel-2/MSI/L2A/2025/06/10/S2C_MSIL2A_20250610T171921_N0511_R012_T14TNQ_20250610T212107.SAFE
S2C_MSIL2A_20250610T171921_N0511_R012_T14TPP_20250610T212107.SAFE	/eodata/Sentinel-2/MSI/L2A/2025/06/10/S2C_MSIL2A_20250610T171921_N0511_R012_T14TPP_20250610T212107.SAFE
S2C_MSIL2A_20250610T171921_N0511_R012_T15TUJ_20250610T212107.SAFE	/eodata/Sentinel-2/MSI/L2A/2025/06/10/S2C_MSIL2A_20250610T171921_N0511_R012_T15TUJ_20250610T212107.SAFE
S2C_MSIL2A_20250610T171921_N0511_R012_T14TNQ_20250610T205705.SAFE	/eodata/Sentinel-2/MSI/L2A/2025/06/10/S2C_MSIL2A_20250610T171921_N0511_R012_T14TNQ_20250610T205705.SAFE
S2C_MSIL2A_20250610T171921_N0511_R012_T14SNJ_20250610T205705.SAFE	/eodata/Sentinel-2/MSI/L2A/2025/06/10/S2C_MSIL2A_20250610T171921_N0511_R012_T14SNJ_20250610T205705.SAFE
S2C_MSIL2A_20250610T171921_N0511_R012_T14TQP_20250610T212107.SAFE	/eodata/Sentinel-2/MSI/L2A/2025/06/10/S2C_MSIL2A_20250610T171921_N0511_R012_T14TQP_20250610T212107.SAFE
S2C_MSIL2A_20250610T171921_N0511_R012_T15TUH_20250610T205705.SAFE	/eodata/Sentinel-2/MSI/L2A/2025/06/10/S2C_MSIL2A_20250610T171921_N0511_R012_T15TUH_20250610T205705.SAFE
S2C_MSIL2A_20250610T171921_N0511_R012_T14TQN_20250610T205705.SAFE	/eodata/Sentinel-2/MSI/L2A/2025/06/10/S2C_MSIL2A_20250610T171921_N0511_R012_T14TQN_20250610T205705.SAFE
S2C_MSIL2A_20250610T171921_N0511_R012_T14TPN_20250610T205705.SAFE	/eodata/Sentinel-2/MSI/L2A/2025/06/10/S2C_MSIL2A_20250610T171921_N0511_R012_T14TPN_20250610T205705.SAFE
S2C_MSIL2A_20250610T171921_N0511_R012_T15TUK_20250610T212107.SAFE	/eodata/Sentinel-2/MSI/L2A/2025/06/10/S2C_MSIL2A_20250610T171921_N0511_R012_T15TUK_20250610T212107.SAFE
S2C_MSIL2A_20250610T171921_N0511_R012_T14TQQ_20250610T212107.SAFE	/eodata/Sentinel-2/MSI/L2A/2025/06/10/S2C_MSIL2A_20250610T171921_N0511_R012_T14TQQ_20250610T212107.SAFE
S2C_MSIL2A_20250610T171921_N0511_R012_T14TML_20250610T205705.SAFE	/eodata/Sentinel-2/MSI/L2A/2025/06/10/S2C_MSIL2A_20250610T171921_N0511_R012_T14TML_20250610T205705.SAFE
S2C_MSIL2A_20250610T171921_N0511_R012_T14TNL_20250610T205705.SAFE	/eodata/Sentinel-2/MSI/L2A/2025/06/10/S2C_MSIL2A_20250610T171921_N0511_R012_T14TNL_20250610T205705.SAFE
S2C_MSIL2A_20250610T171921_N0511_R012_T14TNN_20250610T205705.SAFE	/eodata/Sentinel-2/MSI/L2A/2025/06/10/S2C_MSIL2A_20250610T171921_N0511_R012_T14TNN_20250610T205705.SAFE
S2C_MSIL2A_20250610T171921_N0511_R012_T14TQK_20250610T205705.SAFE	/eodata/Sentinel-2/MSI/L2A/2025/06/10/S2C_MSIL2A_20250610T171921_N0511_R012_T14TQK_20250610T205705.SAFE
S2C_MSIL2A_20250610T171921_N0511_R012_T15TUJ_20250610T205705.SAFE	/eodata/Sentinel-2/MSI/L2A/2025/06/10/S2C_MSIL2A_20250610T171921_N0511_R012_T15TUJ_20250610T205705.SAFE
S2C_MSIL2A_20250610T171921_N0511_R012_T14TNP_20250610T205705.SAFE	/eodata/Sentinel-2/MSI/L2A/2025/06/10/S2C_MSIL2A_20250610T171921_N0511_R012_T14TNP_20250610T205705.SAFE
S2C_MSIL2A_20250610T171921_N0511_R012_T15TTE_20250610T205705.SAFE	/eodata/Sentinel-2/MSI/L2A/2025/06/10/S2C_MSIL2A_20250610T171921_N0511_R012_T15TTE_20250610T205705.SAFE
S2C_MSIL2A_20250610T171921_N0511_R012_T14TNP_20250610T212107.SAFE	/eodata/Sentinel-2/MSI/L2A/2025/06/10/S2C_MSIL2A_20250610T171921_N0511_R012_T14TNP_20250610T212107.SAFE
S2C_MSIL2A_20250610T171921_N0511_R012_T15TTF_20250610T205705.SAFE	/eodata/Sentinel-2/MSI/L2A/2025/06/10/S2C_MSIL2A_20250610T171921_N0511_R012_T15TTF_20250610T205705.SAFE
S2C_MSIL2A_20250610T171921_N0511_R012_T14TLK_20250610T205705.SAFE	/eodata/Sentinel-2/MSI/L2A/2025/06/10/S2C_MSIL2A_20250610T171921_N0511_R012_T14TLK_20250610T205705.SAFE
S2A_MSIL2A_20250610T164711_N0511_R126_T16TBM_20250611T010715.SAFE	/eodata/Sentinel-2/MSI/L2A/2025/06/10/S2A_MSIL2A_20250610T164711_N0511_R126_T16TBM_20250611T010715.SAFE
S2A_MSIL2A_20250610T164711_N0511_R126_T15SXB_20250611T010715.SAFE	/eodata/Sentinel-2/MSI/L2A/2025/06/10/S2A_MSIL2A_20250610T164711_N0511_R126_T15SXB_20250611T010715.SAFE
S2A_MSIL2A_20250610T164711_N0511_R126_T16TBK_20250611T010715.SAFE	/eodata/Sentinel-2/MSI/L2A/2025/06/10/S2A_MSIL2A_20250610T164711_N0511_R126_T16TBK_20250611T010715.SAFE
S2A_MSIL2A_20250610T164711_N0511_R126_T16TCL_20250611T010715.SAFE	/eodata/Sentinel-2/MSI/L2A/2025/06/10/S2A_MSIL2A_20250610T164711_N0511_R126_T16TCL_20250611T010715.SAFE
S2A_MSIL2A_20250610T164711_N0511_R126_T16SCF_20250611T010715.SAFE	/eodata/Sentinel-2/MSI/L2A/2025/06/10/S2A_MSIL2A_20250610T164711_N0511_R126_T16SCF_20250611T010715.SAFE
S2A_MSIL2A_20250610T164711_N0511_R126_T15TYE_20250611T010715.SAFE	/eodata/Sentinel-2/MSI/L2A/2025/06/10/S2A_MSIL2A_20250610T164711_N0511_R126_T15TYE_20250611T010715.SAFE
S2A_MSIL2A_20250610T164711_N0511_R126_T16SDG_20250611T010715.SAFE	/eodata/Sentinel-2/MSI/L2A/2025/06/10/S2A_MSIL2A_20250610T164711_N0511_R126_T16SDG_20250611T010715.SAFE
S2A_MSIL2A_20250610T164711_N0511_R126_T16SDJ_20250611T010715.SAFE	/eodata/Sentinel-2/MSI/L2A/2025/06/10/S2A_MSIL2A_20250610T164711_N0511_R126_T16SDJ_20250611T010715.SAFE
S2A_MSIL2A_20250610T164711_N0511_R126_T16TEK_20250611T010715.SAFE	/eodata/Sentinel-2/MSI/L2A/2025/06/10/S2A_MSIL2A_20250610T164711_N0511_R126_T16TEK_20250611T010715.SAFE
S2A_MSIL2A_20250610T164711_N0511_R126_T15TYG_20250611T010715.SAFE	/eodata/Sentinel-2/MSI/L2A/2025/06/10/S2A_MSIL2A_20250610T164711_N0511_R126_T15TYG_20250611T010715.SAFE
S2A_MSIL2A_20250610T164711_N0511_R126_T16TDK_20250611T010715.SAFE	/eodata/Sentinel-2/MSI/L2A/2025/06/10/S2A_MSIL2A_20250610T164711_N0511_R126_T16TDK_20250611T010715.SAFE
S2A_MSIL2A_20250610T164711_N0511_R126_T15TYF_20250611T010715.SAFE	/eodata/Sentinel-2/MSI/L2A/2025/06/10/S2A_MSIL2A_20250610T164711_N0511_R126_T15TYF_20250611T010715.SAFE
S2A_MSIL2A_20250610T164711_N0511_R126_T16SBJ_20250611T010715.SAFE	/eodata/Sentinel-2/MSI/L2A/2025/06/10/S2A_MSIL2A_20250610T164711_N0511_R126_T16SBJ_20250611T010715.SAFE
S2A_MSIL2A_20250610T164711_N0511_R126_T16SCJ_20250611T010715.SAFE	/eodata/Sentinel-2/MSI/L2A/2025/06/10/S2A_MSIL2A_20250610T164711_N0511_R126_T16SCJ_20250611T010715.SAFE
S2A_MSIL2A_20250610T164711_N0511_R126_T15SYA_20250611T010715.SAFE	/eodata/Sentinel-2/MSI/L2A/2025/06/10/S2A_MSIL2A_20250610T164711_N0511_R126_T15SYA_20250611T010715.SAFE
S2A_MSIL2A_20250610T164711_N0511_R126_T16TDL_20250611T010715.SAFE	/eodata/Sentinel-2/MSI/L2A/2025/06/10/S2A_MSIL2A_20250610T164711_N0511_R126_T16TDL_20250611T010715.SAFE
S2A_MSIL2A_20250610T164711_N0511_R126_T16TCK_20250611T010715.SAFE	/eodata/Sentinel-2/MSI/L2A/2025/06/10/S2A_MSIL2A_20250610T164711_N0511_R126_T16TCK_20250611T010715.SAFE
S2A_MSIL2A_20250610T164711_N0511_R126_T15SYV_20250611T010715.SAFE	/eodata/Sentinel-2/MSI/L2A/2025/06/10/S2A_MSIL2A_20250610T164711_N0511_R126_T15SYV_20250611T010715.SAFE
S2A_MSIL2A_20250610T164711_N0511_R126_T15SYB_20250611T010715.SAFE	/eodata/Sentinel-2/MSI/L2A/2025/06/10/S2A_MSIL2A_20250610T164711_N0511_R126_T15SYB_20250611T010715.SAFE
S2A_MSIL2A_20250610T164711_N0511_R126_T16SBF_20250611T010715.SAFE	/eodata/Sentinel-2/MSI/L2A/2025/06/10/S2A_MSIL2A_20250610T164711_N0511_R126_T16SBF_20250611T010715.SAFE
S2A_MSIL2A_20250610T164711_N0511_R126_T15SXC_20250611T010715.SAFE	/eodata/Sentinel-2/MSI/L2A/2025/06/10/S2A_MSIL2A_20250610T164711_N0511_R126_T15SXC_20250611T010715.SAFE
S2A_MSIL2A_20250610T164711_N0511_R126_T15SYD_20250611T010715.SAFE	/eodata/Sentinel-2/MSI/L2A/2025/06/10/S2A_MSIL2A_20250610T164711_N0511_R126_T15SYD_20250611T010715.SAFE
S2A_MSIL2A_20250610T164711_N0511_R126_T16SBE_20250611T010715.SAFE	/eodata/Sentinel-2/MSI/L2A/2025/06/10/S2A_MSIL2A_20250610T164711_N0511_R126_T16SBE_20250611T010715.SAFE
S2A_MSIL2A_20250610T164711_N0511_R126_T16SDH_20250611T010715.SAFE	/eodata/Sentinel-2/MSI/L2A/2025/06/10/S2A_MSIL2A_20250610T164711_N0511_R126_T16SDH_20250611T010715.SAFE
S2A_MSIL2A_20250610T164711_N0511_R126_T15SXA_20250611T010715.SAFE	/eodata/Sentinel-2/MSI/L2A/2025/06/10/S2A_MSIL2A_20250610T164711_N0511_R126_T15SXA_20250611T010715.SAFE
S2A_MSIL2A_20250610T164711_N0511_R126_T16TCM_20250611T010715.SAFE	/eodata/Sentinel-2/MSI/L2A/2025/06/10/S2A_MSIL2A_20250610T164711_N0511_R126_T16TCM_20250611T010715.SAFE
S2A_MSIL2A_20250610T164711_N0511_R126_T16TBL_20250611T010715.SAFE	/eodata/Sentinel-2/MSI/L2A/2025/06/10/S2A_MSIL2A_20250610T164711_N0511_R126_T16TBL_20250611T010715.SAFE
S2B_MSIL2A_20250610T162829_N0511_R083_T16TDM_20250610T202931.SAFE	/eodata/Sentinel-2/MSI/L2A/2025/06/10/S2B_MSIL2A_20250610T162829_N0511_R083_T16TDM_20250610T202931.SAFE
S2B_MSIL2A_20250610T162829_N0511_R083_T16SEG_20250610T202931.SAFE	/eodata/Sentinel-2/MSI/L2A/2025/06/10/S2B_MSIL2A_20250610T162829_N0511_R083_T16SEG_20250610T202931.SAFE
S2B_MSIL2A_20250610T162829_N0511_R083_T16TDK_20250610T202931.SAFE	/eodata/Sentinel-2/MSI/L2A/2025/06/10/S2B_MSIL2A_20250610T162829_N0511_R083_T16TDK_20250610T202931.SAFE
S2B_MSIL2A_20250610T162829_N0511_R083_T16SCH_20250610T202931.SAFE	/eodata/Sentinel-2/MSI/L2A/2025/06/10/S2B_MSIL2A_20250610T162829_N0511_R083_T16SCH_20250610T202931.SAFE
S2B_MSIL2A_20250610T162829_N0511_R083_T16SDG_20250610T202931.SAFE	/eodata/Sentinel-2/MSI/L2A/2025/06/10/S2B_MSIL2A_20250610T162829_N0511_R083_T16SDG_20250610T202931.SAFE
S2B_MSIL2A_20250610T162829_N0511_R083_T16SCG_20250610T202931.SAFE	/eodata/Sentinel-2/MSI/L2A/2025/06/10/S2B_MSIL2A_20250610T162829_N0511_R083_T16SCG_20250610T202931.SAFE
S2B_MSIL2A_20250610T162829_N0511_R083_T16TDL_20250610T202931.SAFE	/eodata/Sentinel-2/MSI/L2A/2025/06/10/S2B_MSIL2A_20250610T162829_N0511_R083_T16TDL_20250610T202931.SAFE
S2B_MSIL2A_20250610T162829_N0511_R083_T16SDJ_20250610T202931.SAFE	/eodata/Sentinel-2/MSI/L2A/2025/06/10/S2B_MSIL2A_20250610T162829_N0511_R083_T16SDJ_20250610T202931.SAFE
S2B_MSIL2A_20250610T162829_N0511_R083_T16SDH_20250610T202931.SAFE	/eodata/Sentinel-2/MSI/L2A/2025/06/10/S2B_MSIL2A_20250610T162829_N0511_R083_T16SDH_20250610T202931.SAFE
S2C_MSIL2A_20250609T174931_N0511_R141_T13TEG_20250609T232515.SAFE	/eodata/Sentinel-2/MSI/L2A/2025/06/09/S2C_MSIL2A_20250609T174931_N0511_R141_T13TEG_20250609T232515.SAFE
S2C_MSIL2A_20250609T174931_N0511_R141_T13TGN_20250609T232515.SAFE	/eodata/Sentinel-2/MSI/L2A/2025/06/09/S2C_MSIL2A_20250609T174931_N0511_R141_T13TGN_20250609T232515.SAFE
S2C_MSIL2A_20250609T174931_N0511_R141_T13TFG_20250609T232515.SAFE	/eodata/Sentinel-2/MSI/L2A/2025/06/09/S2C_MSIL2A_20250609T174931_N0511_R141_T13TFG_20250609T232515.SAFE
S2C_MSIL2A_20250609T174931_N0511_R141_T13TGK_20250609T232515.SAFE	/eodata/Sentinel-2/MSI/L2A/2025/06/09/S2C_MSIL2A_20250609T174931_N0511_R141_T13TGK_20250609T232515.SAFE
S2C_MSIL2A_20250609T174931_N0511_R141_T13UEP_20250609T232515.SAFE	/eodata/Sentinel-2/MSI/L2A/2025/06/09/S2C_MSIL2A_20250609T174931_N0511_R141_T13UEP_20250609T232515.SAFE
S2C_MSIL2A_20250609T174931_N0511_R141_T13UFP_20250609T232515.SAFE	/eodata/Sentinel-2/MSI/L2A/2025/06/09/S2C_MSIL2A_20250609T174931_N0511_R141_T13UFP_20250609T232515.SAFE
S2C_MSIL2A_20250609T174931_N0511_R141_T13TGL_20250609T232515.SAFE	/eodata/Sentinel-2/MSI/L2A/2025/06/09/S2C_MSIL2A_20250609T174931_N0511_R141_T13TGL_20250609T232515.SAFE
S2C_MSIL2A_20250609T174931_N0511_R141_T13TFM_20250609T232515.SAFE	/eodata/Sentinel-2/MSI/L2A/2025/06/09/S2C_MSIL2A_20250609T174931_N0511_R141_T13TFM_20250609T232515.SAFE
S2C_MSIL2A_20250609T174931_N0511_R141_T14TLS_20250609T232515.SAFE	/eodata/Sentinel-2/MSI/L2A/2025/06/09/S2C_MSIL2A_20250609T174931_N0511_R141_T14TLS_20250609T232515.SAFE
S2C_MSIL2A_20250609T174931_N0511_R141_T13TGM_20250609T232515.SAFE	/eodata/Sentinel-2/MSI/L2A/2025/06/09/S2C_MSIL2A_20250609T174931_N0511_R141_T13TGM_20250609T232515.SAFE
S2C_MSIL2A_20250609T174931_N0511_R141_T13TEK_20250609T232515.SAFE	/eodata/Sentinel-2/MSI/L2A/2025/06/09/S2C_MSIL2A_20250609T174931_N0511_R141_T13TEK_20250609T232515.SAFE
S2C_MSIL2A_20250609T174931_N0511_R141_T13TEL_20250609T232515.SAFE	/eodata/Sentinel-2/MSI/L2A/2025/06/09/S2C_MSIL2A_20250609T174931_N0511_R141_T13TEL_20250609T232515.SAFE
S2C_MSIL2A_20250609T174931_N0511_R141_T13TFF_20250609T232515.SAFE	/eodata/Sentinel-2/MSI/L2A/2025/06/09/S2C_MSIL2A_20250609T174931_N0511_R141_T13TFF_20250609T232515.SAFE
S2C_MSIL2A_20250609T174931_N0511_R141_T13TFJ_20250609T232515.SAFE	/eodata/Sentinel-2/MSI/L2A/2025/06/09/S2C_MSIL2A_20250609T174931_N0511_R141_T13TFJ_20250609T232515.SAFE
S2C_MSIL2A_20250609T174931_N0511_R141_T13UEQ_20250609T232515.SAFE	/eodata/Sentinel-2/MSI/L2A/2025/06/09/S2C_MSIL2A_20250609T174931_N0511_R141_T13UEQ_20250609T232515.SAFE
S2C_MSIL2A_20250609T174931_N0511_R141_T13TFN_20250609T232515.SAFE	/eodata/Sentinel-2/MSI/L2A/2025/06/09/S2C_MSIL2A_20250609T174931_N0511_R141_T13TFN_20250609T232515.SAFE
S2C_MSIL2A_20250609T174931_N0511_R141_T13TFK_20250609T232515.SAFE	/eodata/Sentinel-2/MSI/L2A/2025/06/09/S2C_MSIL2A_20250609T174931_N0511_R141_T13TFK_20250609T232515.SAFE
S2C_MSIL2A_20250609T174931_N0511_R141_T13TEJ_20250609T232515.SAFE	/eodata/Sentinel-2/MSI/L2A/2025/06/09/S2C_MSIL2A_20250609T174931_N0511_R141_T13TEJ_20250609T232515.SAFE
S2C_MSIL2A_20250609T174931_N0511_R141_T13TEN_20250609T232515.SAFE	/eodata/Sentinel-2/MSI/L2A/2025/06/09/S2C_MSIL2A_20250609T174931_N0511_R141_T13TEN_20250609T232515.SAFE
S2C_MSIL2A_20250609T174931_N0511_R141_T13TFH_20250609T232515.SAFE	/eodata/Sentinel-2/MSI/L2A/2025/06/09/S2C_MSIL2A_20250609T174931_N0511_R141_T13TFH_20250609T232515.SAFE
S2C_MSIL2A_20250609T174931_N0511_R141_T13TEM_20250609T232515.SAFE	/eodata/Sentinel-2/MSI/L2A/2025/06/09/S2C_MSIL2A_20250609T174931_N0511_R141_T13TEM_20250609T232515.SAFE
S2C_MSIL2A_20250609T174931_N0511_R141_T13TFL_20250609T232515.SAFE	/eodata/Sentinel-2/MSI/L2A/2025/06/09/S2C_MSIL2A_20250609T174931_N0511_R141_T13TFL_20250609T232515.SAFE
S2C_MSIL2A_20250609T174931_N0511_R141_T13TEH_20250609T232515.SAFE	/eodata/Sentinel-2/MSI/L2A/2025/06/09/S2C_MSIL2A_20250609T174931_N0511_R141_T13TEH_20250609T232515.SAFE
S2C_MSIL2A_20250609T174931_N0511_R141_T13TEF_20250609T232515.SAFE	/eodata/Sentinel-2/MSI/L2A/2025/06/09/S2C_MSIL2A_20250609T174931_N0511_R141_T13TEF_20250609T232515.SAFE
S2A_MSIL2A_20250609T171721_N0511_R112_T15SUC_20250609T224613.SAFE	/eodata/Sentinel-2/MSI/L2A/2025/06/09/S2A_MSIL2A_20250609T171721_N0511_R112_T15SUC_20250609T224613.SAFE
S2A_MSIL2A_20250609T171721_N0511_R112_T14SNF_20250609T224613.SAFE	/eodata/Sentinel-2/MSI/L2A/2025/06/09/S2A_MSIL2A_20250609T171721_N0511_R112_T14SNF_20250609T224613.SAFE
S2A_MSIL2A_20250609T171721_N0511_R112_T15SUA_20250609T224613.SAFE	/eodata/Sentinel-2/MSI/L2A/2025/06/09/S2A_MSIL2A_20250609T171721_N0511_R112_T15SUA_20250609T224613.SAFE
S2A_MSIL2A_20250609T171721_N0511_R112_T15SUD_20250609T224613.SAFE	/eodata/Sentinel-2/MSI/L2A/2025/06/09/S2A_MSIL2A_20250609T171721_N0511_R112_T15SUD_20250609T224613.SAFE
S2A_MSIL2A_20250609T171721_N0511_R112_T15TTE_20250609T224613.SAFE	/eodata/Sentinel-2/MSI/L2A/2025/06/09/S2A_MSIL2A_20250609T171721_N0511_R112_T15TTE_20250609T224613.SAFE
S2A_MSIL2A_20250609T171721_N0511_R112_T14SQJ_20250609T224613.SAFE	/eodata/Sentinel-2/MSI/L2A/2025/06/09/S2A_MSIL2A_20250609T171721_N0511_R112_T14SQJ_20250609T224613.SAFE
S2A_MSIL2A_20250609T171721_N0511_R112_T14SPF_20250609T224613.SAFE	/eodata/Sentinel-2/MSI/L2A/2025/06/09/S2A_MSIL2A_20250609T171721_N0511_R112_T14SPF_20250609T224613.SAFE
S2A_MSIL2A_20250609T171721_N0511_R112_T14SNH_20250609T224613.SAFE	/eodata/Sentinel-2/MSI/L2A/2025/06/09/S2A_MSIL2A_20250609T171721_N0511_R112_T14SNH_20250609T224613.SAFE
S2A_MSIL2A_20250609T171721_N0511_R112_T14SNG_20250609T224613.SAFE	/eodata/Sentinel-2/MSI/L2A/2025/06/09/S2A_MSIL2A_20250609T171721_N0511_R112_T14SNG_20250609T224613.SAFE
S2A_MSIL2A_20250609T171721_N0511_R112_T14SPJ_20250609T224613.SAFE	/eodata/Sentinel-2/MSI/L2A/2025/06/09/S2A_MSIL2A_20250609T171721_N0511_R112_T14SPJ_20250609T224613.SAFE
S2A_MSIL2A_20250609T171721_N0511_R112_T14SQF_20250609T224613.SAFE	/eodata/Sentinel-2/MSI/L2A/2025/06/09/S2A_MSIL2A_20250609T171721_N0511_R112_T14SQF_20250609T224613.SAFE
S2A_MSIL2A_20250609T171721_N0511_R112_T14SNJ_20250609T224613.SAFE	/eodata/Sentinel-2/MSI/L2A/2025/06/09/S2A_MSIL2A_20250609T171721_N0511_R112_T14SNJ_20250609T224613.SAFE
S2A_MSIL2A_20250609T171721_N0511_R112_T15TUE_20250609T224613.SAFE	/eodata/Sentinel-2/MSI/L2A/2025/06/09/S2A_MSIL2A_20250609T171721_N0511_R112_T15TUE_20250609T224613.SAFE
S2A_MSIL2A_20250609T171721_N0511_R112_T14SPG_20250609T224613.SAFE	/eodata/Sentinel-2/MSI/L2A/2025/06/09/S2A_MSIL2A_20250609T171721_N0511_R112_T14SPG_20250609T224613.SAFE
S2A_MSIL2A_20250609T171721_N0511_R112_T15STA_20250609T224613.SAFE	/eodata/Sentinel-2/MSI/L2A/2025/06/09/S2A_MSIL2A_20250609T171721_N0511_R112_T15STA_20250609T224613.SAFE
S2A_MSIL2A_20250609T171721_N0511_R112_T15STD_20250609T224613.SAFE	/eodata/Sentinel-2/MSI/L2A/2025/06/09/S2A_MSIL2A_20250609T171721_N0511_R112_T15STD_20250609T224613.SAFE
S2B_MSIL2A_20250609T165849_N0511_R069_T15SVA_20250609T210107.SAFE	/eodata/Sentinel-2/MSI/L2A/2025/06/09/S2B_MSIL2A_20250609T165849_N0511_R069_T15SVA_20250609T210107.SAFE
S2B_MSIL2A_20250609T165849_N0511_R069_T15TWE_20250609T210107.SAFE	/eodata/Sentinel-2/MSI/L2A/2025/06/09/S2B_MSIL2A_20250609T165849_N0511_R069_T15TWE_20250609T210107.SAFE
S2B_MSIL2A_20250609T165849_N0511_R069_T15SWA_20250609T210107.SAFE	/eodata/Sentinel-2/MSI/L2A/2025/06/09/S2B_MSIL2A_20250609T165849_N0511_R069_T15SWA_20250609T210107.SAFE
S2B_MSIL2A_20250609T165849_N0511_R069_T14SQF_20250609T210107.SAFE	/eodata/Sentinel-2/MSI/L2A/2025/06/09/S2B_MSIL2A_20250609T165849_N0511_R069_T14SQF_20250609T210107.SAFE
S2B_MSIL2A_20250609T165849_N0511_R069_T15SVB_20250609T210107.SAFE	/eodata/Sentinel-2/MSI/L2A/2025/06/09/S2B_MSIL2A_20250609T165849_N0511_R069_T15SVB_20250609T210107.SAFE
S2B_MSIL2A_20250609T165849_N0511_R069_T15SVD_20250609T210107.SAFE	/eodata/Sentinel-2/MSI/L2A/2025/06/09/S2B_MSIL2A_20250609T165849_N0511_R069_T15SVD_20250609T210107.SAFE
S2B_MSIL2A_20250609T165849_N0511_R069_T15TXE_20250609T210107.SAFE	/eodata/Sentinel-2/MSI/L2A/2025/06/09/S2B_MSIL2A_20250609T165849_N0511_R069_T15TXE_20250609T210107.SAFE
S2B_MSIL2A_20250609T165849_N0511_R069_T15SWC_20250609T210107.SAFE	/eodata/Sentinel-2/MSI/L2A/2025/06/09/S2B_MSIL2A_20250609T165849_N0511_R069_T15SWC_20250609T210107.SAFE
S2B_MSIL2A_20250609T165849_N0511_R069_T15SWD_20250609T210107.SAFE	/eodata/Sentinel-2/MSI/L2A/2025/06/09/S2B_MSIL2A_20250609T165849_N0511_R069_T15SWD_20250609T210107.SAFE
S2B_MSIL2A_20250609T165849_N0511_R069_T15SUA_20250609T210107.SAFE	/eodata/Sentinel-2/MSI/L2A/2025/06/09/S2B_MSIL2A_20250609T165849_N0511_R069_T15SUA_20250609T210107.SAFE
S2B_MSIL2A_20250609T165849_N0511_R069_T15SVC_20250609T210107.SAFE	/eodata/Sentinel-2/MSI/L2A/2025/06/09/S2B_MSIL2A_20250609T165849_N0511_R069_T15SVC_20250609T210107.SAFE
S2B_MSIL2A_20250609T165849_N0511_R069_T15STA_20250609T210107.SAFE	/eodata/Sentinel-2/MSI/L2A/2025/06/09/S2B_MSIL2A_20250609T165849_N0511_R069_T15STA_20250609T210107.SAFE
S2B_MSIL2A_20250609T165849_N0511_R069_T15STD_20250609T210107.SAFE	/eodata/Sentinel-2/MSI/L2A/2025/06/09/S2B_MSIL2A_20250609T165849_N0511_R069_T15STD_20250609T210107.SAFE
S2B_MSIL2A_20250609T165849_N0511_R069_T15SWB_20250609T210107.SAFE	/eodata/Sentinel-2/MSI/L2A/2025/06/09/S2B_MSIL2A_20250609T165849_N0511_R069_T15SWB_20250609T210107.SAFE
S2B_MSIL2A_20250609T165849_N0511_R069_T15SUD_20250609T210107.SAFE	/eodata/Sentinel-2/MSI/L2A/2025/06/09/S2B_MSIL2A_20250609T165849_N0511_R069_T15SUD_20250609T210107.SAFE
S2B_MSIL2A_20250609T165849_N0511_R069_T15TUE_20250609T210107.SAFE	/eodata/Sentinel-2/MSI/L2A/2025/06/09/S2B_MSIL2A_20250609T165849_N0511_R069_T15TUE_20250609T210107.SAFE
S2A_MSIL2A_20250608T174731_N0511_R098_T14TMQ_20250608T225513.SAFE	/eodata/Sentinel-2/MSI/L2A/2025/06/08/S2A_MSIL2A_20250608T174731_N0511_R098_T14TMQ_20250608T225513.SAFE
S2A_MSIL2A_20250608T174731_N0511_R098_T13TFL_20250608T225513.SAFE	/eodata/Sentinel-2/MSI/L2A/2025/06/08/S2A_MSIL2A_20250608T174731_N0511_R098_T13TFL_20250608T225513.SAFE
S2A_MSIL2A_20250608T174731_N0511_R098_T14TLR_20250608T225513.SAFE	/eodata/Sentinel-2/MSI/L2A/2025/06/08/S2A_MSIL2A_20250608T174731_N0511_R098_T14TLR_20250608T225513.SAFE
S2A_MSIL2A_20250608T174731_N0511_R098_T13TGL_20250608T225513.SAFE	/eodata/Sentinel-2/MSI/L2A/2025/06/08/S2A_MSIL2A_20250608T174731_N0511_R098_T13TGL_20250608T225513.SAFE
S2A_MSIL2A_20250608T174731_N0511_R098_T13TFM_20250608T225513.SAFE	/eodata/Sentinel-2/MSI/L2A/2025/06/08/S2A_MSIL2A_20250608T174731_N0511_R098_T13TFM_20250608T225513.SAFE
S2B_MSIL2A_20250608T172859_N0511_R055_T14SKH_20250608T205926.SAFE	/eodata/Sentinel-2/MSI/L2A/2025/06/08/S2B_MSIL2A_20250608T172859_N0511_R055_T14SKH_20250608T205926.SAFE
S2B_MSIL2A_20250608T172859_N0511_R055_T14SMH_20250608T205926.SAFE	/eodata/Sentinel-2/MSI/L2A/2025/06/08/S2B_MSIL2A_20250608T172859_N0511_R055_T14SMH_20250608T205926.SAFE
S2B_MSIL2A_20250608T172859_N0511_R055_T14TLR_20250608T205926.SAFE	/eodata/Sentinel-2/MSI/L2A/2025/06/08/S2B_MSIL2A_20250608T172859_N0511_R055_T14TLR_20250608T205926.SAFE
S2B_MSIL2A_20250608T172859_N0511_R055_T14TMQ_20250608T205926.SAFE	/eodata/Sentinel-2/MSI/L2A/2025/06/08/S2B_MSIL2A_20250608T172859_N0511_R055_T14TMQ_20250608T205926.SAFE
S2B_MSIL2A_20250608T172859_N0511_R055_T14TPP_20250608T205926.SAFE	/eodata/Sentinel-2/MSI/L2A/2025/06/08/S2B_MSIL2A_20250608T172859_N0511_R055_T14TPP_20250608T205926.SAFE
S2C_MSIL2A_20250608T163901_N0511_R126_T15SYV_20250608T221712.SAFE	/eodata/Sentinel-2/MSI/L2A/2025/06/08/S2C_MSIL2A_20250608T163901_N0511_R126_T15SYV_20250608T221712.SAFE
S2C_MSIL2A_20250608T163901_N0511_R126_T16SBE_20250608T221712.SAFE	/eodata/Sentinel-2/MSI/L2A/2025/06/08/S2C_MSIL2A_20250608T163901_N0511_R126_T16SBE_20250608T221712.SAFE
S2C_MSIL2A_20250608T163901_N0511_R126_T15SXB_20250608T221712.SAFE	/eodata/Sentinel-2/MSI/L2A/2025/06/08/S2C_MSIL2A_20250608T163901_N0511_R126_T15SXB_20250608T221712.SAFE
S2C_MSIL2A_20250608T163901_N0511_R126_T15SXA_20250608T221712.SAFE	/eodata/Sentinel-2/MSI/L2A/2025/06/08/S2C_MSIL2A_20250608T163901_N0511_R126_T15SXA_20250608T221712.SAFE
S2C_MSIL2A_20250608T163901_N0511_R126_T16TFM_20250608T221712.SAFE	/eodata/Sentinel-2/MSI/L2A/2025/06/08/S2C_MSIL2A_20250608T163901_N0511_R126_T16TFM_20250608T221712.SAFE
S2C_MSIL2A_20250608T163901_N0511_R126_T15SXC_20250608T221712.SAFE	/eodata/Sentinel-2/MSI/L2A/2025/06/08/S2C_MSIL2A_20250608T163901_N0511_R126_T15SXC_20250608T221712.SAFE
S2C_MSIL2A_20250607T170911_N0511_R112_T14SNF_20250607T222913.SAFE	/eodata/Sentinel-2/MSI/L2A/2025/06/07/S2C_MSIL2A_20250607T170911_N0511_R112_T14SNF_20250607T222913.SAFE
S2A_MSIL2A_20250607T163701_N0511_R083_T16TGS_20250608T012716.SAFE	/eodata/Sentinel-2/MSI/L2A/2025/06/07/S2A_MSIL2A_20250607T163701_N0511_R083_T16TGS_20250608T012716.SAFE
S2B_MSIL2A_20250607T161829_N0511_R040_T17TNG_20250607T201757.SAFE	/eodata/Sentinel-2/MSI/L2A/2025/06/07/S2B_MSIL2A_20250607T161829_N0511_R040_T17TNG_20250607T201757.SAFE
S2B_MSIL2A_20250607T161829_N0511_R040_T17TNF_20250607T201757.SAFE	/eodata/Sentinel-2/MSI/L2A/2025/06/07/S2B_MSIL2A_20250607T161829_N0511_R040_T17TNF_20250607T201757.SAFE
S2C_MSIL2A_20250606T173921_N0511_R098_T13UFP_20250606T230016.SAFE	/eodata/Sentinel-2/MSI/L2A/2025/06/06/S2C_MSIL2A_20250606T173921_N0511_R098_T13UFP_20250606T230016.SAFE
S2C_MSIL2A_20250606T173921_N0511_R098_T13TFN_20250606T230016.SAFE	/eodata/Sentinel-2/MSI/L2A/2025/06/06/S2C_MSIL2A_20250606T173921_N0511_R098_T13TFN_20250606T230016.SAFE
S2B_MSIL2A_20250606T164839_N0511_R026_T16TDM_20250606T205311.SAFE	/eodata/Sentinel-2/MSI/L2A/2025/06/06/S2B_MSIL2A_20250606T164839_N0511_R026_T16TDM_20250606T205311.SAFE
S2A_MSIL2A_20250605T173731_N0511_R055_T15UUP_20250605T223214.SAFE	/eodata/Sentinel-2/MSI/L2A/2025/06/05/S2A_MSIL2A_20250605T173731_N0511_R055_T15UUP_20250605T223214.SAFE
S2C_MSIL2A_20250605T162851_N0511_R083_T16TER_20250605T214612.SAFE	/eodata/Sentinel-2/MSI/L2A/2025/06/05/S2C_MSIL2A_20250605T162851_N0511_R083_T16TER_20250605T214612.SAFE
S2C_MSIL2A_20250605T162851_N0511_R083_T16TGR_20250605T214612.SAFE	/eodata/Sentinel-2/MSI/L2A/2025/06/05/S2C_MSIL2A_20250605T162851_N0511_R083_T16TGR_20250605T214612.SAFE
S2C_MSIL2A_20250605T162851_N0511_R083_T16TEP_20250605T214612.SAFE	/eodata/Sentinel-2/MSI/L2A/2025/06/05/S2C_MSIL2A_20250605T162851_N0511_R083_T16TEP_20250605T214612.SAFE
S2C_MSIL2A_20250604T165911_N0511_R069_T15TYH_20250604T235503.SAFE	/eodata/Sentinel-2/MSI/L2A/2025/06/04/S2C_MSIL2A_20250604T165911_N0511_R069_T15TYH_20250604T235503.SAFE
S2B_MSIL2A_20250602T170849_N0511_R112_T15TWH_20250602T204156.SAFE	/eodata/Sentinel-2/MSI/L2A/2025/06/02/S2B_MSIL2A_20250602T170849_N0511_R112_T15TWH_20250602T204156.SAFE
S2B_MSIL2A_20250602T170849_N0511_R112_T14SNH_20250602T204156.SAFE	/eodata/Sentinel-2/MSI/L2A/2025/06/02/S2B_MSIL2A_20250602T170849_N0511_R112_T14SNH_20250602T204156.SAFE
S2B_MSIL2A_20250602T170849_N0511_R112_T14SNG_20250602T204156.SAFE	/eodata/Sentinel-2/MSI/L2A/2025/06/02/S2B_MSIL2A_20250602T170849_N0511_R112_T14SNG_20250602T204156.SAFE
S2B_MSIL2A_20250602T170849_N0511_R112_T14TPK_20250602T204156.SAFE	/eodata/Sentinel-2/MSI/L2A/2025/06/02/S2B_MSIL2A_20250602T170849_N0511_R112_T14TPK_20250602T204156.SAFE
S2B_MSIL2A_20250602T170849_N0511_R112_T14SPJ_20250602T204156.SAFE	/eodata/Sentinel-2/MSI/L2A/2025/06/02/S2B_MSIL2A_20250602T170849_N0511_R112_T14SPJ_20250602T204156.SAFE
S2B_MSIL2A_20250602T170849_N0511_R112_T14SPH_20250602T204156.SAFE	/eodata/Sentinel-2/MSI/L2A/2025/06/02/S2B_MSIL2A_20250602T170849_N0511_R112_T14SPH_20250602T204156.SAFE
S2B_MSIL2A_20250602T170849_N0511_R112_T14SNJ_20250602T204156.SAFE	/eodata/Sentinel-2/MSI/L2A/2025/06/02/S2B_MSIL2A_20250602T170849_N0511_R112_T14SNJ_20250602T204156.SAFE
S2B_MSIL2A_20250602T170849_N0511_R112_T14SNG_20250602T205925.SAFE	/eodata/Sentinel-2/MSI/L2A/2025/06/02/S2B_MSIL2A_20250602T170849_N0511_R112_T14SNG_20250602T205925.SAFE
S2C_MSIL2A_20250602T161921_N0511_R040_T16TGQ_20250602T215512.SAFE	/eodata/Sentinel-2/MSI/L2A/2025/06/02/S2C_MSIL2A_20250602T161921_N0511_R040_T16TGQ_20250602T215512.SAFE
S2C_MSIL2A_20250602T161921_N0511_R040_T17TKG_20250602T215512.SAFE	/eodata/Sentinel-2/MSI/L2A/2025/06/02/S2C_MSIL2A_20250602T161921_N0511_R040_T17TKG_20250602T215512.SAFE
S2C_MSIL2A_20250602T161921_N0511_R040_T17TLH_20250602T215512.SAFE	/eodata/Sentinel-2/MSI/L2A/2025/06/02/S2C_MSIL2A_20250602T161921_N0511_R040_T17TLH_20250602T215512.SAFE
S2C_MSIL2A_20250602T161921_N0511_R040_T17SKC_20250602T215512.SAFE	/eodata/Sentinel-2/MSI/L2A/2025/06/02/S2C_MSIL2A_20250602T161921_N0511_R040_T17SKC_20250602T215512.SAFE
S2C_MSIL2A_20250602T161921_N0511_R040_T16SGJ_20250602T215512.SAFE	/eodata/Sentinel-2/MSI/L2A/2025/06/02/S2C_MSIL2A_20250602T161921_N0511_R040_T16SGJ_20250602T215512.SAFE
S2C_MSIL2A_20250602T161921_N0511_R040_T17SKD_20250602T215512.SAFE	/eodata/Sentinel-2/MSI/L2A/2025/06/02/S2C_MSIL2A_20250602T161921_N0511_R040_T17SKD_20250602T215512.SAFE
S2C_MSIL2A_20250602T161921_N0511_R040_T16TFK_20250602T215512.SAFE	/eodata/Sentinel-2/MSI/L2A/2025/06/02/S2C_MSIL2A_20250602T161921_N0511_R040_T16TFK_20250602T215512.SAFE
S2C_MSIL2A_20250602T161921_N0511_R040_T16TFM_20250602T215512.SAFE	/eodata/Sentinel-2/MSI/L2A/2025/06/02/S2C_MSIL2A_20250602T161921_N0511_R040_T16TFM_20250602T215512.SAFE
S2C_MSIL2A_20250602T161921_N0511_R040_T16TGN_20250602T215512.SAFE	/eodata/Sentinel-2/MSI/L2A/2025/06/02/S2C_MSIL2A_20250602T161921_N0511_R040_T16TGN_20250602T215512.SAFE
S2C_MSIL2A_20250602T161921_N0511_R040_T16TFL_20250602T215512.SAFE	/eodata/Sentinel-2/MSI/L2A/2025/06/02/S2C_MSIL2A_20250602T161921_N0511_R040_T16TFL_20250602T215512.SAFE
S2C_MSIL2A_20250602T161921_N0511_R040_T16SFH_20250602T215512.SAFE	/eodata/Sentinel-2/MSI/L2A/2025/06/02/S2C_MSIL2A_20250602T161921_N0511_R040_T16SFH_20250602T215512.SAFE
S2C_MSIL2A_20250602T161921_N0511_R040_T17TLG_20250602T215512.SAFE	/eodata/Sentinel-2/MSI/L2A/2025/06/02/S2C_MSIL2A_20250602T161921_N0511_R040_T17TLG_20250602T215512.SAFE
S2C_MSIL2A_20250602T161921_N0511_R040_T17TKE_20250602T215512.SAFE	/eodata/Sentinel-2/MSI/L2A/2025/06/02/S2C_MSIL2A_20250602T161921_N0511_R040_T17TKE_20250602T215512.SAFE
S2C_MSIL2A_20250602T161921_N0511_R040_T16SFJ_20250602T215512.SAFE	/eodata/Sentinel-2/MSI/L2A/2025/06/02/S2C_MSIL2A_20250602T161921_N0511_R040_T16SFJ_20250602T215512.SAFE
S2C_MSIL2A_20250602T161921_N0511_R040_T17TLJ_20250602T215512.SAFE	/eodata/Sentinel-2/MSI/L2A/2025/06/02/S2C_MSIL2A_20250602T161921_N0511_R040_T17TLJ_20250602T215512.SAFE
S2C_MSIL2A_20250602T161921_N0511_R040_T16TGL_20250602T215512.SAFE	/eodata/Sentinel-2/MSI/L2A/2025/06/02/S2C_MSIL2A_20250602T161921_N0511_R040_T16TGL_20250602T215512.SAFE
S2C_MSIL2A_20250602T161921_N0511_R040_T16SGH_20250602T215512.SAFE	/eodata/Sentinel-2/MSI/L2A/2025/06/02/S2C_MSIL2A_20250602T161921_N0511_R040_T16SGH_20250602T215512.SAFE
S2C_MSIL2A_20250602T161921_N0511_R040_T16TGP_20250602T215512.SAFE	/eodata/Sentinel-2/MSI/L2A/2025/06/02/S2C_MSIL2A_20250602T161921_N0511_R040_T16TGP_20250602T215512.SAFE
S2C_MSIL2A_20250602T161921_N0511_R040_T16TGM_20250602T215512.SAFE	/eodata/Sentinel-2/MSI/L2A/2025/06/02/S2C_MSIL2A_20250602T161921_N0511_R040_T16TGM_20250602T215512.SAFE
S2C_MSIL2A_20250602T161921_N0511_R040_T16TGK_20250602T215512.SAFE	/eodata/Sentinel-2/MSI/L2A/2025/06/02/S2C_MSIL2A_20250602T161921_N0511_R040_T16TGK_20250602T215512.SAFE
S2C_MSIL2A_20250602T161921_N0511_R040_T17TKF_20250602T215512.SAFE	/eodata/Sentinel-2/MSI/L2A/2025/06/02/S2C_MSIL2A_20250602T161921_N0511_R040_T17TKF_20250602T215512.SAFE
S2A_MSIL2A_20250601T175741_N0511_R141_T13TFG_20250602T014714.SAFE	/eodata/Sentinel-2/MSI/L2A/2025/06/01/S2A_MSIL2A_20250601T175741_N0511_R141_T13TFG_20250602T014714.SAFE
S2A_MSIL2A_20250601T175741_N0511_R141_T13TEJ_20250602T014714.SAFE	/eodata/Sentinel-2/MSI/L2A/2025/06/01/S2A_MSIL2A_20250601T175741_N0511_R141_T13TEJ_20250602T014714.SAFE
S2A_MSIL2A_20250601T175741_N0511_R141_T13TEG_20250602T014714.SAFE	/eodata/Sentinel-2/MSI/L2A/2025/06/01/S2A_MSIL2A_20250601T175741_N0511_R141_T13TEG_20250602T014714.SAFE
S2A_MSIL2A_20250601T175741_N0511_R141_T13TEJ_20250602T001611.SAFE	/eodata/Sentinel-2/MSI/L2A/2025/06/01/S2A_MSIL2A_20250601T175741_N0511_R141_T13TEJ_20250602T001611.SAFE
S2A_MSIL2A_20250601T175741_N0511_R141_T13TEK_20250602T001611.SAFE	/eodata/Sentinel-2/MSI/L2A/2025/06/01/S2A_MSIL2A_20250601T175741_N0511_R141_T13TEK_20250602T001611.SAFE
S2A_MSIL2A_20250601T175741_N0511_R141_T13TEH_20250602T014714.SAFE	/eodata/Sentinel-2/MSI/L2A/2025/06/01/S2A_MSIL2A_20250601T175741_N0511_R141_T13TEH_20250602T014714.SAFE
S2A_MSIL2A_20250601T175741_N0511_R141_T13TFJ_20250602T001611.SAFE	/eodata/Sentinel-2/MSI/L2A/2025/06/01/S2A_MSIL2A_20250601T175741_N0511_R141_T13TFJ_20250602T001611.SAFE
S2A_MSIL2A_20250601T175741_N0511_R141_T13TGK_20250602T001611.SAFE	/eodata/Sentinel-2/MSI/L2A/2025/06/01/S2A_MSIL2A_20250601T175741_N0511_R141_T13TGK_20250602T001611.SAFE
S2A_MSIL2A_20250601T175741_N0511_R141_T13TFH_20250602T014714.SAFE	/eodata/Sentinel-2/MSI/L2A/2025/06/01/S2A_MSIL2A_20250601T175741_N0511_R141_T13TFH_20250602T014714.SAFE
S2A_MSIL2A_20250601T175741_N0511_R141_T13TFK_20250602T001611.SAFE	/eodata/Sentinel-2/MSI/L2A/2025/06/01/S2A_MSIL2A_20250601T175741_N0511_R141_T13TFK_20250602T001611.SAFE
S2A_MSIL2A_20250601T175741_N0511_R141_T13TFJ_20250602T014714.SAFE	/eodata/Sentinel-2/MSI/L2A/2025/06/01/S2A_MSIL2A_20250601T175741_N0511_R141_T13TFJ_20250602T014714.SAFE
S2A_MSIL2A_20250601T175741_N0511_R141_T13TFF_20250602T014714.SAFE	/eodata/Sentinel-2/MSI/L2A/2025/06/01/S2A_MSIL2A_20250601T175741_N0511_R141_T13TFF_20250602T014714.SAFE
S2A_MSIL2A_20250601T175741_N0511_R141_T13TEL_20250602T001611.SAFE	/eodata/Sentinel-2/MSI/L2A/2025/06/01/S2A_MSIL2A_20250601T175741_N0511_R141_T13TEL_20250602T001611.SAFE
S2A_MSIL2A_20250601T175741_N0511_R141_T13TEF_20250602T014714.SAFE	/eodata/Sentinel-2/MSI/L2A/2025/06/01/S2A_MSIL2A_20250601T175741_N0511_R141_T13TEF_20250602T014714.SAFE
S2A_MSIL2A_20250601T175741_N0511_R141_T13TEK_20250602T014714.SAFE	/eodata/Sentinel-2/MSI/L2A/2025/06/01/S2A_MSIL2A_20250601T175741_N0511_R141_T13TEK_20250602T014714.SAFE
S2B_MSIL2A_20250601T173909_N0511_R098_T13TGF_20250601T213451.SAFE	/eodata/Sentinel-2/MSI/L2A/2025/06/01/S2B_MSIL2A_20250601T173909_N0511_R098_T13TGF_20250601T213451.SAFE
S2B_MSIL2A_20250601T173909_N0511_R098_T13TGJ_20250601T213451.SAFE	/eodata/Sentinel-2/MSI/L2A/2025/06/01/S2B_MSIL2A_20250601T173909_N0511_R098_T13TGJ_20250601T213451.SAFE
S2B_MSIL2A_20250601T173909_N0511_R098_T13TFH_20250601T213451.SAFE	/eodata/Sentinel-2/MSI/L2A/2025/06/01/S2B_MSIL2A_20250601T173909_N0511_R098_T13TFH_20250601T213451.SAFE
S2B_MSIL2A_20250601T173909_N0511_R098_T13TFJ_20250601T213451.SAFE	/eodata/Sentinel-2/MSI/L2A/2025/06/01/S2B_MSIL2A_20250601T173909_N0511_R098_T13TFJ_20250601T213451.SAFE
S2B_MSIL2A_20250601T173909_N0511_R098_T13TEH_20250601T213451.SAFE	/eodata/Sentinel-2/MSI/L2A/2025/06/01/S2B_MSIL2A_20250601T173909_N0511_R098_T13TEH_20250601T213451.SAFE
S2B_MSIL2A_20250601T173909_N0511_R098_T13TGK_20250601T213451.SAFE	/eodata/Sentinel-2/MSI/L2A/2025/06/01/S2B_MSIL2A_20250601T173909_N0511_R098_T13TGK_20250601T213451.SAFE
S2B_MSIL2A_20250601T173909_N0511_R098_T14TLM_20250601T213451.SAFE	/eodata/Sentinel-2/MSI/L2A/2025/06/01/S2B_MSIL2A_20250601T173909_N0511_R098_T14TLM_20250601T213451.SAFE
S2B_MSIL2A_20250601T173909_N0511_R098_T14TLL_20250601T213451.SAFE	/eodata/Sentinel-2/MSI/L2A/2025/06/01/S2B_MSIL2A_20250601T173909_N0511_R098_T14TLL_20250601T213451.SAFE
S2B_MSIL2A_20250601T173909_N0511_R098_T14UNV_20250601T213451.SAFE	/eodata/Sentinel-2/MSI/L2A/2025/06/01/S2B_MSIL2A_20250601T173909_N0511_R098_T14UNV_20250601T213451.SAFE
S2B_MSIL2A_20250601T173909_N0511_R098_T14TLT_20250601T213451.SAFE	/eodata/Sentinel-2/MSI/L2A/2025/06/01/S2B_MSIL2A_20250601T173909_N0511_R098_T14TLT_20250601T213451.SAFE
S2B_MSIL2A_20250601T173909_N0511_R098_T14TMP_20250601T213451.SAFE	/eodata/Sentinel-2/MSI/L2A/2025/06/01/S2B_MSIL2A_20250601T173909_N0511_R098_T14TMP_20250601T213451.SAFE
S2B_MSIL2A_20250601T173909_N0511_R098_T13TEF_20250601T213451.SAFE	/eodata/Sentinel-2/MSI/L2A/2025/06/01/S2B_MSIL2A_20250601T173909_N0511_R098_T13TEF_20250601T213451.SAFE
S2B_MSIL2A_20250601T173909_N0511_R098_T13TEG_20250601T213451.SAFE	/eodata/Sentinel-2/MSI/L2A/2025/06/01/S2B_MSIL2A_20250601T173909_N0511_R098_T13TEG_20250601T213451.SAFE
S2B_MSIL2A_20250601T173909_N0511_R098_T13TFK_20250601T213451.SAFE	/eodata/Sentinel-2/MSI/L2A/2025/06/01/S2B_MSIL2A_20250601T173909_N0511_R098_T13TFK_20250601T213451.SAFE
S2B_MSIL2A_20250601T173909_N0511_R098_T13TGH_20250601T213451.SAFE	/eodata/Sentinel-2/MSI/L2A/2025/06/01/S2B_MSIL2A_20250601T173909_N0511_R098_T13TGH_20250601T213451.SAFE
S2B_MSIL2A_20250601T173909_N0511_R098_T14TLN_20250601T213451.SAFE	/eodata/Sentinel-2/MSI/L2A/2025/06/01/S2B_MSIL2A_20250601T173909_N0511_R098_T14TLN_20250601T213451.SAFE
S2B_MSIL2A_20250601T173909_N0511_R098_T14TLP_20250601T213451.SAFE	/eodata/Sentinel-2/MSI/L2A/2025/06/01/S2B_MSIL2A_20250601T173909_N0511_R098_T14TLP_20250601T213451.SAFE
S2B_MSIL2A_20250601T173909_N0511_R098_T14TKK_20250601T213451.SAFE	/eodata/Sentinel-2/MSI/L2A/2025/06/01/S2B_MSIL2A_20250601T173909_N0511_R098_T14TKK_20250601T213451.SAFE
S2B_MSIL2A_20250601T173909_N0511_R098_T13TGE_20250601T213451.SAFE	/eodata/Sentinel-2/MSI/L2A/2025/06/01/S2B_MSIL2A_20250601T173909_N0511_R098_T13TGE_20250601T213451.SAFE
S2B_MSIL2A_20250601T173909_N0511_R098_T14UNU_20250601T213451.SAFE	/eodata/Sentinel-2/MSI/L2A/2025/06/01/S2B_MSIL2A_20250601T173909_N0511_R098_T14UNU_20250601T213451.SAFE
S2B_MSIL2A_20250601T173909_N0511_R098_T14TKM_20250601T213451.SAFE	/eodata/Sentinel-2/MSI/L2A/2025/06/01/S2B_MSIL2A_20250601T173909_N0511_R098_T14TKM_20250601T213451.SAFE
S2B_MSIL2A_20250601T173909_N0511_R098_T14TMT_20250601T213451.SAFE	/eodata/Sentinel-2/MSI/L2A/2025/06/01/S2B_MSIL2A_20250601T173909_N0511_R098_T14TMT_20250601T213451.SAFE
S2B_MSIL2A_20250601T173909_N0511_R098_T13SGD_20250601T213451.SAFE	/eodata/Sentinel-2/MSI/L2A/2025/06/01/S2B_MSIL2A_20250601T173909_N0511_R098_T13SGD_20250601T213451.SAFE
S2B_MSIL2A_20250601T173909_N0511_R098_T13TEK_20250601T213451.SAFE	/eodata/Sentinel-2/MSI/L2A/2025/06/01/S2B_MSIL2A_20250601T173909_N0511_R098_T13TEK_20250601T213451.SAFE
S2B_MSIL2A_20250601T173909_N0511_R098_T13TFF_20250601T213451.SAFE	/eodata/Sentinel-2/MSI/L2A/2025/06/01/S2B_MSIL2A_20250601T173909_N0511_R098_T13TFF_20250601T213451.SAFE
S2B_MSIL2A_20250601T173909_N0511_R098_T13TGG_20250601T213451.SAFE	/eodata/Sentinel-2/MSI/L2A/2025/06/01/S2B_MSIL2A_20250601T173909_N0511_R098_T13TGG_20250601T213451.SAFE
S2B_MSIL2A_20250601T173909_N0511_R098_T14TKL_20250601T213451.SAFE	/eodata/Sentinel-2/MSI/L2A/2025/06/01/S2B_MSIL2A_20250601T173909_N0511_R098_T14TKL_20250601T213451.SAFE
S2B_MSIL2A_20250601T173909_N0511_R098_T14UMU_20250601T213451.SAFE	/eodata/Sentinel-2/MSI/L2A/2025/06/01/S2B_MSIL2A_20250601T173909_N0511_R098_T14UMU_20250601T213451.SAFE
S2B_MSIL2A_20250601T173909_N0511_R098_T14TNT_20250601T213451.SAFE	/eodata/Sentinel-2/MSI/L2A/2025/06/01/S2B_MSIL2A_20250601T173909_N0511_R098_T14TNT_20250601T213451.SAFE
S2B_MSIL2A_20250601T173909_N0511_R098_T13TEJ_20250601T213451.SAFE	/eodata/Sentinel-2/MSI/L2A/2025/06/01/S2B_MSIL2A_20250601T173909_N0511_R098_T13TEJ_20250601T213451.SAFE
S2B_MSIL2A_20250601T173909_N0511_R098_T13TFG_20250601T213451.SAFE	/eodata/Sentinel-2/MSI/L2A/2025/06/01/S2B_MSIL2A_20250601T173909_N0511_R098_T13TFG_20250601T213451.SAFE
S2B_MSIL2A_20250601T173909_N0511_R098_T14SKJ_20250601T213451.SAFE	/eodata/Sentinel-2/MSI/L2A/2025/06/01/S2B_MSIL2A_20250601T173909_N0511_R098_T14SKJ_20250601T213451.SAFE
S2C_MSIL2A_20250601T164911_N0511_R026_T15TXJ_20250601T220112.SAFE	/eodata/Sentinel-2/MSI/L2A/2025/06/01/S2C_MSIL2A_20250601T164911_N0511_R026_T15TXJ_20250601T220112.SAFE
S2C_MSIL2A_20250601T164911_N0511_R026_T15TYE_20250601T220112.SAFE	/eodata/Sentinel-2/MSI/L2A/2025/06/01/S2C_MSIL2A_20250601T164911_N0511_R026_T15TYE_20250601T220112.SAFE
S2C_MSIL2A_20250601T164911_N0511_R026_T15TXL_20250601T220112.SAFE	/eodata/Sentinel-2/MSI/L2A/2025/06/01/S2C_MSIL2A_20250601T164911_N0511_R026_T15TXL_20250601T220112.SAFE
S2C_MSIL2A_20250601T164911_N0511_R026_T16TDT_20250601T222713.SAFE	/eodata/Sentinel-2/MSI/L2A/2025/06/01/S2C_MSIL2A_20250601T164911_N0511_R026_T16TDT_20250601T222713.SAFE
S2C_MSIL2A_20250601T164911_N0511_R026_T16TDN_20250601T220112.SAFE	/eodata/Sentinel-2/MSI/L2A/2025/06/01/S2C_MSIL2A_20250601T164911_N0511_R026_T16TDN_20250601T220112.SAFE
S2C_MSIL2A_20250601T164911_N0511_R026_T16TDP_20250601T220112.SAFE	/eodata/Sentinel-2/MSI/L2A/2025/06/01/S2C_MSIL2A_20250601T164911_N0511_R026_T16TDP_20250601T220112.SAFE
S2C_MSIL2A_20250601T164911_N0511_R026_T16TDQ_20250601T220112.SAFE	/eodata/Sentinel-2/MSI/L2A/2025/06/01/S2C_MSIL2A_20250601T164911_N0511_R026_T16TDQ_20250601T220112.SAFE
S2C_MSIL2A_20250601T164911_N0511_R026_T16TBL_20250601T220112.SAFE	/eodata/Sentinel-2/MSI/L2A/2025/06/01/S2C_MSIL2A_20250601T164911_N0511_R026_T16TBL_20250601T220112.SAFE
S2C_MSIL2A_20250601T164911_N0511_R026_T16SCJ_20250601T220112.SAFE	/eodata/Sentinel-2/MSI/L2A/2025/06/01/S2C_MSIL2A_20250601T164911_N0511_R026_T16SCJ_20250601T220112.SAFE
S2C_MSIL2A_20250601T164911_N0511_R026_T15TYF_20250601T220112.SAFE	/eodata/Sentinel-2/MSI/L2A/2025/06/01/S2C_MSIL2A_20250601T164911_N0511_R026_T15TYF_20250601T220112.SAFE
S2C_MSIL2A_20250601T164911_N0511_R026_T15TYL_20250601T222713.SAFE	/eodata/Sentinel-2/MSI/L2A/2025/06/01/S2C_MSIL2A_20250601T164911_N0511_R026_T15TYL_20250601T222713.SAFE
S2C_MSIL2A_20250601T164911_N0511_R026_T15TYK_20250601T220112.SAFE	/eodata/Sentinel-2/MSI/L2A/2025/06/01/S2C_MSIL2A_20250601T164911_N0511_R026_T15TYK_20250601T220112.SAFE
S2C_MSIL2A_20250601T164911_N0511_R026_T15TXM_20250601T220112.SAFE	/eodata/Sentinel-2/MSI/L2A/2025/06/01/S2C_MSIL2A_20250601T164911_N0511_R026_T15TXM_20250601T220112.SAFE
S2C_MSIL2A_20250601T164911_N0511_R026_T16TDS_20250601T222713.SAFE	/eodata/Sentinel-2/MSI/L2A/2025/06/01/S2C_MSIL2A_20250601T164911_N0511_R026_T16TDS_20250601T222713.SAFE
S2C_MSIL2A_20250601T164911_N0511_R026_T16TBK_20250601T220112.SAFE	/eodata/Sentinel-2/MSI/L2A/2025/06/01/S2C_MSIL2A_20250601T164911_N0511_R026_T16TBK_20250601T220112.SAFE
S2C_MSIL2A_20250601T164911_N0511_R026_T16TCK_20250601T220112.SAFE	/eodata/Sentinel-2/MSI/L2A/2025/06/01/S2C_MSIL2A_20250601T164911_N0511_R026_T16TCK_20250601T220112.SAFE
S2C_MSIL2A_20250601T164911_N0511_R026_T16TER_20250601T220112.SAFE	/eodata/Sentinel-2/MSI/L2A/2025/06/01/S2C_MSIL2A_20250601T164911_N0511_R026_T16TER_20250601T220112.SAFE
S2C_MSIL2A_20250601T164911_N0511_R026_T15SWA_20250601T220112.SAFE	/eodata/Sentinel-2/MSI/L2A/2025/06/01/S2C_MSIL2A_20250601T164911_N0511_R026_T15SWA_20250601T220112.SAFE
S2C_MSIL2A_20250601T164911_N0511_R026_T15TYJ_20250601T220112.SAFE	/eodata/Sentinel-2/MSI/L2A/2025/06/01/S2C_MSIL2A_20250601T164911_N0511_R026_T15TYJ_20250601T220112.SAFE
S2C_MSIL2A_20250601T164911_N0511_R026_T15TWH_20250601T220112.SAFE	/eodata/Sentinel-2/MSI/L2A/2025/06/01/S2C_MSIL2A_20250601T164911_N0511_R026_T15TWH_20250601T220112.SAFE
S2C_MSIL2A_20250601T164911_N0511_R026_T16TCN_20250601T220112.SAFE	/eodata/Sentinel-2/MSI/L2A/2025/06/01/S2C_MSIL2A_20250601T164911_N0511_R026_T16TCN_20250601T220112.SAFE
S2C_MSIL2A_20250601T164911_N0511_R026_T16TCL_20250601T220112.SAFE	/eodata/Sentinel-2/MSI/L2A/2025/06/01/S2C_MSIL2A_20250601T164911_N0511_R026_T16TCL_20250601T220112.SAFE
S2C_MSIL2A_20250601T164911_N0511_R026_T16UCU_20250601T222713.SAFE	/eodata/Sentinel-2/MSI/L2A/2025/06/01/S2C_MSIL2A_20250601T164911_N0511_R026_T16UCU_20250601T222713.SAFE
S2C_MSIL2A_20250601T164911_N0511_R026_T16TDR_20250601T222713.SAFE	/eodata/Sentinel-2/MSI/L2A/2025/06/01/S2C_MSIL2A_20250601T164911_N0511_R026_T16TDR_20250601T222713.SAFE
S2C_MSIL2A_20250601T164911_N0511_R026_T16SBJ_20250601T220112.SAFE	/eodata/Sentinel-2/MSI/L2A/2025/06/01/S2C_MSIL2A_20250601T164911_N0511_R026_T16SBJ_20250601T220112.SAFE
S2C_MSIL2A_20250601T164911_N0511_R026_T15TXN_20250601T222713.SAFE	/eodata/Sentinel-2/MSI/L2A/2025/06/01/S2C_MSIL2A_20250601T164911_N0511_R026_T15TXN_20250601T222713.SAFE
S2C_MSIL2A_20250601T164911_N0511_R026_T15SWB_20250601T220112.SAFE	/eodata/Sentinel-2/MSI/L2A/2025/06/01/S2C_MSIL2A_20250601T164911_N0511_R026_T15SWB_20250601T220112.SAFE
S2C_MSIL2A_20250601T164911_N0511_R026_T16TER_20250601T222713.SAFE	/eodata/Sentinel-2/MSI/L2A/2025/06/01/S2C_MSIL2A_20250601T164911_N0511_R026_T16TER_20250601T222713.SAFE
S2C_MSIL2A_20250601T164911_N0511_R026_T15TXM_20250601T222713.SAFE	/eodata/Sentinel-2/MSI/L2A/2025/06/01/S2C_MSIL2A_20250601T164911_N0511_R026_T15TXM_20250601T222713.SAFE
S2C_MSIL2A_20250601T164911_N0511_R026_T16TCM_20250601T220112.SAFE	/eodata/Sentinel-2/MSI/L2A/2025/06/01/S2C_MSIL2A_20250601T164911_N0511_R026_T16TCM_20250601T220112.SAFE
S2C_MSIL2A_20250601T164911_N0511_R026_T16TCS_20250601T220112.SAFE	/eodata/Sentinel-2/MSI/L2A/2025/06/01/S2C_MSIL2A_20250601T164911_N0511_R026_T16TCS_20250601T220112.SAFE
S2C_MSIL2A_20250601T164911_N0511_R026_T16TCR_20250601T220112.SAFE	/eodata/Sentinel-2/MSI/L2A/2025/06/01/S2C_MSIL2A_20250601T164911_N0511_R026_T16TCR_20250601T220112.SAFE
S2C_MSIL2A_20250601T164911_N0511_R026_T15TYM_20250601T220112.SAFE	/eodata/Sentinel-2/MSI/L2A/2025/06/01/S2C_MSIL2A_20250601T164911_N0511_R026_T15TYM_20250601T220112.SAFE
S2C_MSIL2A_20250601T164911_N0511_R026_T15TYN_20250601T222713.SAFE	/eodata/Sentinel-2/MSI/L2A/2025/06/01/S2C_MSIL2A_20250601T164911_N0511_R026_T15TYN_20250601T222713.SAFE
S2C_MSIL2A_20250601T164911_N0511_R026_T15TXK_20250601T220112.SAFE	/eodata/Sentinel-2/MSI/L2A/2025/06/01/S2C_MSIL2A_20250601T164911_N0511_R026_T15TXK_20250601T220112.SAFE
S2C_MSIL2A_20250601T164911_N0511_R026_T15SWD_20250601T220112.SAFE	/eodata/Sentinel-2/MSI/L2A/2025/06/01/S2C_MSIL2A_20250601T164911_N0511_R026_T15SWD_20250601T220112.SAFE
S2C_MSIL2A_20250601T164911_N0511_R026_T15TYL_20250601T220112.SAFE	/eodata/Sentinel-2/MSI/L2A/2025/06/01/S2C_MSIL2A_20250601T164911_N0511_R026_T15TYL_20250601T220112.SAFE
S2C_MSIL2A_20250601T164911_N0511_R026_T15TYG_20250601T220112.SAFE	/eodata/Sentinel-2/MSI/L2A/2025/06/01/S2C_MSIL2A_20250601T164911_N0511_R026_T15TYG_20250601T220112.SAFE
S2C_MSIL2A_20250601T164911_N0511_R026_T16TBM_20250601T220112.SAFE	/eodata/Sentinel-2/MSI/L2A/2025/06/01/S2C_MSIL2A_20250601T164911_N0511_R026_T16TBM_20250601T220112.SAFE
S2C_MSIL2A_20250601T164911_N0511_R026_T15TXH_20250601T220112.SAFE	/eodata/Sentinel-2/MSI/L2A/2025/06/01/S2C_MSIL2A_20250601T164911_N0511_R026_T15TXH_20250601T220112.SAFE
S2C_MSIL2A_20250601T164911_N0511_R026_T16TCP_20250601T220112.SAFE	/eodata/Sentinel-2/MSI/L2A/2025/06/01/S2C_MSIL2A_20250601T164911_N0511_R026_T16TCP_20250601T220112.SAFE
S2C_MSIL2A_20250601T164911_N0511_R026_T15TXG_20250601T220112.SAFE	/eodata/Sentinel-2/MSI/L2A/2025/06/01/S2C_MSIL2A_20250601T164911_N0511_R026_T15TXG_20250601T220112.SAFE
S2C_MSIL2A_20250601T164911_N0511_R026_T15TWE_20250601T220112.SAFE	/eodata/Sentinel-2/MSI/L2A/2025/06/01/S2C_MSIL2A_20250601T164911_N0511_R026_T15TWE_20250601T220112.SAFE
S2C_MSIL2A_20250601T164911_N0511_R026_T15TYM_20250601T222713.SAFE	/eodata/Sentinel-2/MSI/L2A/2025/06/01/S2C_MSIL2A_20250601T164911_N0511_R026_T15TYM_20250601T222713.SAFE
S2C_MSIL2A_20250601T164911_N0511_R026_T16TCS_20250601T222713.SAFE	/eodata/Sentinel-2/MSI/L2A/2025/06/01/S2C_MSIL2A_20250601T164911_N0511_R026_T16TCS_20250601T222713.SAFE
S2C_MSIL2A_20250601T164911_N0511_R026_T16TCQ_20250601T220112.SAFE	/eodata/Sentinel-2/MSI/L2A/2025/06/01/S2C_MSIL2A_20250601T164911_N0511_R026_T16TCQ_20250601T220112.SAFE
S2C_MSIL2A_20250601T164911_N0511_R026_T15TYH_20250601T220112.SAFE	/eodata/Sentinel-2/MSI/L2A/2025/06/01/S2C_MSIL2A_20250601T164911_N0511_R026_T15TYH_20250601T220112.SAFE
S2C_MSIL2A_20250601T164911_N0511_R026_T15SYD_20250601T220112.SAFE	/eodata/Sentinel-2/MSI/L2A/2025/06/01/S2C_MSIL2A_20250601T164911_N0511_R026_T15SYD_20250601T220112.SAFE
S2C_MSIL2A_20250601T164911_N0511_R026_T16TCT_20250601T222713.SAFE	/eodata/Sentinel-2/MSI/L2A/2025/06/01/S2C_MSIL2A_20250601T164911_N0511_R026_T16TCT_20250601T222713.SAFE
S2C_MSIL2A_20250601T164911_N0511_R026_T16TCR_20250601T222713.SAFE	/eodata/Sentinel-2/MSI/L2A/2025/06/01/S2C_MSIL2A_20250601T164911_N0511_R026_T16TCR_20250601T222713.SAFE
S2C_MSIL2A_20250601T164911_N0511_R026_T15SVB_20250601T220112.SAFE	/eodata/Sentinel-2/MSI/L2A/2025/06/01/S2C_MSIL2A_20250601T164911_N0511_R026_T15SVB_20250601T220112.SAFE
S2C_MSIL2A_20250601T164911_N0511_R026_T15UYP_20250601T222713.SAFE	/eodata/Sentinel-2/MSI/L2A/2025/06/01/S2C_MSIL2A_20250601T164911_N0511_R026_T15UYP_20250601T222713.SAFE
S2C_MSIL2A_20250531T171921_N0511_R012_T14TQQ_20250531T224825.SAFE	/eodata/Sentinel-2/MSI/L2A/2025/05/31/S2C_MSIL2A_20250531T171921_N0511_R012_T14TQQ_20250531T224825.SAFE
S2C_MSIL2A_20250531T171921_N0511_R012_T14SMJ_20250531T222712.SAFE	/eodata/Sentinel-2/MSI/L2A/2025/05/31/S2C_MSIL2A_20250531T171921_N0511_R012_T14SMJ_20250531T222712.SAFE
S2C_MSIL2A_20250531T171921_N0511_R012_T14UQU_20250531T224825.SAFE	/eodata/Sentinel-2/MSI/L2A/2025/05/31/S2C_MSIL2A_20250531T171921_N0511_R012_T14UQU_20250531T224825.SAFE
S2C_MSIL2A_20250531T171921_N0511_R012_T15TTE_20250531T222712.SAFE	/eodata/Sentinel-2/MSI/L2A/2025/05/31/S2C_MSIL2A_20250531T171921_N0511_R012_T15TTE_20250531T222712.SAFE
S2C_MSIL2A_20250531T171921_N0511_R012_T14SNF_20250531T222712.SAFE	/eodata/Sentinel-2/MSI/L2A/2025/05/31/S2C_MSIL2A_20250531T171921_N0511_R012_T14SNF_20250531T222712.SAFE
S2C_MSIL2A_20250531T171921_N0511_R012_T15TUH_20250531T222712.SAFE	/eodata/Sentinel-2/MSI/L2A/2025/05/31/S2C_MSIL2A_20250531T171921_N0511_R012_T15TUH_20250531T222712.SAFE
S2C_MSIL2A_20250531T171921_N0511_R012_T14TQK_20250531T222712.SAFE	/eodata/Sentinel-2/MSI/L2A/2025/05/31/S2C_MSIL2A_20250531T171921_N0511_R012_T14TQK_20250531T222712.SAFE
S2C_MSIL2A_20250531T171921_N0511_R012_T15TUM_20250531T224825.SAFE	/eodata/Sentinel-2/MSI/L2A/2025/05/31/S2C_MSIL2A_20250531T171921_N0511_R012_T15TUM_20250531T224825.SAFE
S2C_MSIL2A_20250531T171921_N0511_R012_T15UUP_20250531T224825.SAFE	/eodata/Sentinel-2/MSI/L2A/2025/05/31/S2C_MSIL2A_20250531T171921_N0511_R012_T15UUP_20250531T224825.SAFE
S2C_MSIL2A_20250531T171921_N0511_R012_T15TUJ_20250531T224825.SAFE	/eodata/Sentinel-2/MSI/L2A/2025/05/31/S2C_MSIL2A_20250531T171921_N0511_R012_T15TUJ_20250531T224825.SAFE
S2C_MSIL2A_20250531T171921_N0511_R012_T14TPQ_20250531T224825.SAFE	/eodata/Sentinel-2/MSI/L2A/2025/05/31/S2C_MSIL2A_20250531T171921_N0511_R012_T14TPQ_20250531T224825.SAFE
S2C_MSIL2A_20250531T171921_N0511_R012_T15UVP_20250531T224825.SAFE	/eodata/Sentinel-2/MSI/L2A/2025/05/31/S2C_MSIL2A_20250531T171921_N0511_R012_T15UVP_20250531T224825.SAFE
S2C_MSIL2A_20250531T171921_N0511_R012_T14SMH_20250531T222712.SAFE	/eodata/Sentinel-2/MSI/L2A/2025/05/31/S2C_MSIL2A_20250531T171921_N0511_R012_T14SMH_20250531T222712.SAFE
S2C_MSIL2A_20250531T171921_N0511_R012_T14SPG_20250531T222712.SAFE	/eodata/Sentinel-2/MSI/L2A/2025/05/31/S2C_MSIL2A_20250531T171921_N0511_R012_T14SPG_20250531T222712.SAFE
S2C_MSIL2A_20250531T171921_N0511_R012_T14SMF_20250531T222712.SAFE	/eodata/Sentinel-2/MSI/L2A/2025/05/31/S2C_MSIL2A_20250531T171921_N0511_R012_T14SMF_20250531T222712.SAFE
S2C_MSIL2A_20250531T171921_N0511_R012_T14TQQ_20250531T222712.SAFE	/eodata/Sentinel-2/MSI/L2A/2025/05/31/S2C_MSIL2A_20250531T171921_N0511_R012_T14TQQ_20250531T222712.SAFE
S2C_MSIL2A_20250531T171921_N0511_R012_T14TQP_20250531T224825.SAFE	/eodata/Sentinel-2/MSI/L2A/2025/05/31/S2C_MSIL2A_20250531T171921_N0511_R012_T14TQP_20250531T224825.SAFE
S2C_MSIL2A_20250531T171921_N0511_R012_T15TVM_20250531T224825.SAFE	/eodata/Sentinel-2/MSI/L2A/2025/05/31/S2C_MSIL2A_20250531T171921_N0511_R012_T15TVM_20250531T224825.SAFE
S2C_MSIL2A_20250531T171921_N0511_R012_T14SLF_20250531T222712.SAFE	/eodata/Sentinel-2/MSI/L2A/2025/05/31/S2C_MSIL2A_20250531T171921_N0511_R012_T14SLF_20250531T222712.SAFE
S2C_MSIL2A_20250531T171921_N0511_R012_T14UPU_20250531T224825.SAFE	/eodata/Sentinel-2/MSI/L2A/2025/05/31/S2C_MSIL2A_20250531T171921_N0511_R012_T14UPU_20250531T224825.SAFE
S2C_MSIL2A_20250531T171921_N0511_R012_T15TUK_20250531T224825.SAFE	/eodata/Sentinel-2/MSI/L2A/2025/05/31/S2C_MSIL2A_20250531T171921_N0511_R012_T15TUK_20250531T224825.SAFE
S2C_MSIL2A_20250531T171921_N0511_R012_T14SLG_20250531T222712.SAFE	/eodata/Sentinel-2/MSI/L2A/2025/05/31/S2C_MSIL2A_20250531T171921_N0511_R012_T14SLG_20250531T222712.SAFE
S2C_MSIL2A_20250531T171921_N0511_R012_T14SNH_20250531T222712.SAFE	/eodata/Sentinel-2/MSI/L2A/2025/05/31/S2C_MSIL2A_20250531T171921_N0511_R012_T14SNH_20250531T222712.SAFE
S2C_MSIL2A_20250531T171921_N0511_R012_T14TPR_20250531T224825.SAFE	/eodata/Sentinel-2/MSI/L2A/2025/05/31/S2C_MSIL2A_20250531T171921_N0511_R012_T14TPR_20250531T224825.SAFE
S2C_MSIL2A_20250531T171921_N0511_R012_T14SPJ_20250531T222712.SAFE	/eodata/Sentinel-2/MSI/L2A/2025/05/31/S2C_MSIL2A_20250531T171921_N0511_R012_T14SPJ_20250531T222712.SAFE
S2C_MSIL2A_20250531T171921_N0511_R012_T14UQV_20250531T224825.SAFE	/eodata/Sentinel-2/MSI/L2A/2025/05/31/S2C_MSIL2A_20250531T171921_N0511_R012_T14UQV_20250531T224825.SAFE
S2C_MSIL2A_20250531T171921_N0511_R012_T15TUK_20250531T222712.SAFE	/eodata/Sentinel-2/MSI/L2A/2025/05/31/S2C_MSIL2A_20250531T171921_N0511_R012_T15TUK_20250531T222712.SAFE
S2C_MSIL2A_20250531T171921_N0511_R012_T15TUL_20250531T224825.SAFE	/eodata/Sentinel-2/MSI/L2A/2025/05/31/S2C_MSIL2A_20250531T171921_N0511_R012_T15TUL_20250531T224825.SAFE
S2C_MSIL2A_20250531T171921_N0511_R012_T14SLH_20250531T222712.SAFE	/eodata/Sentinel-2/MSI/L2A/2025/05/31/S2C_MSIL2A_20250531T171921_N0511_R012_T14SLH_20250531T222712.SAFE
S2C_MSIL2A_20250531T171921_N0511_R012_T14SPF_20250531T222712.SAFE	/eodata/Sentinel-2/MSI/L2A/2025/05/31/S2C_MSIL2A_20250531T171921_N0511_R012_T14SPF_20250531T222712.SAFE
S2C_MSIL2A_20250531T171921_N0511_R012_T14UPV_20250531T224825.SAFE	/eodata/Sentinel-2/MSI/L2A/2025/05/31/S2C_MSIL2A_20250531T171921_N0511_R012_T14UPV_20250531T224825.SAFE
S2C_MSIL2A_20250531T171921_N0511_R012_T14TQR_20250531T224825.SAFE	/eodata/Sentinel-2/MSI/L2A/2025/05/31/S2C_MSIL2A_20250531T171921_N0511_R012_T14TQR_20250531T224825.SAFE
S2C_MSIL2A_20250531T171921_N0511_R012_T14SPH_20250531T222712.SAFE	/eodata/Sentinel-2/MSI/L2A/2025/05/31/S2C_MSIL2A_20250531T171921_N0511_R012_T14SPH_20250531T222712.SAFE
S2B_MSIL2A_20250531T162829_N0511_R083_T16SDG_20250531T202832.SAFE	/eodata/Sentinel-2/MSI/L2A/2025/05/31/S2B_MSIL2A_20250531T162829_N0511_R083_T16SDG_20250531T202832.SAFE
S2B_MSIL2A_20250531T162829_N0511_R083_T16TGS_20250531T202832.SAFE	/eodata/Sentinel-2/MSI/L2A/2025/05/31/S2B_MSIL2A_20250531T162829_N0511_R083_T16TGS_20250531T202832.SAFE
S2B_MSIL2A_20250531T162829_N0511_R083_T16SCH_20250531T202832.SAFE	/eodata/Sentinel-2/MSI/L2A/2025/05/31/S2B_MSIL2A_20250531T162829_N0511_R083_T16SCH_20250531T202832.SAFE
S2B_MSIL2A_20250531T162829_N0511_R083_T17TLM_20250531T202832.SAFE	/eodata/Sentinel-2/MSI/L2A/2025/05/31/S2B_MSIL2A_20250531T162829_N0511_R083_T17TLM_20250531T202832.SAFE
S2B_MSIL2A_20250531T162829_N0511_R083_T17TLL_20250531T202832.SAFE	/eodata/Sentinel-2/MSI/L2A/2025/05/31/S2B_MSIL2A_20250531T162829_N0511_R083_T17TLL_20250531T202832.SAFE
S2C_MSIL2A_20250530T174931_N0511_R141_T13TFK_20250530T224314.SAFE	/eodata/Sentinel-2/MSI/L2A/2025/05/30/S2C_MSIL2A_20250530T174931_N0511_R141_T13TFK_20250530T224314.SAFE
S2C_MSIL2A_20250530T174931_N0511_R141_T13TEG_20250530T224314.SAFE	/eodata/Sentinel-2/MSI/L2A/2025/05/30/S2C_MSIL2A_20250530T174931_N0511_R141_T13TEG_20250530T224314.SAFE
S2C_MSIL2A_20250530T174931_N0511_R141_T13TFH_20250530T224314.SAFE	/eodata/Sentinel-2/MSI/L2A/2025/05/30/S2C_MSIL2A_20250530T174931_N0511_R141_T13TFH_20250530T224314.SAFE
S2C_MSIL2A_20250530T174931_N0511_R141_T13TEF_20250530T224314.SAFE	/eodata/Sentinel-2/MSI/L2A/2025/05/30/S2C_MSIL2A_20250530T174931_N0511_R141_T13TEF_20250530T224314.SAFE
S2C_MSIL2A_20250530T174931_N0511_R141_T13TEJ_20250530T224314.SAFE	/eodata/Sentinel-2/MSI/L2A/2025/05/30/S2C_MSIL2A_20250530T174931_N0511_R141_T13TEJ_20250530T224314.SAFE
S2C_MSIL2A_20250530T174931_N0511_R141_T13TFF_20250530T224314.SAFE	/eodata/Sentinel-2/MSI/L2A/2025/05/30/S2C_MSIL2A_20250530T174931_N0511_R141_T13TFF_20250530T224314.SAFE
S2C_MSIL2A_20250530T174931_N0511_R141_T13TFG_20250530T224314.SAFE	/eodata/Sentinel-2/MSI/L2A/2025/05/30/S2C_MSIL2A_20250530T174931_N0511_R141_T13TFG_20250530T224314.SAFE
S2C_MSIL2A_20250530T174931_N0511_R141_T13TGK_20250530T224314.SAFE	/eodata/Sentinel-2/MSI/L2A/2025/05/30/S2C_MSIL2A_20250530T174931_N0511_R141_T13TGK_20250530T224314.SAFE
S2C_MSIL2A_20250530T174931_N0511_R141_T13TEH_20250530T224314.SAFE	/eodata/Sentinel-2/MSI/L2A/2025/05/30/S2C_MSIL2A_20250530T174931_N0511_R141_T13TEH_20250530T224314.SAFE
S2C_MSIL2A_20250530T174931_N0511_R141_T13TGL_20250530T224314.SAFE	/eodata/Sentinel-2/MSI/L2A/2025/05/30/S2C_MSIL2A_20250530T174931_N0511_R141_T13TGL_20250530T224314.SAFE
S2C_MSIL2A_20250530T174931_N0511_R141_T14TLT_20250530T224314.SAFE	/eodata/Sentinel-2/MSI/L2A/2025/05/30/S2C_MSIL2A_20250530T174931_N0511_R141_T14TLT_20250530T224314.SAFE
S2C_MSIL2A_20250530T174931_N0511_R141_T14TLS_20250530T224314.SAFE	/eodata/Sentinel-2/MSI/L2A/2025/05/30/S2C_MSIL2A_20250530T174931_N0511_R141_T14TLS_20250530T224314.SAFE
S2C_MSIL2A_20250530T174931_N0511_R141_T13TGM_20250530T224314.SAFE	/eodata/Sentinel-2/MSI/L2A/2025/05/30/S2C_MSIL2A_20250530T174931_N0511_R141_T13TGM_20250530T224314.SAFE
S2C_MSIL2A_20250530T174931_N0511_R141_T13TFL_20250530T224314.SAFE	/eodata/Sentinel-2/MSI/L2A/2025/05/30/S2C_MSIL2A_20250530T174931_N0511_R141_T13TFL_20250530T224314.SAFE
S2B_MSIL2A_20250530T165849_N0511_R069_T14SQJ_20250530T210011.SAFE	/eodata/Sentinel-2/MSI/L2A/2025/05/30/S2B_MSIL2A_20250530T165849_N0511_R069_T14SQJ_20250530T210011.SAFE
S2B_MSIL2A_20250530T165849_N0511_R069_T15TXE_20250530T210011.SAFE	/eodata/Sentinel-2/MSI/L2A/2025/05/30/S2B_MSIL2A_20250530T165849_N0511_R069_T15TXE_20250530T210011.SAFE
S2B_MSIL2A_20250530T165849_N0511_R069_T15TXG_20250530T210011.SAFE	/eodata/Sentinel-2/MSI/L2A/2025/05/30/S2B_MSIL2A_20250530T165849_N0511_R069_T15TXG_20250530T210011.SAFE
S2B_MSIL2A_20250530T165849_N0511_R069_T14SQH_20250530T210011.SAFE	/eodata/Sentinel-2/MSI/L2A/2025/05/30/S2B_MSIL2A_20250530T165849_N0511_R069_T14SQH_20250530T210011.SAFE
S2B_MSIL2A_20250530T165849_N0511_R069_T15TUF_20250530T210011.SAFE	/eodata/Sentinel-2/MSI/L2A/2025/05/30/S2B_MSIL2A_20250530T165849_N0511_R069_T15TUF_20250530T210011.SAFE
S2B_MSIL2A_20250530T165849_N0511_R069_T15STD_20250530T210011.SAFE	/eodata/Sentinel-2/MSI/L2A/2025/05/30/S2B_MSIL2A_20250530T165849_N0511_R069_T15STD_20250530T210011.SAFE
S2B_MSIL2A_20250530T165849_N0511_R069_T15TXF_20250530T210011.SAFE	/eodata/Sentinel-2/MSI/L2A/2025/05/30/S2B_MSIL2A_20250530T165849_N0511_R069_T15TXF_20250530T210011.SAFE
S2B_MSIL2A_20250530T165849_N0511_R069_T15TWE_20250530T210011.SAFE	/eodata/Sentinel-2/MSI/L2A/2025/05/30/S2B_MSIL2A_20250530T165849_N0511_R069_T15TWE_20250530T210011.SAFE
S2B_MSIL2A_20250530T165849_N0511_R069_T15STC_20250530T210011.SAFE	/eodata/Sentinel-2/MSI/L2A/2025/05/30/S2B_MSIL2A_20250530T165849_N0511_R069_T15STC_20250530T210011.SAFE
S2B_MSIL2A_20250530T165849_N0511_R069_T15SUC_20250530T210011.SAFE	/eodata/Sentinel-2/MSI/L2A/2025/05/30/S2B_MSIL2A_20250530T165849_N0511_R069_T15SUC_20250530T210011.SAFE
S2B_MSIL2A_20250530T165849_N0511_R069_T15SWD_20250530T210011.SAFE	/eodata/Sentinel-2/MSI/L2A/2025/05/30/S2B_MSIL2A_20250530T165849_N0511_R069_T15SWD_20250530T210011.SAFE
S2B_MSIL2A_20250530T165849_N0511_R069_T15SUD_20250530T210011.SAFE	/eodata/Sentinel-2/MSI/L2A/2025/05/30/S2B_MSIL2A_20250530T165849_N0511_R069_T15SUD_20250530T210011.SAFE
S2B_MSIL2A_20250530T165849_N0511_R069_T15TVE_20250530T210011.SAFE	/eodata/Sentinel-2/MSI/L2A/2025/05/30/S2B_MSIL2A_20250530T165849_N0511_R069_T15TVE_20250530T210011.SAFE
S2B_MSIL2A_20250528T175909_N0511_R041_T13UFQ_20250528T215851.SAFE	/eodata/Sentinel-2/MSI/L2A/2025/05/28/S2B_MSIL2A_20250528T175909_N0511_R041_T13UFQ_20250528T215851.SAFE
S2B_MSIL2A_20250528T175909_N0511_R041_T13UFP_20250528T215851.SAFE	/eodata/Sentinel-2/MSI/L2A/2025/05/28/S2B_MSIL2A_20250528T175909_N0511_R041_T13UFP_20250528T215851.SAFE
S2B_MSIL2A_20250528T175909_N0511_R041_T13UEQ_20250528T215851.SAFE	/eodata/Sentinel-2/MSI/L2A/2025/05/28/S2B_MSIL2A_20250528T175909_N0511_R041_T13UEQ_20250528T215851.SAFE
S2C_MSIL2A_20250526T162851_N0511_R083_T17TLJ_20250526T232114.SAFE	/eodata/Sentinel-2/MSI/L2A/2025/05/26/S2C_MSIL2A_20250526T162851_N0511_R083_T17TLJ_20250526T232114.SAFE
S2C_MSIL2A_20250526T162851_N0511_R083_T16TEQ_20250526T232114.SAFE	/eodata/Sentinel-2/MSI/L2A/2025/05/26/S2C_MSIL2A_20250526T162851_N0511_R083_T16TEQ_20250526T232114.SAFE
S2C_MSIL2A_20250526T162851_N0511_R083_T16TER_20250526T232114.SAFE	/eodata/Sentinel-2/MSI/L2A/2025/05/26/S2C_MSIL2A_20250526T162851_N0511_R083_T16TER_20250526T232114.SAFE
S2C_MSIL2A_20250526T162851_N0511_R083_T17TLK_20250526T232114.SAFE	/eodata/Sentinel-2/MSI/L2A/2025/05/26/S2C_MSIL2A_20250526T162851_N0511_R083_T17TLK_20250526T232114.SAFE
S2B_MSIL2A_20250525T174909_N0511_R141_T13UGQ_20250525T215302.SAFE	/eodata/Sentinel-2/MSI/L2A/2025/05/25/S2B_MSIL2A_20250525T174909_N0511_R141_T13UGQ_20250525T215302.SAFE
S2B_MSIL2A_20250525T174909_N0511_R141_T14ULU_20250525T215302.SAFE	/eodata/Sentinel-2/MSI/L2A/2025/05/25/S2B_MSIL2A_20250525T174909_N0511_R141_T14ULU_20250525T215302.SAFE
S2C_MSIL2A_20250524T172921_N0511_R055_T14UMV_20250524T225013.SAFE	/eodata/Sentinel-2/MSI/L2A/2025/05/24/S2C_MSIL2A_20250524T172921_N0511_R055_T14UMV_20250524T225013.SAFE
S2B_MSIL2A_20250523T170849_N0511_R112_T15TWH_20250523T210711.SAFE	/eodata/Sentinel-2/MSI/L2A/2025/05/23/S2B_MSIL2A_20250523T170849_N0511_R112_T15TWH_20250523T210711.SAFE
S2B_MSIL2A_20250522T173909_N0511_R098_T13TFH_20250522T213012.SAFE	/eodata/Sentinel-2/MSI/L2A/2025/05/22/S2B_MSIL2A_20250522T173909_N0511_R098_T13TFH_20250522T213012.SAFE
S2B_MSIL2A_20250522T173909_N0511_R098_T14UNV_20250522T210530.SAFE	/eodata/Sentinel-2/MSI/L2A/2025/05/22/S2B_MSIL2A_20250522T173909_N0511_R098_T14UNV_20250522T210530.SAFE
S2C_MSIL2A_20250522T164901_N0511_R026_T16SBG_20250522T234013.SAFE	/eodata/Sentinel-2/MSI/L2A/2025/05/22/S2C_MSIL2A_20250522T164901_N0511_R026_T16SBG_20250522T234013.SAFE
S2C_MSIL2A_20250522T164901_N0511_R026_T15SYC_20250522T234013.SAFE	/eodata/Sentinel-2/MSI/L2A/2025/05/22/S2C_MSIL2A_20250522T164901_N0511_R026_T15SYC_20250522T234013.SAFE
S2C_MSIL2A_20250522T164901_N0511_R026_T15SYA_20250522T234013.SAFE	/eodata/Sentinel-2/MSI/L2A/2025/05/22/S2C_MSIL2A_20250522T164901_N0511_R026_T15SYA_20250522T234013.SAFE
S2C_MSIL2A_20250522T164901_N0511_R026_T15SVD_20250522T234013.SAFE	/eodata/Sentinel-2/MSI/L2A/2025/05/22/S2C_MSIL2A_20250522T164901_N0511_R026_T15SVD_20250522T234013.SAFE
S2C_MSIL2A_20250522T164901_N0511_R026_T15SXC_20250522T234013.SAFE	/eodata/Sentinel-2/MSI/L2A/2025/05/22/S2C_MSIL2A_20250522T164901_N0511_R026_T15SXC_20250522T234013.SAFE
S2C_MSIL2A_20250522T164901_N0511_R026_T15SYB_20250522T234013.SAFE	/eodata/Sentinel-2/MSI/L2A/2025/05/22/S2C_MSIL2A_20250522T164901_N0511_R026_T15SYB_20250522T234013.SAFE
S2C_MSIL2A_20250522T164901_N0511_R026_T16SBH_20250522T234013.SAFE	/eodata/Sentinel-2/MSI/L2A/2025/05/22/S2C_MSIL2A_20250522T164901_N0511_R026_T16SBH_20250522T234013.SAFE
S2C_MSIL2A_20250522T164901_N0511_R026_T15SXB_20250522T234013.SAFE	/eodata/Sentinel-2/MSI/L2A/2025/05/22/S2C_MSIL2A_20250522T164901_N0511_R026_T15SXB_20250522T234013.SAFE
S2C_MSIL2A_20250522T164901_N0511_R026_T15TXN_20250522T234013.SAFE	/eodata/Sentinel-2/MSI/L2A/2025/05/22/S2C_MSIL2A_20250522T164901_N0511_R026_T15TXN_20250522T234013.SAFE
S2C_MSIL2A_20250522T164901_N0511_R026_T15SWD_20250522T234013.SAFE	/eodata/Sentinel-2/MSI/L2A/2025/05/22/S2C_MSIL2A_20250522T164901_N0511_R026_T15SWD_20250522T234013.SAFE
S2C_MSIL2A_20250521T171911_N0511_R012_T14SLF_20250521T203212.SAFE	/eodata/Sentinel-2/MSI/L2A/2025/05/21/S2C_MSIL2A_20250521T171911_N0511_R012_T14SLF_20250521T203212.SAFE
S2C_MSIL2A_20250521T171911_N0511_R012_T14SPF_20250521T203212.SAFE	/eodata/Sentinel-2/MSI/L2A/2025/05/21/S2C_MSIL2A_20250521T171911_N0511_R012_T14SPF_20250521T203212.SAFE
S2C_MSIL2A_20250521T171911_N0511_R012_T14SMH_20250521T203212.SAFE	/eodata/Sentinel-2/MSI/L2A/2025/05/21/S2C_MSIL2A_20250521T171911_N0511_R012_T14SMH_20250521T203212.SAFE
S2C_MSIL2A_20250521T171911_N0511_R012_T14SNF_20250521T203212.SAFE	/eodata/Sentinel-2/MSI/L2A/2025/05/21/S2C_MSIL2A_20250521T171911_N0511_R012_T14SNF_20250521T203212.SAFE
S2C_MSIL2A_20250521T171911_N0511_R012_T14SNH_20250521T203212.SAFE	/eodata/Sentinel-2/MSI/L2A/2025/05/21/S2C_MSIL2A_20250521T171911_N0511_R012_T14SNH_20250521T203212.SAFE
S2C_MSIL2A_20250521T171911_N0511_R012_T14SMF_20250521T203212.SAFE	/eodata/Sentinel-2/MSI/L2A/2025/05/21/S2C_MSIL2A_20250521T171911_N0511_R012_T14SMF_20250521T203212.SAFE
S2C_MSIL2A_20250521T171911_N0511_R012_T14SPH_20250521T203212.SAFE	/eodata/Sentinel-2/MSI/L2A/2025/05/21/S2C_MSIL2A_20250521T171911_N0511_R012_T14SPH_20250521T203212.SAFE
S2C_MSIL2A_20250521T171911_N0511_R012_T14SLG_20250521T203212.SAFE	/eodata/Sentinel-2/MSI/L2A/2025/05/21/S2C_MSIL2A_20250521T171911_N0511_R012_T14SLG_20250521T203212.SAFE
S2C_MSIL2A_20250521T171911_N0511_R012_T14SNG_20250521T203212.SAFE	/eodata/Sentinel-2/MSI/L2A/2025/05/21/S2C_MSIL2A_20250521T171911_N0511_R012_T14SNG_20250521T203212.SAFE
S2C_MSIL2A_20250521T171911_N0511_R012_T14SMG_20250521T203212.SAFE	/eodata/Sentinel-2/MSI/L2A/2025/05/21/S2C_MSIL2A_20250521T171911_N0511_R012_T14SMG_20250521T203212.SAFE
S2C_MSIL2A_20250521T171911_N0511_R012_T14SPG_20250521T203212.SAFE	/eodata/Sentinel-2/MSI/L2A/2025/05/21/S2C_MSIL2A_20250521T171911_N0511_R012_T14SPG_20250521T203212.SAFE
S2A_MSIL2A_20250521T164711_N0511_R126_T15SYB_20250521T214256.SAFE	/eodata/Sentinel-2/MSI/L2A/2025/05/21/S2A_MSIL2A_20250521T164711_N0511_R126_T15SYB_20250521T214256.SAFE
S2A_MSIL2A_20250521T164711_N0511_R126_T16SCF_20250521T214256.SAFE	/eodata/Sentinel-2/MSI/L2A/2025/05/21/S2A_MSIL2A_20250521T164711_N0511_R126_T16SCF_20250521T214256.SAFE
S2A_MSIL2A_20250521T164711_N0511_R126_T15SYA_20250521T214256.SAFE	/eodata/Sentinel-2/MSI/L2A/2025/05/21/S2A_MSIL2A_20250521T164711_N0511_R126_T15SYA_20250521T214256.SAFE
S2A_MSIL2A_20250521T164711_N0511_R126_T15SYV_20250521T214256.SAFE	/eodata/Sentinel-2/MSI/L2A/2025/05/21/S2A_MSIL2A_20250521T164711_N0511_R126_T15SYV_20250521T214256.SAFE
S2A_MSIL2A_20250521T164711_N0511_R126_T15SXC_20250521T214256.SAFE	/eodata/Sentinel-2/MSI/L2A/2025/05/21/S2A_MSIL2A_20250521T164711_N0511_R126_T15SXC_20250521T214256.SAFE
S2A_MSIL2A_20250521T164711_N0511_R126_T16SBE_20250521T214256.SAFE	/eodata/Sentinel-2/MSI/L2A/2025/05/21/S2A_MSIL2A_20250521T164711_N0511_R126_T16SBE_20250521T214256.SAFE
S2A_MSIL2A_20250521T164711_N0511_R126_T16SBG_20250521T214256.SAFE	/eodata/Sentinel-2/MSI/L2A/2025/05/21/S2A_MSIL2A_20250521T164711_N0511_R126_T16SBG_20250521T214256.SAFE
S2A_MSIL2A_20250521T164711_N0511_R126_T16SBF_20250521T214256.SAFE	/eodata/Sentinel-2/MSI/L2A/2025/05/21/S2A_MSIL2A_20250521T164711_N0511_R126_T16SBF_20250521T214256.SAFE
S2A_MSIL2A_20250521T164711_N0511_R126_T15SXA_20250521T214256.SAFE	/eodata/Sentinel-2/MSI/L2A/2025/05/21/S2A_MSIL2A_20250521T164711_N0511_R126_T15SXA_20250521T214256.SAFE
S2A_MSIL2A_20250521T164711_N0511_R126_T15SXB_20250521T214256.SAFE	/eodata/Sentinel-2/MSI/L2A/2025/05/21/S2A_MSIL2A_20250521T164711_N0511_R126_T15SXB_20250521T214256.SAFE
S2A_MSIL2A_20250520T171721_N0511_R112_T14SPF_20250520T233114.SAFE	/eodata/Sentinel-2/MSI/L2A/2025/05/20/S2A_MSIL2A_20250520T171721_N0511_R112_T14SPF_20250520T233114.SAFE
S2A_MSIL2A_20250520T171721_N0511_R112_T15SUA_20250520T233114.SAFE	/eodata/Sentinel-2/MSI/L2A/2025/05/20/S2A_MSIL2A_20250520T171721_N0511_R112_T15SUA_20250520T233114.SAFE
S2A_MSIL2A_20250520T171721_N0511_R112_T14SNH_20250520T233114.SAFE	/eodata/Sentinel-2/MSI/L2A/2025/05/20/S2A_MSIL2A_20250520T171721_N0511_R112_T14SNH_20250520T233114.SAFE
S2A_MSIL2A_20250520T171721_N0511_R112_T14SNG_20250520T233114.SAFE	/eodata/Sentinel-2/MSI/L2A/2025/05/20/S2A_MSIL2A_20250520T171721_N0511_R112_T14SNG_20250520T233114.SAFE
S2A_MSIL2A_20250520T171721_N0511_R112_T14SNF_20250520T233114.SAFE	/eodata/Sentinel-2/MSI/L2A/2025/05/20/S2A_MSIL2A_20250520T171721_N0511_R112_T14SNF_20250520T233114.SAFE
S2B_MSIL2A_20250520T165849_N0511_R069_T15STA_20250520T210407.SAFE	/eodata/Sentinel-2/MSI/L2A/2025/05/20/S2B_MSIL2A_20250520T165849_N0511_R069_T15STA_20250520T210407.SAFE
S2B_MSIL2A_20250520T165849_N0511_R069_T14SQF_20250520T210407.SAFE	/eodata/Sentinel-2/MSI/L2A/2025/05/20/S2B_MSIL2A_20250520T165849_N0511_R069_T14SQF_20250520T210407.SAFE
S2B_MSIL2A_20250519T172859_N0511_R055_T14SMH_20250519T213057.SAFE	/eodata/Sentinel-2/MSI/L2A/2025/05/19/S2B_MSIL2A_20250519T172859_N0511_R055_T14SMH_20250519T213057.SAFE
S2B_MSIL2A_20250519T172859_N0511_R055_T14TMK_20250519T213057.SAFE	/eodata/Sentinel-2/MSI/L2A/2025/05/19/S2B_MSIL2A_20250519T172859_N0511_R055_T14TMK_20250519T213057.SAFE
S2B_MSIL2A_20250519T172859_N0511_R055_T14SLF_20250519T213057.SAFE	/eodata/Sentinel-2/MSI/L2A/2025/05/19/S2B_MSIL2A_20250519T172859_N0511_R055_T14SLF_20250519T213057.SAFE
S2B_MSIL2A_20250519T172859_N0511_R055_T14SMG_20250519T213057.SAFE	/eodata/Sentinel-2/MSI/L2A/2025/05/19/S2B_MSIL2A_20250519T172859_N0511_R055_T14SMG_20250519T213057.SAFE
S2B_MSIL2A_20250519T172859_N0511_R055_T14SLJ_20250519T213057.SAFE	/eodata/Sentinel-2/MSI/L2A/2025/05/19/S2B_MSIL2A_20250519T172859_N0511_R055_T14SLJ_20250519T213057.SAFE
S2B_MSIL2A_20250519T172859_N0511_R055_T14SLH_20250519T213057.SAFE	/eodata/Sentinel-2/MSI/L2A/2025/05/19/S2B_MSIL2A_20250519T172859_N0511_R055_T14SLH_20250519T213057.SAFE
S2B_MSIL2A_20250519T172859_N0511_R055_T13SGA_20250519T213057.SAFE	/eodata/Sentinel-2/MSI/L2A/2025/05/19/S2B_MSIL2A_20250519T172859_N0511_R055_T13SGA_20250519T213057.SAFE
S2B_MSIL2A_20250519T172859_N0511_R055_T14SLG_20250519T213057.SAFE	/eodata/Sentinel-2/MSI/L2A/2025/05/19/S2B_MSIL2A_20250519T172859_N0511_R055_T14SLG_20250519T213057.SAFE
S2B_MSIL2A_20250519T172859_N0511_R055_T14SMJ_20250519T213057.SAFE	/eodata/Sentinel-2/MSI/L2A/2025/05/19/S2B_MSIL2A_20250519T172859_N0511_R055_T14SMJ_20250519T213057.SAFE
S2B_MSIL2A_20250519T172859_N0511_R055_T14SKF_20250519T213057.SAFE	/eodata/Sentinel-2/MSI/L2A/2025/05/19/S2B_MSIL2A_20250519T172859_N0511_R055_T14SKF_20250519T213057.SAFE
S2C_MSIL2A_20250519T163851_N0511_R126_T16TGR_20250519T231500.SAFE	/eodata/Sentinel-2/MSI/L2A/2025/05/19/S2C_MSIL2A_20250519T163851_N0511_R126_T16TGR_20250519T231500.SAFE
S2C_MSIL2A_20250518T170911_N0511_R112_T15TWH_20250518T220014.SAFE	/eodata/Sentinel-2/MSI/L2A/2025/05/18/S2C_MSIL2A_20250518T170911_N0511_R112_T15TWH_20250518T220014.SAFE
S2C_MSIL2A_20250518T170911_N0511_R112_T15SUD_20250518T220014.SAFE	/eodata/Sentinel-2/MSI/L2A/2025/05/18/S2C_MSIL2A_20250518T170911_N0511_R112_T15SUD_20250518T220014.SAFE
S2A_MSIL2A_20250518T163701_N0511_R083_T16TEK_20250519T010112.SAFE	/eodata/Sentinel-2/MSI/L2A/2025/05/18/S2A_MSIL2A_20250518T163701_N0511_R083_T16TEK_20250519T010112.SAFE
S2A_MSIL2A_20250518T163701_N0511_R083_T16TDK_20250519T010112.SAFE	/eodata/Sentinel-2/MSI/L2A/2025/05/18/S2A_MSIL2A_20250518T163701_N0511_R083_T16TDK_20250519T010112.SAFE
S2C_MSIL2A_20250517T173921_N0511_R098_T14TMP_20250519T090218.SAFE	/eodata/Sentinel-2/MSI/L2A/2025/05/17/S2C_MSIL2A_20250517T173921_N0511_R098_T14TMP_20250519T090218.SAFE
S2C_MSIL2A_20250517T173921_N0511_R098_T14TLQ_20250519T090218.SAFE	/eodata/Sentinel-2/MSI/L2A/2025/05/17/S2C_MSIL2A_20250517T173921_N0511_R098_T14TLQ_20250519T090218.SAFE
S2C_MSIL2A_20250517T173921_N0511_R098_T14TLP_20250519T090218.SAFE	/eodata/Sentinel-2/MSI/L2A/2025/05/17/S2C_MSIL2A_20250517T173921_N0511_R098_T14TLP_20250519T090218.SAFE
S2C_MSIL2A_20250517T173921_N0511_R098_T13SGD_20250519T090218.SAFE	/eodata/Sentinel-2/MSI/L2A/2025/05/17/S2C_MSIL2A_20250517T173921_N0511_R098_T13SGD_20250519T090218.SAFE
S2C_MSIL2A_20250517T173921_N0511_R098_T14SKJ_20250519T090218.SAFE	/eodata/Sentinel-2/MSI/L2A/2025/05/17/S2C_MSIL2A_20250517T173921_N0511_R098_T14SKJ_20250519T090218.SAFE
S2A_MSIL2A_20250517T170711_N0511_R069_T15TUE_20250517T220915.SAFE	/eodata/Sentinel-2/MSI/L2A/2025/05/17/S2A_MSIL2A_20250517T170711_N0511_R069_T15TUE_20250517T220915.SAFE
S2B_MSIL2A_20250517T164839_N0511_R026_T16TBK_20250517T203502.SAFE	/eodata/Sentinel-2/MSI/L2A/2025/05/17/S2B_MSIL2A_20250517T164839_N0511_R026_T16TBK_20250517T203502.SAFE
S2A_MSIL2A_20250516T173731_N0511_R055_T14SLH_20250516T223113.SAFE	/eodata/Sentinel-2/MSI/L2A/2025/05/16/S2A_MSIL2A_20250516T173731_N0511_R055_T14SLH_20250516T223113.SAFE
S2A_MSIL2A_20250516T173731_N0511_R055_T13SGB_20250516T235511.SAFE	/eodata/Sentinel-2/MSI/L2A/2025/05/16/S2A_MSIL2A_20250516T173731_N0511_R055_T13SGB_20250516T235511.SAFE
S2A_MSIL2A_20250516T173731_N0511_R055_T14SLF_20250516T235511.SAFE	/eodata/Sentinel-2/MSI/L2A/2025/05/16/S2A_MSIL2A_20250516T173731_N0511_R055_T14SLF_20250516T235511.SAFE
S2A_MSIL2A_20250516T173731_N0511_R055_T14SMH_20250516T223113.SAFE	/eodata/Sentinel-2/MSI/L2A/2025/05/16/S2A_MSIL2A_20250516T173731_N0511_R055_T14SMH_20250516T223113.SAFE
S2A_MSIL2A_20250516T173731_N0511_R055_T13SGA_20250516T235511.SAFE	/eodata/Sentinel-2/MSI/L2A/2025/05/16/S2A_MSIL2A_20250516T173731_N0511_R055_T13SGA_20250516T235511.SAFE
S2A_MSIL2A_20250516T173731_N0511_R055_T13SGC_20250516T235511.SAFE	/eodata/Sentinel-2/MSI/L2A/2025/05/16/S2A_MSIL2A_20250516T173731_N0511_R055_T13SGC_20250516T235511.SAFE
S2A_MSIL2A_20250516T173731_N0511_R055_T14SKJ_20250516T235511.SAFE	/eodata/Sentinel-2/MSI/L2A/2025/05/16/S2A_MSIL2A_20250516T173731_N0511_R055_T14SKJ_20250516T235511.SAFE
S2A_MSIL2A_20250516T173731_N0511_R055_T14SKG_20250516T235511.SAFE	/eodata/Sentinel-2/MSI/L2A/2025/05/16/S2A_MSIL2A_20250516T173731_N0511_R055_T14SKG_20250516T235511.SAFE
S2A_MSIL2A_20250516T173731_N0511_R055_T14SKF_20250516T235511.SAFE	/eodata/Sentinel-2/MSI/L2A/2025/05/16/S2A_MSIL2A_20250516T173731_N0511_R055_T14SKF_20250516T235511.SAFE
S2A_MSIL2A_20250516T173731_N0511_R055_T14SMG_20250516T235511.SAFE	/eodata/Sentinel-2/MSI/L2A/2025/05/16/S2A_MSIL2A_20250516T173731_N0511_R055_T14SMG_20250516T235511.SAFE
S2A_MSIL2A_20250516T173731_N0511_R055_T14SLG_20250516T235511.SAFE	/eodata/Sentinel-2/MSI/L2A/2025/05/16/S2A_MSIL2A_20250516T173731_N0511_R055_T14SLG_20250516T235511.SAFE
S2A_MSIL2A_20250516T173731_N0511_R055_T14SMH_20250516T235511.SAFE	/eodata/Sentinel-2/MSI/L2A/2025/05/16/S2A_MSIL2A_20250516T173731_N0511_R055_T14SMH_20250516T235511.SAFE
S2A_MSIL2A_20250516T173731_N0511_R055_T14SKH_20250516T235511.SAFE	/eodata/Sentinel-2/MSI/L2A/2025/05/16/S2A_MSIL2A_20250516T173731_N0511_R055_T14SKH_20250516T235511.SAFE
S2A_MSIL2A_20250516T173731_N0511_R055_T14SKH_20250516T223113.SAFE	/eodata/Sentinel-2/MSI/L2A/2025/05/16/S2A_MSIL2A_20250516T173731_N0511_R055_T14SKH_20250516T223113.SAFE
S2A_MSIL2A_20250516T173731_N0511_R055_T13SGC_20250516T223113.SAFE	/eodata/Sentinel-2/MSI/L2A/2025/05/16/S2A_MSIL2A_20250516T173731_N0511_R055_T13SGC_20250516T223113.SAFE
S2A_MSIL2A_20250516T173731_N0511_R055_T14SLH_20250516T235511.SAFE	/eodata/Sentinel-2/MSI/L2A/2025/05/16/S2A_MSIL2A_20250516T173731_N0511_R055_T14SLH_20250516T235511.SAFE
S2A_MSIL2A_20250516T173731_N0511_R055_T13SGD_20250516T235511.SAFE	/eodata/Sentinel-2/MSI/L2A/2025/05/16/S2A_MSIL2A_20250516T173731_N0511_R055_T13SGD_20250516T235511.SAFE
S2B_MSIL2A_20250516T171859_N0511_R012_T14SMJ_20250516T212548.SAFE	/eodata/Sentinel-2/MSI/L2A/2025/05/16/S2B_MSIL2A_20250516T171859_N0511_R012_T14SMJ_20250516T212548.SAFE
S2B_MSIL2A_20250516T171859_N0511_R012_T14SLH_20250516T212548.SAFE	/eodata/Sentinel-2/MSI/L2A/2025/05/16/S2B_MSIL2A_20250516T171859_N0511_R012_T14SLH_20250516T212548.SAFE
S2B_MSIL2A_20250516T171859_N0511_R012_T14SNF_20250516T212548.SAFE	/eodata/Sentinel-2/MSI/L2A/2025/05/16/S2B_MSIL2A_20250516T171859_N0511_R012_T14SNF_20250516T212548.SAFE
S2B_MSIL2A_20250516T171859_N0511_R012_T14SPF_20250516T212548.SAFE	/eodata/Sentinel-2/MSI/L2A/2025/05/16/S2B_MSIL2A_20250516T171859_N0511_R012_T14SPF_20250516T212548.SAFE
S2B_MSIL2A_20250516T171859_N0511_R012_T14SLF_20250516T212548.SAFE	/eodata/Sentinel-2/MSI/L2A/2025/05/16/S2B_MSIL2A_20250516T171859_N0511_R012_T14SLF_20250516T212548.SAFE
S2B_MSIL2A_20250516T171859_N0511_R012_T14SPH_20250516T212548.SAFE	/eodata/Sentinel-2/MSI/L2A/2025/05/16/S2B_MSIL2A_20250516T171859_N0511_R012_T14SPH_20250516T212548.SAFE
S2B_MSIL2A_20250516T171859_N0511_R012_T14SMG_20250516T212548.SAFE	/eodata/Sentinel-2/MSI/L2A/2025/05/16/S2B_MSIL2A_20250516T171859_N0511_R012_T14SMG_20250516T212548.SAFE
S2B_MSIL2A_20250516T171859_N0511_R012_T14SLG_20250516T212548.SAFE	/eodata/Sentinel-2/MSI/L2A/2025/05/16/S2B_MSIL2A_20250516T171859_N0511_R012_T14SLG_20250516T212548.SAFE
S2B_MSIL2A_20250516T171859_N0511_R012_T14SPG_20250516T212548.SAFE	/eodata/Sentinel-2/MSI/L2A/2025/05/16/S2B_MSIL2A_20250516T171859_N0511_R012_T14SPG_20250516T212548.SAFE
S2B_MSIL2A_20250516T171859_N0511_R012_T14SNH_20250516T212548.SAFE	/eodata/Sentinel-2/MSI/L2A/2025/05/16/S2B_MSIL2A_20250516T171859_N0511_R012_T14SNH_20250516T212548.SAFE
S2B_MSIL2A_20250516T171859_N0511_R012_T14SPJ_20250516T212548.SAFE	/eodata/Sentinel-2/MSI/L2A/2025/05/16/S2B_MSIL2A_20250516T171859_N0511_R012_T14SPJ_20250516T212548.SAFE
S2B_MSIL2A_20250516T171859_N0511_R012_T14SMH_20250516T212548.SAFE	/eodata/Sentinel-2/MSI/L2A/2025/05/16/S2B_MSIL2A_20250516T171859_N0511_R012_T14SMH_20250516T212548.SAFE
S2B_MSIL2A_20250516T171859_N0511_R012_T14SMF_20250516T212548.SAFE	/eodata/Sentinel-2/MSI/L2A/2025/05/16/S2B_MSIL2A_20250516T171859_N0511_R012_T14SMF_20250516T212548.SAFE
S2B_MSIL2A_20250516T171859_N0511_R012_T14SNG_20250516T212548.SAFE	/eodata/Sentinel-2/MSI/L2A/2025/05/16/S2B_MSIL2A_20250516T171859_N0511_R012_T14SNG_20250516T212548.SAFE
S2C_MSIL2A_20250516T162851_N0511_R083_T16SCH_20250516T215613.SAFE	/eodata/Sentinel-2/MSI/L2A/2025/05/16/S2C_MSIL2A_20250516T162851_N0511_R083_T16SCH_20250516T215613.SAFE
S2C_MSIL2A_20250516T162851_N0511_R083_T16TER_20250516T215613.SAFE	/eodata/Sentinel-2/MSI/L2A/2025/05/16/S2C_MSIL2A_20250516T162851_N0511_R083_T16TER_20250516T215613.SAFE
S2C_MSIL2A_20250516T162851_N0511_R083_T17TLG_20250516T215613.SAFE	/eodata/Sentinel-2/MSI/L2A/2025/05/16/S2C_MSIL2A_20250516T162851_N0511_R083_T17TLG_20250516T215613.SAFE
S2C_MSIL2A_20250516T162851_N0511_R083_T17TLL_20250516T215613.SAFE	/eodata/Sentinel-2/MSI/L2A/2025/05/16/S2C_MSIL2A_20250516T162851_N0511_R083_T17TLL_20250516T215613.SAFE
S2C_MSIL2A_20250516T162851_N0511_R083_T16TFS_20250516T215613.SAFE	/eodata/Sentinel-2/MSI/L2A/2025/05/16/S2C_MSIL2A_20250516T162851_N0511_R083_T16TFS_20250516T215613.SAFE
S2C_MSIL2A_20250516T162851_N0511_R083_T16TGQ_20250516T215613.SAFE	/eodata/Sentinel-2/MSI/L2A/2025/05/16/S2C_MSIL2A_20250516T162851_N0511_R083_T16TGQ_20250516T215613.SAFE
S2C_MSIL2A_20250516T162851_N0511_R083_T16TEN_20250516T215613.SAFE	/eodata/Sentinel-2/MSI/L2A/2025/05/16/S2C_MSIL2A_20250516T162851_N0511_R083_T16TEN_20250516T215613.SAFE
S2C_MSIL2A_20250516T162851_N0511_R083_T16TGN_20250516T215613.SAFE	/eodata/Sentinel-2/MSI/L2A/2025/05/16/S2C_MSIL2A_20250516T162851_N0511_R083_T16TGN_20250516T215613.SAFE
S2C_MSIL2A_20250516T162851_N0511_R083_T17TLH_20250516T215613.SAFE	/eodata/Sentinel-2/MSI/L2A/2025/05/16/S2C_MSIL2A_20250516T162851_N0511_R083_T17TLH_20250516T215613.SAFE
S2C_MSIL2A_20250516T162851_N0511_R083_T16TGR_20250516T215613.SAFE	/eodata/Sentinel-2/MSI/L2A/2025/05/16/S2C_MSIL2A_20250516T162851_N0511_R083_T16TGR_20250516T215613.SAFE
S2C_MSIL2A_20250516T162851_N0511_R083_T16TFR_20250516T215613.SAFE	/eodata/Sentinel-2/MSI/L2A/2025/05/16/S2C_MSIL2A_20250516T162851_N0511_R083_T16TFR_20250516T215613.SAFE
S2C_MSIL2A_20250516T162851_N0511_R083_T17TLJ_20250516T215613.SAFE	/eodata/Sentinel-2/MSI/L2A/2025/05/16/S2C_MSIL2A_20250516T162851_N0511_R083_T17TLJ_20250516T215613.SAFE
S2C_MSIL2A_20250516T162851_N0511_R083_T16TFN_20250516T215613.SAFE	/eodata/Sentinel-2/MSI/L2A/2025/05/16/S2C_MSIL2A_20250516T162851_N0511_R083_T16TFN_20250516T215613.SAFE
S2C_MSIL2A_20250516T162851_N0511_R083_T16TGP_20250516T215613.SAFE	/eodata/Sentinel-2/MSI/L2A/2025/05/16/S2C_MSIL2A_20250516T162851_N0511_R083_T16TGP_20250516T215613.SAFE
S2C_MSIL2A_20250516T162851_N0511_R083_T17TLK_20250516T215613.SAFE	/eodata/Sentinel-2/MSI/L2A/2025/05/16/S2C_MSIL2A_20250516T162851_N0511_R083_T17TLK_20250516T215613.SAFE